started solver summary thread
Log started at 17.12.2025	15:23:47
Number of used processors (NPROC): 4.
Number of mesh partitions (NPART): 4.
Computer name:	S040600T
Operating system:	Windows 10 (Version 10.0.19044)
Commandline:	"C:\Program Files\SOLIDWORKS Corp\SOLIDWORKS Flow Simulation\BINCFW\efdsolver.exe" /config:"C:\Users\sinohara\Desktop\lesson16\1\1.xmlconfig" /guid:89d5a6ff-6c6f-4460-8298-e1f7c955ba91 /processors:max /m /s /prjnamelm:"Flow Simulation 2023" /prjnamehabout:"Flow Simulation 2023" /companyname:"COSMOS Applications" /prjaliasid:1009 /lang:Japanese /port:64909
Total Physical Memory = 7.93 Gb, Available Physical Memory = 3.20 Gb
-----------------------------------------------------------------------
Memory Working Set Current = 29.62 Mb, Memory Working Set Peak = 74.31 Mb
Memory Private Bytes Current = 28.82 Mb, Memory Private Bytes Peak = 74.24 Mb
Process Threads Number: 8
-----------------------------------------------------------------------
CPU:	GenuineIntel, Stepping ID = 3, Model = 14, Family = 6, Extended model = 5, MMX SSE SSE2 Hyper-Threading Technology SSE3
CPU Brand String: Intel(R) Core(TM) i5-6500 CPU @ 3.20GHz
Cache Line Size = 64, L2 Associativity = 6, Cache Size = 256K
Number of cores: 4, Processor type: 8664, Active processor mask: 15, Page size: 4096 bites
Package 0 [ ProcessorGroup 0 [ 0 1 2 3 ] ]
NUMA Node 0: Available Memory = 3.20 Gb. ProcessorGroup 0 [ 0 1 2 3 ]
std::thread::hardware_concurrency = 4
No NUMA support
OpenMP enabled (spec=200203). max_threads = 4, num_procs = 4.

SOLIDWORKS 2023 SP5.0
C:\Users\sinohara\Desktop\lesson16\1\1.fld
Configuration name:	ﾃﾞﾌｫﾙﾄ
Project name:	lesson16
/*******************************************/
/*         Project Summary                 */
/*******************************************/
Analysis type:						CFD
Problem type:						external
Result resolution:					3
Minimum gap size:					2
Minimum wall thickness:				2
Manual refinement:					Off
Fluid substances count				1

		Advanced capabilities
Heat transfer						Off
Transient						Off
Gravitation						Off
Laminar flow						Off
Compressibility					Off
Default wall condition				adiabatic wall
Roughness:						0

************************************************
Flow Simulation 2023  x64 / 6175 / SOLVER ver. efd_dev.5608_04.02.2022+HMN_Inlet_Rework_V1+HMN_Inlet_Rework_V2 
BRANCH: git--efd_2205.6175_25.08.2023



STATIONARY


LAM-BREMHORST K-EPSILON TURBULENCE MODEL
EXTERNAL=1  CHT=0  FROZEN=0  RADIATION=0  HVAC_COMFORT_PARAMETERS=0
Solver mode: normal
Memory Status before reading BCF:
-----------------------------------------------------------------------
Memory Working Set Current = 30.79 Mb, Memory Working Set Peak = 74.31 Mb
Memory Private Bytes Current = 29.21 Mb, Memory Private Bytes Peak = 74.24 Mb
Process Threads Number: 8
-----------------------------------------------------------------------

-----------------------------------------------------------------------
BCF CHECKSUM DATA (Mesh 0):

BRICK |Level1| Sum:               0
FACE_A Area Sum:   G.Fluid        37806.0000000000145519
FACE_A Area Sum:   G.Solid        344.0000000000000000
FACE_W Area Sum:                  2384.0000000000000000
FACE_W Nb   Sum:                  82908
FACE_W min curvatures sum:        0.00000000
FACE_W max curvatures sum:        0.00000000
AV Max Disbalance(Const) :        6.54639e-17 (cid=42925, t={42, 32, 52}, avid=58703, pid=671)
AV Max Disbalance(Linear):        1.80626e-14 (cid=42922, t={36, 32, 52}, avid=58700, pid=668)
-----------------------------------------------------------------------


-----------------------------------------------------------------------
MESHER TOPOLOGY DATA:

BRICKS: Total                 58032
BRICKS: Fluid                 57408
BRICKS: Fluid Partial         672
BRICKS: Type 1                672
BRICKS: Max AV number         2

AV:     G.Total               58704
AV:     G.Fluid               57408
AV:     G.Solid               1296

AV:     G.Fluid Thin Profile    0.00 % (0)
AV:     G.Solid Thin Profile    0.00 % (0)

AV:     G.Fluid Thin For Mega   0.00 % (0)
AV:     G.Solid Thin For Mega   0.00 % (0)

AV:     G.Fluid Non-Convex      0.22 % (128)
AV:     G.Solid Non-Convex      0.00 % (0)

AV:     G.Fluid Non-Ess-Convex      0.22 % (128)
AV:     G.Solid Non-Ess-Convex      0.00 % (0)

FACE_A: G.Fluid          (af) 167184 (partially opened 1330)
FACE_A: G.Solid          (as) 3462 (partially opened 1330)

FACE_B: G.Total          (b)  0

FACE_W: G.Total                 10388       Brick/Bound
FACE_W: G.Fluid/Solid    (fs_g) 804         0           
FACE_W: G.Fluid/Fluid    (ff_g) 0           0           
FACE_W: G.Solid/Solid    (ss_g) 0           0           
FACE_W: G.Fluid/Void     (fv_g) 0           0           
FACE_W: G.Fluid/External (fe_g) 9536
FACE_W: G.Solid/External (se_g) 48

AV/CV max fa count (on brick side):1
AV/CV max fw count:                1
AV/CV max fb count:                0
AV/CV max fw poly count:           3

MEMORY: Total                   17.273 MB
MEMORY: Per Brick               0.305 KB
-----------------------------------------------------------------------

-----------------------------------------------------------------------
Memory Working Set Current = 57.01 Mb, Memory Working Set Peak = 74.31 Mb
Memory Private Bytes Current = 56.47 Mb, Memory Private Bytes Peak = 74.24 Mb
Process Threads Number: 11
-----------------------------------------------------------------------
----------------------------------------------------------
BCF --> BCF.GEOMSUBDOM (bridge arrays):
MESH (0):
	Fluid Subdom Constructor: 1 subdom(s).
	Solid Subdom Constructor: 1 subdom(s).
	Net Asm Subdom Constructor: 0 subdom(s).
	GEOMSUBDOM (0): gi=0 Fluid av=57408 cv=57408 fa=167184 fb=0 fw=10340 V=5.960000e+03
	Cache data...OK
	GEOMSUBDOM (1): gi=1 Solid av=1296 cv=1296 fa=3462 fb=0 fw=852 V=4.000000e+01
	Cache data...OK
	Setting nb of w-faces...OK (0.003 s).
	Correcting nb of w-faces...
	Time(correct_fw_nb)=0.008 s

MESH (0) checking:
	GEOMSUBDOM (0):fa_s=37806.0000000000218279 fb_s=0.0000000000000000 fw_s=2380.0000000000000000 fw_nb=82688
	              :d_const(23505)=2.934e-17 d_linear(19950)=6.05007e-15
	GEOMSUBDOM (1):fa_s=344.0000000000000000 fb_s=0.0000000000000000 fw_s=88.0000000000000000 fw_nb=6556
	              :d_const(1295)=7.36749e-17 d_linear(1288)=1.80626e-14
MESH (0) checking: OK.
Time (MDS): 	0.189 s
----------------------------------------------------------
-----------------------------------------------------------------------
Memory Working Set Current = 77.59 Mb, Memory Working Set Peak = 77.59 Mb
Memory Private Bytes Current = 75.88 Mb, Memory Private Bytes Peak = 75.88 Mb
Process Threads Number: 11
-----------------------------------------------------------------------
Memory Status after reading BCF:
-----------------------------------------------------------------------
Memory Working Set Current = 77.65 Mb, Memory Working Set Peak = 77.66 Mb
Memory Private Bytes Current = 75.88 Mb, Memory Private Bytes Peak = 75.88 Mb
Process Threads Number: 11
-----------------------------------------------------------------------
Total read CPT took 0.44 sec.
Save msh-format to file...OK (0.059 s).
MMP (msh): locals=1, allc_sz=7.82 MB, used_sz=7.09 MB, blks-min-max=26/26
MMP (brx): locals=0, allc_sz=0.00 MB, used_sz=0.00 MB, blks-min-max=0/0
MMP (bcf): locals=4, allc_sz=24.52 MB, used_sz=23.96 MB, blks-min-max=5/43
MMP (xsl): locals=0, allc_sz=0.00 MB, used_sz=0.00 MB, blks-min-max=0/0
MESH::Bricks: Total=58032

-----------------------------------------------------------------------
Mesh dimensions:
				I[0 ]=62
				I[1 ]=26
				I[2 ]=36
Solver refinement level	I[47]=0

Comp. domain size:
				a[0  ]=-10
				a[1  ]=30
				a[2  ]=-5
				a[3  ]=5
				a[4  ]=0
				a[5  ]=15
Wall thickness		a[231]=0
Gap size			a[232]=1
-----------------------------------------------------------------------
-----------------------------------------------------------------------
Preparing for calculations started at	17.12.2025	15:23:47
CD X0= -10, X1= 30, Y0= -5, Y1= 5, Z0= 0, Z1= 15
Update time step in solids: STATIONARY IN SOLIDS
FLUID SUBDOMAIN   0 LC =1 LAMTURB=1 NONNEWTON=0  STEAM=0  CAVITATION=0 IT=6 NT=2 NC=1 U_DIM_EXT=15

===ThermodynamicsHolder:===
Subdom 0 Ideal gas thermodynamics
	substance 0 type=fwGas, guid=2B966F4A9A9F11D4A50048A0E8000000, name=空気
===ThermodynamicsHolder:===
114 parameter(s) in list of scalar parameters
7 parameter(s) in list of vector parameters
-----------------------------------------------------------------------
Loading mesh settings (global/local/SAR)...
Setting regions (58032 / 58032)...OK (0.002 s)
-----------------------------------------------------------------------

CollectIndata: Initialize stored in U[] parameters (pressure,momentum,dens,..)... OK(CPU=0.024 s)

THERMODYNAMICS: Initialize stored in U[] parameters (T,Cp,Pr,..)
                and switch to Y-shifted Total Enthalpy:
OK: U[] is initialized.

Collect Virtual Surface Sources...OK
Collect Surface Goals...
Received 1 wall face(s) and 0 virtual face(s)...
 OK
Total CPU time 0 s
Collect Unused surface area...OK
MWS estimation...
Subdomain number =   0 V_indata_max =         50, v_max_from_mf_on_BC =           0, v_max_from_pressure_opening =           0, MWS =       12.5

There is 1 subdomain in fluid:
subdomain   0: LOW COMPRESSIBLE, MONOTONIC H,   57408 CVs, LAMINAR-TURBULENT TRANSITION
NPROC = 4, nested_parallelization = 0
NPART = 4

/-----------------------------------------------------------/
SOLVER TOPOLOGY DATA:

BRICKS: |level1| sum         0

CV:     Total               57408
CV:     Fluid               57408
CV:     Solid               0

Fluid:
CV Max Disbalance(Const):                2.934e-17 (ncv=23505)
CV Max Disbalance(Linear):                6.05007e-15 (ncv=19950, nsd=0)
CV:     G.Fluid Thin Profile    0.00 % (0)
CV:     G.Solid Thin Profile    0.00 % (0)

CV:     G.Fluid Non-Convex      0.22 % (128)
CV:     G.Solid Non-Convex      0.00 % (0)

FACE_A: Fluid          (af) 167184
FACE_A: Max number placed on a brick-face in cv: 1
FACE_A: Solid          (as) 3462

FACE_W: Total               10388
FACE_W: Fluid/Fluid    (ff) 0
FACE_W: Max number placed in cv: 3
/-----------------------------------------------------------/

  nsd=  0: min rho=1.20371, var Kin E=18807.9
Create solver core
 MDS: Converting solver problem ...
MDS: OK
slv : Calculations at run start
slv : Create sub-domains supervisors:
slv : 	Fluid subdom 0(IMS) gsd_ind=0
slv : 	1 fluid
slv : Create sub-domains mesh connectivity supervisors:
slv : Collect slices by phenomena...
slv : 	fluid flow slices were created:	1
slv : 	heat transfer slices were created:	1
slv : 	electric current flow slices were created:	0
slv : 	radiation slices were created:	0
slv : Creating meshes proxies for multigrid...
slv : Convert MESH[0] to multigrid mesh proxy...
slv : 58032 bricks are accounted by implicit methods(100% of total)
slv : max tree bricks count = 1
alg : MG: create topological coarsening...
alg : Mesh 0  OK
slv : Building views for fluid flow...
slv : 1 views are created
slv : Building views for heat transfer...
slv : 1 views are created
slv : Building fluid flow views schemes...
slv : View   0: Implicit scheme in fluid
slv : Building heat transfer views schemes...
slv : PrecalcAtStart views for fluid flow...
=== Fluid sub-domain nsd=0 ========================
Pre-calculations at run start, Implicit Scheme:
fflow count=9536
Sub-domain is External
BC re-definition: Real Wall to Ideal Wall: 0 w-faces

MARK CVs, A-FACEs and W-FACEs WITH/NEAR GEOMETRICAL PECULIARITIES:

  A-faces degraded to CUp_1st and Upwind_1st: 236 (0.141162% of all a-faces)
    (by  curved & encumbered : 236 (0.141162% of all a-faces)),
    (by  l- or r-cv is small : 0 (0% of all a-faces)),
    (by  l- or r-cv is triple: 0 (0% of all a-faces)),
    (by  l- or r-cv is bad boundary refinement: 0 (0% of all a-faces)).
    (THRESHOLD_ENCUMBERED_AREA = 0.333, THRESHOLD_ANGLE_SURFACE = 15, THRESHOLD_ANGLE_CVs = 70).
  Skip turbulence generating sources in partial cvs = 116 (0.202062% of all cvs, 1.19637% of partial cvs),    (by  presence of degraded to CUp_1st a-faces)
  Skip  P WALL APPROX  on w-faces = 116 (1.12186% of fluid wall w-faces),
  CV_BAD_GEOM_FOR_DERIVATIVES: bad CV geometry for numerical calculation of derivatives detected in partial cvs = 740 (1.28902% of all cvs, 7.63201% of partial cvs),
    (by  presence of degraded to CUp_1st a-faces = 232)
    (by  curvature condition = 628),
    (by  MEGA G-TYPE condition = 0),
    (THRESHOLD_ANGLE_BAD_DERIVATIVES = 47).
  A-faces placed opposite External boundary with Symmetry BC: N_face_ns=0 (0%)
frw count=804
(nsd = 0) Nfa = 167184, W2P A-face approximations: 520 stored,
  basis quality levels = { 932 (89.62%) excellent, 108 (10.38%) very high },
  derivative traits = {  },
  value traits = {  }.
(nsd = 0) Ncv = 57408, W2P CV approximations: 624 stored,
  basis quality levels = { 622 (99.68%) excellent, 2 (0.32%) very high },
  gradient[X] traits = {  },
  gradient[Y] traits = { [5]: 126 },
  gradient[Z] traits = { [5]: 11 }.
mgl = 31 size = 57408
mgl = 30 size =  7215
mgl = 29 size =  1008

mgl = 31 size = 57408
mgl = 30 size =  7215

mgl = 31 size = 57408
mgl = 30 size =  7215

CreateGrOperatorsPortraits: CVs with extended (3D) portrait / total CVs = 672 / 57408 (1.171%).
mgl = 31 size = 57408
mgl = 30 size =  7215

slv : PrecalcAtStart views for heat transfer...
Creating view scheme...
	Alg view 0 aggregates:
mgl = 31 size = 57408
mgl = 30 size =  7215

1 heat transfer algebraic views are created
slv : PrecalcAtStart views for electric current flow...
slv : PrecalcAtStart views for radiation...
Calculate gap size: 
	Min gap size       4.000000e+00 (id=0)
	Max gap size       2.603654e+01 (id=379)
	Enlarged by r_d_cv 0
GapSize time = 0.002564 s
slv : Finite volume method GLOBAL MESH METRICS:
slv : eps_const_function  [cv] = MAX_{i}{ SUM( S[f] * n[f][i] ) / SUM( |S[f] * n[f][i]| ) },
slv : eps_linear_function [cv] = | MAX_{i}{ SUM( S[f] * n[f][i] * crd[f][i] ) } - MIN_{i}{ SUM( S[f] * n[f][i] * crd[f][i] ) } | / V[cv],
slv : eps_cv_volume       [cv] = | SUM_{i}{ SUM( S[f] * n[f][i] * crd[f][i] ) } / 3 - V[cv] | / V[cv],
slv :                            where "i" is axis (x, y, z) and "f" is cv's face (of any type),
slv :                            crd[f] is coordinate of face "f" in cv-centered coordinate system, i.e. shifted by -crd[cv].
slv : 	FLUID:
slv : 		    1 GEOMSUBDOM(s):   Ncv =      57408, eps_const_function = 6.5e-17, eps_linear_function = 1.2e-14, eps_cv_volume = 4.2e-15.
slv : 	SOLID:
slv : 		    1 GEOMSUBDOM(s):   Ncv =       1296, eps_const_function = 1.5e-16, eps_linear_function = 2.3e-14, eps_cv_volume = 6.1e-15.

SDS: Re-define MWS=max(mws_sd) over fluid-flow sub-domains in view:
SDS: nsd=  0: mws(view value)=12.5                 
slv : ------------ Start of Preliminary step at Calculation start ------------
<Dynamic P> on nsd = 0 {openings (inlet / outlet)}:
  (SP = Static Pressure, EP = Environment Pressure, TP = Total Pressure, E = External)
  {#0, E, (1.512634e+03 / 0.000000e+00)}
  {#1, E, (0.000000e+00 / 1.512634e+03)}
  {#2, E, (0.000000e+00 / 1.512634e+03)}
  {#3, E, (0.000000e+00 / 1.512634e+03)}
  {#4, E, (0.000000e+00 / 1.512634e+03)}
  {#5, E, (0.000000e+00 / 1.512634e+03)}
WALL_DISTANCE: 1 algebraic views were taken from pressure algebraic views 
+------+--------+--------------+--------------+--------------+--------------+--------------+------+----+-+-+--+------+
|Name  |alg view| Initial res  | Initial resL1| Target res   | Final res    | Final res L1 |Visits|Iter|R|F|CL|Status|
|  WD  |       0|  8.065106e+02|  0.000000e+00|  8.065106e-14|  2.245830e-14|  1.649725e-05|    30| 570|2|n|30|  OK  |
nsd = 0, n_opening (External) = 0, hn_averaged = 7.9964572954578206e-01, area_of_opening = 1.5000000000000000e+02
nsd = 0, n_opening (External) = 1, hn_averaged = 1.5481595119421130e+00, area_of_opening = 1.5000000000000006e+02
nsd = 0, n_opening (External) = 2, hn_averaged = 4.9268311247429847e-01, area_of_opening = 5.9999999999999989e+02
nsd = 0, n_opening (External) = 3, hn_averaged = 4.9236561475953933e-01, area_of_opening = 6.0000000000000102e+02
nsd = 0, n_opening (External) = 4, hn_averaged = 3.8470394558049981e-01, area_of_opening = 3.9600000000000011e+02
nsd = 0, n_opening (External) = 5, hn_averaged = 6.3492430669164779e-01, area_of_opening = 3.9999999999999989e+02
slv : Fluid subdom(new) 0
slv : P static (new)                 : min(      0) = 101325               , max(      0) = 101325               
slv : Density (new)                  : min(      0) = 1.2037056240893      , max(      0) = 1.2037056240893      
slv : Velocity (new)                 : min(      0) = 50                   , max(      0) = 50                   
slv : Mach number (new)              : min(      0) = 0.14570095935265     , max(      0) = 0.14570095935265     
slv : Turbulent k (new)              : min(      0) = 0.00375              , max(      0) = 0.00375              
slv : Turbulent e (new)              : min(      0) = 0.0018866823560154   , max(      0) = 0.0018866823560154   
slv : Temperature (new)              : min(      0) = 293.2                , max(      0) = 293.2                
slv : Total enthalpy, Y-shifted (new): min(      0) = 1250.0037500005      , max(      0) = 1250.0037500005      
slv : ------------ End of Preliminary step at Calculation start ------------
Collecting Reference Parameters... OK

----------------------------------------------------------
BCF checking (solver)...
----------------------------------------------------------

Estimated cfld size=9.91 Mb
Writing cfld file "C:\Users\sinohara\Desktop\lesson16\1\cfl657D.tmp"...
store res: FILE SAVED: cfl657D.tmp. Total save cfld took 0.02 sec.
real cfld size=0.18 Mb
CPT size=1.654 MB (1734038 bytes).
CPT size=1.654 MB (1734038 bytes)
CCFLDFileManager::MergeCFLDToCPT: FILE COPIED : "C:\Users\sinohara\Desktop\lesson16\1\1.cpt" -> "C:\Users\sinohara\Desktop\lesson16\1\1.cpt.lock"
CCFLDFileManager::MergeCFLDToCPT: FILE MERGED : "C:\Users\sinohara\Desktop\lesson16\1\cfl657D.tmp" -> "C:\Users\sinohara\Desktop\lesson16\1\1.cpt.lock"
CCFLDFileManager::MergeCFLDToCPT: FILE RENAMED: "C:\Users\sinohara\Desktop\lesson16\1\1.cpt.lock" -> "C:\Users\sinohara\Desktop\lesson16\1\1.cpt"
CPT size=1.831 MB (1919842 bytes)
CCFLDFileManager::MergeCFLDToCPT: FILE REMOVED: "C:\Users\sinohara\Desktop\lesson16\1\cfl657D.tmp"
OK
Estimated fld size=5.76 Mb
Writing fld file "C:\Users\sinohara\Desktop\lesson16\1\r_000000.fld"...
**************   CHeatPathCalculator report ******************
Temperatures
	0 (Vol 5960; Tmin 293.2; Tav 293.2; Tmax 293.2)
Total Energy Balance [W]
	0
**************   CHeatPathCalculator report end******************
store res: FILE SAVED: r_000000.fld. Total save fld took 0.15 sec.
real fld size=2.11 Mb
CPT size=1.831 MB (1919842 bytes).
OK
Init simple interpolator... OK (0.149 sec)
Surface goal 'SG 力 (X) 1' is on 216 faces

Preview parameters:
	圧力
	密度（流体）
	流速
	流速 (X)
	流速 (Y)
	流速 (Z)
	温度
	温度 (流体)
	ﾏｯﾊ数
	全圧
	動圧
	よどみ密度
	比熱 (Cp)
	粘度
	音速
	ﾌﾟﾗﾝﾄﾙ数
	体積発熱量
	全温度
	絶対総エンタルピー
	乱流エネルギー
	乱流エネルギー散逸率
	乱流強度
	乱流時間スケール
	乱流粘性
	乱流長さスケール
	音響パワー
	音響パワーレベル
27 parameter(s) in preview list of parameters

Calculation started at	17.12.2025	15:23:49
Total CPU time 2 s
//-------------------------Isotermic task-------------------//
//-------------------------Fast mass flow--------------------//

================== Tstep=0 ===================
Boundary layer settings:
	Separation tau    on
	Enable 3D effects on
BL MODEL         	0
	Ignore compressibility  off
	BL on porous body  off
	Separ. tau corr factor 0
	Separ. tau kappa 0.1
	Separ. tau KV0 0.1
	Max hn for engineering models 7
	Laminar Temperature Profile Order 4
	Max Film Thickness 0
------------------------
NumerCore CHT-start settings:
	Min typical size					1
	Zero vel ht factor				0.006
	C_mju_turb_min                   0.01
	Threshold value for K-E filter   0.181307
	C_mju                            0.09
	C_eps1                           1.44
	C_eps2                           1.92
	Sigma_k                          1
	Sigma_eps                        1.3
	Sigma_c                          0.9
	Approx mode                      2nd order
-------------
NumCoreFESSettings:
	Maximum possible Mach	0
	Turbulent Prandtl		0.9
-------------
slv : Implicit schemes in fluid settings:
slv : INPR	: rel_resid=0.00790569
slv : BACKGROUND	: rel_resid=0.00790569
slv : DVGR	: rel_resid=0.00790569
slv : MOMENTUM	: rel_resid=0.00790569
slv : CHT	: rel_resid=0.00790569
slv : Y_TD	: rel_resid=0.00790569
slv : Y_TURB	: rel_resid=0.00790569
slv : LMA	: rel_resid=0.00790569
slv : UVGI	: rel_resid=0.00790569
slv : NOx	: rel_resid=0.00790569
slv : VOL_FRAC_IM_PHASE	: rel_resid=0.00790569
slv : (null)	: rel_resid=0.00790569
slv : Disable wall motion impact into H threshold=10
slv : Relax par ring =0.05
slv : Isothermal cavitation CF corrector = 1
slv : Isothermal cavitation pseudo transient corrector = -1
slv : Isothermal cavitation forced time step in cavitated regions = -1
slv : force_free_surface_VOF = -1
slv : SLV_SINGLE_P_WALL = 1
slv : Weighted 2-Point 2nd order experimental features = 0
slv : Stationary with Outer Iterations for Non-Newton:
slv :     forced_global_timestep = -1.79769e+308
slv :     timestep_accel_initial_coeff = 0.01
slv :     timestep_accel_base = 1
slv :     timestep_accel_max_coeff = 50
slv :     timestep_accel_steps_divider = 1
slv : ---------------------------------------
------Solid settings---
Approximation mode = 2'nd order && thin_profiles && weighted_2p_2nd (selectively)
Solid temperature eps_abs scaling factor: 0.001
number dofs per absorptive face: 9
subgrid ratio: 0.500000
------------------------------
slv : Iterations settings:
slv : Max number of outer iter = 1
slv : Max number of Mass&Energy iter = 1
slv : Conservation laws tolerance residuals:
slv : 	MASS	0.005
slv : 	MOMENTUM	0.005
slv : 	ENERGY	0.005
slv : 	SPECIES	0.005
slv : 	TURBULENCE	0.005
slv : 	MASS_AFTER_CALC_RHO	0.005
slv : ---------------------------------------
slv : Scheme blocks settings:
slv : INPR	: stop_crit=residAbs_AND_residRel 
slv : BACKGROUND	: stop_crit=residAbs_AND_residRel 
slv : DVGR	: stop_crit=residAbs_AND_residRel 
slv : MOMENTUM	: stop_crit=residAbs_AND_residRel 
slv : CHT	: stop_crit=residAbs_AND_residRel 
slv : Y_TD	: stop_crit=residAbs_AND_residRel 
slv : Y_TURB	: stop_crit=residAbs_AND_residRel 
slv : LMA	: stop_crit=residAbs_AND_residRel 
slv : UVGI	: stop_crit=residAbs_AND_residRel 
slv : NOx	: stop_crit=residAbs_AND_residRel 
slv : VOL_FRAC_IM_PHASE	: stop_crit=residAbs_AND_residRel 
slv : (null)	: stop_crit=residAbs_AND_residRel 
slv : ---------------------------------------
slv : Big local tau flattener = disabled
Accuracy scale coeff =1
slv : Max Courant factor = 25
<Dynamic P> on nsd = 0 {openings (inlet / outlet)}:
  (SP = Static Pressure, EP = Environment Pressure, TP = Total Pressure, E = External)
  {#0, E, (1.512634e+03 / 0.000000e+00)}
  {#1, E, (0.000000e+00 / 1.512634e+03)}
  {#2, E, (0.000000e+00 / 1.512634e+03)}
  {#3, E, (0.000000e+00 / 1.512634e+03)}
  {#4, E, (0.000000e+00 / 1.512634e+03)}
  {#5, E, (0.000000e+00 / 1.512634e+03)}
  MWS[  0]=12.4997
tau_viscous_averaged = 20368.1 
dt(mass,momentum; nsd=  0): min dt/dtG(ncv=   1611)=1.00 , max dt/dtG(ncv=  55595)=2.6    , dtG=0.00198061
Flow alg-view 0 in phys-view 0 isn't Neumann (not Multi Phase treating)
Face Momentum (sd=  0): max value of div(mf) (cv=5176) = 7.563510e+00
Flow alg-view 0 is not Neumann (not for Phase Change + Nested Iters)
+----+----+--------------+--------------+--------------+--------------+--------------+------+----+-+-+--+------+
|Name|view| Initial res  | Initial resL1| Target res   | Final res    | Final res L1 |Visits|Iter|R|F|CL|Status|
| BG |   0|  1.755544e+04|  2.407411e+03|  3.379652e-04|  3.276594e-04|  1.169047e+00|    15|  45|0|n|30|  OK  |
Face Momentum (sd=  0): max value of div(mf) (cv=9) = 3.415737e-03
	norm_L2 of div(momentum) = 7.845598e-02.
Flow alg-view 0 in phys-view 0 isn't Neumann (not Multi Phase treating)
dt(mass,momentum; nsd=  0): min dt/dtG(ncv=   1611)=1.00 , max dt/dtG(ncv=  55595)=2.6    , dtG=0.00198061
LOG: number of a-faces with weighted approximations in 0 subdomain: 4.4454 percent
slv : SolveBL stage
|nsd|Real WF|NormalF|Cycle F|CriticF| EdgeF |CyclBrF|ExtParF|RWFnumSt|StLvlNum|  nfw  |  alp_U_min  |  nfw  |  alp_U_max  |  nfw  |  alp_T_min  |  nfw  |  alp_T_max  |  nfw  |  BL_s_min   |  nfw  |   BL_s_max  |
|  0|    804|    306|      0|    312|    186|      0|      0|     804|       6|   4363|7.91801e-05  |   1064|0.134528     |   4363|0.135631     |   1064|207.627      |   1064|-216.842     |   1032|-0           |
Face Momentum (sd=  0): max value of div(mf) (cv=9) = 3.415737e-03
	norm_L2 of div(momentum) = 7.845598e-02.
nsd = 0 BC: AP Inlet occurs on 5320 w-faces
dP/dn (nsd = 0): Nfw_skipped_by_dP_dn_geom_flag = 0, Nfw_with_curvature_limiting = 0, Nfw_skipped_by_negative_crd_n = 120. Totals: skipped or corrected FW ratio = 1.16054%, skipped or corrected WALL AREA ratio = 1.41861%.
+----+----+----+--------------+--------------+--------------+--------------+--------------+------+----+-+-+--+------+
|Name|view| n_y| Initial res  | Initial resL1| Target res   | Final res    | Final res L1 |Visits|Iter|R|F|CL|Status|
+----+----+----+--------------+--------------+--------------+--------------+--------------+------+----+-+-+--+------+
| 3M |   0|   0|  1.741959e+07|  5.316377e+04|  1.350769e+02|  4.997269e-01|  2.799071e+00|     1|   3|0|n|29|  OK  |
Velocity (predicted):
        (local) sd   0: min(  20019)=39.337352755467      , max(   5570)=50.006254244347      
slv : 
slv : NUMBER OF INNER ITERATIONS = 1
slv : 
Flow alg-view 0 is not Neumann (not for Phase Change + Nested Iters)
+----+----+--------------+--------------+--------------+--------------+--------------+------+----+-+-+--+------+
|Name|view| Initial res  | Initial resL1| Target res   | Final res    | Final res L1 |Visits|Iter|R|F|CL|Status|
|DVGR|   0|  1.635554e+04|  3.061199e+03|  3.379652e-04|  1.796315e-04|  1.682553e+00|    14|  42|0|n|30|  OK  |
Filter(LC, geom_index=  0): isolating pressure from zero=2197 (in AUSM_cvs=0)
Filter(LC, geom_index=  0): isolating pressure from infinity =780 (in AUSM_cvs=0)
PRESSURE SOLVER(geom_index=  0): sum_C_dp=-0.421336
Face Momentum (sd=  0): max value of div(mf) (cv=7249) = 3.313466e-03
	norm_L2 of div(momentum) = 8.186483e-02.
nsd = 0 min_dtHy = 0.00198061 (nCV =	1611 ) max_dtHy = 0.00517198 (nCV =	55595 ) 
+----+----+--------------+--------------+--------------+--------------+--------------+------+----+-+-+--+------+
|Name|view| Initial res  | Initial resL1| Target res   | Final res    | Final res L1 |Visits|Iter|R|F|CL|Status|
|CHT |   0|  2.115142e+09|  1.549945e+05|  2.920837e+03|  5.659623e-18|  3.673740e-07|     1|   9|0|n|30|  OK  |
nsd = 0 min_dtke = 0.00197069 (nCV =	1611 ) max_dtke = 0.00510555 (nCV =	55595 ) 
+----+----+----+--------------+--------------+--------------+--------------+--------------+------+----+-+-+--+------+
|Name|view| n_y| Initial res  | Initial resL1| Target res   | Final res    | Final res L1 |Visits|Iter|R|F|CL|Status|
+----+----+----+--------------+--------------+--------------+--------------+--------------+------+----+-+-+--+------+
|turb|   0|   0|  1.643096e+06|  1.844504e+04|  1.032276e+00|  7.910914e-06|  4.838472e-02|     1|   6|0|n|30|  OK  |
|turb|   0|   1|  1.115058e+08|  1.655205e+05|  1.597180e+01|  5.247258e-04|  4.271643e-01|     1|   6|0|n|30|  OK  |
Filter: K,E,momentum: sd =   0 isolating K from zero=   1198 E from zero=   2014 E from infinity=      0
slv : Fluid subdom(new) 0
slv : P static (new)                 : min(   4571) = 96258.75             , max(   1627) = 111457.5             
slv : Density (new)                  : min(   7248) = 1.1387261093533      , max(   9961) = 1.3280687305645      
slv : Velocity (new)                 : min(   7248) = 3.8342411640328      , max(  12001) = 83.242222433046      
slv : Mach number (new)              : min(   7248) = 0.011149720285419    , max(  12001) = 0.24348617460903     
slv : Turbulent k (new)              : min(   1609) = 1e-40                , max(   5162) = 22.421275853226      
slv : Turbulent e (new)              : min(  25272) = 2.3633421372297e-46  , max(   5162) = 267.44309060948      
slv : Temperature (new)              : min(  12001) = 290.9856276605       , max(   7248) = 294.43442262358      
slv : Total enthalpy, Y-shifted (new): min(   1631) = 1249.972483775       , max(   5233) = 1869.624431848       
slv : MASS FLUXES AT OPENINGS: MF=-9027.79, AP=9028.53
slv : DvGr statistics: min alpha=0.189391(nfa=46315, geom_slice=0)
slv : +----------------------------------+------------+-------+------------+------------+
slv : |          Collector name          | Total Time | Count |  Avg Time  |  Max Time  |
slv : +----------------------------------+------------+-------+------------+------------+
slv : | Calculate_inc                    |       0.000|      0|       0.000|       0.000|
slv : | CollectEMT_Results               |       0.000|      1|       0.000|       0.000|
slv : | HeatPathCalculator_Dynamic       |       0.016|      1|       0.016|       0.016|
slv : | LiSy_make_portrait               |       0.056|     17|       0.003|       0.011|
slv : | build_sl_ordering_CHT            |       0.005|      1|       0.005|       0.005|
slv : | build_sl_ordering_MDS            |       0.017|      1|       0.017|       0.017|
slv : | build_sl_ordering_fluid          |       0.016|      1|       0.016|       0.016|
slv : | calc_Convolutions_MDS            |       0.021|      1|       0.021|       0.021|
slv : | calc_wall_dist                   |       0.502|      1|       0.502|       0.502|
slv : | create_Gr_operators_MDS          |       0.015|      1|       0.015|       0.015|
slv : | create_Gr_operators_portrait_MDS |       0.008|      1|       0.008|       0.008|
slv : | init_Hy_group_MDS                |       0.020|      1|       0.020|       0.020|
slv : | perform_stage_total              |       1.060|     35|       0.030|       0.502|
slv : | precalc_at_start_MDS             |       0.663|      2|       0.332|       0.632|
slv : | solve_3M_MDS                     |       0.050|      1|       0.050|       0.050|
slv : | solve_3M_alg_MDS                 |       0.020|      1|       0.020|       0.020|
slv : | solve_BG_MDS                     |       0.053|      1|       0.053|       0.053|
slv : | solve_BG_alg_MDS                 |       0.042|      1|       0.042|       0.042|
slv : | solve_BL_MDS                     |       0.027|      1|       0.027|       0.027|
slv : | solve_CHT                        |       0.036|      1|       0.036|       0.036|
slv : | solve_CHT_MDS                    |       0.023|      1|       0.023|       0.023|
slv : | solve_CHT_alg_MDS                |       0.006|      1|       0.006|       0.006|
slv : | solve_DvGr_MDS                   |       0.176|      1|       0.176|       0.176|
slv : | solve_DvGr_alg_MDS               |       0.115|      1|       0.115|       0.115|
slv : | solve_INPR_MDS                   |       0.000|      1|       0.000|       0.000|
slv : | solve_PS+QJ                      |       0.000|      0|       0.000|       0.000|
slv : | solve_YLMA_MDS                   |       0.000|      1|       0.000|       0.000|
slv : | solve_YNOx_MDS                   |       0.000|      1|       0.000|       0.000|
slv : | solve_YTd_MDS                    |       0.000|      1|       0.000|       0.000|
slv : | solve_YTurb_MDS                  |       0.090|      1|       0.090|       0.090|
slv : | solve_YTurb_alg_MDS              |       0.018|      2|       0.009|       0.011|
slv : | update_BC_MDS                    |       0.000|      2|       0.000|       0.000|
slv : | update_Mf_after_DvGr             |       0.008|      1|       0.008|       0.008|
slv : | update_VelPressure_MDS           |       0.003|      1|       0.003|       0.003|
slv : +----------------------------------+------------+-------+------------+------------+
-----------------------------------------------------------------------
Memory Working Set Current = 252.82 Mb, Memory Working Set Peak = 258.20 Mb
Memory Private Bytes Current = 259.18 Mb, Memory Private Bytes Peak = 272.74 Mb
Process Threads Number: 14
-----------------------------------------------------------------------
Algebra Pool      : mem_usage = 156.94 Mb, allocated count = 962

================== Tstep=1 ===================
<Dynamic P> on nsd = 0 {openings (inlet / outlet)}:
  (SP = Static Pressure, EP = Environment Pressure, TP = Total Pressure, E = External)
  {#0, E, (1.498174e+03 / 0.000000e+00)}
  {#1, E, (0.000000e+00 / 1.512628e+03)}
  {#2, E, (2.410538e-01 / 1.511083e+03)}
  {#3, E, (2.410889e-01 / 1.511084e+03)}
  {#4, E, (4.565515e+00 / 1.505357e+03)}
  {#5, E, (2.019544e-02 / 1.512026e+03)}
  MWS[  0]=12.4978
tau_viscous_averaged = 11590.7 
dt(mass,momentum; nsd=  0): min dt/dtG(ncv=  18091)=1.00 , max dt/dtG(ncv=  55595)=4.2    , dtG=0.00121873
Flow alg-view 0 in phys-view 0 isn't Neumann (not Multi Phase treating)
Face Momentum (sd=  0): max value of div(mf) (cv=11403) = 4.910103e-03
Flow alg-view 0 is not Neumann (not for Phase Change + Nested Iters)
+----+----+--------------+--------------+--------------+--------------+--------------+------+----+-+-+--+------+
|Name|view| Initial res  | Initial resL1| Target res   | Final res    | Final res L1 |Visits|Iter|R|F|CL|Status|
| BG |   0|  6.751099e-03|  9.364337e+00|  3.379652e-06|  1.851861e-06|  1.792980e-01|     9|  27|0|n|30|  OK  |
log10(resTarget_Lim / resTarget_Orig): 0.9 
Face Momentum (sd=  0): max value of div(mf) (cv=2584) = 1.249616e-04
	norm_L2 of div(momentum) = 1.379614e-03.
Flow alg-view 0 in phys-view 0 isn't Neumann (not Multi Phase treating)
LOG: number of a-faces with weighted approximations in 0 subdomain: 4.72593 percent
slv : SolveBL stage
|nsd|Real WF|NormalF|Cycle F|CriticF| EdgeF |CyclBrF|ExtParF|RWFnumSt|StLvlNum|  nfw  |  alp_U_min  |  nfw  |  alp_U_max  |  nfw  |  alp_T_min  |  nfw  |  alp_T_max  |  nfw  |  BL_s_min   |  nfw  |   BL_s_max  |
|  0|    804|    638|      0|     32|    134|      0|      0|     804|       9|   1191|0            |   1504|0.194192     |   3701|0.00190698   |   3712|1100.98      |   1534|-348.954     |   1041|0            |
Face Momentum (sd=  0): max value of div(mf) (cv=2584) = 1.249616e-04
	norm_L2 of div(momentum) = 1.379614e-03.
nsd = 0 BC: AP Inlet occurs on 5260 w-faces
+----+----+----+--------------+--------------+--------------+--------------+--------------+------+----+-+-+--+------+
|Name|view| n_y| Initial res  | Initial resL1| Target res   | Final res    | Final res L1 |Visits|Iter|R|F|CL|Status|
+----+----+----+--------------+--------------+--------------+--------------+--------------+------+----+-+-+--+------+
| 3M |   0|   0|  4.660026e+08|  4.026928e+06|  1.249791e+02|  1.259727e+01|  9.843768e+01|     1|   3|0|n|29|  OK  |
Velocity (predicted):
        (local) sd   0: min(   7248)=3.9393975184716      , max(  11913)=80.385962564141      
Flow alg-view 0 is not Neumann (not for Phase Change + Nested Iters)
+----+----+--------------+--------------+--------------+--------------+--------------+------+----+-+-+--+------+
|Name|view| Initial res  | Initial resL1| Target res   | Final res    | Final res L1 |Visits|Iter|R|F|CL|Status|
|DVGR|   0|  6.493412e+03|  3.908780e+03|  2.820353e-04|  1.484149e-04|  1.520890e+00|    14|  42|0|n|30|  OK  |
Filter(LC, geom_index=  0): isolating pressure from zero=1647 (in AUSM_cvs=0)
PRESSURE SOLVER(geom_index=  0): sum_C_dp=0.184635
Face Momentum (sd=  0): max value of div(mf) (cv=7138) = 2.353311e-03
	norm_L2 of div(momentum) = 5.131140e-02.
nsd = 0 min_dtHy = 0.00121873 (nCV =	18091 ) max_dtHy = 0.0051724 (nCV =	55595 ) 
+----+----+--------------+--------------+--------------+--------------+--------------+------+----+-+-+--+------+
|Name|view| Initial res  | Initial resL1| Target res   | Final res    | Final res L1 |Visits|Iter|R|F|CL|Status|
|CHT |   0|  1.311462e+09|  1.722802e+05|  3.656197e+04|  6.028148e-18|  3.761961e-07|     1|   9|0|n|30|  OK  |
nsd = 0 min_dtke = 0.00116207 (nCV =	18091 ) max_dtke = 0.00510612 (nCV =	55595 ) 
+----+----+----+--------------+--------------+--------------+--------------+--------------+------+----+-+-+--+------+
|Name|view| n_y| Initial res  | Initial resL1| Target res   | Final res    | Final res L1 |Visits|Iter|R|F|CL|Status|
+----+----+----+--------------+--------------+--------------+--------------+--------------+------+----+-+-+--+------+
|turb|   0|   0|  4.405291e+06|  3.256270e+04|  9.417477e-01|  2.780858e-08|  5.817248e-04|     1|   6|0|n|30|  OK  |
|turb|   0|   1|  4.600527e+08|  3.177827e+05|  1.353852e+01|  2.558060e-06|  4.914445e-03|     1|   6|0|n|30|  OK  |
Filter: K,E,momentum: sd =   0 isolating K from zero=    146 E from zero=    569 E from infinity=      0
slv : Fluid subdom(new) 0
slv : P static (new)                 : min(   7220) = 96317.073157559      , max(   1627) = 105884.625           
slv : Density (new)                  : min(   7220) = 1.1401453531124      , max(   9961) = 1.2625277856014      
slv : Velocity (new)                 : min(   7273) = 2.6045881697124      , max(  12001) = 78.507038318037      
slv : Mach number (new)              : min(   7273) = 0.0075739201945887   , max(  12001) = 0.22948667792471     
slv : Turbulent k (new)              : min(   5234) = 1e-40                , max(   5162) = 20.965251910626      
slv : Turbulent e (new)              : min(  25272) = 2.4599418347821e-46  , max(   5162) = 243.68696134094      
slv : Temperature (new)              : min(  12001) = 291.36527086414      , max(   5233) = 294.62938943728      
slv : Total enthalpy, Y-shifted (new): min(   7178) = 1248.4025161099      , max(   5233) = 2216.1467139446      
slv : MASS FLUXES AT OPENINGS: MF=-9027.79, AP=9027.32
slv : DvGr statistics: min alpha=0.189257(nfa=57385, geom_slice=0)
slv : +----------------------------------+------------+-------+------------+------------+
slv : |          Collector name          | Total Time | Count |  Avg Time  |  Max Time  |
slv : +----------------------------------+------------+-------+------------+------------+
slv : | Calculate_inc                    |       0.616|      1|       0.616|       0.616|
slv : | CollectEMT_Results               |       0.000|      2|       0.000|       0.000|
slv : | HeatPathCalculator_Dynamic       |       0.016|      1|       0.016|       0.016|
slv : | LiSy_make_portrait               |       0.079|     23|       0.003|       0.011|
slv : | Results_processing               |       0.110|      1|       0.110|       0.110|
slv : | build_sl_ordering_CHT            |       0.009|      2|       0.004|       0.005|
slv : | build_sl_ordering_MDS            |       0.041|      2|       0.021|       0.025|
slv : | build_sl_ordering_fluid          |       0.041|      2|       0.021|       0.025|
slv : | calc_Convolutions_MDS            |       0.038|      2|       0.019|       0.021|
slv : | calc_wall_dist                   |       0.502|      1|       0.502|       0.502|
slv : | create_Gr_operators_MDS          |       0.027|      2|       0.014|       0.015|
slv : | create_Gr_operators_portrait_MDS |       0.015|      2|       0.008|       0.008|
slv : | init_Hy_group_MDS                |       0.033|      2|       0.017|       0.020|
slv : | perform_stage_total              |       1.456|     62|       0.023|       0.502|
slv : | precalc_at_start_MDS             |       0.663|      2|       0.332|       0.632|
slv : | solve_3M_MDS                     |       0.089|      2|       0.045|       0.050|
slv : | solve_3M_alg_MDS                 |       0.032|      2|       0.016|       0.020|
slv : | solve_BG_MDS                     |       0.096|      2|       0.048|       0.053|
slv : | solve_BG_alg_MDS                 |       0.072|      2|       0.036|       0.042|
slv : | solve_BL_MDS                     |       0.036|      2|       0.018|       0.027|
slv : | solve_CHT                        |       0.071|      2|       0.036|       0.036|
slv : | solve_CHT_MDS                    |       0.048|      2|       0.024|       0.024|
slv : | solve_CHT_alg_MDS                |       0.010|      2|       0.005|       0.006|
slv : | solve_DvGr_MDS                   |       0.307|      2|       0.154|       0.176|
slv : | solve_DvGr_alg_MDS               |       0.195|      2|       0.098|       0.115|
slv : | solve_INPR_MDS                   |       0.000|      1|       0.000|       0.000|
slv : | solve_PS+QJ                      |       0.000|      0|       0.000|       0.000|
slv : | solve_YLMA_MDS                   |       0.000|      2|       0.000|       0.000|
slv : | solve_YNOx_MDS                   |       0.000|      2|       0.000|       0.000|
slv : | solve_YTd_MDS                    |       0.000|      2|       0.000|       0.000|
slv : | solve_YTurb_MDS                  |       0.178|      2|       0.089|       0.090|
slv : | solve_YTurb_alg_MDS              |       0.035|      4|       0.009|       0.011|
slv : | update_BC_MDS                    |       0.000|      3|       0.000|       0.000|
slv : | update_Mf_after_DvGr             |       0.018|      2|       0.009|       0.010|
slv : | update_VelPressure_MDS           |       0.005|      2|       0.003|       0.003|
slv : +----------------------------------+------------+-------+------------+------------+
-----------------------------------------------------------------------
Memory Working Set Current = 259.22 Mb, Memory Working Set Peak = 261.36 Mb
Memory Private Bytes Current = 270.02 Mb, Memory Private Bytes Peak = 277.21 Mb
Process Threads Number: 14
-----------------------------------------------------------------------
Algebra Pool      : mem_usage = 164.56 Mb, allocated count = 953

================== Tstep=2 ===================
<Dynamic P> on nsd = 0 {openings (inlet / outlet)}:
  (SP = Static Pressure, EP = Environment Pressure, TP = Total Pressure, E = External)
  {#0, E, (1.509526e+03 / 0.000000e+00)}
  {#1, E, (0.000000e+00 / 1.512625e+03)}
  {#2, E, (2.696396e-01 / 1.513939e+03)}
  {#3, E, (2.693721e-01 / 1.513934e+03)}
  {#4, E, (4.721963e+00 / 1.509914e+03)}
  {#5, E, (2.363149e-02 / 1.513242e+03)}
  MWS[  0]=12.4797
tau_viscous_averaged = 11421.6 
dt(mass,momentum; nsd=  0): min dt/dtG(ncv=  18091)=1.00 , max dt/dtG(ncv=  55595)=4.0    , dtG=0.00129718
Flow alg-view 0 in phys-view 0 isn't Neumann (not Multi Phase treating)
Face Momentum (sd=  0): max value of div(mf) (cv=7138) = 2.353311e-03
Flow alg-view 0 is not Neumann (not for Phase Change + Nested Iters)
+----+----+--------------+--------------+--------------+--------------+--------------+------+----+-+-+--+------+
|Name|view| Initial res  | Initial resL1| Target res   | Final res    | Final res L1 |Visits|Iter|R|F|CL|Status|
| BG |   0|  2.632862e-03|  7.055823e+00|  2.820353e-06|  1.993955e-06|  2.061537e-01|     8|  24|0|n|30|  OK  |
log10(resTarget_Lim / resTarget_Orig): 1.2 
Face Momentum (sd=  0): max value of div(mf) (cv=2591) = 7.915688e-05
	norm_L2 of div(momentum) = 1.419997e-03.
Flow alg-view 0 in phys-view 0 isn't Neumann (not Multi Phase treating)
LOG: number of a-faces with weighted approximations in 0 subdomain: 4.62544 percent
LOG: Rate of a-faces corrected to CUp1st in 0 subdomain: 1.90172e-06 %
slv : SolveBL stage
|nsd|Real WF|NormalF|Cycle F|CriticF| EdgeF |CyclBrF|ExtParF|RWFnumSt|StLvlNum|  nfw  |  alp_U_min  |  nfw  |  alp_U_max  |  nfw  |  alp_T_min  |  nfw  |  alp_T_max  |  nfw  |  BL_s_min   |  nfw  |   BL_s_max  |
|  0|    804|    640|      0|     32|    132|      0|      0|     804|       9|   1081|0            |   3640|0.320261     |   1116|0.00191137   |   1130|6113.75      |   1528|-486.891     |   1076|0            |
Face Momentum (sd=  0): max value of div(mf) (cv=2591) = 7.915688e-05
	norm_L2 of div(momentum) = 1.419997e-03.
nsd = 0 BC: AP Inlet occurs on 5264 w-faces
+----+----+----+--------------+--------------+--------------+--------------+--------------+------+----+-+-+--+------+
|Name|view| n_y| Initial res  | Initial resL1| Target res   | Final res    | Final res L1 |Visits|Iter|R|F|CL|Status|
+----+----+----+--------------+--------------+--------------+--------------+--------------+------+----+-+-+--+------+
| 3M |   0|   0|  1.499909e+08|  9.788741e+05|  6.404365e+01|  6.405845e+00|  5.884642e+01|     1|   3|0|n|29|  OK  |
Velocity (predicted):
        (local) sd   0: min(   7272)=1.4574503648022      , max(  11938)=76.289605478148      
Flow alg-view 0 is not Neumann (not for Phase Change + Nested Iters)
+----+----+--------------+--------------+--------------+--------------+--------------+------+----+-+-+--+------+
|Name|view| Initial res  | Initial resL1| Target res   | Final res    | Final res L1 |Visits|Iter|R|F|CL|Status|
|DVGR|   0|  5.171678e+03|  3.036547e+03|  7.319682e-05|  3.214765e-05|  6.214882e-01|    11|  33|0|n|30|  OK  |
Filter(LC, geom_index=  0): isolating pressure from zero=32 (in AUSM_cvs=0)
PRESSURE SOLVER(geom_index=  0): sum_C_dp=-0.287093
Face Momentum (sd=  0): max value of div(mf) (cv=11904) = 1.293824e-03
	norm_L2 of div(momentum) = 1.590898e-02.
nsd = 0 min_dtHy = 0.00129718 (nCV =	18091 ) max_dtHy = 0.00517714 (nCV =	55595 ) 
+----+----+--------------+--------------+--------------+--------------+--------------+------+----+-+-+--+------+
|Name|view| Initial res  | Initial resL1| Target res   | Final res    | Final res L1 |Visits|Iter|R|F|CL|Status|
|CHT |   0|  8.990739e+08|  1.583410e+05|  3.290583e+04|  6.264192e-18|  3.798523e-07|     1|   9|0|n|30|  OK  |
nsd = 0 min_dtke = 0.00123111 (nCV =	18091 ) max_dtke = 0.00511089 (nCV =	55595 ) 
+----+----+----+--------------+--------------+--------------+--------------+--------------+------+----+-+-+--+------+
|Name|view| n_y| Initial res  | Initial resL1| Target res   | Final res    | Final res L1 |Visits|Iter|R|F|CL|Status|
+----+----+----+--------------+--------------+--------------+--------------+--------------+------+----+-+-+--+------+
|turb|   0|   0|  3.197756e+06|  2.981539e+04|  2.477936e-01|  1.029840e-08|  4.456622e-04|     1|   6|0|n|30|  OK  |
|turb|   0|   1|  3.429045e+08|  2.876906e+05|  1.816510e+00|  1.093567e-06|  3.781256e-03|     1|   6|0|n|30|  OK  |
Filter: K,E,momentum: sd =   0 isolating K from zero=    144 E from zero=    381 E from infinity=      0
slv : Fluid subdom(new) 0
slv : P static (new)                 : min(   7285) = 97552.009404462      , max(   5224) = 103173.14105156      
slv : Density (new)                  : min(   7285) = 1.1544217016257      , max(   5224) = 1.2246272038786      
slv : Velocity (new)                 : min(   7272) = 2.1665083752349      , max(  12001) = 75.616349482585      
slv : Mach number (new)              : min(   7272) = 0.0063000104727719   , max(  12001) = 0.2209537333242      
slv : Turbulent k (new)              : min(   5256) = 1e-40                , max(   5162) = 19.859661368684      
slv : Turbulent e (new)              : min(  25272) = 2.3646330790429e-46  , max(   5162) = 225.87740178595      
slv : Temperature (new)              : min(  12001) = 291.5854634451       , max(   5233) = 294.83222640121      
slv : Total enthalpy, Y-shifted (new): min(   7179) = 1246.8807340285      , max(   5233) = 2468.1163252783      
slv : MASS FLUXES AT OPENINGS: MF=-9027.79, AP=9028.03
slv : DvGr statistics: min alpha=0.189288(nfa=57385, geom_slice=0)
slv : +----------------------------------+------------+-------+------------+------------+
slv : |          Collector name          | Total Time | Count |  Avg Time  |  Max Time  |
slv : +----------------------------------+------------+-------+------------+------------+
slv : | Calculate_inc                    |       1.101|      2|       0.551|       0.616|
slv : | CollectEMT_Results               |       0.000|      3|       0.000|       0.000|
slv : | HeatPathCalculator_Dynamic       |       0.016|      1|       0.016|       0.016|
slv : | LiSy_make_portrait               |       0.098|     29|       0.003|       0.011|
slv : | Results_processing               |       0.234|      2|       0.117|       0.124|
slv : | build_sl_ordering_CHT            |       0.018|      3|       0.006|       0.009|
slv : | build_sl_ordering_MDS            |       0.060|      3|       0.020|       0.025|
slv : | build_sl_ordering_fluid          |       0.060|      3|       0.020|       0.025|
slv : | calc_Convolutions_MDS            |       0.057|      3|       0.019|       0.021|
slv : | calc_wall_dist                   |       0.502|      1|       0.502|       0.502|
slv : | create_Gr_operators_MDS          |       0.040|      3|       0.013|       0.015|
slv : | create_Gr_operators_portrait_MDS |       0.021|      3|       0.007|       0.008|
slv : | init_Hy_group_MDS                |       0.053|      3|       0.018|       0.020|
slv : | perform_stage_total              |       1.905|     89|       0.021|       0.502|
slv : | precalc_at_start_MDS             |       0.663|      2|       0.332|       0.632|
slv : | solve_3M_MDS                     |       0.136|      3|       0.045|       0.050|
slv : | solve_3M_alg_MDS                 |       0.049|      3|       0.016|       0.020|
slv : | solve_BG_MDS                     |       0.137|      3|       0.046|       0.053|
slv : | solve_BG_alg_MDS                 |       0.100|      3|       0.033|       0.042|
slv : | solve_BL_MDS                     |       0.045|      3|       0.015|       0.027|
slv : | solve_CHT                        |       0.116|      3|       0.039|       0.045|
slv : | solve_CHT_MDS                    |       0.075|      3|       0.025|       0.027|
slv : | solve_CHT_alg_MDS                |       0.018|      3|       0.006|       0.008|
slv : | solve_DvGr_MDS                   |       0.459|      3|       0.153|       0.176|
slv : | solve_DvGr_alg_MDS               |       0.299|      3|       0.100|       0.115|
slv : | solve_INPR_MDS                   |       0.000|      1|       0.000|       0.000|
slv : | solve_PS+QJ                      |       0.000|      0|       0.000|       0.000|
slv : | solve_YLMA_MDS                   |       0.000|      3|       0.000|       0.000|
slv : | solve_YNOx_MDS                   |       0.000|      3|       0.000|       0.000|
slv : | solve_YTd_MDS                    |       0.000|      3|       0.000|       0.000|
slv : | solve_YTurb_MDS                  |       0.290|      3|       0.097|       0.112|
slv : | solve_YTurb_alg_MDS              |       0.056|      6|       0.009|       0.015|
slv : | update_BC_MDS                    |       0.000|      4|       0.000|       0.000|
slv : | update_Mf_after_DvGr             |       0.033|      3|       0.011|       0.014|
slv : | update_VelPressure_MDS           |       0.008|      3|       0.003|       0.003|
slv : +----------------------------------+------------+-------+------------+------------+
-----------------------------------------------------------------------
Memory Working Set Current = 259.53 Mb, Memory Working Set Peak = 262.08 Mb
Memory Private Bytes Current = 269.79 Mb, Memory Private Bytes Peak = 277.38 Mb
Process Threads Number: 14
-----------------------------------------------------------------------
Algebra Pool      : mem_usage = 164.56 Mb, allocated count = 954

================== Tstep=3 ===================
<Dynamic P> on nsd = 0 {openings (inlet / outlet)}:
  (SP = Static Pressure, EP = Environment Pressure, TP = Total Pressure, E = External)
  {#0, E, (1.510149e+03 / 0.000000e+00)}
  {#1, E, (0.000000e+00 / 1.512624e+03)}
  {#2, E, (2.766219e-01 / 1.514108e+03)}
  {#3, E, (2.767517e-01 / 1.514109e+03)}
  {#4, E, (4.817544e+00 / 1.509373e+03)}
  {#5, E, (2.433284e-02 / 1.513322e+03)}
  MWS[  0]=12.3222
tau_viscous_averaged = 11048.4 
dt(mass,momentum; nsd=  0): min dt/dtG(ncv=  21465)=1.00 , max dt/dtG(ncv=  55595)=4.0    , dtG=0.00129524
Flow alg-view 0 in phys-view 0 isn't Neumann (not Multi Phase treating)
Face Momentum (sd=  0): max value of div(mf) (cv=11904) = 1.293824e-03
Flow alg-view 0 is not Neumann (not for Phase Change + Nested Iters)
+----+----+--------------+--------------+--------------+--------------+--------------+------+----+-+-+--+------+
|Name|view| Initial res  | Initial resL1| Target res   | Final res    | Final res L1 |Visits|Iter|R|F|CL|Status|
| BG |   0|  2.531301e-04|  1.201276e+00|  7.319682e-07|  3.387497e-07|  6.004469e-02|     7|  21|0|n|30|  OK  |
log10(resTarget_Lim / resTarget_Orig): 1.7 
Face Momentum (sd=  0): max value of div(mf) (cv=2735) = 3.668011e-05
	norm_L2 of div(momentum) = 5.830080e-04.
Flow alg-view 0 in phys-view 0 isn't Neumann (not Multi Phase treating)
LOG: number of a-faces with weighted approximations in 0 subdomain: 4.78754 percent
LOG: Rate of a-faces corrected to CUp1st in 0 subdomain: 0.014276 %
slv : SolveBL stage
|nsd|Real WF|NormalF|Cycle F|CriticF| EdgeF |CyclBrF|ExtParF|RWFnumSt|StLvlNum|  nfw  |  alp_U_min  |  nfw  |  alp_U_max  |  nfw  |  alp_T_min  |  nfw  |  alp_T_max  |  nfw  |  BL_s_min   |  nfw  |   BL_s_max  |
|  0|    804|    640|      0|     32|    132|      0|      0|     804|       9|   1081|0            |   3682|0.616529     |   1121|0.00129361   |   1223|7482.59      |   1534|-452.226     |   1076|0            |
Face Momentum (sd=  0): max value of div(mf) (cv=2735) = 3.668011e-05
	norm_L2 of div(momentum) = 5.830080e-04.
nsd = 0 BC: AP Inlet occurs on 5278 w-faces
+----+----+----+--------------+--------------+--------------+--------------+--------------+------+----+-+-+--+------+
|Name|view| n_y| Initial res  | Initial resL1| Target res   | Final res    | Final res L1 |Visits|Iter|R|F|CL|Status|
+----+----+----+--------------+--------------+--------------+--------------+--------------+------+----+-+-+--+------+
| 3M |   0|   0|  2.520910e+07|  3.762946e+05|  2.381762e+01|  1.545595e+00|  2.204059e+01|     1|   3|0|n|29|  OK  |
Velocity (predicted):
        (local) sd   0: min(   7284)=1.691155182156       , max(  12001)=73.611051705824      
Flow alg-view 0 is not Neumann (not for Phase Change + Nested Iters)
+----+----+--------------+--------------+--------------+--------------+--------------+------+----+-+-+--+------+
|Name|view| Initial res  | Initial resL1| Target res   | Final res    | Final res L1 |Visits|Iter|R|F|CL|Status|
|DVGR|   0|  1.039950e+03|  1.150867e+03|  1.015723e-05|  3.959210e-06|  1.982344e-01|     9|  27|0|n|30|  OK  |
PRESSURE SOLVER(geom_index=  0): sum_C_dp=-0.00902907
Face Momentum (sd=  0): max value of div(mf) (cv=7158) = 3.363205e-04
	norm_L2 of div(momentum) = 3.374918e-03.
nsd = 0 min_dtHy = 0.00129524 (nCV =	21465 ) max_dtHy = 0.00521871 (nCV =	55595 ) 
+----+----+--------------+--------------+--------------+--------------+--------------+------+----+-+-+--+------+
|Name|view| Initial res  | Initial resL1| Target res   | Final res    | Final res L1 |Visits|Iter|R|F|CL|Status|
|CHT |   0|  6.489948e+08|  1.498549e+05|  3.227362e+04|  7.537018e-18|  3.797722e-07|     1|   9|0|n|30|  OK  |
nsd = 0 min_dtke = 0.00124087 (nCV =	21465 ) max_dtke = 0.00515155 (nCV =	55595 ) 
+----+----+----+--------------+--------------+--------------+--------------+--------------+------+----+-+-+--+------+
|Name|view| n_y| Initial res  | Initial resL1| Target res   | Final res    | Final res L1 |Visits|Iter|R|F|CL|Status|
+----+----+----+--------------+--------------+--------------+--------------+--------------+------+----+-+-+--+------+
|turb|   0|   0|  2.508526e+06|  3.058623e+04|  3.362602e-02|  6.490051e-09|  6.002514e-04|     1|   6|0|n|30|  OK  |
|turb|   0|   1|  2.633095e+08|  2.818606e+05|  9.125958e-02|  6.037379e-07|  3.958439e-03|     1|   6|0|n|30|  OK  |
Filter: K,E,momentum: sd =   0 isolating K from zero=     85 E from zero=    352 E from infinity=      8
slv : Fluid subdom(new) 0
slv : P static (new)                 : min(   5233) = 98347.683642052      , max(   5377) = 106778.12245352      
slv : Density (new)                  : min(   5233) = 1.1612708094576      , max(   5377) = 1.2656677883197      
slv : Velocity (new)                 : min(   7221) = 1.701973529474       , max(   7207) = 73.112772984127      
slv : Mach number (new)              : min(   7221) = 0.0049491786568724   , max(   7207) = 0.21357118629096     
slv : Turbulent k (new)              : min(   5256) = 1e-40                , max(  10432) = 18.918966367228      
slv : Turbulent e (new)              : min(  25272) = 2.3627694797371e-46  , max(   5162) = 210.93178771821      
slv : Temperature (new)              : min(   7207) = 291.76934475591      , max(   5233) = 294.98387025102      
slv : Total enthalpy, Y-shifted (new): min(  11969) = 1245.5226401305      , max(   5233) = 2664.3720180893      
slv : MASS FLUXES AT OPENINGS: MF=-9027.79, AP=9027.81
slv : DvGr statistics: min alpha=0.189288(nfa=58003, geom_slice=0)
slv : +----------------------------------+------------+-------+------------+------------+
slv : |          Collector name          | Total Time | Count |  Avg Time  |  Max Time  |
slv : +----------------------------------+------------+-------+------------+------------+
slv : | Calculate_inc                    |       1.654|      3|       0.551|       0.616|
slv : | CollectEMT_Results               |       0.000|      4|       0.000|       0.000|
slv : | HeatPathCalculator_Dynamic       |       0.016|      1|       0.016|       0.016|
slv : | LiSy_make_portrait               |       0.106|     33|       0.003|       0.011|
slv : | Results_processing               |       0.333|      3|       0.111|       0.124|
slv : | build_sl_ordering_CHT            |       0.018|      4|       0.005|       0.009|
slv : | build_sl_ordering_MDS            |       0.060|      4|       0.015|       0.025|
slv : | build_sl_ordering_fluid          |       0.060|      4|       0.015|       0.025|
slv : | calc_Convolutions_MDS            |       0.071|      4|       0.018|       0.021|
slv : | calc_wall_dist                   |       0.502|      1|       0.502|       0.502|
slv : | create_Gr_operators_MDS          |       0.056|      4|       0.014|       0.016|
slv : | create_Gr_operators_portrait_MDS |       0.032|      4|       0.008|       0.011|
slv : | init_Hy_group_MDS                |       0.065|      4|       0.016|       0.020|
slv : | perform_stage_total              |       2.249|    116|       0.019|       0.502|
slv : | precalc_at_start_MDS             |       0.663|      2|       0.332|       0.632|
slv : | solve_3M_MDS                     |       0.176|      4|       0.044|       0.050|
slv : | solve_3M_alg_MDS                 |       0.060|      4|       0.015|       0.020|
slv : | solve_BG_MDS                     |       0.172|      4|       0.043|       0.053|
slv : | solve_BG_alg_MDS                 |       0.123|      4|       0.031|       0.042|
slv : | solve_BL_MDS                     |       0.053|      4|       0.013|       0.027|
slv : | solve_CHT                        |       0.147|      4|       0.037|       0.045|
slv : | solve_CHT_MDS                    |       0.098|      4|       0.025|       0.027|
slv : | solve_CHT_alg_MDS                |       0.022|      4|       0.006|       0.008|
slv : | solve_DvGr_MDS                   |       0.558|      4|       0.140|       0.176|
slv : | solve_DvGr_alg_MDS               |       0.351|      4|       0.088|       0.115|
slv : | solve_INPR_MDS                   |       0.000|      1|       0.000|       0.000|
slv : | solve_PS+QJ                      |       0.000|      0|       0.000|       0.000|
slv : | solve_YLMA_MDS                   |       0.000|      4|       0.000|       0.000|
slv : | solve_YNOx_MDS                   |       0.000|      4|       0.000|       0.000|
slv : | solve_YTd_MDS                    |       0.000|      4|       0.000|       0.000|
slv : | solve_YTurb_MDS                  |       0.383|      4|       0.096|       0.112|
slv : | solve_YTurb_alg_MDS              |       0.075|      8|       0.009|       0.015|
slv : | update_BC_MDS                    |       0.000|      5|       0.000|       0.000|
slv : | update_Mf_after_DvGr             |       0.042|      4|       0.010|       0.014|
slv : | update_VelPressure_MDS           |       0.010|      4|       0.003|       0.003|
slv : +----------------------------------+------------+-------+------------+------------+
-----------------------------------------------------------------------
Memory Working Set Current = 259.64 Mb, Memory Working Set Peak = 262.16 Mb
Memory Private Bytes Current = 269.68 Mb, Memory Private Bytes Peak = 277.38 Mb
Process Threads Number: 14
-----------------------------------------------------------------------
Algebra Pool      : mem_usage = 164.56 Mb, allocated count = 957

================== Tstep=4 ===================
<Dynamic P> on nsd = 0 {openings (inlet / outlet)}:
  (SP = Static Pressure, EP = Environment Pressure, TP = Total Pressure, E = External)
  {#0, E, (1.510521e+03 / 0.000000e+00)}
  {#1, E, (0.000000e+00 / 1.512622e+03)}
  {#2, E, (2.856155e-01 / 1.514079e+03)}
  {#3, E, (2.846790e-01 / 1.514065e+03)}
  {#4, E, (4.930443e+00 / 1.508394e+03)}
  {#5, E, (2.524405e-02 / 1.513307e+03)}
  MWS[  0]=11.3125
tau_viscous_averaged = 10336 
dt(mass,momentum; nsd=  0): min dt/dtG(ncv=  21465)=1.00 , max dt/dtG(ncv=  55595)=4.2    , dtG=0.00132026
Flow alg-view 0 in phys-view 0 isn't Neumann (not Multi Phase treating)
Face Momentum (sd=  0): max value of div(mf) (cv=7158) = 3.363205e-04
Flow alg-view 0 is not Neumann (not for Phase Change + Nested Iters)
+----+----+--------------+--------------+--------------+--------------+--------------+------+----+-+-+--+------+
|Name|view| Initial res  | Initial resL1| Target res   | Final res    | Final res L1 |Visits|Iter|R|F|CL|Status|
| BG |   0|  1.139382e-05|  2.737362e-01|  1.015723e-07|  5.464188e-08|  2.475965e-02|     5|  15|0|n|30|  OK  |
log10(resTarget_Lim / resTarget_Orig): 2.2 
Face Momentum (sd=  0): max value of div(mf) (cv=14559) = 1.486105e-05
	norm_L2 of div(momentum) = 2.338461e-04.
Flow alg-view 0 in phys-view 0 isn't Neumann (not Multi Phase treating)
LOG: number of a-faces with weighted approximations in 0 subdomain: 4.77079 percent
LOG: Rate of a-faces corrected to CUp1st in 0 subdomain: 0.0203521 %
slv : SolveBL stage
|nsd|Real WF|NormalF|Cycle F|CriticF| EdgeF |CyclBrF|ExtParF|RWFnumSt|StLvlNum|  nfw  |  alp_U_min  |  nfw  |  alp_U_max  |  nfw  |  alp_T_min  |  nfw  |  alp_T_max  |  nfw  |  BL_s_min   |  nfw  |   BL_s_max  |
|  0|    804|    648|      0|     26|    130|      0|      0|     804|      13|   1081|0            |   3682|1.02152      |   1120|0.00164067   |   1141|6953.47      |   2562|-280.042     |   1076|0            |
Face Momentum (sd=  0): max value of div(mf) (cv=14559) = 1.486105e-05
	norm_L2 of div(momentum) = 2.338461e-04.
nsd = 0 BC: AP Inlet occurs on 5286 w-faces
+----+----+----+--------------+--------------+--------------+--------------+--------------+------+----+-+-+--+------+
|Name|view| n_y| Initial res  | Initial resL1| Target res   | Final res    | Final res L1 |Visits|Iter|R|F|CL|Status|
+----+----+----+--------------+--------------+--------------+--------------+--------------+------+----+-+-+--+------+
| 3M |   0|   0|  1.589513e+07|  2.801982e+05|  2.116693e+01|  8.227854e-01|  1.795601e+01|     1|   3|0|n|29|  OK  |
Velocity (predicted):
        (local) sd   0: min(   7250)=2.6232836945398      , max(   7207)=71.49864559664       
Flow alg-view 0 is not Neumann (not for Phase Change + Nested Iters)
+----+----+--------------+--------------+--------------+--------------+--------------+------+----+-+-+--+------+
|Name|view| Initial res  | Initial resL1| Target res   | Final res    | Final res L1 |Visits|Iter|R|F|CL|Status|
|DVGR|   0|  3.868820e+03|  1.031411e+03|  9.804919e-06|  9.043167e-06|  2.606590e-01|     8|  24|0|n|30|  OK  |
Filter(LC, geom_index=  0): isolating pressure from zero=4 (in AUSM_cvs=0)
PRESSURE SOLVER(geom_index=  0): sum_C_dp=-0.00474278
Face Momentum (sd=  0): max value of div(mf) (cv=14685) = 2.536690e-04
	norm_L2 of div(momentum) = 3.454153e-03.
nsd = 0 min_dtHy = 0.00132026 (nCV =	21465 ) max_dtHy = 0.00550205 (nCV =	55595 ) 
+----+----+--------------+--------------+--------------+--------------+--------------+------+----+-+-+--+------+
|Name|view| Initial res  | Initial resL1| Target res   | Final res    | Final res L1 |Visits|Iter|R|F|CL|Status|
|CHT |   0|  4.898874e+08|  1.473667e+05|  2.971141e+04|  2.920712e-17|  3.907135e-07|     1|   9|0|n|30|  OK  |
nsd = 0 min_dtke = 0.00128171 (nCV =	21465 ) max_dtke = 0.00542762 (nCV =	55595 ) 
+----+----+----+--------------+--------------+--------------+--------------+--------------+------+----+-+-+--+------+
|Name|view| n_y| Initial res  | Initial resL1| Target res   | Final res    | Final res L1 |Visits|Iter|R|F|CL|Status|
+----+----+----+--------------+--------------+--------------+--------------+--------------+------+----+-+-+--+------+
|turb|   0|   0|  1.972926e+06|  3.258320e+04|  2.793505e-02|  1.070962e-08|  1.181431e-03|     1|   6|0|n|30|  OK  |
|turb|   0|   1|  1.781975e+08|  2.785562e+05|  7.132138e-02|  7.880758e-07|  5.668764e-03|     1|   6|0|n|30|  OK  |
Filter: K,E,momentum: sd =   0 isolating K from zero=     10 E from zero=    327 E from infinity=      7
slv : Fluid subdom(new) 0
slv : P static (new)                 : min(  11936) = 98208.371474149      , max(   5224) = 106938.8128514       
slv : Density (new)                  : min(   5232) = 1.1612662951242      , max(   5224) = 1.267484522424       
slv : Velocity (new)                 : min(   7221) = 1.6320464135833      , max(   7207) = 70.935448764736      
slv : Mach number (new)              : min(   7221) = 0.0047458363117275   , max(   7207) = 0.20715620986695     
slv : Turbulent k (new)              : min(   5259) = 1e-40                , max(   5130) = 18.273003118713      
slv : Turbulent e (new)              : min(  25272) = 2.3628451049893e-46  , max(   5162) = 197.94339932014      
slv : Temperature (new)              : min(   7207) = 291.92434437292      , max(   5233) = 295.10121383164      
slv : Total enthalpy, Y-shifted (new): min(  11969) = 1244.6389358596      , max(   5233) = 2822.8089818403      
slv : MASS FLUXES AT OPENINGS: MF=-9027.79, AP=9027.8
slv : DvGr statistics: min alpha=0.176985(nfa=11362, geom_slice=0)
slv : +----------------------------------+------------+-------+------------+------------+
slv : |          Collector name          | Total Time | Count |  Avg Time  |  Max Time  |
slv : +----------------------------------+------------+-------+------------+------------+
slv : | Calculate_inc                    |       2.072|      4|       0.518|       0.616|
slv : | CollectEMT_Results               |       0.000|      5|       0.000|       0.000|
slv : | HeatPathCalculator_Dynamic       |       0.016|      1|       0.016|       0.016|
slv : | LiSy_make_portrait               |       0.114|     37|       0.003|       0.011|
slv : | Results_processing               |       0.431|      4|       0.108|       0.124|
slv : | build_sl_ordering_CHT            |       0.018|      5|       0.004|       0.009|
slv : | build_sl_ordering_MDS            |       0.060|      5|       0.012|       0.025|
slv : | build_sl_ordering_fluid          |       0.060|      5|       0.012|       0.025|
slv : | calc_Convolutions_MDS            |       0.086|      5|       0.017|       0.021|
slv : | calc_wall_dist                   |       0.502|      1|       0.502|       0.502|
slv : | create_Gr_operators_MDS          |       0.068|      5|       0.014|       0.016|
slv : | create_Gr_operators_portrait_MDS |       0.038|      5|       0.008|       0.011|
slv : | init_Hy_group_MDS                |       0.077|      5|       0.015|       0.020|
slv : | perform_stage_total              |       2.580|    143|       0.018|       0.502|
slv : | precalc_at_start_MDS             |       0.663|      2|       0.332|       0.632|
slv : | solve_3M_MDS                     |       0.224|      5|       0.045|       0.050|
slv : | solve_3M_alg_MDS                 |       0.077|      5|       0.015|       0.020|
slv : | solve_BG_MDS                     |       0.205|      5|       0.041|       0.053|
slv : | solve_BG_alg_MDS                 |       0.144|      5|       0.029|       0.042|
slv : | solve_BL_MDS                     |       0.062|      5|       0.012|       0.027|
slv : | solve_CHT                        |       0.180|      5|       0.036|       0.045|
slv : | solve_CHT_MDS                    |       0.122|      5|       0.024|       0.027|
slv : | solve_CHT_alg_MDS                |       0.027|      5|       0.005|       0.008|
slv : | solve_DvGr_MDS                   |       0.654|      5|       0.131|       0.176|
slv : | solve_DvGr_alg_MDS               |       0.399|      5|       0.080|       0.115|
slv : | solve_INPR_MDS                   |       0.000|      1|       0.000|       0.000|
slv : | solve_PS+QJ                      |       0.000|      0|       0.000|       0.000|
slv : | solve_YLMA_MDS                   |       0.000|      5|       0.000|       0.000|
slv : | solve_YNOx_MDS                   |       0.000|      5|       0.000|       0.000|
slv : | solve_YTd_MDS                    |       0.000|      5|       0.000|       0.000|
slv : | solve_YTurb_MDS                  |       0.471|      5|       0.094|       0.112|
slv : | solve_YTurb_alg_MDS              |       0.088|     10|       0.009|       0.015|
slv : | update_BC_MDS                    |       0.000|      6|       0.000|       0.000|
slv : | update_Mf_after_DvGr             |       0.049|      5|       0.010|       0.014|
slv : | update_VelPressure_MDS           |       0.013|      5|       0.003|       0.003|
slv : +----------------------------------+------------+-------+------------+------------+
Interpolator cache: total calls 4854, optimised calls 399 (8.2 %)
-----------------------------------------------------------------------
Memory Working Set Current = 259.94 Mb, Memory Working Set Peak = 262.27 Mb
Memory Private Bytes Current = 269.77 Mb, Memory Private Bytes Peak = 277.38 Mb
Process Threads Number: 14
-----------------------------------------------------------------------
Iteration : time = 3.06938 , count = 5 , time/count = 0.613877
Calculate_inc() : time = 2.48568 , count = 5 , time/count = 0.497137
TreatFlowEvolution() : time = 0.27328 , count = 5 , time/count = 0.054656
SolverPreview : time = 0.304942 , count = 6 , time/count = 0.0508237
TreatGoals : time = 0.269289 , count = 5 , time/count = 0.0538578
PrepareForCalculation : time = 2.12437 , count = 1 , time/count = 2.12437
Algebra Pool      : mem_usage = 164.56 Mb, allocated count = 959

================== Tstep=5 ===================
<Dynamic P> on nsd = 0 {openings (inlet / outlet)}:
  (SP = Static Pressure, EP = Environment Pressure, TP = Total Pressure, E = External)
  {#0, E, (1.510784e+03 / 0.000000e+00)}
  {#1, E, (0.000000e+00 / 1.512619e+03)}
  {#2, E, (2.937736e-01 / 1.514095e+03)}
  {#3, E, (2.940209e-01 / 1.514109e+03)}
  {#4, E, (5.051959e+00 / 1.507587e+03)}
  {#5, E, (2.620730e-02 / 1.513330e+03)}
  MWS[  0]=7.48134
tau_viscous_averaged = 9439.18 
dt(mass,momentum; nsd=  0): min dt/dtG(ncv=  14539)=1.00 , max dt/dtG(ncv=  55642)=4.8    , dtG=0.00216986
Flow alg-view 0 in phys-view 0 isn't Neumann (not Multi Phase treating)
Face Momentum (sd=  0): max value of div(mf) (cv=10376) = 6.599262e-03
Flow alg-view 0 is not Neumann (not for Phase Change + Nested Iters)
+----+----+--------------+--------------+--------------+--------------+--------------+------+----+-+-+--+------+
|Name|view| Initial res  | Initial resL1| Target res   | Final res    | Final res L1 |Visits|Iter|R|F|CL|Status|
| BG |   0|  6.414462e-05|  2.972538e-01|  9.804919e-08|  2.805231e-08|  1.784062e-02|     6|  18|0|n|30|  OK  |
log10(resTarget_Lim / resTarget_Orig): 1.4 
Face Momentum (sd=  0): max value of div(mf) (cv=2843) = 1.449351e-05
	norm_L2 of div(momentum) = 1.674967e-04.
Flow alg-view 0 in phys-view 0 isn't Neumann (not Multi Phase treating)
LOG: number of a-faces with weighted approximations in 0 subdomain: 4.96459 percent
LOG: Rate of a-faces corrected to CUp1st in 0 subdomain: 0.0318048 %
slv : SolveBL stage
|nsd|Real WF|NormalF|Cycle F|CriticF| EdgeF |CyclBrF|ExtParF|RWFnumSt|StLvlNum|  nfw  |  alp_U_min  |  nfw  |  alp_U_max  |  nfw  |  alp_T_min  |  nfw  |  alp_T_max  |  nfw  |  BL_s_min   |  nfw  |   BL_s_max  |
|  0|    804|    628|      0|     45|    131|      0|      0|     804|      20|   1081|0            |   3635|0.821574     |   3491|0.000915869  |   1092|8563.42      |   3693|-287.359     |   1076|0            |
Face Momentum (sd=  0): max value of div(mf) (cv=2843) = 1.449351e-05
	norm_L2 of div(momentum) = 1.674967e-04.
nsd = 0 BC: AP Inlet occurs on 5298 w-faces
+----+----+----+--------------+--------------+--------------+--------------+--------------+------+----+-+-+--+------+
|Name|view| n_y| Initial res  | Initial resL1| Target res   | Final res    | Final res L1 |Visits|Iter|R|F|CL|Status|
+----+----+----+--------------+--------------+--------------+--------------+--------------+------+----+-+-+--+------+
| 3M |   0|   0|  1.548290e+07|  2.703160e+05|  8.352113e+00|  1.798852e-04|  8.706340e-02|     2|   6|0|n|29|  OK  |
Velocity (predicted):
        (local) sd   0: min(  20057)=3.2428305942442      , max(   9961)=68.83390400982       
Flow alg-view 0 is not Neumann (not for Phase Change + Nested Iters)
+----+----+--------------+--------------+--------------+--------------+--------------+------+----+-+-+--+------+
|Name|view| Initial res  | Initial resL1| Target res   | Final res    | Final res L1 |Visits|Iter|R|F|CL|Status|
|DVGR|   0|  7.173412e+03|  1.401465e+03|  2.845817e-05|  1.688661e-05|  3.589543e-01|     8|  24|0|n|30|  OK  |
PRESSURE SOLVER(geom_index=  0): sum_C_dp=0.00207007
Face Momentum (sd=  0): max value of div(mf) (cv=14585) = 3.651158e-04
	norm_L2 of div(momentum) = 4.240742e-03.
nsd = 0 min_dtHy = 0.00216986 (nCV =	14539 ) max_dtHy = 0.0104427 (nCV =	55642 ) 
+----+----+--------------+--------------+--------------+--------------+--------------+------+----+-+-+--+------+
|Name|view| Initial res  | Initial resL1| Target res   | Final res    | Final res L1 |Visits|Iter|R|F|CL|Status|
|CHT |   0|  3.680866e+08|  1.497526e+05|  1.216486e+04|  4.572729e-14|  2.308079e-06|     1|   9|0|n|30|  OK  |
nsd = 0 min_dtke = 0.00167706 (nCV =	37299 ) max_dtke = 0.0101777 (nCV =	55642 ) 
+----+----+----+--------------+--------------+--------------+--------------+--------------+------+----+-+-+--+------+
|Name|view| n_y| Initial res  | Initial resL1| Target res   | Final res    | Final res L1 |Visits|Iter|R|F|CL|Status|
+----+----+----+--------------+--------------+--------------+--------------+--------------+------+----+-+-+--+------+
|turb|   0|   0|  2.075296e+06|  3.685497e+04|  1.086809e-02|  1.265521e-05|  5.534312e-02|     1|   6|0|n|30|  OK  |
|turb|   0|   1|  1.374968e+08|  2.881704e+05|  2.614818e-02|  1.929555e-04|  1.551134e-01|     1|   6|0|n|30|  OK  |
Filter: K,E,momentum: sd =   0 isolating K from zero=      0 E from zero=    150 E from infinity=      0
slv : Fluid subdom(new) 0
slv : P static (new)                 : min(   7158) = 98329.841512712      , max(   5219) = 104888.66168275      
slv : Density (new)                  : min(   5233) = 1.1610234032677      , max(   5219) = 1.2432749813274      
slv : Velocity (new)                 : min(  20068) = 3.1839171788243      , max(   9961) = 68.377110076896      
slv : Mach number (new)              : min(  20068) = 0.0092585883753045   , max(   9961) = 0.19961927966487     
slv : Turbulent k (new)              : min(   5256) = 3.0104515654603e-05  , max(   5130) = 17.578439184185      
slv : Turbulent e (new)              : min(   5256) = 2.2062253363012e-07  , max(   5130) = 186.68989400767      
slv : Temperature (new)              : min(   9961) = 292.11744429687      , max(   5233) = 295.23528969379      
slv : Total enthalpy, Y-shifted (new): min(  11969) = 1243.76369705        , max(   5233) = 3008.9657162124      
slv : MASS FLUXES AT OPENINGS: MF=-9027.79, AP=9027.8
slv : DvGr statistics: min alpha=0.176396(nfa=11374, geom_slice=0)
slv : +----------------------------------+------------+-------+------------+------------+
slv : |          Collector name          | Total Time | Count |  Avg Time  |  Max Time  |
slv : +----------------------------------+------------+-------+------------+------------+
slv : | Calculate_inc                    |       2.486|      5|       0.497|       0.616|
slv : | CollectEMT_Results               |       0.000|      6|       0.000|       0.000|
slv : | HeatPathCalculator_Dynamic       |       0.016|      1|       0.016|       0.016|
slv : | LiSy_make_portrait               |       0.133|     41|       0.003|       0.016|
slv : | Results_processing               |       0.530|      5|       0.106|       0.124|
slv : | build_sl_ordering_CHT            |       0.018|      6|       0.003|       0.009|
slv : | build_sl_ordering_MDS            |       0.061|      6|       0.010|       0.025|
slv : | build_sl_ordering_fluid          |       0.061|      6|       0.010|       0.025|
slv : | calc_Convolutions_MDS            |       0.099|      6|       0.017|       0.021|
slv : | calc_wall_dist                   |       0.502|      1|       0.502|       0.502|
slv : | create_Gr_operators_MDS          |       0.085|      6|       0.014|       0.017|
slv : | create_Gr_operators_portrait_MDS |       0.047|      6|       0.008|       0.011|
slv : | init_Hy_group_MDS                |       0.090|      6|       0.015|       0.020|
slv : | perform_stage_total              |       2.998|    170|       0.018|       0.502|
slv : | precalc_at_start_MDS             |       0.663|      2|       0.332|       0.632|
slv : | solve_3M_MDS                     |       0.306|      6|       0.051|       0.082|
slv : | solve_3M_alg_MDS                 |       0.128|      6|       0.021|       0.052|
slv : | solve_BG_MDS                     |       0.240|      6|       0.040|       0.053|
slv : | solve_BG_alg_MDS                 |       0.164|      6|       0.027|       0.042|
slv : | solve_BL_MDS                     |       0.072|      6|       0.012|       0.027|
slv : | solve_CHT                        |       0.210|      6|       0.035|       0.045|
slv : | solve_CHT_MDS                    |       0.145|      6|       0.024|       0.027|
slv : | solve_CHT_alg_MDS                |       0.034|      6|       0.006|       0.008|
slv : | solve_DvGr_MDS                   |       0.781|      6|       0.130|       0.176|
slv : | solve_DvGr_alg_MDS               |       0.460|      6|       0.077|       0.115|
slv : | solve_INPR_MDS                   |       0.000|      1|       0.000|       0.000|
slv : | solve_PS+QJ                      |       0.000|      0|       0.000|       0.000|
slv : | solve_YLMA_MDS                   |       0.000|      6|       0.000|       0.000|
slv : | solve_YNOx_MDS                   |       0.000|      6|       0.000|       0.000|
slv : | solve_YTd_MDS                    |       0.000|      6|       0.000|       0.000|
slv : | solve_YTurb_MDS                  |       0.567|      6|       0.094|       0.112|
slv : | solve_YTurb_alg_MDS              |       0.110|     12|       0.009|       0.015|
slv : | update_BC_MDS                    |       0.000|      7|       0.000|       0.000|
slv : | update_Mf_after_DvGr             |       0.060|      6|       0.010|       0.014|
slv : | update_VelPressure_MDS           |       0.015|      6|       0.002|       0.003|
slv : +----------------------------------+------------+-------+------------+------------+
-----------------------------------------------------------------------
Memory Working Set Current = 265.32 Mb, Memory Working Set Peak = 270.59 Mb
Memory Private Bytes Current = 277.04 Mb, Memory Private Bytes Peak = 287.45 Mb
Process Threads Number: 14
-----------------------------------------------------------------------
Algebra Pool      : mem_usage = 174.62 Mb, allocated count = 1094

================== Tstep=6 ===================
<Dynamic P> on nsd = 0 {openings (inlet / outlet)}:
  (SP = Static Pressure, EP = Environment Pressure, TP = Total Pressure, E = External)
  {#0, E, (1.511220e+03 / 0.000000e+00)}
  {#1, E, (0.000000e+00 / 1.512612e+03)}
  {#2, E, (3.085328e-01 / 1.514030e+03)}
  {#3, E, (3.078639e-01 / 1.514019e+03)}
  {#4, E, (5.230597e+00 / 1.506137e+03)}
  {#5, E, (2.792239e-02 / 1.513331e+03)}
  MWS[  0]=3.579
tau_viscous_averaged = 8543.23 
dt(mass,momentum; nsd=  0): min dt/dtG(ncv=  21465)=1.00 , max dt/dtG(ncv=   7273)=6.6    , dtG=0.00241059
Flow alg-view 0 in phys-view 0 isn't Neumann (not Multi Phase treating)
Face Momentum (sd=  0): max value of div(mf) (cv=4160) = 6.460830e-03
Flow alg-view 0 is not Neumann (not for Phase Change + Nested Iters)
+----+----+--------------+--------------+--------------+--------------+--------------+------+----+-+-+--+------+
|Name|view| Initial res  | Initial resL1| Target res   | Final res    | Final res L1 |Visits|Iter|R|F|CL|Status|
| BG |   0|  1.422444e-04|  3.980560e-01|  2.845817e-07|  1.614313e-07|  3.883546e-02|     5|  15|0|n|30|  OK  |
log10(resTarget_Lim / resTarget_Orig): 1.5 
Face Momentum (sd=  0): max value of div(mf) (cv=53489) = 7.070069e-05
	norm_L2 of div(momentum) = 4.017977e-04.
Flow alg-view 0 in phys-view 0 isn't Neumann (not Multi Phase treating)
LOG: number of a-faces with weighted approximations in 0 subdomain: 4.91375 percent
LOG: Rate of a-faces corrected to CUp1st in 0 subdomain: 0.0420073 %
slv : SolveBL stage
|nsd|Real WF|NormalF|Cycle F|CriticF| EdgeF |CyclBrF|ExtParF|RWFnumSt|StLvlNum|  nfw  |  alp_U_min  |  nfw  |  alp_U_max  |  nfw  |  alp_T_min  |  nfw  |  alp_T_max  |  nfw  |  BL_s_min   |  nfw  |   BL_s_max  |
|  0|    804|    580|      0|     94|    130|      0|      0|     804|      10|   1081|0            |   3443|1.99559      |   1120|0.00195148   |   1092|4318.8       |   1517|-387.767     |   1076|0            |
Face Momentum (sd=  0): max value of div(mf) (cv=53489) = 7.070069e-05
	norm_L2 of div(momentum) = 4.017977e-04.
nsd = 0 BC: AP Inlet occurs on 5305 w-faces
+----+----+----+--------------+--------------+--------------+--------------+--------------+------+----+-+-+--+------+
|Name|view| n_y| Initial res  | Initial resL1| Target res   | Final res    | Final res L1 |Visits|Iter|R|F|CL|Status|
+----+----+----+--------------+--------------+--------------+--------------+--------------+------+----+-+-+--+------+
| 3M |   0|   0|  5.993173e+06|  2.300751e+05|  5.899235e+00|  9.073022e-05|  9.499472e-02|     2|   6|0|n|29|  OK  |
Velocity (predicted):
        (local) sd   0: min(  20070)=1.8072503337066      , max(   3947)=68.278927162032      
Flow alg-view 0 is not Neumann (not for Phase Change + Nested Iters)
+----+----+--------------+--------------+--------------+--------------+--------------+------+----+-+-+--+------+
|Name|view| Initial res  | Initial resL1| Target res   | Final res    | Final res L1 |Visits|Iter|R|F|CL|Status|
|DVGR|   0|  2.822512e+03|  1.317909e+03|  3.979429e-05|  1.584055e-05|  3.190332e-01|     8|  24|0|n|30|  OK  |
PRESSURE SOLVER(geom_index=  0): sum_C_dp=0.00253988
Face Momentum (sd=  0): max value of div(mf) (cv=18326) = 4.345759e-04
	norm_L2 of div(momentum) = 4.026739e-03.
nsd = 0 min_dtHy = 0.00241059 (nCV =	21465 ) max_dtHy = 0.0158396 (nCV =	7273 ) 
+----+----+--------------+--------------+--------------+--------------+--------------+------+----+-+-+--+------+
|Name|view| Initial res  | Initial resL1| Target res   | Final res    | Final res L1 |Visits|Iter|R|F|CL|Status|
|CHT |   0|  2.744699e+08|  1.471687e+05|  8.926061e+03|  7.719687e-12|  2.145111e-05|     1|   9|0|n|30|  OK  |
nsd = 0 min_dtke = 0.00233049 (nCV =	21465 ) max_dtke = 0.0139041 (nCV =	55642 ) 
+----+----+----+--------------+--------------+--------------+--------------+--------------+------+----+-+-+--+------+
|Name|view| n_y| Initial res  | Initial resL1| Target res   | Final res    | Final res L1 |Visits|Iter|R|F|CL|Status|
+----+----+----+--------------+--------------+--------------+--------------+--------------+------+----+-+-+--+------+
|turb|   0|   0|  3.120022e+06|  4.477878e+04|  6.905230e-03|  1.623644e-04|  1.722644e-01|     1|   6|0|n|30|  OK  |
|turb|   0|   1|  1.223043e+08|  3.133985e+05|  1.541750e-02|  2.603475e-03|  7.150358e-01|     1|   6|0|n|30|  OK  |
Filter: K,E,momentum: sd =   0 isolating K from zero=      0 E from zero=    233 E from infinity=      0
slv : Fluid subdom(new) 0
slv : P static (new)                 : min(  11936) = 98385.410430579      , max(   5217) = 104422.87792984      
slv : Density (new)                  : min(   5232) = 1.1606836127846      , max(   5217) = 1.2362539032571      
slv : Velocity (new)                 : min(  18187) = 1.6118221218053      , max(   7156) = 68.228367743191      
slv : Mach number (new)              : min(  18187) = 0.0046870247935472   , max(   7156) = 0.19918138347907     
slv : Turbulent k (new)              : min(   5256) = 0.00011927285423508  , max(  16734) = 17.279211382676      
slv : Turbulent e (new)              : min(  20584) = 2.0941449742488e-05  , max(   5130) = 170.18649022518      
slv : Temperature (new)              : min(   7156) = 292.12823118975      , max(   5233) = 295.33802207609      
slv : Total enthalpy, Y-shifted (new): min(  20016) = 1241.8852031075      , max(   5233) = 3156.2106830266      
slv : MASS FLUXES AT OPENINGS: MF=-9027.79, AP=9027.8
slv : DvGr statistics: min alpha=0.176357(nfa=47738, geom_slice=0)
slv : +----------------------------------+------------+-------+------------+------------+
slv : |          Collector name          | Total Time | Count |  Avg Time  |  Max Time  |
slv : +----------------------------------+------------+-------+------------+------------+
slv : | Calculate_inc                    |       2.980|      6|       0.497|       0.616|
slv : | CollectEMT_Results               |       0.000|      7|       0.000|       0.000|
slv : | HeatPathCalculator_Dynamic       |       0.016|      1|       0.016|       0.016|
slv : | LiSy_make_portrait               |       0.142|     45|       0.003|       0.016|
slv : | Results_processing               |       0.638|      6|       0.106|       0.124|
slv : | build_sl_ordering_CHT            |       0.018|      7|       0.003|       0.009|
slv : | build_sl_ordering_MDS            |       0.061|      7|       0.009|       0.025|
slv : | build_sl_ordering_fluid          |       0.061|      7|       0.009|       0.025|
slv : | calc_Convolutions_MDS            |       0.115|      7|       0.016|       0.021|
slv : | calc_wall_dist                   |       0.502|      1|       0.502|       0.502|
slv : | create_Gr_operators_MDS          |       0.102|      7|       0.015|       0.017|
slv : | create_Gr_operators_portrait_MDS |       0.057|      7|       0.008|       0.011|
slv : | init_Hy_group_MDS                |       0.103|      7|       0.015|       0.020|
slv : | perform_stage_total              |       3.378|    197|       0.017|       0.502|
slv : | precalc_at_start_MDS             |       0.663|      2|       0.332|       0.632|
slv : | solve_3M_MDS                     |       0.370|      7|       0.053|       0.082|
slv : | solve_3M_alg_MDS                 |       0.162|      7|       0.023|       0.052|
slv : | solve_BG_MDS                     |       0.272|      7|       0.039|       0.053|
slv : | solve_BG_alg_MDS                 |       0.184|      7|       0.026|       0.042|
slv : | solve_BL_MDS                     |       0.083|      7|       0.012|       0.027|
slv : | solve_CHT                        |       0.243|      7|       0.035|       0.045|
slv : | solve_CHT_MDS                    |       0.171|      7|       0.024|       0.027|
slv : | solve_CHT_alg_MDS                |       0.041|      7|       0.006|       0.008|
slv : | solve_DvGr_MDS                   |       0.890|      7|       0.127|       0.176|
slv : | solve_DvGr_alg_MDS               |       0.519|      7|       0.074|       0.115|
slv : | solve_INPR_MDS                   |       0.000|      1|       0.000|       0.000|
slv : | solve_PS+QJ                      |       0.000|      0|       0.000|       0.000|
slv : | solve_YLMA_MDS                   |       0.000|      7|       0.000|       0.000|
slv : | solve_YNOx_MDS                   |       0.000|      7|       0.000|       0.000|
slv : | solve_YTd_MDS                    |       0.000|      7|       0.000|       0.000|
slv : | solve_YTurb_MDS                  |       0.660|      7|       0.094|       0.112|
slv : | solve_YTurb_alg_MDS              |       0.125|     14|       0.009|       0.015|
slv : | update_BC_MDS                    |       0.000|      8|       0.000|       0.000|
slv : | update_Mf_after_DvGr             |       0.071|      7|       0.010|       0.014|
slv : | update_VelPressure_MDS           |       0.018|      7|       0.003|       0.003|
slv : +----------------------------------+------------+-------+------------+------------+
-----------------------------------------------------------------------
Memory Working Set Current = 268.43 Mb, Memory Working Set Peak = 270.77 Mb
Memory Private Bytes Current = 280.21 Mb, Memory Private Bytes Peak = 287.55 Mb
Process Threads Number: 14
-----------------------------------------------------------------------
Algebra Pool      : mem_usage = 174.62 Mb, allocated count = 1096

================== Tstep=7 ===================
<Dynamic P> on nsd = 0 {openings (inlet / outlet)}:
  (SP = Static Pressure, EP = Environment Pressure, TP = Total Pressure, E = External)
  {#0, E, (1.511480e+03 / 0.000000e+00)}
  {#1, E, (0.000000e+00 / 1.512597e+03)}
  {#2, E, (3.262774e-01 / 1.513961e+03)}
  {#3, E, (3.266151e-01 / 1.513975e+03)}
  {#4, E, (5.516231e+00 / 1.505725e+03)}
  {#5, E, (3.018508e-02 / 1.513338e+03)}
  MWS[  0]=2.55031
tau_viscous_averaged = 7139.05 
dt(mass,momentum; nsd=  0): min dt/dtG(ncv=  14539)=1.00 , max dt/dtG(ncv=   7278)=7.8    , dtG=0.00249615
Flow alg-view 0 in phys-view 0 isn't Neumann (not Multi Phase treating)
Face Momentum (sd=  0): max value of div(mf) (cv=11423) = 1.734802e-02
Flow alg-view 0 is not Neumann (not for Phase Change + Nested Iters)
+----+----+--------------+--------------+--------------+--------------+--------------+------+----+-+-+--+------+
|Name|view| Initial res  | Initial resL1| Target res   | Final res    | Final res L1 |Visits|Iter|R|F|CL|Status|
| BG |   0|  1.016406e-03|  3.928065e-01|  3.979429e-07|  1.652099e-07|  2.795219e-02|     6|  18|0|n|30|  OK  |
log10(resTarget_Lim / resTarget_Orig): 0.8 
Face Momentum (sd=  0): max value of div(mf) (cv=8489) = 8.898004e-05
	norm_L2 of div(momentum) = 4.064623e-04.
Flow alg-view 0 in phys-view 0 isn't Neumann (not Multi Phase treating)
LOG: number of a-faces with weighted approximations in 0 subdomain: 5.01364 percent
LOG: Rate of a-faces corrected to CUp1st in 0 subdomain: 0.0500712 %
slv : SolveBL stage
|nsd|Real WF|NormalF|Cycle F|CriticF| EdgeF |CyclBrF|ExtParF|RWFnumSt|StLvlNum|  nfw  |  alp_U_min  |  nfw  |  alp_U_max  |  nfw  |  alp_T_min  |  nfw  |  alp_T_max  |  nfw  |  BL_s_min   |  nfw  |   BL_s_max  |
|  0|    804|    628|      0|     48|    128|      0|      0|     804|      18|   1081|0            |   3635|0.829994     |   3713|0.00357565   |   3664|2642.33      |   2553|-383.768     |   1076|0            |
Face Momentum (sd=  0): max value of div(mf) (cv=8489) = 8.898004e-05
	norm_L2 of div(momentum) = 4.064623e-04.
nsd = 0 BC: AP Inlet occurs on 5301 w-faces
+----+----+----+--------------+--------------+--------------+--------------+--------------+------+----+-+-+--+------+
|Name|view| n_y| Initial res  | Initial resL1| Target res   | Final res    | Final res L1 |Visits|Iter|R|F|CL|Status|
+----+----+----+--------------+--------------+--------------+--------------+--------------+------+----+-+-+--+------+
| 3M |   0|   0|  4.579848e+06|  2.175457e+05|  5.445276e+00|  9.864341e-05|  1.328954e-01|     2|   6|0|n|29|  OK  |
Velocity (predicted):
        (local) sd   0: min(  20070)=0.95727792454964     , max(  11938)=67.604525202838      
Flow alg-view 0 is not Neumann (not for Phase Change + Nested Iters)
+----+----+--------------+--------------+--------------+--------------+--------------+------+----+-+-+--+------+
|Name|view| Initial res  | Initial resL1| Target res   | Final res    | Final res L1 |Visits|Iter|R|F|CL|Status|
|DVGR|   0|  2.432176e+03|  1.161716e+03|  4.616055e-05|  2.800114e-05|  3.425725e-01|     8|  24|0|n|30|  OK  |
PRESSURE SOLVER(geom_index=  0): sum_C_dp=5.86718e-05
Face Momentum (sd=  0): max value of div(mf) (cv=7280) = 6.717758e-04
	norm_L2 of div(momentum) = 5.310466e-03.
nsd = 0 min_dtHy = 0.00249615 (nCV =	14539 ) max_dtHy = 0.0195602 (nCV =	7278 ) 
+----+----+--------------+--------------+--------------+--------------+--------------+------+----+-+-+--+------+
|Name|view| Initial res  | Initial resL1| Target res   | Final res    | Final res L1 |Visits|Iter|R|F|CL|Status|
|CHT |   0|  2.145843e+08|  1.511815e+05|  8.760669e+03|  6.783537e-11|  6.217730e-05|     1|   9|0|n|30|  OK  |
nsd = 0 min_dtke = 0.00239761 (nCV =	14539 ) max_dtke = 0.015396 (nCV =	55642 ) 
+----+----+----+--------------+--------------+--------------+--------------+--------------+------+----+-+-+--+------+
|Name|view| n_y| Initial res  | Initial resL1| Target res   | Final res    | Final res L1 |Visits|Iter|R|F|CL|Status|
+----+----+----+--------------+--------------+--------------+--------------+--------------+------+----+-+-+--+------+
|turb|   0|   0|  4.906585e+06|  5.212550e+04|  6.372607e-03|  4.764779e-03|  1.174864e+00|     1|   6|0|n|30|  OK  |
|turb|   0|   1|  1.810672e+08|  3.617589e+05|  1.418751e-02|  2.539267e-13|  1.088120e-05|     2|  12|0|n|30|  OK  |
Filter: K,E,momentum: sd =   0 isolating K from zero=      0 E from zero=    435 E from infinity=      0
slv : Fluid subdom(new) 0
slv : P static (new)                 : min(   5233) = 98406.413316879      , max(   5218) = 104122.05241696      
slv : Density (new)                  : min(   5233) = 1.1602886623038      , max(   5218) = 1.2331413728157      
slv : Velocity (new)                 : min(  20070) = 1.813700574115       , max(   7156) = 67.639878057411      
slv : Mach number (new)              : min(  20070) = 0.0052741320078317   , max(   7156) = 0.19745057124082     
slv : Turbulent k (new)              : min(   5257) = 0.00040025659561607  , max(   1625) = 28.593912887329      
slv : Turbulent e (new)              : min(   5256) = 1.7349016242596e-05  , max(   1625) = 219.8349017631       
slv : Temperature (new)              : min(   7156) = 292.16633494837      , max(   5233) = 295.40986743239      
slv : Total enthalpy, Y-shifted (new): min(  20016) = 1238.6057998716      , max(   5233) = 3267.0232731152      
slv : MASS FLUXES AT OPENINGS: MF=-9027.79, AP=9027.82
slv : DvGr statistics: min alpha=0.177314(nfa=5582, geom_slice=0)
slv : +----------------------------------+------------+-------+------------+------------+
slv : |          Collector name          | Total Time | Count |  Avg Time  |  Max Time  |
slv : +----------------------------------+------------+-------+------------+------------+
slv : | Calculate_inc                    |       3.441|      7|       0.492|       0.616|
slv : | CollectEMT_Results               |       0.000|      8|       0.000|       0.000|
slv : | HeatPathCalculator_Dynamic       |       0.016|      1|       0.016|       0.016|
slv : | LiSy_make_portrait               |       0.152|     49|       0.003|       0.016|
slv : | Results_processing               |       0.743|      7|       0.106|       0.124|
slv : | build_sl_ordering_CHT            |       0.018|      8|       0.002|       0.009|
slv : | build_sl_ordering_MDS            |       0.061|      8|       0.008|       0.025|
slv : | build_sl_ordering_fluid          |       0.061|      8|       0.008|       0.025|
slv : | calc_Convolutions_MDS            |       0.128|      8|       0.016|       0.021|
slv : | calc_wall_dist                   |       0.502|      1|       0.502|       0.502|
slv : | create_Gr_operators_MDS          |       0.119|      8|       0.015|       0.017|
slv : | create_Gr_operators_portrait_MDS |       0.066|      8|       0.008|       0.011|
slv : | init_Hy_group_MDS                |       0.119|      8|       0.015|       0.020|
slv : | perform_stage_total              |       3.800|    224|       0.017|       0.502|
slv : | precalc_at_start_MDS             |       0.663|      2|       0.332|       0.632|
slv : | solve_3M_MDS                     |       0.432|      8|       0.054|       0.082|
slv : | solve_3M_alg_MDS                 |       0.194|      8|       0.024|       0.052|
slv : | solve_BG_MDS                     |       0.306|      8|       0.038|       0.053|
slv : | solve_BG_alg_MDS                 |       0.203|      8|       0.025|       0.042|
slv : | solve_BL_MDS                     |       0.093|      8|       0.012|       0.027|
slv : | solve_CHT                        |       0.277|      8|       0.035|       0.045|
slv : | solve_CHT_MDS                    |       0.199|      8|       0.025|       0.027|
slv : | solve_CHT_alg_MDS                |       0.048|      8|       0.006|       0.008|
slv : | solve_DvGr_MDS                   |       0.993|      8|       0.124|       0.176|
slv : | solve_DvGr_alg_MDS               |       0.572|      8|       0.072|       0.115|
slv : | solve_INPR_MDS                   |       0.000|      1|       0.000|       0.000|
slv : | solve_PS+QJ                      |       0.000|      0|       0.000|       0.000|
slv : | solve_YLMA_MDS                   |       0.000|      8|       0.000|       0.000|
slv : | solve_YNOx_MDS                   |       0.000|      8|       0.000|       0.000|
slv : | solve_YTd_MDS                    |       0.000|      8|       0.000|       0.000|
slv : | solve_YTurb_MDS                  |       0.804|      8|       0.101|       0.144|
slv : | solve_YTurb_alg_MDS              |       0.193|     16|       0.012|       0.060|
slv : | update_BC_MDS                    |       0.000|      9|       0.000|       0.000|
slv : | update_Mf_after_DvGr             |       0.080|      8|       0.010|       0.014|
slv : | update_VelPressure_MDS           |       0.020|      8|       0.003|       0.003|
slv : +----------------------------------+------------+-------+------------+------------+
-----------------------------------------------------------------------
Memory Working Set Current = 278.45 Mb, Memory Working Set Peak = 281.66 Mb
Memory Private Bytes Current = 288.12 Mb, Memory Private Bytes Peak = 295.29 Mb
Process Threads Number: 14
-----------------------------------------------------------------------
Algebra Pool      : mem_usage = 182.06 Mb, allocated count = 1217

================== Tstep=8 ===================
<Dynamic P> on nsd = 0 {openings (inlet / outlet)}:
  (SP = Static Pressure, EP = Environment Pressure, TP = Total Pressure, E = External)
  {#0, E, (1.511612e+03 / 0.000000e+00)}
  {#1, E, (0.000000e+00 / 1.512576e+03)}
  {#2, E, (3.455986e-01 / 1.513901e+03)}
  {#3, E, (3.473196e-01 / 1.513901e+03)}
  {#4, E, (5.843157e+00 / 1.503932e+03)}
  {#5, E, (3.284885e-02 / 1.513309e+03)}
  MWS[  0]=2.37217
tau_viscous_averaged = 5800.99 
dt(mass,momentum; nsd=  0): min dt/dtG(ncv=  14543)=1.00 , max dt/dtG(ncv=   7278)=6.6    , dtG=0.00253344
Flow alg-view 0 in phys-view 0 isn't Neumann (not Multi Phase treating)
Face Momentum (sd=  0): max value of div(mf) (cv=5997) = 4.803069e-02
Flow alg-view 0 is not Neumann (not for Phase Change + Nested Iters)
+----+----+--------------+--------------+--------------+--------------+--------------+------+----+-+-+--+------+
|Name|view| Initial res  | Initial resL1| Target res   | Final res    | Final res L1 |Visits|Iter|R|F|CL|Status|
| BG |   0|  2.181041e-02|  9.352897e-01|  1.363151e-06|  5.718019e-07|  4.942219e-02|     7|  21|0|n|30|  OK  |
Face Momentum (sd=  0): max value of div(mf) (cv=8383) = 8.625786e-05
	norm_L2 of div(momentum) = 7.561871e-04.
Flow alg-view 0 in phys-view 0 isn't Neumann (not Multi Phase treating)
LOG: number of a-faces with weighted approximations in 0 subdomain: 4.90238 percent
LOG: Rate of a-faces corrected to CUp1st in 0 subdomain: 0.0456265 %
slv : SolveBL stage
|nsd|Real WF|NormalF|Cycle F|CriticF| EdgeF |CyclBrF|ExtParF|RWFnumSt|StLvlNum|  nfw  |  alp_U_min  |  nfw  |  alp_U_max  |  nfw  |  alp_T_min  |  nfw  |  alp_T_max  |  nfw  |  BL_s_min   |  nfw  |   BL_s_max  |
|  0|    804|    610|      0|     66|    128|      0|      0|     804|      14|   1081|0            |   1540|1.71539      |   3713|0.00338091   |   3710|6212.51      |   1517|-395.669     |   1076|0            |
Face Momentum (sd=  0): max value of div(mf) (cv=8383) = 8.625786e-05
	norm_L2 of div(momentum) = 7.561871e-04.
nsd = 0 BC: AP Inlet occurs on 5288 w-faces
+----+----+----+--------------+--------------+--------------+--------------+--------------+------+----+-+-+--+------+
|Name|view| n_y| Initial res  | Initial resL1| Target res   | Final res    | Final res L1 |Visits|Iter|R|F|CL|Status|
+----+----+----+--------------+--------------+--------------+--------------+--------------+------+----+-+-+--+------+
| 3M |   0|   0|  3.847569e+06|  2.105286e+05|  5.280595e+00|  2.279052e-04|  2.277780e-01|     2|   6|0|n|29|  OK  |
Velocity (predicted):
        (local) sd   0: min(  19975)=2.4807280321146      , max(   7156)=67.121577745933      
Flow alg-view 0 is not Neumann (not for Phase Change + Nested Iters)
+----+----+--------------+--------------+--------------+--------------+--------------+------+----+-+-+--+------+
|Name|view| Initial res  | Initial resL1| Target res   | Final res    | Final res L1 |Visits|Iter|R|F|CL|Status|
|DVGR|   0|  1.672233e+03|  1.125024e+03|  4.579780e-05|  1.998884e-05|  5.049782e-01|     7|  21|0|n|30|  OK  |
PRESSURE SOLVER(geom_index=  0): sum_C_dp=-0.000507243
Face Momentum (sd=  0): max value of div(mf) (cv=18324) = 4.016126e-04
	norm_L2 of div(momentum) = 4.506218e-03.
nsd = 0 min_dtHy = 0.00253344 (nCV =	14543 ) max_dtHy = 0.0167359 (nCV =	7278 ) 
+----+----+--------------+--------------+--------------+--------------+--------------+------+----+-+-+--+------+
|Name|view| Initial res  | Initial resL1| Target res   | Final res    | Final res L1 |Visits|Iter|R|F|CL|Status|
|CHT |   0|  1.753874e+08|  1.584248e+05|  8.835642e+03|  9.109985e-10|  2.268609e-04|     1|   9|0|n|30|  OK  |
nsd = 0 min_dtke = 0.00240634 (nCV =	21469 ) max_dtke = 0.0156909 (nCV =	55642 ) 
+----+----+----+--------------+--------------+--------------+--------------+--------------+------+----+-+-+--+------+
|Name|view| n_y| Initial res  | Initial resL1| Target res   | Final res    | Final res L1 |Visits|Iter|R|F|CL|Status|
+----+----+----+--------------+--------------+--------------+--------------+--------------+------+----+-+-+--+------+
|turb|   0|   0|  5.176056e+06|  5.690160e+04|  6.087639e-03|  1.037850e-03|  6.369353e-01|     1|   6|0|n|30|  OK  |
|turb|   0|   1|  2.570821e+08|  4.013900e+05|  1.331269e-02|  1.310057e-12|  1.236051e-05|     2|  12|0|n|30|  OK  |
Filter: K,E,momentum: sd =   0 isolating K from zero=      0 E from zero=    411 E from infinity=      0
slv : Fluid subdom(new) 0
slv : P static (new)                 : min(   5233) = 98387.295937434      , max(   5216) = 103897.83350895      
slv : Density (new)                  : min(   5233) = 1.1598459938048      , max(   5216) = 1.2301106121001      
slv : Velocity (new)                 : min(  19975) = 2.6557687423965      , max(   7156) = 67.016996141769      
slv : Mach number (new)              : min(  19975) = 0.0077228558569664   , max(   7156) = 0.19561929081028     
slv : Turbulent k (new)              : min(   5256) = 0.0010777638509934   , max(  16717) = 41.072690390442      
slv : Turbulent e (new)              : min(  41696) = 2.1049474433467e-05  , max(   1755) = 375.2117077723       
slv : Temperature (new)              : min(   7156) = 292.20535219486      , max(   5233) = 295.46520291481      
slv : Total enthalpy, Y-shifted (new): min(  20016) = 1233.5875377985      , max(   5233) = 3351.1181606025      
slv : MASS FLUXES AT OPENINGS: MF=-9027.79, AP=9027.8
slv : DvGr statistics: min alpha=0.169268(nfa=21802, geom_slice=0)
slv : +----------------------------------+------------+-------+------------+------------+
slv : |          Collector name          | Total Time | Count |  Avg Time  |  Max Time  |
slv : +----------------------------------+------------+-------+------------+------------+
slv : | Calculate_inc                    |       3.943|      8|       0.493|       0.616|
slv : | CollectEMT_Results               |       0.000|      9|       0.000|       0.000|
slv : | HeatPathCalculator_Dynamic       |       0.016|      1|       0.016|       0.016|
slv : | LiSy_make_portrait               |       0.160|     53|       0.003|       0.016|
slv : | Results_processing               |       0.860|      8|       0.107|       0.124|
slv : | build_sl_ordering_CHT            |       0.018|      9|       0.002|       0.009|
slv : | build_sl_ordering_MDS            |       0.062|      9|       0.007|       0.025|
slv : | build_sl_ordering_fluid          |       0.061|      9|       0.007|       0.025|
slv : | calc_Convolutions_MDS            |       0.142|      9|       0.016|       0.021|
slv : | calc_wall_dist                   |       0.502|      1|       0.502|       0.502|
slv : | create_Gr_operators_MDS          |       0.139|      9|       0.015|       0.020|
slv : | create_Gr_operators_portrait_MDS |       0.075|      9|       0.008|       0.011|
slv : | init_Hy_group_MDS                |       0.131|      9|       0.015|       0.020|
slv : | perform_stage_total              |       4.179|    251|       0.017|       0.502|
slv : | precalc_at_start_MDS             |       0.663|      2|       0.332|       0.632|
slv : | solve_3M_MDS                     |       0.493|      9|       0.055|       0.082|
slv : | solve_3M_alg_MDS                 |       0.225|      9|       0.025|       0.052|
slv : | solve_BG_MDS                     |       0.344|      9|       0.038|       0.053|
slv : | solve_BG_alg_MDS                 |       0.231|      9|       0.026|       0.042|
slv : | solve_BL_MDS                     |       0.103|      9|       0.011|       0.027|
slv : | solve_CHT                        |       0.306|      9|       0.034|       0.045|
slv : | solve_CHT_MDS                    |       0.219|      9|       0.024|       0.027|
slv : | solve_CHT_alg_MDS                |       0.053|      9|       0.006|       0.008|
slv : | solve_DvGr_MDS                   |       1.090|      9|       0.121|       0.176|
slv : | solve_DvGr_alg_MDS               |       0.622|      9|       0.069|       0.115|
slv : | solve_INPR_MDS                   |       0.000|      1|       0.000|       0.000|
slv : | solve_PS+QJ                      |       0.000|      0|       0.000|       0.000|
slv : | solve_YLMA_MDS                   |       0.000|      9|       0.000|       0.000|
slv : | solve_YNOx_MDS                   |       0.000|      9|       0.000|       0.000|
slv : | solve_YTd_MDS                    |       0.000|      9|       0.000|       0.000|
slv : | solve_YTurb_MDS                  |       0.902|      9|       0.100|       0.144|
slv : | solve_YTurb_alg_MDS              |       0.223|     18|       0.012|       0.060|
slv : | update_BC_MDS                    |       0.000|     10|       0.000|       0.000|
slv : | update_Mf_after_DvGr             |       0.088|      9|       0.010|       0.014|
slv : | update_VelPressure_MDS           |       0.023|      9|       0.003|       0.003|
slv : +----------------------------------+------------+-------+------------+------------+
-----------------------------------------------------------------------
Memory Working Set Current = 289.36 Mb, Memory Working Set Peak = 291.71 Mb
Memory Private Bytes Current = 301.38 Mb, Memory Private Bytes Peak = 307.99 Mb
Process Threads Number: 14
-----------------------------------------------------------------------
Algebra Pool      : mem_usage = 194.69 Mb, allocated count = 1221

================== Tstep=9 ===================
<Dynamic P> on nsd = 0 {openings (inlet / outlet)}:
  (SP = Static Pressure, EP = Environment Pressure, TP = Total Pressure, E = External)
  {#0, E, (1.511626e+03 / 0.000000e+00)}
  {#1, E, (0.000000e+00 / 1.512551e+03)}
  {#2, E, (3.669115e-01 / 1.513939e+03)}
  {#3, E, (3.689187e-01 / 1.513945e+03)}
  {#4, E, (6.182616e+00 / 1.503660e+03)}
  {#5, E, (3.559351e-02 / 1.513321e+03)}
  MWS[  0]=2.32743
tau_viscous_averaged = 5078.99 
dt(mass,momentum; nsd=  0): min dt/dtG(ncv=  14543)=1.00 , max dt/dtG(ncv=  55642)=6.4    , dtG=0.00255546
Flow alg-view 0 in phys-view 0 isn't Neumann (not Multi Phase treating)
Face Momentum (sd=  0): max value of div(mf) (cv=6217) = 6.174394e-02
Flow alg-view 0 is not Neumann (not for Phase Change + Nested Iters)
+----+----+--------------+--------------+--------------+--------------+--------------+------+----+-+-+--+------+
|Name|view| Initial res  | Initial resL1| Target res   | Final res    | Final res L1 |Visits|Iter|R|F|CL|Status|
| BG |   0|  1.022974e-01|  2.535941e+00|  6.393590e-06|  4.379758e-06|  1.495816e-01|     7|  21|0|n|30|  OK  |
Face Momentum (sd=  0): max value of div(mf) (cv=9770) = 2.254824e-04
	norm_L2 of div(momentum) = 2.092810e-03.
Flow alg-view 0 in phys-view 0 isn't Neumann (not Multi Phase treating)
LOG: number of a-faces with weighted approximations in 0 subdomain: 4.99749 percent
LOG: Rate of a-faces corrected to CUp1st in 0 subdomain: 0.0269678 %
slv : SolveBL stage
|nsd|Real WF|NormalF|Cycle F|CriticF| EdgeF |CyclBrF|ExtParF|RWFnumSt|StLvlNum|  nfw  |  alp_U_min  |  nfw  |  alp_U_max  |  nfw  |  alp_T_min  |  nfw  |  alp_T_max  |  nfw  |  BL_s_min   |  nfw  |   BL_s_max  |
|  0|    804|    607|      0|     70|    127|      0|      0|     804|      13|   1080|0            |   3405|0.616161     |   3665|0.00323977   |   1143|1739.16      |   2553|-407.294     |   1076|0            |
Face Momentum (sd=  0): max value of div(mf) (cv=9770) = 2.254824e-04
	norm_L2 of div(momentum) = 2.092810e-03.
nsd = 0 BC: AP Inlet occurs on 5258 w-faces
+----+----+----+--------------+--------------+--------------+--------------+--------------+------+----+-+-+--+------+
|Name|view| n_y| Initial res  | Initial resL1| Target res   | Final res    | Final res L1 |Visits|Iter|R|F|CL|Status|
+----+----+----+--------------+--------------+--------------+--------------+--------------+------+----+-+-+--+------+
| 3M |   0|   0|  3.111158e+06|  1.972178e+05|  5.163898e+00|  1.737299e-04|  2.170130e-01|     2|   6|0|n|29|  OK  |
Velocity (predicted):
        (local) sd   0: min(  19974)=3.9582865523083      , max(  11938)=66.357459642783      
Flow alg-view 0 is not Neumann (not for Phase Change + Nested Iters)
+----+----+--------------+--------------+--------------+--------------+--------------+------+----+-+-+--+------+
|Name|view| Initial res  | Initial resL1| Target res   | Final res    | Final res L1 |Visits|Iter|R|F|CL|Status|
|DVGR|   0|  1.130095e+03|  9.495241e+02|  4.428929e-05|  1.662443e-05|  3.104572e-01|     8|  24|0|n|30|  OK  |
PRESSURE SOLVER(geom_index=  0): sum_C_dp=-0.000230918
Face Momentum (sd=  0): max value of div(mf) (cv=18200) = 4.484029e-04
	norm_L2 of div(momentum) = 4.098942e-03.
nsd = 0 min_dtHy = 0.00255546 (nCV =	14543 ) max_dtHy = 0.0163982 (nCV =	55642 ) 
+----+----+--------------+--------------+--------------+--------------+--------------+------+----+-+-+--+------+
|Name|view| Initial res  | Initial resL1| Target res   | Final res    | Final res L1 |Visits|Iter|R|F|CL|Status|
|CHT |   0|  1.478898e+08|  1.618158e+05|  8.903881e+03|  1.658463e-09|  2.525834e-04|     1|   9|0|n|30|  OK  |
nsd = 0 min_dtke = 0.00239994 (nCV =	14543 ) max_dtke = 0.0157695 (nCV =	55642 ) 
+----+----+----+--------------+--------------+--------------+--------------+--------------+------+----+-+-+--+------+
|Name|view| n_y| Initial res  | Initial resL1| Target res   | Final res    | Final res L1 |Visits|Iter|R|F|CL|Status|
+----+----+----+--------------+--------------+--------------+--------------+--------------+------+----+-+-+--+------+
|turb|   0|   0|  4.745046e+06|  5.796865e+04|  5.851365e-03|  2.630150e-03|  9.781791e-01|     1|   6|0|n|30|  OK  |
|turb|   0|   1|  3.425653e+08|  4.373168e+05|  1.254451e-02|  1.704770e-11|  3.677222e-05|     2|  12|0|n|30|  OK  |
Filter: K,E,momentum: sd =   0 isolating K from zero=      0 E from zero=    322 E from infinity=      0
slv : Fluid subdom(new) 0
slv : P static (new)                 : min(   5233) = 98365.349816865      , max(   7241) = 103390.18022474      
slv : Density (new)                  : min(   5233) = 1.1594398569087      , max(   7241) = 1.2236968074022      
slv : Velocity (new)                 : min(  19974) = 5.0872237830005      , max(   7156) = 66.364767478886      
slv : Mach number (new)              : min(  19974) = 0.014793812695791    , max(   7156) = 0.19370241366913     
slv : Turbulent k (new)              : min(   5256) = 0.0022178148996693   , max(   1625) = 53.176057771703      
slv : Turbulent e (new)              : min(  18829) = 2.5485295132861e-05  , max(   1625) = 557.51274733794      
slv : Temperature (new)              : min(  11938) = 292.24491141803      , max(   5234) = 295.56074752537      
slv : Total enthalpy, Y-shifted (new): min(  18247) = 1230.8616081708      , max(   5233) = 3417.0018531465      
slv : MASS FLUXES AT OPENINGS: MF=-9027.79, AP=9027.8
slv : DvGr statistics: min alpha=0.170617(nfa=53786, geom_slice=0)
slv : +----------------------------------+------------+-------+------------+------------+
slv : |          Collector name          | Total Time | Count |  Avg Time  |  Max Time  |
slv : +----------------------------------+------------+-------+------------+------------+
slv : | Calculate_inc                    |       4.399|      9|       0.489|       0.616|
slv : | CollectEMT_Results               |       0.000|     10|       0.000|       0.000|
slv : | HeatPathCalculator_Dynamic       |       0.016|      1|       0.016|       0.016|
slv : | LiSy_make_portrait               |       0.173|     57|       0.003|       0.016|
slv : | Results_processing               |       0.968|      9|       0.108|       0.124|
slv : | build_sl_ordering_CHT            |       0.018|     10|       0.002|       0.009|
slv : | build_sl_ordering_MDS            |       0.062|     10|       0.006|       0.025|
slv : | build_sl_ordering_fluid          |       0.062|     10|       0.006|       0.025|
slv : | calc_Convolutions_MDS            |       0.158|     10|       0.016|       0.021|
slv : | calc_wall_dist                   |       0.502|      1|       0.502|       0.502|
slv : | create_Gr_operators_MDS          |       0.159|     10|       0.016|       0.020|
slv : | create_Gr_operators_portrait_MDS |       0.083|     10|       0.008|       0.011|
slv : | init_Hy_group_MDS                |       0.143|     10|       0.014|       0.020|
slv : | perform_stage_total              |       4.552|    278|       0.016|       0.502|
slv : | precalc_at_start_MDS             |       0.663|      2|       0.332|       0.632|
slv : | solve_3M_MDS                     |       0.547|     10|       0.055|       0.082|
slv : | solve_3M_alg_MDS                 |       0.254|     10|       0.025|       0.052|
slv : | solve_BG_MDS                     |       0.381|     10|       0.038|       0.053|
slv : | solve_BG_alg_MDS                 |       0.256|     10|       0.026|       0.042|
slv : | solve_BL_MDS                     |       0.113|     10|       0.011|       0.027|
slv : | solve_CHT                        |       0.336|     10|       0.034|       0.045|
slv : | solve_CHT_MDS                    |       0.241|     10|       0.024|       0.027|
slv : | solve_CHT_alg_MDS                |       0.058|     10|       0.006|       0.008|
slv : | solve_DvGr_MDS                   |       1.191|     10|       0.119|       0.176|
slv : | solve_DvGr_alg_MDS               |       0.671|     10|       0.067|       0.115|
slv : | solve_INPR_MDS                   |       0.000|      1|       0.000|       0.000|
slv : | solve_PS+QJ                      |       0.000|      0|       0.000|       0.000|
slv : | solve_YLMA_MDS                   |       0.000|     10|       0.000|       0.000|
slv : | solve_YNOx_MDS                   |       0.000|     10|       0.000|       0.000|
slv : | solve_YTd_MDS                    |       0.000|     10|       0.000|       0.000|
slv : | solve_YTurb_MDS                  |       1.004|     10|       0.100|       0.144|
slv : | solve_YTurb_alg_MDS              |       0.252|     20|       0.013|       0.060|
slv : | update_BC_MDS                    |       0.000|     11|       0.000|       0.000|
slv : | update_Mf_after_DvGr             |       0.101|     10|       0.010|       0.014|
slv : | update_VelPressure_MDS           |       0.026|     10|       0.003|       0.004|
slv : +----------------------------------+------------+-------+------------+------------+
Interpolator cache: total calls 5022, optimised calls 479 (9.5 %)
-----------------------------------------------------------------------
Memory Working Set Current = 289.38 Mb, Memory Working Set Peak = 291.93 Mb
Memory Private Bytes Current = 300.58 Mb, Memory Private Bytes Peak = 308.01 Mb
Process Threads Number: 14
-----------------------------------------------------------------------
Iteration : time = 2.93113 , count = 5 , time/count = 0.586227
Calculate_inc() : time = 2.37122 , count = 5 , time/count = 0.474245
TreatFlowEvolution() : time = 0.304223 , count = 5 , time/count = 0.0608446
SolverPreview : time = 0.248712 , count = 5 , time/count = 0.0497424
TreatGoals : time = 0.302232 , count = 5 , time/count = 0.0604464
Algebra Pool      : mem_usage = 194.69 Mb, allocated count = 1221

================== Tstep=10 ===================
<Dynamic P> on nsd = 0 {openings (inlet / outlet)}:
  (SP = Static Pressure, EP = Environment Pressure, TP = Total Pressure, E = External)
  {#0, E, (1.511632e+03 / 0.000000e+00)}
  {#1, E, (0.000000e+00 / 1.512521e+03)}
  {#2, E, (3.880874e-01 / 1.513939e+03)}
  {#3, E, (3.904798e-01 / 1.513938e+03)}
  {#4, E, (6.511855e+00 / 1.503800e+03)}
  {#5, E, (3.851567e-02 / 1.513295e+03)}
  MWS[  0]=2.29649
tau_viscous_averaged = 4836.72 
dt(mass,momentum; nsd=  0): min dt/dtG(ncv=  14571)=1.00 , max dt/dtG(ncv=  55642)=6.4    , dtG=0.00387523
Flow alg-view 0 in phys-view 0 isn't Neumann (not Multi Phase treating)
Face Momentum (sd=  0): max value of div(mf) (cv=24475) = 7.933048e-02
Flow alg-view 0 is not Neumann (not for Phase Change + Nested Iters)
+----+----+--------------+--------------+--------------+--------------+--------------+------+----+-+-+--+------+
|Name|view| Initial res  | Initial resL1| Target res   | Final res    | Final res L1 |Visits|Iter|R|F|CL|Status|
| BG |   0|  7.941362e-02|  2.026506e+00|  4.963351e-06|  1.736723e-06|  9.508893e-02|     8|  24|0|n|30|  OK  |
Face Momentum (sd=  0): max value of div(mf) (cv=51858) = 1.476541e-04
	norm_L2 of div(momentum) = 1.317852e-03.
Flow alg-view 0 in phys-view 0 isn't Neumann (not Multi Phase treating)
LOG: number of a-faces with weighted approximations in 0 subdomain: 5.03577 percent
LOG: Rate of a-faces corrected to CUp1st in 0 subdomain: 0.0185319 %
slv : SolveBL stage
|nsd|Real WF|NormalF|Cycle F|CriticF| EdgeF |CyclBrF|ExtParF|RWFnumSt|StLvlNum|  nfw  |  alp_U_min  |  nfw  |  alp_U_max  |  nfw  |  alp_T_min  |  nfw  |  alp_T_max  |  nfw  |  BL_s_min   |  nfw  |   BL_s_max  |
|  0|    804|    607|      0|     65|    132|      0|      0|     804|      15|   1110|0            |   1121|2.88665      |   1076|0            |   3483|4937.86      |   1517|-411.997     |   1076|0            |
Face Momentum (sd=  0): max value of div(mf) (cv=51858) = 1.476541e-04
	norm_L2 of div(momentum) = 1.317852e-03.
nsd = 0 BC: AP Inlet occurs on 5228 w-faces
+----+----+----+--------------+--------------+--------------+--------------+--------------+------+----+-+-+--+------+
|Name|view| n_y| Initial res  | Initial resL1| Target res   | Final res    | Final res L1 |Visits|Iter|R|F|CL|Status|
+----+----+----+--------------+--------------+--------------+--------------+--------------+------+----+-+-+--+------+
| 3M |   0|   0|  2.420038e+06|  1.870992e+05|  3.076444e+00|  1.002268e-02|  1.768809e+00|     2|   6|0|n|29|  OK  |
Velocity (predicted):
        (local) sd   0: min(   4073)=5.3854753490402      , max(   7156)=65.690788531545      
Flow alg-view 0 is not Neumann (not for Phase Change + Nested Iters)
+----+----+--------------+--------------+--------------+--------------+--------------+------+----+-+-+--+------+
|Name|view| Initial res  | Initial resL1| Target res   | Final res    | Final res L1 |Visits|Iter|R|F|CL|Status|
|DVGR|   0|  1.027728e+03|  1.015733e+03|  9.536208e-05|  6.807812e-05|  9.530009e-01|     7|  21|0|n|30|  OK  |
PRESSURE SOLVER(geom_index=  0): sum_C_dp=-0.000486054
Face Momentum (sd=  0): max value of div(mf) (cv=18496) = 7.754573e-04
	norm_L2 of div(momentum) = 8.274706e-03.
nsd = 0 min_dtHy = 0.00387523 (nCV =	14571 ) max_dtHy = 0.0246816 (nCV =	55642 ) 
+----+----+--------------+--------------+--------------+--------------+--------------+------+----+-+-+--+------+
|Name|view| Initial res  | Initial resL1| Target res   | Final res    | Final res L1 |Visits|Iter|R|F|CL|Status|
|CHT |   0|  1.299088e+08|  1.652859e+05|  5.625122e+03|  7.763528e-07|  8.221852e-03|     1|   9|0|n|30|  OK  |
nsd = 0 min_dtke = 0.00341079 (nCV =	37299 ) max_dtke = 0.0232927 (nCV =	55642 ) 
+----+----+----+--------------+--------------+--------------+--------------+--------------+------+----+-+-+--+------+
|Name|view| n_y| Initial res  | Initial resL1| Target res   | Final res    | Final res L1 |Visits|Iter|R|F|CL|Status|
+----+----+----+--------------+--------------+--------------+--------------+--------------+------+----+-+-+--+------+
|turb|   0|   0|  3.296018e+06|  5.407048e+04|  3.457211e-03|  5.309246e-08|  3.590432e-03|     2|  12|0|n|30|  OK  |
|turb|   0|   1|  3.047722e+08|  4.676987e+05|  7.241694e-03|  1.658511e-06|  2.062781e-02|     2|  12|0|n|30|  OK  |
Filter: K,E,momentum: sd =   0 isolating K from zero=      0 E from zero=    254 E from infinity=      0
slv : Fluid subdom(new) 0
slv : P static (new)                 : min(   5233) = 98347.249945374      , max(   7240) = 103278.69794295      
slv : Density (new)                  : min(   5233) = 1.1590514823496      , max(   7240) = 1.2222130899343      
slv : Velocity (new)                 : min(  20072) = 6.5323596663375      , max(   7156) = 65.65661815344       
slv : Mach number (new)              : min(  20072) = 0.018996745778907    , max(   7156) = 0.19162213874915     
slv : Turbulent k (new)              : min(   5232) = 0.0031262388497201   , max(   1625) = 64.82336679776       
slv : Turbulent e (new)              : min(  20113) = 0.00010893105412842  , max(   1625) = 750.3718040959       
slv : Temperature (new)              : min(   7156) = 292.28588549007      , max(   5234) = 295.75550313021      
slv : Total enthalpy, Y-shifted (new): min(   5228) = 1225.2861373564      , max(   5233) = 3489.7287609523      
slv : MASS FLUXES AT OPENINGS: MF=-9027.79, AP=9027.78
slv : DvGr statistics: min alpha=0.186205(nfa=16296, geom_slice=0)
slv : +----------------------------------+------------+-------+------------+------------+
slv : |          Collector name          | Total Time | Count |  Avg Time  |  Max Time  |
slv : +----------------------------------+------------+-------+------------+------------+
slv : | Calculate_inc                    |       4.856|     10|       0.486|       0.616|
slv : | CollectEMT_Results               |       0.000|     11|       0.000|       0.000|
slv : | HeatPathCalculator_Dynamic       |       0.016|      1|       0.016|       0.016|
slv : | LiSy_make_portrait               |       0.182|     61|       0.003|       0.016|
slv : | Results_processing               |       1.087|     10|       0.109|       0.124|
slv : | build_sl_ordering_CHT            |       0.018|     11|       0.002|       0.009|
slv : | build_sl_ordering_MDS            |       0.062|     11|       0.006|       0.025|
slv : | build_sl_ordering_fluid          |       0.062|     11|       0.006|       0.025|
slv : | calc_Convolutions_MDS            |       0.172|     11|       0.016|       0.021|
slv : | calc_wall_dist                   |       0.502|      1|       0.502|       0.502|
slv : | create_Gr_operators_MDS          |       0.175|     11|       0.016|       0.020|
slv : | create_Gr_operators_portrait_MDS |       0.093|     11|       0.008|       0.011|
slv : | init_Hy_group_MDS                |       0.155|     11|       0.014|       0.020|
slv : | perform_stage_total              |       4.972|    305|       0.016|       0.502|
slv : | precalc_at_start_MDS             |       0.663|      2|       0.332|       0.632|
slv : | solve_3M_MDS                     |       0.603|     11|       0.055|       0.082|
slv : | solve_3M_alg_MDS                 |       0.282|     11|       0.026|       0.052|
slv : | solve_BG_MDS                     |       0.420|     11|       0.038|       0.053|
slv : | solve_BG_alg_MDS                 |       0.286|     11|       0.026|       0.042|
slv : | solve_BL_MDS                     |       0.123|     11|       0.011|       0.027|
slv : | solve_CHT                        |       0.364|     11|       0.033|       0.045|
slv : | solve_CHT_MDS                    |       0.261|     11|       0.024|       0.027|
slv : | solve_CHT_alg_MDS                |       0.062|     11|       0.006|       0.008|
slv : | solve_DvGr_MDS                   |       1.287|     11|       0.117|       0.176|
slv : | solve_DvGr_alg_MDS               |       0.719|     11|       0.065|       0.115|
slv : | solve_INPR_MDS                   |       0.000|      1|       0.000|       0.000|
slv : | solve_PS+QJ                      |       0.000|      0|       0.000|       0.000|
slv : | solve_YLMA_MDS                   |       0.000|     11|       0.000|       0.000|
slv : | solve_YNOx_MDS                   |       0.000|     11|       0.000|       0.000|
slv : | solve_YTd_MDS                    |       0.000|     11|       0.000|       0.000|
slv : | solve_YTurb_MDS                  |       1.157|     11|       0.105|       0.153|
slv : | solve_YTurb_alg_MDS              |       0.318|     22|       0.014|       0.060|
slv : | update_BC_MDS                    |       0.000|     12|       0.000|       0.000|
slv : | update_Mf_after_DvGr             |       0.109|     11|       0.010|       0.014|
slv : | update_VelPressure_MDS           |       0.029|     11|       0.003|       0.004|
slv : +----------------------------------+------------+-------+------------+------------+
-----------------------------------------------------------------------
Memory Working Set Current = 286.42 Mb, Memory Working Set Peak = 291.96 Mb
Memory Private Bytes Current = 297.53 Mb, Memory Private Bytes Peak = 308.01 Mb
Process Threads Number: 14
-----------------------------------------------------------------------
Algebra Pool      : mem_usage = 194.69 Mb, allocated count = 1223

================== Tstep=11 ===================
<Dynamic P> on nsd = 0 {openings (inlet / outlet)}:
  (SP = Static Pressure, EP = Environment Pressure, TP = Total Pressure, E = External)
  {#0, E, (1.511577e+03 / 0.000000e+00)}
  {#1, E, (0.000000e+00 / 1.512464e+03)}
  {#2, E, (4.155973e-01 / 1.513905e+03)}
  {#3, E, (4.184270e-01 / 1.513898e+03)}
  {#4, E, (7.004315e+00 / 1.501635e+03)}
  {#5, E, (4.304872e-02 / 1.513363e+03)}
  MWS[  0]=2.26661
tau_viscous_averaged = 4602.71 
dt(mass,momentum; nsd=  0): min dt/dtG(ncv=  14575)=1.00 , max dt/dtG(ncv=  55642)=6.3    , dtG=0.00391799
Flow alg-view 0 in phys-view 0 isn't Neumann (not Multi Phase treating)
Face Momentum (sd=  0): max value of div(mf) (cv=10369) = 8.447475e-01
Flow alg-view 0 is not Neumann (not for Phase Change + Nested Iters)
+----+----+--------------+--------------+--------------+--------------+--------------+------+----+-+-+--+------+
|Name|view| Initial res  | Initial resL1| Target res   | Final res    | Final res L1 |Visits|Iter|R|F|CL|Status|
| BG |   0|  1.433801e+00|  4.110491e+00|  8.961255e-05|  4.821697e-05|  3.550997e-01|     7|  21|0|n|30|  OK  |
Face Momentum (sd=  0): max value of div(mf) (cv=2592) = 1.740033e-03
	norm_L2 of div(momentum) = 6.943838e-03.
Flow alg-view 0 in phys-view 0 isn't Neumann (not Multi Phase treating)
LOG: number of a-faces with weighted approximations in 0 subdomain: 5.03457 percent
LOG: Rate of a-faces corrected to CUp1st in 0 subdomain: 0.0177842 %
slv : SolveBL stage
|nsd|Real WF|NormalF|Cycle F|CriticF| EdgeF |CyclBrF|ExtParF|RWFnumSt|StLvlNum|  nfw  |  alp_U_min  |  nfw  |  alp_U_max  |  nfw  |  alp_T_min  |  nfw  |  alp_T_max  |  nfw  |  BL_s_min   |  nfw  |   BL_s_max  |
|  0|    804|    613|      0|     66|    125|      0|      0|     804|      14|   1110|0            |   1121|3.0396       |   1076|0            |   1573|36699.2      |   2553|-397.23      |   1076|0            |
Face Momentum (sd=  0): max value of div(mf) (cv=2592) = 1.740033e-03
	norm_L2 of div(momentum) = 6.943838e-03.
nsd = 0 BC: AP Inlet occurs on 5181 w-faces
+----+----+----+--------------+--------------+--------------+--------------+--------------+------+----+-+-+--+------+
|Name|view| n_y| Initial res  | Initial resL1| Target res   | Final res    | Final res L1 |Visits|Iter|R|F|CL|Status|
+----+----+----+--------------+--------------+--------------+--------------+--------------+------+----+-+-+--+------+
| 3M |   0|   0|  1.947877e+06|  1.739499e+05|  2.993150e+00|  1.179543e-02|  1.881219e+00|     2|   6|0|n|29|  OK  |
Velocity (predicted):
        (local) sd   0: min(   7227)=1.7264808661508      , max(  11953)=64.897825209333      
Flow alg-view 0 is not Neumann (not for Phase Change + Nested Iters)
+----+----+--------------+--------------+--------------+--------------+--------------+------+----+-+-+--+------+
|Name|view| Initial res  | Initial resL1| Target res   | Final res    | Final res L1 |Visits|Iter|R|F|CL|Status|
|DVGR|   0|  4.634208e+02|  8.198068e+02|  9.094269e-05|  4.584510e-05|  7.970581e-01|     7|  21|0|n|30|  OK  |
PRESSURE SOLVER(geom_index=  0): sum_C_dp=-0.000211313
Face Momentum (sd=  0): max value of div(mf) (cv=18496) = 5.775609e-04
	norm_L2 of div(momentum) = 6.792490e-03.
nsd = 0 min_dtHy = 0.00391799 (nCV =	14575 ) max_dtHy = 0.0247633 (nCV =	55642 ) 
+----+----+--------------+--------------+--------------+--------------+--------------+------+----+-+-+--+------+
|Name|view| Initial res  | Initial resL1| Target res   | Final res    | Final res L1 |Visits|Iter|R|F|CL|Status|
|CHT |   0|  1.113692e+08|  1.713836e+05|  6.151304e+03|  7.745105e-07|  7.438606e-03|     1|   9|0|n|30|  OK  |
nsd = 0 min_dtke = 0.00335222 (nCV =	37299 ) max_dtke = 0.0233771 (nCV =	55642 ) 
+----+----+----+--------------+--------------+--------------+--------------+--------------+------+----+-+-+--+------+
|Name|view| n_y| Initial res  | Initial resL1| Target res   | Final res    | Final res L1 |Visits|Iter|R|F|CL|Status|
+----+----+----+--------------+--------------+--------------+--------------+--------------+------+----+-+-+--+------+
|turb|   0|   0|  2.461265e+06|  5.288361e+04|  3.292397e-03|  6.218062e-08|  5.370703e-03|     2|  12|0|n|30|  OK  |
|turb|   0|   1|  3.000151e+08|  5.042799e+05|  6.720963e-03|  2.627803e-06|  3.371967e-02|     2|  12|0|n|30|  OK  |
Filter: K,E,momentum: sd =   0 isolating K from zero=      0 E from zero=    328 E from infinity=      0
slv : Fluid subdom(new) 0
slv : P static (new)                 : min(   5233) = 98314.653566684      , max(   7241) = 103161.15127327      
slv : Density (new)                  : min(   5233) = 1.1585460048458      , max(   7241) = 1.2206696571348      
slv : Velocity (new)                 : min(   4075) = 5.0407353895959      , max(  11953) = 65.188289807136      
slv : Mach number (new)              : min(   4075) = 0.01465836296339     , max(  11953) = 0.19024143670598     
slv : Turbulent k (new)              : min(   5232) = 0.0032823178415094   , max(   1625) = 73.534784450595      
slv : Turbulent e (new)              : min(  15743) = 7.8206241421801e-05  , max(   1625) = 906.60373778791      
slv : Temperature (new)              : min(  11953) = 292.32869044103      , max(   5234) = 295.89750694476      
slv : Total enthalpy, Y-shifted (new): min(   5228) = 1220.6068121203      , max(   5233) = 3547.8031219888      
slv : MASS FLUXES AT OPENINGS: MF=-9027.79, AP=9027.8
slv : DvGr statistics: min alpha=0.173947(nfa=58746, geom_slice=0)
slv : +----------------------------------+------------+-------+------------+------------+
slv : |          Collector name          | Total Time | Count |  Avg Time  |  Max Time  |
slv : +----------------------------------+------------+-------+------------+------------+
slv : | Calculate_inc                    |       5.350|     11|       0.486|       0.616|
slv : | CollectEMT_Results               |       0.000|     12|       0.000|       0.000|
slv : | HeatPathCalculator_Dynamic       |       0.016|      1|       0.016|       0.016|
slv : | LiSy_make_portrait               |       0.197|     65|       0.003|       0.016|
slv : | Results_processing               |       1.208|     11|       0.110|       0.124|
slv : | build_sl_ordering_CHT            |       0.018|     12|       0.002|       0.009|
slv : | build_sl_ordering_MDS            |       0.062|     12|       0.005|       0.025|
slv : | build_sl_ordering_fluid          |       0.062|     12|       0.005|       0.025|
slv : | calc_Convolutions_MDS            |       0.200|     12|       0.017|       0.028|
slv : | calc_wall_dist                   |       0.502|      1|       0.502|       0.502|
slv : | create_Gr_operators_MDS          |       0.205|     12|       0.017|       0.030|
slv : | create_Gr_operators_portrait_MDS |       0.108|     12|       0.009|       0.015|
slv : | init_Hy_group_MDS                |       0.177|     12|       0.015|       0.022|
slv : | perform_stage_total              |       5.736|    332|       0.017|       0.502|
slv : | precalc_at_start_MDS             |       0.663|      2|       0.332|       0.632|
slv : | solve_3M_MDS                     |       0.716|     12|       0.060|       0.112|
slv : | solve_3M_alg_MDS                 |       0.348|     12|       0.029|       0.066|
slv : | solve_BG_MDS                     |       0.542|     12|       0.045|       0.122|
slv : | solve_BG_alg_MDS                 |       0.391|     12|       0.033|       0.105|
slv : | solve_BL_MDS                     |       0.141|     12|       0.012|       0.027|
slv : | solve_CHT                        |       0.413|     12|       0.034|       0.049|
slv : | solve_CHT_MDS                    |       0.296|     12|       0.025|       0.035|
slv : | solve_CHT_alg_MDS                |       0.072|     12|       0.006|       0.010|
slv : | solve_DvGr_MDS                   |       1.464|     12|       0.122|       0.177|
slv : | solve_DvGr_alg_MDS               |       0.818|     12|       0.068|       0.115|
slv : | solve_INPR_MDS                   |       0.000|      1|       0.000|       0.000|
slv : | solve_PS+QJ                      |       0.000|      0|       0.000|       0.000|
slv : | solve_YLMA_MDS                   |       0.000|     12|       0.000|       0.000|
slv : | solve_YNOx_MDS                   |       0.000|     12|       0.000|       0.000|
slv : | solve_YTd_MDS                    |       0.000|     12|       0.000|       0.000|
slv : | solve_YTurb_MDS                  |       1.379|     12|       0.115|       0.223|
slv : | solve_YTurb_alg_MDS              |       0.436|     24|       0.018|       0.062|
slv : | update_BC_MDS                    |       0.000|     13|       0.000|       0.000|
slv : | update_Mf_after_DvGr             |       0.127|     12|       0.011|       0.018|
slv : | update_VelPressure_MDS           |       0.034|     12|       0.003|       0.005|
slv : +----------------------------------+------------+-------+------------+------------+
-----------------------------------------------------------------------
Memory Working Set Current = 289.50 Mb, Memory Working Set Peak = 291.96 Mb
Memory Private Bytes Current = 300.59 Mb, Memory Private Bytes Peak = 308.01 Mb
Process Threads Number: 14
-----------------------------------------------------------------------
Algebra Pool      : mem_usage = 194.69 Mb, allocated count = 1217

================== Tstep=12 ===================
<Dynamic P> on nsd = 0 {openings (inlet / outlet)}:
  (SP = Static Pressure, EP = Environment Pressure, TP = Total Pressure, E = External)
  {#0, E, (1.511544e+03 / 0.000000e+00)}
  {#1, E, (0.000000e+00 / 1.512392e+03)}
  {#2, E, (4.441135e-01 / 1.513868e+03)}
  {#3, E, (4.461847e-01 / 1.513864e+03)}
  {#4, E, (7.511390e+00 / 1.500872e+03)}
  {#5, E, (4.737856e-02 / 1.513423e+03)}
  MWS[  0]=2.25435
tau_viscous_averaged = 4225.08 
dt(mass,momentum; nsd=  0): min dt/dtG(ncv=  14799)=1.00 , max dt/dtG(ncv=  55642)=6.3    , dtG=0.00395696
Flow alg-view 0 in phys-view 0 isn't Neumann (not Multi Phase treating)
Face Momentum (sd=  0): max value of div(mf) (cv=10395) = 2.227925e-01
Flow alg-view 0 is not Neumann (not for Phase Change + Nested Iters)
+----+----+--------------+--------------+--------------+--------------+--------------+------+----+-+-+--+------+
|Name|view| Initial res  | Initial resL1| Target res   | Final res    | Final res L1 |Visits|Iter|R|F|CL|Status|
| BG |   0|  2.711196e-01|  3.510102e+00|  1.694498e-05|  6.788840e-06|  1.863983e-01|     7|  21|0|n|30|  OK  |
Face Momentum (sd=  0): max value of div(mf) (cv=9884) = 3.608513e-04
	norm_L2 of div(momentum) = 2.605549e-03.
Flow alg-view 0 in phys-view 0 isn't Neumann (not Multi Phase treating)
LOG: number of a-faces with weighted approximations in 0 subdomain: 5.01304 percent
LOG: Rate of a-faces corrected to CUp1st in 0 subdomain: 0.0181037 %
slv : SolveBL stage
|nsd|Real WF|NormalF|Cycle F|CriticF| EdgeF |CyclBrF|ExtParF|RWFnumSt|StLvlNum|  nfw  |  alp_U_min  |  nfw  |  alp_U_max  |  nfw  |  alp_T_min  |  nfw  |  alp_T_max  |  nfw  |  BL_s_min   |  nfw  |   BL_s_max  |
|  0|    804|    618|      0|     66|    120|      0|      0|     804|      15|   1110|0            |   1121|3.17124      |   1076|0            |   3460|16163        |   1517|-378.285     |   1076|0            |
Face Momentum (sd=  0): max value of div(mf) (cv=9884) = 3.608513e-04
	norm_L2 of div(momentum) = 2.605549e-03.
nsd = 0 BC: AP Inlet occurs on 5160 w-faces
+----+----+----+--------------+--------------+--------------+--------------+--------------+------+----+-+-+--+------+
|Name|view| n_y| Initial res  | Initial resL1| Target res   | Final res    | Final res L1 |Visits|Iter|R|F|CL|Status|
+----+----+----+--------------+--------------+--------------+--------------+--------------+------+----+-+-+--+------+
| 3M |   0|   0|  1.685223e+06|  1.666674e+05|  2.960144e+00|  2.775614e-02|  2.843940e+00|     2|   6|0|n|29|  OK  |
Velocity (predicted):
        (local) sd   0: min(   7293)=2.24583162309        , max(   6387)=64.955120169357      
Flow alg-view 0 is not Neumann (not for Phase Change + Nested Iters)
+----+----+--------------+--------------+--------------+--------------+--------------+------+----+-+-+--+------+
|Name|view| Initial res  | Initial resL1| Target res   | Final res    | Final res L1 |Visits|Iter|R|F|CL|Status|
|DVGR|   0|  4.470685e+02|  7.844672e+02|  8.918690e-05|  4.138766e-05|  7.637666e-01|     7|  21|0|n|30|  OK  |
PRESSURE SOLVER(geom_index=  0): sum_C_dp=4.21952e-05
Face Momentum (sd=  0): max value of div(mf) (cv=18496) = 5.199152e-04
	norm_L2 of div(momentum) = 6.455177e-03.
nsd = 0 min_dtHy = 0.00395696 (nCV =	14799 ) max_dtHy = 0.0247963 (nCV =	55642 ) 
+----+----+--------------+--------------+--------------+--------------+--------------+------+----+-+-+--+------+
|Name|view| Initial res  | Initial resL1| Target res   | Final res    | Final res L1 |Visits|Iter|R|F|CL|Status|
|CHT |   0|  1.008614e+08|  1.771853e+05|  6.303838e+03|  1.285765e-06|  8.401055e-03|     1|   9|0|n|30|  OK  |
nsd = 0 min_dtke = 0.00330524 (nCV =	37299 ) max_dtke = 0.0234173 (nCV =	55642 ) 
+----+----+----+--------------+--------------+--------------+--------------+--------------+------+----+-+-+--+------+
|Name|view| n_y| Initial res  | Initial resL1| Target res   | Final res    | Final res L1 |Visits|Iter|R|F|CL|Status|
+----+----+----+--------------+--------------+--------------+--------------+--------------+------+----+-+-+--+------+
|turb|   0|   0|  2.011625e+06|  5.322340e+04|  3.229959e-03|  5.417606e-08|  6.136551e-03|     2|  12|0|n|30|  OK  |
|turb|   0|   1|  2.662134e+08|  5.196807e+05|  6.522174e-03|  2.570497e-06|  3.732638e-02|     2|  12|0|n|30|  OK  |
Filter: K,E,momentum: sd =   0 isolating K from zero=      0 E from zero=    350 E from infinity=      0
slv : Fluid subdom(new) 0
slv : P static (new)                 : min(   5233) = 98276.44256164       , max(   7240) = 103174.72977533      
slv : Density (new)                  : min(   5233) = 1.1579999446616      , max(   7234) = 1.2207614458781      
slv : Velocity (new)                 : min(   7227) = 3.5557700312868      , max(  11953) = 65.012879718025      
slv : Mach number (new)              : min(   7227) = 0.010340344636811    , max(  11953) = 0.18972615389232     
slv : Turbulent k (new)              : min(  12440) = 0.0032575710035108   , max(   1625) = 76.39912383741       
slv : Turbulent e (new)              : min(  20274) = 7.7192789572003e-05  , max(   1625) = 961.31323170795      
slv : Temperature (new)              : min(  11953) = 292.33914765139      , max(   5234) = 296.00983389858      
slv : Total enthalpy, Y-shifted (new): min(  18318) = 1217.7508320683      , max(   5233) = 3597.1260586724      
slv : MASS FLUXES AT OPENINGS: MF=-9027.79, AP=9027.8
slv : DvGr statistics: min alpha=0.168687(nfa=58746, geom_slice=0)
slv : +----------------------------------+------------+-------+------------+------------+
slv : |          Collector name          | Total Time | Count |  Avg Time  |  Max Time  |
slv : +----------------------------------+------------+-------+------------+------------+
slv : | Calculate_inc                    |       6.247|     12|       0.521|       0.897|
slv : | CollectEMT_Results               |       0.000|     13|       0.000|       0.000|
slv : | HeatPathCalculator_Dynamic       |       0.016|      1|       0.016|       0.016|
slv : | LiSy_make_portrait               |       0.217|     69|       0.003|       0.016|
slv : | Results_processing               |       1.360|     12|       0.113|       0.152|
slv : | build_sl_ordering_CHT            |       0.018|     13|       0.001|       0.009|
slv : | build_sl_ordering_MDS            |       0.063|     13|       0.005|       0.025|
slv : | build_sl_ordering_fluid          |       0.062|     13|       0.005|       0.025|
slv : | calc_Convolutions_MDS            |       0.227|     13|       0.017|       0.028|
slv : | calc_wall_dist                   |       0.502|      1|       0.502|       0.502|
slv : | create_Gr_operators_MDS          |       0.234|     13|       0.018|       0.030|
slv : | create_Gr_operators_portrait_MDS |       0.121|     13|       0.009|       0.015|
slv : | init_Hy_group_MDS                |       0.200|     13|       0.015|       0.023|
slv : | perform_stage_total              |       6.365|    359|       0.018|       0.502|
slv : | precalc_at_start_MDS             |       0.663|      2|       0.332|       0.632|
slv : | solve_3M_MDS                     |       0.829|     13|       0.064|       0.114|
slv : | solve_3M_alg_MDS                 |       0.410|     13|       0.032|       0.066|
slv : | solve_BG_MDS                     |       0.600|     13|       0.046|       0.122|
slv : | solve_BG_alg_MDS                 |       0.430|     13|       0.033|       0.105|
slv : | solve_BL_MDS                     |       0.156|     13|       0.012|       0.027|
slv : | solve_CHT                        |       0.469|     13|       0.036|       0.056|
slv : | solve_CHT_MDS                    |       0.334|     13|       0.026|       0.038|
slv : | solve_CHT_alg_MDS                |       0.088|     13|       0.007|       0.016|
slv : | solve_DvGr_MDS                   |       1.652|     13|       0.127|       0.188|
slv : | solve_DvGr_alg_MDS               |       0.916|     13|       0.070|       0.115|
slv : | solve_INPR_MDS                   |       0.000|      1|       0.000|       0.000|
slv : | solve_PS+QJ                      |       0.000|      0|       0.000|       0.000|
slv : | solve_YLMA_MDS                   |       0.000|     13|       0.000|       0.000|
slv : | solve_YNOx_MDS                   |       0.000|     13|       0.000|       0.000|
slv : | solve_YTd_MDS                    |       0.000|     13|       0.000|       0.000|
slv : | solve_YTurb_MDS                  |       1.522|     13|       0.117|       0.223|
slv : | solve_YTurb_alg_MDS              |       0.483|     26|       0.019|       0.062|
slv : | update_BC_MDS                    |       0.000|     14|       0.000|       0.000|
slv : | update_Mf_after_DvGr             |       0.142|     13|       0.011|       0.018|
slv : | update_VelPressure_MDS           |       0.038|     13|       0.003|       0.005|
slv : +----------------------------------+------------+-------+------------+------------+
-----------------------------------------------------------------------
Memory Working Set Current = 289.91 Mb, Memory Working Set Peak = 292.09 Mb
Memory Private Bytes Current = 301.06 Mb, Memory Private Bytes Peak = 308.31 Mb
Process Threads Number: 14
-----------------------------------------------------------------------
Algebra Pool      : mem_usage = 194.69 Mb, allocated count = 1227

================== Tstep=13 ===================
<Dynamic P> on nsd = 0 {openings (inlet / outlet)}:
  (SP = Static Pressure, EP = Environment Pressure, TP = Total Pressure, E = External)
  {#0, E, (1.511491e+03 / 0.000000e+00)}
  {#1, E, (0.000000e+00 / 1.512305e+03)}
  {#2, E, (4.714055e-01 / 1.513813e+03)}
  {#3, E, (4.728626e-01 / 1.513808e+03)}
  {#4, E, (8.042618e+00 / 1.500523e+03)}
  {#5, E, (5.183955e-02 / 1.513429e+03)}
  MWS[  0]=2.25112
tau_viscous_averaged = 3935.62 
dt(mass,momentum; nsd=  0): min dt/dtG(ncv=   1611)=1.00 , max dt/dtG(ncv=  55642)=6.2    , dtG=0.0039824
Flow alg-view 0 in phys-view 0 isn't Neumann (not Multi Phase treating)
Face Momentum (sd=  0): max value of div(mf) (cv=10393) = 3.696055e-01
Flow alg-view 0 is not Neumann (not for Phase Change + Nested Iters)
+----+----+--------------+--------------+--------------+--------------+--------------+------+----+-+-+--+------+
|Name|view| Initial res  | Initial resL1| Target res   | Final res    | Final res L1 |Visits|Iter|R|F|CL|Status|
| BG |   0|  6.579124e-01|  5.695018e+00|  4.111953e-05|  1.954197e-05|  3.395546e-01|     7|  21|0|n|30|  OK  |
Face Momentum (sd=  0): max value of div(mf) (cv=9824) = 5.200574e-04
	norm_L2 of div(momentum) = 4.420640e-03.
Flow alg-view 0 in phys-view 0 isn't Neumann (not Multi Phase treating)
LOG: number of a-faces with weighted approximations in 0 subdomain: 5.00945 percent
LOG: Rate of a-faces corrected to CUp1st in 0 subdomain: 0.00470848 %
slv : SolveBL stage
|nsd|Real WF|NormalF|Cycle F|CriticF| EdgeF |CyclBrF|ExtParF|RWFnumSt|StLvlNum|  nfw  |  alp_U_min  |  nfw  |  alp_U_max  |  nfw  |  alp_T_min  |  nfw  |  alp_T_max  |  nfw  |  BL_s_min   |  nfw  |   BL_s_max  |
|  0|    804|    626|      0|     65|    113|      0|      0|     804|      15|   1110|0            |   1121|3.28742      |   1076|0            |   3460|6128.3       |   2531|-387.719     |   1076|0            |
Face Momentum (sd=  0): max value of div(mf) (cv=9824) = 5.200574e-04
	norm_L2 of div(momentum) = 4.420640e-03.
nsd = 0 BC: AP Inlet occurs on 5128 w-faces
+----+----+----+--------------+--------------+--------------+--------------+--------------+------+----+-+-+--+------+
|Name|view| n_y| Initial res  | Initial resL1| Target res   | Final res    | Final res L1 |Visits|Iter|R|F|CL|Status|
+----+----+----+--------------+--------------+--------------+--------------+--------------+------+----+-+-+--+------+
| 3M |   0|   0|  1.503262e+06|  1.608378e+05|  2.951387e+00|  2.901707e-02|  3.033491e+00|     2|   6|0|n|29|  OK  |
Velocity (predicted):
        (local) sd   0: min(  20059)=5.0851605222936      , max(   6387)=64.65535049549       
Flow alg-view 0 is not Neumann (not for Phase Change + Nested Iters)
+----+----+--------------+--------------+--------------+--------------+--------------+------+----+-+-+--+------+
|Name|view| Initial res  | Initial resL1| Target res   | Final res    | Final res L1 |Visits|Iter|R|F|CL|Status|
|DVGR|   0|  2.889665e+02|  7.033054e+02|  8.872901e-05|  5.047889e-05|  8.160615e-01|     7|  21|0|n|30|  OK  |
PRESSURE SOLVER(geom_index=  0): sum_C_dp=5.54638e-06
Face Momentum (sd=  0): max value of div(mf) (cv=14921) = 6.213477e-04
	norm_L2 of div(momentum) = 7.129839e-03.
nsd = 0 min_dtHy = 0.0039824 (nCV =	1611 ) max_dtHy = 0.024804 (nCV =	55642 ) 
+----+----+--------------+--------------+--------------+--------------+--------------+------+----+-+-+--+------+
|Name|view| Initial res  | Initial resL1| Target res   | Final res    | Final res L1 |Visits|Iter|R|F|CL|Status|
|CHT |   0|  9.624153e+07|  1.883730e+05|  6.015096e+03|  2.506788e-06|  1.203356e-02|     1|   9|0|n|30|  OK  |
nsd = 0 min_dtke = 0.00326387 (nCV =	37299 ) max_dtke = 0.0234333 (nCV =	55642 ) 
+----+----+----+--------------+--------------+--------------+--------------+--------------+------+----+-+-+--+------+
|Name|view| n_y| Initial res  | Initial resL1| Target res   | Final res    | Final res L1 |Visits|Iter|R|F|CL|Status|
+----+----+----+--------------+--------------+--------------+--------------+--------------+------+----+-+-+--+------+
|turb|   0|   0|  1.766226e+06|  5.233747e+04|  3.220709e-03|  5.455496e-08|  7.232220e-03|     2|  12|0|n|30|  OK  |
|turb|   0|   1|  2.572530e+08|  5.260837e+05|  6.484434e-03|  2.520895e-06|  4.464678e-02|     2|  12|0|n|30|  OK  |
Filter: K,E,momentum: sd =   0 isolating K from zero=      0 E from zero=    449 E from infinity=      0
slv : Fluid subdom(new) 0
slv : P static (new)                 : min(   5233) = 98234.264562092      , max(   7240) = 102978.3950608       
slv : Density (new)                  : min(   5233) = 1.1574291685141      , max(  19922) = 1.2200614638093      
slv : Velocity (new)                 : min(   7227) = 2.9916315647316      , max(  11953) = 64.712692725823      
slv : Mach number (new)              : min(   7227) = 0.0086998188575493   , max(  11953) = 0.18884413304324     
slv : Turbulent k (new)              : min(  55643) = 0.0034400223420265   , max(   1625) = 78.00378014099       
slv : Turbulent e (new)              : min(  12472) = 3.4085778407492e-05  , max(   1625) = 1014.4823360464      
slv : Temperature (new)              : min(  11953) = 292.35778225949      , max(   5234) = 296.09302023409      
slv : Total enthalpy, Y-shifted (new): min(  11944) = 1216.8357749748      , max(   5233) = 3641.6802537582      
slv : MASS FLUXES AT OPENINGS: MF=-9027.79, AP=9027.81
slv : DvGr statistics: min alpha=0.173245(nfa=58746, geom_slice=0)
slv : +----------------------------------+------------+-------+------------+------------+
slv : |          Collector name          | Total Time | Count |  Avg Time  |  Max Time  |
slv : +----------------------------------+------------+-------+------------+------------+
slv : | Calculate_inc                    |       7.005|     13|       0.539|       0.897|
slv : | CollectEMT_Results               |       0.000|     14|       0.000|       0.000|
slv : | HeatPathCalculator_Dynamic       |       0.016|      1|       0.016|       0.016|
slv : | LiSy_make_portrait               |       0.227|     73|       0.003|       0.016|
slv : | Results_processing               |       1.510|     13|       0.116|       0.152|
slv : | build_sl_ordering_CHT            |       0.018|     14|       0.001|       0.009|
slv : | build_sl_ordering_MDS            |       0.063|     14|       0.004|       0.025|
slv : | build_sl_ordering_fluid          |       0.063|     14|       0.004|       0.025|
slv : | calc_Convolutions_MDS            |       0.244|     14|       0.017|       0.028|
slv : | calc_wall_dist                   |       0.502|      1|       0.502|       0.502|
slv : | create_Gr_operators_MDS          |       0.246|     14|       0.018|       0.030|
slv : | create_Gr_operators_portrait_MDS |       0.127|     14|       0.009|       0.015|
slv : | init_Hy_group_MDS                |       0.216|     14|       0.015|       0.023|
slv : | perform_stage_total              |       6.762|    386|       0.018|       0.502|
slv : | precalc_at_start_MDS             |       0.663|      2|       0.332|       0.632|
slv : | solve_3M_MDS                     |       0.897|     14|       0.064|       0.114|
slv : | solve_3M_alg_MDS                 |       0.449|     14|       0.032|       0.066|
slv : | solve_BG_MDS                     |       0.634|     14|       0.045|       0.122|
slv : | solve_BG_alg_MDS                 |       0.454|     14|       0.032|       0.105|
slv : | solve_BL_MDS                     |       0.166|     14|       0.012|       0.027|
slv : | solve_CHT                        |       0.497|     14|       0.036|       0.056|
slv : | solve_CHT_MDS                    |       0.356|     14|       0.025|       0.038|
slv : | solve_CHT_alg_MDS                |       0.094|     14|       0.007|       0.016|
slv : | solve_DvGr_MDS                   |       1.749|     14|       0.125|       0.188|
slv : | solve_DvGr_alg_MDS               |       0.962|     14|       0.069|       0.115|
slv : | solve_INPR_MDS                   |       0.000|      1|       0.000|       0.000|
slv : | solve_PS+QJ                      |       0.000|      0|       0.000|       0.000|
slv : | solve_YLMA_MDS                   |       0.000|     14|       0.000|       0.000|
slv : | solve_YNOx_MDS                   |       0.000|     14|       0.000|       0.000|
slv : | solve_YTd_MDS                    |       0.000|     14|       0.000|       0.000|
slv : | solve_YTurb_MDS                  |       1.637|     14|       0.117|       0.223|
slv : | solve_YTurb_alg_MDS              |       0.530|     28|       0.019|       0.062|
slv : | update_BC_MDS                    |       0.000|     15|       0.000|       0.000|
slv : | update_Mf_after_DvGr             |       0.151|     14|       0.011|       0.018|
slv : | update_VelPressure_MDS           |       0.040|     14|       0.003|       0.005|
slv : +----------------------------------+------------+-------+------------+------------+
-----------------------------------------------------------------------
Memory Working Set Current = 290.14 Mb, Memory Working Set Peak = 292.58 Mb
Memory Private Bytes Current = 301.30 Mb, Memory Private Bytes Peak = 308.70 Mb
Process Threads Number: 14
-----------------------------------------------------------------------
Algebra Pool      : mem_usage = 194.69 Mb, allocated count = 1224

================== Tstep=14 ===================
<Dynamic P> on nsd = 0 {openings (inlet / outlet)}:
  (SP = Static Pressure, EP = Environment Pressure, TP = Total Pressure, E = External)
  {#0, E, (1.511476e+03 / 0.000000e+00)}
  {#1, E, (0.000000e+00 / 1.512200e+03)}
  {#2, E, (4.981360e-01 / 1.513808e+03)}
  {#3, E, (5.001161e-01 / 1.513796e+03)}
  {#4, E, (8.582603e+00 / 1.500026e+03)}
  {#5, E, (5.641568e-02 / 1.513473e+03)}
  MWS[  0]=2.24113
tau_viscous_averaged = 3626.34 
dt(mass,momentum; nsd=  0): min dt/dtG(ncv=   1611)=1.00 , max dt/dtG(ncv=  55642)=6.2    , dtG=0.00399114
Flow alg-view 0 in phys-view 0 isn't Neumann (not Multi Phase treating)
Face Momentum (sd=  0): max value of div(mf) (cv=4251) = 4.414150e-01
Flow alg-view 0 is not Neumann (not for Phase Change + Nested Iters)
+----+----+--------------+--------------+--------------+--------------+--------------+------+----+-+-+--+------+
|Name|view| Initial res  | Initial resL1| Target res   | Final res    | Final res L1 |Visits|Iter|R|F|CL|Status|
| BG |   0|  6.467840e-01|  5.115266e+00|  4.042400e-05|  1.770745e-05|  3.275302e-01|     7|  21|0|n|30|  OK  |
Face Momentum (sd=  0): max value of div(mf) (cv=16951) = 4.956133e-04
	norm_L2 of div(momentum) = 4.208043e-03.
Flow alg-view 0 in phys-view 0 isn't Neumann (not Multi Phase treating)
LOG: number of a-faces with weighted approximations in 0 subdomain: 5.07166 percent
LOG: Rate of a-faces corrected to CUp1st in 0 subdomain: 0.00437471 %
slv : SolveBL stage
|nsd|Real WF|NormalF|Cycle F|CriticF| EdgeF |CyclBrF|ExtParF|RWFnumSt|StLvlNum|  nfw  |  alp_U_min  |  nfw  |  alp_U_max  |  nfw  |  alp_T_min  |  nfw  |  alp_T_max  |  nfw  |  BL_s_min   |  nfw  |   BL_s_max  |
|  0|    804|    645|      0|     61|     98|      0|      0|     804|      18|   1192|0            |   1121|3.38285      |   1076|0            |   2543|4166.05      |   1528|-381.902     |   1076|0            |
Face Momentum (sd=  0): max value of div(mf) (cv=16951) = 4.956133e-04
	norm_L2 of div(momentum) = 4.208043e-03.
nsd = 0 BC: AP Inlet occurs on 5091 w-faces
+----+----+----+--------------+--------------+--------------+--------------+--------------+------+----+-+-+--+------+
|Name|view| n_y| Initial res  | Initial resL1| Target res   | Final res    | Final res L1 |Visits|Iter|R|F|CL|Status|
+----+----+----+--------------+--------------+--------------+--------------+--------------+------+----+-+-+--+------+
| 3M |   0|   0|  1.298597e+06|  1.555148e+05|  2.924517e+00|  4.752645e-02|  3.717794e+00|     2|   6|0|n|29|  OK  |
Velocity (predicted):
        (local) sd   0: min(  20059)=4.9971617758338      , max(   7245)=66.572654319828      
Flow alg-view 0 is not Neumann (not for Phase Change + Nested Iters)
+----+----+--------------+--------------+--------------+--------------+--------------+------+----+-+-+--+------+
|Name|view| Initial res  | Initial resL1| Target res   | Final res    | Final res L1 |Visits|Iter|R|F|CL|Status|
|DVGR|   0|  1.371717e+02|  5.796461e+02|  8.730907e-05|  4.735752e-05|  7.903481e-01|     7|  21|0|n|30|  OK  |
PRESSURE SOLVER(geom_index=  0): sum_C_dp=-2.0822e-05
Face Momentum (sd=  0): max value of div(mf) (cv=18497) = 4.926956e-04
	norm_L2 of div(momentum) = 6.909716e-03.
nsd = 0 min_dtHy = 0.00399114 (nCV =	1611 ) max_dtHy = 0.0248303 (nCV =	55642 ) 
+----+----+--------------+--------------+--------------+--------------+--------------+------+----+-+-+--+------+
|Name|view| Initial res  | Initial resL1| Target res   | Final res    | Final res L1 |Visits|Iter|R|F|CL|Status|
|CHT |   0|  9.496784e+07|  1.967535e+05|  5.935490e+03|  4.862167e-06|  1.685655e-02|     1|   9|0|n|30|  OK  |
nsd = 0 min_dtke = 0.00324184 (nCV =	37299 ) max_dtke = 0.0234656 (nCV =	55642 ) 
+----+----+----+--------------+--------------+--------------+--------------+--------------+------+----+-+-+--+------+
|Name|view| n_y| Initial res  | Initial resL1| Target res   | Final res    | Final res L1 |Visits|Iter|R|F|CL|Status|
+----+----+----+--------------+--------------+--------------+--------------+--------------+------+----+-+-+--+------+
|turb|   0|   0|  1.781798e+06|  5.316823e+04|  3.168966e-03|  5.980679e-08|  8.318382e-03|     2|  12|0|n|30|  OK  |
|turb|   0|   1|  2.617612e+08|  5.294305e+05|  6.322964e-03|  2.744690e-06|  5.397158e-02|     2|  12|0|n|30|  OK  |
Filter: K,E,momentum: sd =   0 isolating K from zero=      0 E from zero=    568 E from infinity=      0
slv : Fluid subdom(new) 0
slv : P static (new)                 : min(   5233) = 98186.911151555      , max(  18314) = 103049.91055122      
slv : Density (new)                  : min(   5233) = 1.1568048867893      , max(  20018) = 1.2196827787841      
slv : Velocity (new)                 : min(   7227) = 3.5211337760035      , max(   7245) = 66.373716738467      
slv : Mach number (new)              : min(   7227) = 0.010239681245773    , max(   7245) = 0.1937331637439      
slv : Turbulent k (new)              : min(  55643) = 0.003409409806312    , max(   1625) = 74.353106703135      
slv : Turbulent e (new)              : min(  24774) = 0.00012021494902271  , max(   1625) = 989.12804833515      
slv : Temperature (new)              : min(   7245) = 292.23089540097      , max(   5234) = 296.14473936024      
slv : Total enthalpy, Y-shifted (new): min(  11945) = 1213.6604724689      , max(   5233) = 3684.0337392945      
slv : MASS FLUXES AT OPENINGS: MF=-9027.79, AP=9027.83
slv : DvGr statistics: min alpha=0.172146(nfa=52471, geom_slice=0)
slv : +----------------------------------+------------+-------+------------+------------+
slv : |          Collector name          | Total Time | Count |  Avg Time  |  Max Time  |
slv : +----------------------------------+------------+-------+------------+------------+
slv : | Calculate_inc                    |       7.481|     14|       0.534|       0.897|
slv : | CollectEMT_Results               |       0.000|     15|       0.000|       0.000|
slv : | HeatPathCalculator_Dynamic       |       0.016|      1|       0.016|       0.016|
slv : | LiSy_make_portrait               |       0.241|     77|       0.003|       0.016|
slv : | Results_processing               |       1.613|     14|       0.115|       0.152|
slv : | build_sl_ordering_CHT            |       0.018|     15|       0.001|       0.009|
slv : | build_sl_ordering_MDS            |       0.063|     15|       0.004|       0.025|
slv : | build_sl_ordering_fluid          |       0.063|     15|       0.004|       0.025|
slv : | calc_Convolutions_MDS            |       0.259|     15|       0.017|       0.028|
slv : | calc_wall_dist                   |       0.502|      1|       0.502|       0.502|
slv : | create_Gr_operators_MDS          |       0.261|     15|       0.017|       0.030|
slv : | create_Gr_operators_portrait_MDS |       0.133|     15|       0.009|       0.015|
slv : | init_Hy_group_MDS                |       0.233|     15|       0.016|       0.023|
slv : | perform_stage_total              |       7.213|    413|       0.017|       0.502|
slv : | precalc_at_start_MDS             |       0.663|      2|       0.332|       0.632|
slv : | solve_3M_MDS                     |       0.956|     15|       0.064|       0.114|
slv : | solve_3M_alg_MDS                 |       0.481|     15|       0.032|       0.066|
slv : | solve_BG_MDS                     |       0.672|     15|       0.045|       0.122|
slv : | solve_BG_alg_MDS                 |       0.480|     15|       0.032|       0.105|
slv : | solve_BL_MDS                     |       0.178|     15|       0.012|       0.027|
slv : | solve_CHT                        |       0.526|     15|       0.035|       0.056|
slv : | solve_CHT_MDS                    |       0.378|     15|       0.025|       0.038|
slv : | solve_CHT_alg_MDS                |       0.100|     15|       0.007|       0.016|
slv : | solve_DvGr_MDS                   |       1.907|     15|       0.127|       0.188|
slv : | solve_DvGr_alg_MDS               |       1.037|     15|       0.069|       0.115|
slv : | solve_INPR_MDS                   |       0.000|      1|       0.000|       0.000|
slv : | solve_PS+QJ                      |       0.000|      0|       0.000|       0.000|
slv : | solve_YLMA_MDS                   |       0.000|     15|       0.000|       0.000|
slv : | solve_YNOx_MDS                   |       0.000|     15|       0.000|       0.000|
slv : | solve_YTd_MDS                    |       0.000|     15|       0.000|       0.000|
slv : | solve_YTurb_MDS                  |       1.754|     15|       0.117|       0.223|
slv : | solve_YTurb_alg_MDS              |       0.579|     30|       0.019|       0.062|
slv : | update_BC_MDS                    |       0.000|     16|       0.000|       0.000|
slv : | update_Mf_after_DvGr             |       0.159|     15|       0.011|       0.018|
slv : | update_VelPressure_MDS           |       0.042|     15|       0.003|       0.005|
slv : +----------------------------------+------------+-------+------------+------------+
Interpolator cache: total calls 4983, optimised calls 456 (9.2 %)
-----------------------------------------------------------------------
Memory Working Set Current = 290.17 Mb, Memory Working Set Peak = 292.58 Mb
Memory Private Bytes Current = 302.06 Mb, Memory Private Bytes Peak = 308.70 Mb
Process Threads Number: 14
-----------------------------------------------------------------------
Iteration : time = 3.79544 , count = 5 , time/count = 0.759087
Calculate_inc() : time = 3.15966 , count = 5 , time/count = 0.631932
TreatFlowEvolution() : time = 0.347909 , count = 5 , time/count = 0.0695818
SolverPreview : time = 0.277893 , count = 5 , time/count = 0.0555786
TreatGoals : time = 0.342921 , count = 5 , time/count = 0.0685842
Algebra Pool      : mem_usage = 194.69 Mb, allocated count = 1220

================== Tstep=15 ===================
<Dynamic P> on nsd = 0 {openings (inlet / outlet)}:
  (SP = Static Pressure, EP = Environment Pressure, TP = Total Pressure, E = External)
  {#0, E, (1.511439e+03 / 0.000000e+00)}
  {#1, E, (0.000000e+00 / 1.512075e+03)}
  {#2, E, (5.241031e-01 / 1.513815e+03)}
  {#3, E, (5.258207e-01 / 1.513787e+03)}
  {#4, E, (9.140904e+00 / 1.499644e+03)}
  {#5, E, (6.092168e-02 / 1.513481e+03)}
  MWS[  0]=2.29725
tau_viscous_averaged = 3298.39 
dt(mass,momentum; nsd=  0): min dt/dtG(ncv=  19922)=1.00 , max dt/dtG(ncv=  55642)=6.2    , dtG=0.00598502
Flow alg-view 0 in phys-view 0 isn't Neumann (not Multi Phase treating)
Face Momentum (sd=  0): max value of div(mf) (cv=4290) = 1.914321e-01
Flow alg-view 0 is not Neumann (not for Phase Change + Nested Iters)
+----+----+--------------+--------------+--------------+--------------+--------------+------+----+-+-+--+------+
|Name|view| Initial res  | Initial resL1| Target res   | Final res    | Final res L1 |Visits|Iter|R|F|CL|Status|
| BG |   0|  5.632212e-01|  5.531332e+00|  3.520133e-05|  1.838298e-05|  3.402099e-01|     7|  21|0|n|30|  OK  |
Face Momentum (sd=  0): max value of div(mf) (cv=22968) = 4.495416e-04
	norm_L2 of div(momentum) = 4.287543e-03.
Flow alg-view 0 in phys-view 0 isn't Neumann (not Multi Phase treating)
LOG: number of a-faces with weighted approximations in 0 subdomain: 5.0244 percent
LOG: Rate of a-faces corrected to CUp1st in 0 subdomain: 0.00176981 %
slv : SolveBL stage
|nsd|Real WF|NormalF|Cycle F|CriticF| EdgeF |CyclBrF|ExtParF|RWFnumSt|StLvlNum|  nfw  |  alp_U_min  |  nfw  |  alp_U_max  |  nfw  |  alp_T_min  |  nfw  |  alp_T_max  |  nfw  |  BL_s_min   |  nfw  |   BL_s_max  |
|  0|    804|    656|      0|     57|     91|      0|      0|     804|      18|   1194|0            |   1121|3.4744       |   1076|0            |   2513|8484.18      |   2528|-358.987     |   1076|0            |
Face Momentum (sd=  0): max value of div(mf) (cv=22968) = 4.495416e-04
	norm_L2 of div(momentum) = 4.287543e-03.
nsd = 0 BC: AP Inlet occurs on 5052 w-faces
+----+----+----+--------------+--------------+--------------+--------------+--------------+------+----+-+-+--+------+
|Name|view| n_y| Initial res  | Initial resL1| Target res   | Final res    | Final res L1 |Visits|Iter|R|F|CL|Status|
+----+----+----+--------------+--------------+--------------+--------------+--------------+------+----+-+-+--+------+
| 3M |   0|   0|  1.178662e+06|  1.535683e+05|  2.045771e+00|  7.449599e-01|  1.723685e+01|     2|   6|0|n|29|  OK  |
Velocity (predicted):
        (local) sd   0: min(   7732)=2.0021948809712      , max(   7245)=69.053411711579      
Flow alg-view 0 is not Neumann (not for Phase Change + Nested Iters)
+----+----+--------------+--------------+--------------+--------------+--------------+------+----+-+-+--+------+
|Name|view| Initial res  | Initial resL1| Target res   | Final res    | Final res L1 |Visits|Iter|R|F|CL|Status|
|DVGR|   0|  1.698666e+02|  6.586072e+02|  2.148721e-04|  1.695797e-04|  1.484816e+00|     7|  21|0|n|30|  OK  |
PRESSURE SOLVER(geom_index=  0): sum_C_dp=0.000517192
Face Momentum (sd=  0): max value of div(mf) (cv=18497) = 1.095049e-03
	norm_L2 of div(momentum) = 1.304469e-02.
nsd = 0 min_dtHy = 0.00598502 (nCV =	19922 ) max_dtHy = 0.0370101 (nCV =	55642 ) 
+----+----+--------------+--------------+--------------+--------------+--------------+------+----+-+-+--+------+
|Name|view| Initial res  | Initial resL1| Target res   | Final res    | Final res L1 |Visits|Iter|R|F|CL|Status|
|CHT |   0|  1.004694e+08|  2.084329e+05|  5.217985e+03|  8.670253e-02|  2.926485e+00|     1|   9|0|n|30|  OK  |
nsd = 0 min_dtke = 0.00438028 (nCV =	37299 ) max_dtke = 0.0340703 (nCV =	55642 ) 
+----+----+----+--------------+--------------+--------------+--------------+--------------+------+----+-+-+--+------+
|Name|view| n_y| Initial res  | Initial resL1| Target res   | Final res    | Final res L1 |Visits|Iter|R|F|CL|Status|
+----+----+----+--------------+--------------+--------------+--------------+--------------+------+----+-+-+--+------+
|turb|   0|   0|  1.801436e+06|  5.421001e+04|  2.373489e-03|  7.781705e-05|  4.125191e-01|     2|  12|0|n|30|  OK  |
|turb|   0|   1|  2.475503e+08|  5.486851e+05|  4.980342e-03|  3.529509e-03|  2.715488e+00|     2|  12|0|n|30|  OK  |
Filter: K,E,momentum: sd =   0 isolating K from zero=      0 E from zero=    456 E from infinity=      0
slv : Fluid subdom(new) 0
slv : P static (new)                 : min(   5233) = 98141.081376478      , max(   7241) = 102964.37294531      
slv : Density (new)                  : min(   5233) = 1.1561733153242      , max(  19922) = 1.2208567025327      
slv : Velocity (new)                 : min(  18312) = 4.156529294094       , max(   7245) = 68.785435589054      
slv : Mach number (new)              : min(  18312) = 0.012087190757734    , max(   7245) = 0.20082872963647     
slv : Turbulent k (new)              : min(  55643) = 0.0033680184094947   , max(   1625) = 66.821697029897      
slv : Turbulent e (new)              : min(  24774) = 0.0002269147283036   , max(   1625) = 919.57075005128      
slv : Temperature (new)              : min(   7245) = 292.06661170106      , max(   5234) = 296.21620270707      
slv : Total enthalpy, Y-shifted (new): min(  11949) = 1210.9903286725      , max(   5233) = 3744.1113874391      
slv : MASS FLUXES AT OPENINGS: MF=-9027.79, AP=9027.83
slv : DvGr statistics: min alpha=0.17252(nfa=52471, geom_slice=0)
slv : +----------------------------------+------------+-------+------------+------------+
slv : |          Collector name          | Total Time | Count |  Avg Time  |  Max Time  |
slv : +----------------------------------+------------+-------+------------+------------+
slv : | Calculate_inc                    |       8.015|     15|       0.534|       0.897|
slv : | CollectEMT_Results               |       0.000|     16|       0.000|       0.000|
slv : | HeatPathCalculator_Dynamic       |       0.016|      1|       0.016|       0.016|
slv : | LiSy_make_portrait               |       0.251|     81|       0.003|       0.016|
slv : | Results_processing               |       1.718|     15|       0.115|       0.152|
slv : | build_sl_ordering_CHT            |       0.018|     16|       0.001|       0.009|
slv : | build_sl_ordering_MDS            |       0.063|     16|       0.004|       0.025|
slv : | build_sl_ordering_fluid          |       0.063|     16|       0.004|       0.025|
slv : | calc_Convolutions_MDS            |       0.273|     16|       0.017|       0.028|
slv : | calc_wall_dist                   |       0.502|      1|       0.502|       0.502|
slv : | create_Gr_operators_MDS          |       0.278|     16|       0.017|       0.030|
slv : | create_Gr_operators_portrait_MDS |       0.139|     16|       0.009|       0.015|
slv : | init_Hy_group_MDS                |       0.245|     16|       0.015|       0.023|
slv : | perform_stage_total              |       7.736|    440|       0.018|       0.502|
slv : | precalc_at_start_MDS             |       0.663|      2|       0.332|       0.632|
slv : | solve_3M_MDS                     |       1.017|     16|       0.064|       0.114|
slv : | solve_3M_alg_MDS                 |       0.514|     16|       0.032|       0.066|
slv : | solve_BG_MDS                     |       0.711|     16|       0.044|       0.122|
slv : | solve_BG_alg_MDS                 |       0.508|     16|       0.032|       0.105|
slv : | solve_BL_MDS                     |       0.190|     16|       0.012|       0.027|
slv : | solve_CHT                        |       0.556|     16|       0.035|       0.056|
slv : | solve_CHT_MDS                    |       0.398|     16|       0.025|       0.038|
slv : | solve_CHT_alg_MDS                |       0.105|     16|       0.007|       0.016|
slv : | solve_DvGr_MDS                   |       2.006|     16|       0.125|       0.188|
slv : | solve_DvGr_alg_MDS               |       1.085|     16|       0.068|       0.115|
slv : | solve_INPR_MDS                   |       0.000|      1|       0.000|       0.000|
slv : | solve_PS+QJ                      |       0.000|      0|       0.000|       0.000|
slv : | solve_YLMA_MDS                   |       0.000|     16|       0.000|       0.000|
slv : | solve_YNOx_MDS                   |       0.000|     16|       0.000|       0.000|
slv : | solve_YTd_MDS                    |       0.000|     16|       0.000|       0.000|
slv : | solve_YTurb_MDS                  |       1.999|     16|       0.125|       0.245|
slv : | solve_YTurb_alg_MDS              |       0.737|     32|       0.023|       0.100|
slv : | update_BC_MDS                    |       0.000|     17|       0.000|       0.000|
slv : | update_Mf_after_DvGr             |       0.168|     16|       0.011|       0.018|
slv : | update_VelPressure_MDS           |       0.045|     16|       0.003|       0.005|
slv : +----------------------------------+------------+-------+------------+------------+
-----------------------------------------------------------------------
Memory Working Set Current = 289.80 Mb, Memory Working Set Peak = 292.58 Mb
Memory Private Bytes Current = 300.99 Mb, Memory Private Bytes Peak = 308.70 Mb
Process Threads Number: 14
-----------------------------------------------------------------------
Algebra Pool      : mem_usage = 194.69 Mb, allocated count = 1227

================== Tstep=16 ===================
<Dynamic P> on nsd = 0 {openings (inlet / outlet)}:
  (SP = Static Pressure, EP = Environment Pressure, TP = Total Pressure, E = External)
  {#0, E, (1.511420e+03 / 0.000000e+00)}
  {#1, E, (0.000000e+00 / 1.511826e+03)}
  {#2, E, (5.565306e-01 / 1.513749e+03)}
  {#3, E, (5.587343e-01 / 1.513722e+03)}
  {#4, E, (9.997787e+00 / 1.499116e+03)}
  {#5, E, (6.810364e-02 / 1.513506e+03)}
  MWS[  0]=2.37908
tau_viscous_averaged = 3191.72 
dt(mass,momentum; nsd=  0): min dt/dtG(ncv=  20023)=1.00 , max dt/dtG(ncv=  55642)=6.4    , dtG=0.00577222
Flow alg-view 0 in phys-view 0 isn't Neumann (not Multi Phase treating)
Face Momentum (sd=  0): max value of div(mf) (cv=10560) = 2.226116e-01
Flow alg-view 0 is not Neumann (not for Phase Change + Nested Iters)
+----+----+--------------+--------------+--------------+--------------+--------------+------+----+-+-+--+------+
|Name|view| Initial res  | Initial resL1| Target res   | Final res    | Final res L1 |Visits|Iter|R|F|CL|Status|
| BG |   0|  8.459366e-01|  7.987527e+00|  5.287104e-05|  2.986249e-05|  4.397318e-01|     7|  21|0|n|30|  OK  |
Face Momentum (sd=  0): max value of div(mf) (cv=22717) = 5.304426e-04
	norm_L2 of div(momentum) = 5.464671e-03.
Flow alg-view 0 in phys-view 0 isn't Neumann (not Multi Phase treating)
LOG: number of a-faces with weighted approximations in 0 subdomain: 5.16198 percent
LOG: Rate of a-faces corrected to CUp1st in 0 subdomain: 0.00122116 %
slv : SolveBL stage
|nsd|Real WF|NormalF|Cycle F|CriticF| EdgeF |CyclBrF|ExtParF|RWFnumSt|StLvlNum|  nfw  |  alp_U_min  |  nfw  |  alp_U_max  |  nfw  |  alp_T_min  |  nfw  |  alp_T_max  |  nfw  |  BL_s_min   |  nfw  |   BL_s_max  |
|  0|    804|    670|      0|     42|     92|      0|      0|     804|      16|   1202|0            |   1121|3.57873      |   1076|0            |   1182|23713.2      |   1448|-346.76      |   1076|0            |
Face Momentum (sd=  0): max value of div(mf) (cv=22717) = 5.304426e-04
	norm_L2 of div(momentum) = 5.464671e-03.
nsd = 0 BC: AP Inlet occurs on 4998 w-faces
+----+----+----+--------------+--------------+--------------+--------------+--------------+------+----+-+-+--+------+
|Name|view| n_y| Initial res  | Initial resL1| Target res   | Final res    | Final res L1 |Visits|Iter|R|F|CL|Status|
+----+----+----+--------------+--------------+--------------+--------------+--------------+------+----+-+-+--+------+
| 3M |   0|   0|  1.187257e+06|  1.532802e+05|  2.205256e+00|  7.420380e-01|  1.731784e+01|     2|   6|0|n|29|  OK  |
Velocity (predicted):
        (local) sd   0: min(   7240)=3.1978121397971      , max(   7245)=70.728727733846      
Flow alg-view 0 is not Neumann (not for Phase Change + Nested Iters)
+----+----+--------------+--------------+--------------+--------------+--------------+------+----+-+-+--+------+
|Name|view| Initial res  | Initial resL1| Target res   | Final res    | Final res L1 |Visits|Iter|R|F|CL|Status|
|DVGR|   0|  1.954856e+02|  7.043893e+02|  2.438815e-04|  6.396505e-05|  1.042102e+00|     8|  24|0|n|30|  OK  |
PRESSURE SOLVER(geom_index=  0): sum_C_dp=-0.000114297
Face Momentum (sd=  0): max value of div(mf) (cv=5212) = 5.375531e-04
	norm_L2 of div(momentum) = 8.025495e-03.
nsd = 0 min_dtHy = 0.00577222 (nCV =	20023 ) max_dtHy = 0.0366709 (nCV =	55642 ) 
+----+----+--------------+--------------+--------------+--------------+--------------+------+----+-+-+--+------+
|Name|view| Initial res  | Initial resL1| Target res   | Final res    | Final res L1 |Visits|Iter|R|F|CL|Status|
|CHT |   0|  1.024661e+08|  2.182584e+05|  5.899784e+03|  1.722864e-01|  4.061005e+00|     1|   9|0|n|30|  OK  |
nsd = 0 min_dtke = 0.00432865 (nCV =	37299 ) max_dtke = 0.0338072 (nCV =	55642 ) 
+----+----+----+--------------+--------------+--------------+--------------+--------------+------+----+-+-+--+------+
|Name|view| n_y| Initial res  | Initial resL1| Target res   | Final res    | Final res L1 |Visits|Iter|R|F|CL|Status|
+----+----+----+--------------+--------------+--------------+--------------+--------------+------+----+-+-+--+------+
|turb|   0|   0|  1.696693e+06|  5.265428e+04|  2.753403e-03|  6.503513e-05|  4.311543e-01|     2|  12|0|n|30|  OK  |
|turb|   0|   1|  2.048277e+08|  5.222316e+05|  6.196459e-03|  3.233250e-03|  2.852034e+00|     2|  12|0|n|30|  OK  |
Filter: K,E,momentum: sd =   0 isolating K from zero=      0 E from zero=    429 E from infinity=      0
slv : Fluid subdom(new) 0
slv : P static (new)                 : min(   5233) = 98080.305311689      , max(   7241) = 102998.39462912      
slv : Density (new)                  : min(   5233) = 1.1553715404568      , max(  19922) = 1.2206290857184      
slv : Velocity (new)                 : min(   7606) = 0.47040311865738     , max(   7245) = 70.493047620984      
slv : Mach number (new)              : min(   7606) = 0.001367970678788    , max(   7245) = 0.20585644707836     
slv : Turbulent k (new)              : min(  55643) = 0.0033297943893642   , max(   1755) = 58.763012831577      
slv : Turbulent e (new)              : min(  20117) = 0.00012144143274698  , max(   1755) = 830.51506033736      
slv : Temperature (new)              : min(   7245) = 291.94656742665      , max(   5257) = 296.32727140967      
slv : Total enthalpy, Y-shifted (new): min(   7171) = 1210.5497103614      , max(   5233) = 3804.1822669834      
slv : MASS FLUXES AT OPENINGS: MF=-9027.79, AP=9027.84
slv : DvGr statistics: min alpha=0.166457(nfa=20490, geom_slice=0)
slv : +----------------------------------+------------+-------+------------+------------+
slv : |          Collector name          | Total Time | Count |  Avg Time  |  Max Time  |
slv : +----------------------------------+------------+-------+------------+------------+
slv : | Calculate_inc                    |       8.620|     16|       0.539|       0.897|
slv : | CollectEMT_Results               |       0.000|     17|       0.000|       0.000|
slv : | HeatPathCalculator_Dynamic       |       0.016|      1|       0.016|       0.016|
slv : | LiSy_make_portrait               |       0.269|     85|       0.003|       0.016|
slv : | Results_processing               |       1.849|     16|       0.116|       0.152|
slv : | build_sl_ordering_CHT            |       0.018|     17|       0.001|       0.009|
slv : | build_sl_ordering_MDS            |       0.064|     17|       0.004|       0.025|
slv : | build_sl_ordering_fluid          |       0.063|     17|       0.004|       0.025|
slv : | calc_Convolutions_MDS            |       0.288|     17|       0.017|       0.028|
slv : | calc_wall_dist                   |       0.502|      1|       0.502|       0.502|
slv : | create_Gr_operators_MDS          |       0.302|     17|       0.018|       0.030|
slv : | create_Gr_operators_portrait_MDS |       0.150|     17|       0.009|       0.015|
slv : | init_Hy_group_MDS                |       0.267|     17|       0.016|       0.023|
slv : | perform_stage_total              |       8.384|    467|       0.018|       0.502|
slv : | precalc_at_start_MDS             |       0.663|      2|       0.332|       0.632|
slv : | solve_3M_MDS                     |       1.129|     17|       0.066|       0.114|
slv : | solve_3M_alg_MDS                 |       0.572|     17|       0.034|       0.066|
slv : | solve_BG_MDS                     |       0.747|     17|       0.044|       0.122|
slv : | solve_BG_alg_MDS                 |       0.534|     17|       0.031|       0.105|
slv : | solve_BL_MDS                     |       0.199|     17|       0.012|       0.027|
slv : | solve_CHT                        |       0.604|     17|       0.036|       0.056|
slv : | solve_CHT_MDS                    |       0.432|     17|       0.025|       0.038|
slv : | solve_CHT_alg_MDS                |       0.114|     17|       0.007|       0.016|
slv : | solve_DvGr_MDS                   |       2.200|     17|       0.129|       0.194|
slv : | solve_DvGr_alg_MDS               |       1.192|     17|       0.070|       0.115|
slv : | solve_INPR_MDS                   |       0.000|      1|       0.000|       0.000|
slv : | solve_PS+QJ                      |       0.000|      0|       0.000|       0.000|
slv : | solve_YLMA_MDS                   |       0.000|     17|       0.000|       0.000|
slv : | solve_YNOx_MDS                   |       0.000|     17|       0.000|       0.000|
slv : | solve_YTd_MDS                    |       0.000|     17|       0.000|       0.000|
slv : | solve_YTurb_MDS                  |       2.205|     17|       0.130|       0.245|
slv : | solve_YTurb_alg_MDS              |       0.838|     34|       0.025|       0.100|
slv : | update_BC_MDS                    |       0.000|     18|       0.000|       0.000|
slv : | update_Mf_after_DvGr             |       0.188|     17|       0.011|       0.020|
slv : | update_VelPressure_MDS           |       0.050|     17|       0.003|       0.005|
slv : +----------------------------------+------------+-------+------------+------------+
-----------------------------------------------------------------------
Memory Working Set Current = 286.72 Mb, Memory Working Set Peak = 292.58 Mb
Memory Private Bytes Current = 297.82 Mb, Memory Private Bytes Peak = 308.70 Mb
Process Threads Number: 14
-----------------------------------------------------------------------
Algebra Pool      : mem_usage = 194.69 Mb, allocated count = 1221

================== Tstep=17 ===================
<Dynamic P> on nsd = 0 {openings (inlet / outlet)}:
  (SP = Static Pressure, EP = Environment Pressure, TP = Total Pressure, E = External)
  {#0, E, (1.511379e+03 / 0.000000e+00)}
  {#1, E, (0.000000e+00 / 1.511514e+03)}
  {#2, E, (5.908126e-01 / 1.513795e+03)}
  {#3, E, (5.928348e-01 / 1.513780e+03)}
  {#4, E, (1.093150e+01 / 1.498922e+03)}
  {#5, E, (7.491400e-02 / 1.513596e+03)}
  MWS[  0]=2.4417
tau_viscous_averaged = 3034.64 
dt(mass,momentum; nsd=  0): min dt/dtG(ncv=  20023)=1.00 , max dt/dtG(ncv=  55642)=6.5    , dtG=0.00559926
Flow alg-view 0 in phys-view 0 isn't Neumann (not Multi Phase treating)
Face Momentum (sd=  0): max value of div(mf) (cv=4304) = 4.322269e-01
Flow alg-view 0 is not Neumann (not for Phase Change + Nested Iters)
+----+----+--------------+--------------+--------------+--------------+--------------+------+----+-+-+--+------+
|Name|view| Initial res  | Initial resL1| Target res   | Final res    | Final res L1 |Visits|Iter|R|F|CL|Status|
| BG |   0|  1.206814e+00|  8.075137e+00|  7.542586e-05|  3.042481e-05|  4.582220e-01|     7|  21|0|n|30|  OK  |
Face Momentum (sd=  0): max value of div(mf) (cv=22972) = 6.656264e-04
	norm_L2 of div(momentum) = 5.515881e-03.
Flow alg-view 0 in phys-view 0 isn't Neumann (not Multi Phase treating)
LOG: number of a-faces with weighted approximations in 0 subdomain: 5.23196 percent
LOG: Rate of a-faces corrected to CUp1st in 0 subdomain: 0.01297 %
slv : SolveBL stage
|nsd|Real WF|NormalF|Cycle F|CriticF| EdgeF |CyclBrF|ExtParF|RWFnumSt|StLvlNum|  nfw  |  alp_U_min  |  nfw  |  alp_U_max  |  nfw  |  alp_T_min  |  nfw  |  alp_T_max  |  nfw  |  BL_s_min   |  nfw  |   BL_s_max  |
|  0|    804|    676|      0|     38|     90|      0|      0|     804|      16|   1464|0            |   1121|3.67344      |   1076|0            |   1186|26085.9      |   1518|-306.206     |   1076|0            |
Face Momentum (sd=  0): max value of div(mf) (cv=22972) = 6.656264e-04
	norm_L2 of div(momentum) = 5.515881e-03.
nsd = 0 BC: AP Inlet occurs on 4944 w-faces
+----+----+----+--------------+--------------+--------------+--------------+--------------+------+----+-+-+--+------+
|Name|view| n_y| Initial res  | Initial resL1| Target res   | Final res    | Final res L1 |Visits|Iter|R|F|CL|Status|
+----+----+----+--------------+--------------+--------------+--------------+--------------+------+----+-+-+--+------+
| 3M |   0|   0|  1.164078e+06|  1.542918e+05|  2.332975e+00|  7.476159e-01|  1.742387e+01|     2|   6|0|n|29|  OK  |
Velocity (predicted):
        (local) sd   0: min(   7241)=2.9044835166155      , max(   7174)=71.987941533157      
Flow alg-view 0 is not Neumann (not for Phase Change + Nested Iters)
+----+----+--------------+--------------+--------------+--------------+--------------+------+----+-+-+--+------+
|Name|view| Initial res  | Initial resL1| Target res   | Final res    | Final res L1 |Visits|Iter|R|F|CL|Status|
|DVGR|   0|  3.032838e+02|  8.167384e+02|  2.677654e-04|  6.459399e-05|  9.769515e-01|     8|  24|0|n|30|  OK  |
PRESSURE SOLVER(geom_index=  0): sum_C_dp=0.000367027
Face Momentum (sd=  0): max value of div(mf) (cv=7200) = 5.294372e-04
	norm_L2 of div(momentum) = 8.064728e-03.
nsd = 0 min_dtHy = 0.00559926 (nCV =	20023 ) max_dtHy = 0.0364131 (nCV =	55642 ) 
+----+----+--------------+--------------+--------------+--------------+--------------+------+----+-+-+--+------+
|Name|view| Initial res  | Initial resL1| Target res   | Final res    | Final res L1 |Visits|Iter|R|F|CL|Status|
|CHT |   0|  1.067484e+08|  2.319154e+05|  6.609595e+03|  3.495006e-01|  6.017415e+00|     1|   9|0|n|30|  OK  |
nsd = 0 min_dtke = 0.00427961 (nCV =	37299 ) max_dtke = 0.0336104 (nCV =	55642 ) 
+----+----+----+--------------+--------------+--------------+--------------+--------------+------+----+-+-+--+------+
|Name|view| n_y| Initial res  | Initial resL1| Target res   | Final res    | Final res L1 |Visits|Iter|R|F|CL|Status|
+----+----+----+--------------+--------------+--------------+--------------+--------------+------+----+-+-+--+------+
|turb|   0|   0|  1.725219e+06|  5.302390e+04|  3.077610e-03|  6.308053e-05|  4.456811e-01|     2|  12|0|n|30|  OK  |
|turb|   0|   1|  1.859487e+08|  5.111192e+05|  7.295097e-03|  3.362085e-03|  3.008086e+00|     2|  12|0|n|30|  OK  |
Filter: K,E,momentum: sd =   0 isolating K from zero=      0 E from zero=    301 E from infinity=      0
slv : Fluid subdom(new) 0
slv : P static (new)                 : min(   5233) = 98013.568636155      , max(  18145) = 103054.65015779      
slv : Density (new)                  : min(   5233) = 1.1545064937661      , max(  19922) = 1.2219760955885      
slv : Velocity (new)                 : min(   7732) = 2.8368427171305      , max(   7174) = 71.70961474021       
slv : Mach number (new)              : min(   7732) = 0.0082498521540899   , max(   7174) = 0.20943997887946     
slv : Turbulent k (new)              : min(  55643) = 0.0032943685404311   , max(   1755) = 49.885068632088      
slv : Turbulent e (new)              : min(  25016) = 0.00011103337043039  , max(   1625) = 735.91491352128      
slv : Temperature (new)              : min(   7174) = 291.86010210881      , max(   5257) = 296.45306542012      
slv : Total enthalpy, Y-shifted (new): min(  20035) = 1207.1388348217      , max(   5233) = 3864.8021608028      
slv : MASS FLUXES AT OPENINGS: MF=-9027.79, AP=9027.83
slv : DvGr statistics: min alpha=0.166371(nfa=20502, geom_slice=0)
slv : +----------------------------------+------------+-------+------------+------------+
slv : |          Collector name          | Total Time | Count |  Avg Time  |  Max Time  |
slv : +----------------------------------+------------+-------+------------+------------+
slv : | Calculate_inc                    |       9.385|     17|       0.552|       0.897|
slv : | CollectEMT_Results               |       0.000|     18|       0.000|       0.000|
slv : | HeatPathCalculator_Dynamic       |       0.016|      1|       0.016|       0.016|
slv : | LiSy_make_portrait               |       0.284|     89|       0.003|       0.016|
slv : | Results_processing               |       2.002|     17|       0.118|       0.153|
slv : | build_sl_ordering_CHT            |       0.018|     18|       0.001|       0.009|
slv : | build_sl_ordering_MDS            |       0.064|     18|       0.004|       0.025|
slv : | build_sl_ordering_fluid          |       0.064|     18|       0.004|       0.025|
slv : | calc_Convolutions_MDS            |       0.302|     18|       0.017|       0.028|
slv : | calc_wall_dist                   |       0.502|      1|       0.502|       0.502|
slv : | create_Gr_operators_MDS          |       0.319|     18|       0.018|       0.030|
slv : | create_Gr_operators_portrait_MDS |       0.156|     18|       0.009|       0.015|
slv : | init_Hy_group_MDS                |       0.280|     18|       0.016|       0.023|
slv : | perform_stage_total              |       8.828|    494|       0.018|       0.502|
slv : | precalc_at_start_MDS             |       0.663|      2|       0.332|       0.632|
slv : | solve_3M_MDS                     |       1.182|     18|       0.066|       0.114|
slv : | solve_3M_alg_MDS                 |       0.600|     18|       0.033|       0.066|
slv : | solve_BG_MDS                     |       0.802|     18|       0.045|       0.122|
slv : | solve_BG_alg_MDS                 |       0.572|     18|       0.032|       0.105|
slv : | solve_BL_MDS                     |       0.212|     18|       0.012|       0.027|
slv : | solve_CHT                        |       0.634|     18|       0.035|       0.056|
slv : | solve_CHT_MDS                    |       0.453|     18|       0.025|       0.038|
slv : | solve_CHT_alg_MDS                |       0.119|     18|       0.007|       0.016|
slv : | solve_DvGr_MDS                   |       2.313|     18|       0.129|       0.194|
slv : | solve_DvGr_alg_MDS               |       1.249|     18|       0.069|       0.115|
slv : | solve_INPR_MDS                   |       0.000|      1|       0.000|       0.000|
slv : | solve_PS+QJ                      |       0.000|      0|       0.000|       0.000|
slv : | solve_YLMA_MDS                   |       0.000|     18|       0.000|       0.000|
slv : | solve_YNOx_MDS                   |       0.000|     18|       0.000|       0.000|
slv : | solve_YTd_MDS                    |       0.000|     18|       0.000|       0.000|
slv : | solve_YTurb_MDS                  |       2.323|     18|       0.129|       0.245|
slv : | solve_YTurb_alg_MDS              |       0.886|     36|       0.025|       0.100|
slv : | update_BC_MDS                    |       0.000|     19|       0.000|       0.000|
slv : | update_Mf_after_DvGr             |       0.196|     18|       0.011|       0.020|
slv : | update_VelPressure_MDS           |       0.052|     18|       0.003|       0.005|
slv : +----------------------------------+------------+-------+------------+------------+
-----------------------------------------------------------------------
Memory Working Set Current = 289.58 Mb, Memory Working Set Peak = 292.58 Mb
Memory Private Bytes Current = 300.83 Mb, Memory Private Bytes Peak = 308.70 Mb
Process Threads Number: 14
-----------------------------------------------------------------------
Algebra Pool      : mem_usage = 194.69 Mb, allocated count = 1219

================== Tstep=18 ===================
<Dynamic P> on nsd = 0 {openings (inlet / outlet)}:
  (SP = Static Pressure, EP = Environment Pressure, TP = Total Pressure, E = External)
  {#0, E, (1.511367e+03 / 0.000000e+00)}
  {#1, E, (0.000000e+00 / 1.511135e+03)}
  {#2, E, (6.240488e-01 / 1.513836e+03)}
  {#3, E, (6.265680e-01 / 1.513823e+03)}
  {#4, E, (1.187812e+01 / 1.498654e+03)}
  {#5, E, (8.172198e-02 / 1.513645e+03)}
  MWS[  0]=2.48102
tau_viscous_averaged = 2888.66 
dt(mass,momentum; nsd=  0): min dt/dtG(ncv=  20023)=1.00 , max dt/dtG(ncv=  55642)=6.6    , dtG=0.00548059
Flow alg-view 0 in phys-view 0 isn't Neumann (not Multi Phase treating)
Face Momentum (sd=  0): max value of div(mf) (cv=10450) = 5.040610e-01
Flow alg-view 0 is not Neumann (not for Phase Change + Nested Iters)
+----+----+--------------+--------------+--------------+--------------+--------------+------+----+-+-+--+------+
|Name|view| Initial res  | Initial resL1| Target res   | Final res    | Final res L1 |Visits|Iter|R|F|CL|Status|
| BG |   0|  1.737658e+00|  1.033822e+01|  1.086036e-04|  5.402889e-05|  5.995618e-01|     7|  21|0|n|30|  OK  |
Face Momentum (sd=  0): max value of div(mf) (cv=22969) = 7.485491e-04
	norm_L2 of div(momentum) = 7.350454e-03.
Flow alg-view 0 in phys-view 0 isn't Neumann (not Multi Phase treating)
LOG: number of a-faces with weighted approximations in 0 subdomain: 5.30852 percent
LOG: Rate of a-faces corrected to CUp1st in 0 subdomain: 0.0131645 %
slv : SolveBL stage
|nsd|Real WF|NormalF|Cycle F|CriticF| EdgeF |CyclBrF|ExtParF|RWFnumSt|StLvlNum|  nfw  |  alp_U_min  |  nfw  |  alp_U_max  |  nfw  |  alp_T_min  |  nfw  |  alp_T_max  |  nfw  |  BL_s_min   |  nfw  |   BL_s_max  |
|  0|    804|    679|      0|     35|     90|      0|      0|     804|      18|   1464|0            |   1121|3.75384      |   1060|0            |   4181|20069.1      |   3342|-291.513     |   1060|0            |
Face Momentum (sd=  0): max value of div(mf) (cv=22969) = 7.485491e-04
	norm_L2 of div(momentum) = 7.350454e-03.
nsd = 0 BC: AP Inlet occurs on 4888 w-faces
+----+----+----+--------------+--------------+--------------+--------------+--------------+------+----+-+-+--+------+
|Name|view| n_y| Initial res  | Initial resL1| Target res   | Final res    | Final res L1 |Visits|Iter|R|F|CL|Status|
+----+----+----+--------------+--------------+--------------+--------------+--------------+------+----+-+-+--+------+
| 3M |   0|   0|  1.269118e+06|  1.575629e+05|  2.416545e+00|  7.682878e-01|  1.869519e+01|     2|   6|0|n|29|  OK  |
Velocity (predicted):
        (local) sd   0: min(  18313)=2.3907043966096      , max(   7174)=72.013811667519      
Flow alg-view 0 is not Neumann (not for Phase Change + Nested Iters)
+----+----+--------------+--------------+--------------+--------------+--------------+------+----+-+-+--+------+
|Name|view| Initial res  | Initial resL1| Target res   | Final res    | Final res L1 |Visits|Iter|R|F|CL|Status|
|DVGR|   0|  2.674212e+02|  8.090434e+02|  2.835798e-04|  6.728809e-05|  1.094330e+00|     8|  24|0|n|30|  OK  |
PRESSURE SOLVER(geom_index=  0): sum_C_dp=-0.000288458
Face Momentum (sd=  0): max value of div(mf) (cv=5212) = 4.836326e-04
	norm_L2 of div(momentum) = 8.229062e-03.
nsd = 0 min_dtHy = 0.00548059 (nCV =	20023 ) max_dtHy = 0.0362493 (nCV =	55642 ) 
+----+----+--------------+--------------+--------------+--------------+--------------+------+----+-+-+--+------+
|Name|view| Initial res  | Initial resL1| Target res   | Final res    | Final res L1 |Visits|Iter|R|F|CL|Status|
|CHT |   0|  1.129368e+08|  2.485233e+05|  7.058548e+03|  6.459189e-01|  9.055578e+00|     1|   9|0|n|30|  OK  |
nsd = 0 min_dtke = 0.00424031 (nCV =	37299 ) max_dtke = 0.0334916 (nCV =	55642 ) 
+----+----+----+--------------+--------------+--------------+--------------+--------------+------+----+-+-+--+------+
|Name|view| n_y| Initial res  | Initial resL1| Target res   | Final res    | Final res L1 |Visits|Iter|R|F|CL|Status|
+----+----+----+--------------+--------------+--------------+--------------+--------------+------+----+-+-+--+------+
|turb|   0|   0|  1.614536e+06|  5.404136e+04|  3.300150e-03|  6.853189e-05|  4.733665e-01|     2|  12|0|n|30|  OK  |
|turb|   0|   1|  1.741390e+08|  5.159858e+05|  8.076778e-03|  3.710016e-03|  3.240468e+00|     2|  12|0|n|30|  OK  |
Filter: K,E,momentum: sd =   0 isolating K from zero=      0 E from zero=    383 E from infinity=      0
slv : Fluid subdom(new) 0
slv : P static (new)                 : min(   5233) = 97941.66402295       , max(  18155) = 103034.68817644      
slv : Density (new)                  : min(   5233) = 1.1535818132712      , max(  20023) = 1.2217463082055      
slv : Velocity (new)                 : min(   7240) = 3.0593486537925      , max(   7174) = 71.776061027737      
slv : Mach number (new)              : min(   7240) = 0.0088964660130585   , max(   7174) = 0.20963641135204     
slv : Turbulent k (new)              : min(  55643) = 0.0032614483927091   , max(   1755) = 41.720300437774      
slv : Turbulent e (new)              : min(  20291) = 0.00023419594387929  , max(   1755) = 643.21428284115      
slv : Temperature (new)              : min(   7174) = 291.85348509835      , max(   5257) = 296.5495476059       
slv : Total enthalpy, Y-shifted (new): min(  20035) = 1204.6798423129      , max(   5233) = 3926.7022254521      
slv : MASS FLUXES AT OPENINGS: MF=-9027.79, AP=9027.84
slv : DvGr statistics: min alpha=0.169435(nfa=53828, geom_slice=0)
slv : +----------------------------------+------------+-------+------------+------------+
slv : |          Collector name          | Total Time | Count |  Avg Time  |  Max Time  |
slv : +----------------------------------+------------+-------+------------+------------+
slv : | Calculate_inc                    |       9.904|     18|       0.550|       0.897|
slv : | CollectEMT_Results               |       0.000|     19|       0.000|       0.000|
slv : | HeatPathCalculator_Dynamic       |       0.016|      1|       0.016|       0.016|
slv : | LiSy_make_portrait               |       0.295|     93|       0.003|       0.016|
slv : | Results_processing               |       2.103|     18|       0.117|       0.153|
slv : | build_sl_ordering_CHT            |       0.018|     19|       0.001|       0.009|
slv : | build_sl_ordering_MDS            |       0.065|     19|       0.003|       0.025|
slv : | build_sl_ordering_fluid          |       0.064|     19|       0.003|       0.025|
slv : | calc_Convolutions_MDS            |       0.320|     19|       0.017|       0.028|
slv : | calc_wall_dist                   |       0.502|      1|       0.502|       0.502|
slv : | create_Gr_operators_MDS          |       0.331|     19|       0.017|       0.030|
slv : | create_Gr_operators_portrait_MDS |       0.165|     19|       0.009|       0.015|
slv : | init_Hy_group_MDS                |       0.307|     19|       0.016|       0.027|
slv : | perform_stage_total              |       9.247|    521|       0.018|       0.502|
slv : | precalc_at_start_MDS             |       0.663|      2|       0.332|       0.632|
slv : | solve_3M_MDS                     |       1.249|     19|       0.066|       0.114|
slv : | solve_3M_alg_MDS                 |       0.637|     19|       0.034|       0.066|
slv : | solve_BG_MDS                     |       0.839|     19|       0.044|       0.122|
slv : | solve_BG_alg_MDS                 |       0.597|     19|       0.031|       0.105|
slv : | solve_BL_MDS                     |       0.221|     19|       0.012|       0.027|
slv : | solve_CHT                        |       0.668|     19|       0.035|       0.056|
slv : | solve_CHT_MDS                    |       0.477|     19|       0.025|       0.038|
slv : | solve_CHT_alg_MDS                |       0.126|     19|       0.007|       0.016|
slv : | solve_DvGr_MDS                   |       2.420|     19|       0.127|       0.194|
slv : | solve_DvGr_alg_MDS               |       1.302|     19|       0.069|       0.115|
slv : | solve_INPR_MDS                   |       0.000|      1|       0.000|       0.000|
slv : | solve_PS+QJ                      |       0.000|      0|       0.000|       0.000|
slv : | solve_YLMA_MDS                   |       0.000|     19|       0.000|       0.000|
slv : | solve_YNOx_MDS                   |       0.000|     19|       0.000|       0.000|
slv : | solve_YTd_MDS                    |       0.000|     19|       0.000|       0.000|
slv : | solve_YTurb_MDS                  |       2.441|     19|       0.128|       0.245|
slv : | solve_YTurb_alg_MDS              |       0.934|     38|       0.025|       0.100|
slv : | update_BC_MDS                    |       0.000|     20|       0.000|       0.000|
slv : | update_Mf_after_DvGr             |       0.209|     19|       0.011|       0.020|
slv : | update_VelPressure_MDS           |       0.056|     19|       0.003|       0.005|
slv : +----------------------------------+------------+-------+------------+------------+
-----------------------------------------------------------------------
Memory Working Set Current = 290.13 Mb, Memory Working Set Peak = 292.58 Mb
Memory Private Bytes Current = 301.82 Mb, Memory Private Bytes Peak = 308.70 Mb
Process Threads Number: 14
-----------------------------------------------------------------------
Algebra Pool      : mem_usage = 194.69 Mb, allocated count = 1221

================== Tstep=19 ===================
<Dynamic P> on nsd = 0 {openings (inlet / outlet)}:
  (SP = Static Pressure, EP = Environment Pressure, TP = Total Pressure, E = External)
  {#0, E, (1.511333e+03 / 0.000000e+00)}
  {#1, E, (0.000000e+00 / 1.510680e+03)}
  {#2, E, (6.575356e-01 / 1.514010e+03)}
  {#3, E, (6.603395e-01 / 1.513999e+03)}
  {#4, E, (1.289148e+01 / 1.498546e+03)}
  {#5, E, (8.889011e-02 / 1.513725e+03)}
  MWS[  0]=2.48201
tau_viscous_averaged = 2678.49 
dt(mass,momentum; nsd=  0): min dt/dtG(ncv=  20023)=1.00 , max dt/dtG(ncv=  55642)=6.7    , dtG=0.00537318
Flow alg-view 0 in phys-view 0 isn't Neumann (not Multi Phase treating)
Face Momentum (sd=  0): max value of div(mf) (cv=10561) = 2.907977e-01
Flow alg-view 0 is not Neumann (not for Phase Change + Nested Iters)
+----+----+--------------+--------------+--------------+--------------+--------------+------+----+-+-+--+------+
|Name|view| Initial res  | Initial resL1| Target res   | Final res    | Final res L1 |Visits|Iter|R|F|CL|Status|
| BG |   0|  1.475864e+00|  9.677616e+00|  9.224152e-05|  3.808357e-05|  5.326650e-01|     7|  21|0|n|30|  OK  |
Face Momentum (sd=  0): max value of div(mf) (cv=21744) = 6.229073e-04
	norm_L2 of div(momentum) = 6.171201e-03.
Flow alg-view 0 in phys-view 0 isn't Neumann (not Multi Phase treating)
LOG: number of a-faces with weighted approximations in 0 subdomain: 5.34381 percent
LOG: Rate of a-faces corrected to CUp1st in 0 subdomain: 0.0125672 %
slv : SolveBL stage
|nsd|Real WF|NormalF|Cycle F|CriticF| EdgeF |CyclBrF|ExtParF|RWFnumSt|StLvlNum|  nfw  |  alp_U_min  |  nfw  |  alp_U_max  |  nfw  |  alp_T_min  |  nfw  |  alp_T_max  |  nfw  |  BL_s_min   |  nfw  |   BL_s_max  |
|  0|    804|    678|      0|     38|     88|      0|      0|     804|      17|   1202|0            |   1121|3.83209      |   1058|0            |   3423|18728.4      |   4148|-276.464     |   1058|0            |
Face Momentum (sd=  0): max value of div(mf) (cv=21744) = 6.229073e-04
	norm_L2 of div(momentum) = 6.171201e-03.
nsd = 0 BC: AP Inlet occurs on 4858 w-faces
+----+----+----+--------------+--------------+--------------+--------------+--------------+------+----+-+-+--+------+
|Name|view| n_y| Initial res  | Initial resL1| Target res   | Final res    | Final res L1 |Visits|Iter|R|F|CL|Status|
+----+----+----+--------------+--------------+--------------+--------------+--------------+------+----+-+-+--+------+
| 3M |   0|   0|  1.242856e+06|  1.567662e+05|  2.421400e+00|  6.893688e-01|  1.922062e+01|     2|   6|0|n|29|  OK  |
Velocity (predicted):
        (local) sd   0: min(  20059)=3.8455479684807      , max(   7174)=71.829006721697      
Flow alg-view 0 is not Neumann (not for Phase Change + Nested Iters)
+----+----+--------------+--------------+--------------+--------------+--------------+------+----+-+-+--+------+
|Name|view| Initial res  | Initial resL1| Target res   | Final res    | Final res L1 |Visits|Iter|R|F|CL|Status|
|DVGR|   0|  2.294684e+02|  7.757086e+02|  2.838315e-04|  6.815542e-05|  1.048090e+00|     8|  24|0|n|30|  OK  |
PRESSURE SOLVER(geom_index=  0): sum_C_dp=0.000203794
Face Momentum (sd=  0): max value of div(mf) (cv=7202) = 5.773471e-04
	norm_L2 of div(momentum) = 8.277904e-03.
nsd = 0 min_dtHy = 0.00537318 (nCV =	20023 ) max_dtHy = 0.0362363 (nCV =	55642 ) 
+----+----+--------------+--------------+--------------+--------------+--------------+------+----+-+-+--+------+
|Name|view| Initial res  | Initial resL1| Target res   | Final res    | Final res L1 |Visits|Iter|R|F|CL|Status|
|CHT |   0|  1.171832e+08|  2.644009e+05|  7.323947e+03|  1.218928e+00|  1.333245e+01|     1|   9|0|n|30|  OK  |
nsd = 0 min_dtke = 0.00419412 (nCV =	37299 ) max_dtke = 0.0334996 (nCV =	55642 ) 
+----+----+----+--------------+--------------+--------------+--------------+--------------+------+----+-+-+--+------+
|Name|view| n_y| Initial res  | Initial resL1| Target res   | Final res    | Final res L1 |Visits|Iter|R|F|CL|Status|
+----+----+----+--------------+--------------+--------------+--------------+--------------+------+----+-+-+--+------+
|turb|   0|   0|  1.430792e+06|  5.562462e+04|  3.320444e-03|  8.021080e-05|  5.049173e-01|     2|  12|0|n|30|  OK  |
|turb|   0|   1|  1.663043e+08|  5.350941e+05|  8.132670e-03|  4.422744e-03|  3.550409e+00|     2|  12|0|n|30|  OK  |
Filter: K,E,momentum: sd =   0 isolating K from zero=      0 E from zero=    442 E from infinity=      0
slv : Fluid subdom(new) 0
slv : P static (new)                 : min(   5233) = 97868.739159831      , max(   7243) = 103015.56848704      
slv : Density (new)                  : min(   5233) = 1.1526438605988      , max(  19922) = 1.2227848027028      
slv : Velocity (new)                 : min(  20059) = 3.210448334617       , max(   7174) = 71.72723662059       
slv : Mach number (new)              : min(  20059) = 0.0093360986291621   , max(   7174) = 0.20949263608508     
slv : Turbulent k (new)              : min(  55643) = 0.0032307482516843   , max(   1755) = 33.538958325726      
slv : Turbulent e (new)              : min(  20289) = 0.00034059509980923  , max(   1755) = 536.53130821309      
slv : Temperature (new)              : min(   7174) = 291.85677149888      , max(   5257) = 296.62907617967      
slv : Total enthalpy, Y-shifted (new): min(  20035) = 1204.5972962191      , max(   5233) = 3989.3516189024      
slv : MASS FLUXES AT OPENINGS: MF=-9027.79, AP=9027.81
slv : DvGr statistics: min alpha=0.163923(nfa=52911, geom_slice=0)
slv : +----------------------------------+------------+-------+------------+------------+
slv : |          Collector name          | Total Time | Count |  Avg Time  |  Max Time  |
slv : +----------------------------------+------------+-------+------------+------------+
slv : | Calculate_inc                    |      10.416|     19|       0.548|       0.897|
slv : | CollectEMT_Results               |       0.000|     20|       0.000|       0.000|
slv : | HeatPathCalculator_Dynamic       |       0.016|      1|       0.016|       0.016|
slv : | LiSy_make_portrait               |       0.308|     97|       0.003|       0.016|
slv : | Results_processing               |       2.210|     19|       0.116|       0.153|
slv : | build_sl_ordering_CHT            |       0.018|     20|       0.001|       0.009|
slv : | build_sl_ordering_MDS            |       0.065|     20|       0.003|       0.025|
slv : | build_sl_ordering_fluid          |       0.064|     20|       0.003|       0.025|
slv : | calc_Convolutions_MDS            |       0.333|     20|       0.017|       0.028|
slv : | calc_wall_dist                   |       0.502|      1|       0.502|       0.502|
slv : | create_Gr_operators_MDS          |       0.347|     20|       0.017|       0.030|
slv : | create_Gr_operators_portrait_MDS |       0.171|     20|       0.009|       0.015|
slv : | init_Hy_group_MDS                |       0.323|     20|       0.016|       0.027|
slv : | perform_stage_total              |       9.659|    548|       0.018|       0.502|
slv : | precalc_at_start_MDS             |       0.663|      2|       0.332|       0.632|
slv : | solve_3M_MDS                     |       1.309|     20|       0.065|       0.114|
slv : | solve_3M_alg_MDS                 |       0.670|     20|       0.034|       0.066|
slv : | solve_BG_MDS                     |       0.876|     20|       0.044|       0.122|
slv : | solve_BG_alg_MDS                 |       0.624|     20|       0.031|       0.105|
slv : | solve_BL_MDS                     |       0.233|     20|       0.012|       0.027|
slv : | solve_CHT                        |       0.699|     20|       0.035|       0.056|
slv : | solve_CHT_MDS                    |       0.501|     20|       0.025|       0.038|
slv : | solve_CHT_alg_MDS                |       0.134|     20|       0.007|       0.016|
slv : | solve_DvGr_MDS                   |       2.536|     20|       0.127|       0.194|
slv : | solve_DvGr_alg_MDS               |       1.356|     20|       0.068|       0.115|
slv : | solve_INPR_MDS                   |       0.000|      1|       0.000|       0.000|
slv : | solve_PS+QJ                      |       0.000|      0|       0.000|       0.000|
slv : | solve_YLMA_MDS                   |       0.000|     20|       0.000|       0.000|
slv : | solve_YNOx_MDS                   |       0.000|     20|       0.000|       0.000|
slv : | solve_YTd_MDS                    |       0.000|     20|       0.000|       0.000|
slv : | solve_YTurb_MDS                  |       2.559|     20|       0.128|       0.245|
slv : | solve_YTurb_alg_MDS              |       0.985|     40|       0.025|       0.100|
slv : | update_BC_MDS                    |       0.000|     21|       0.000|       0.000|
slv : | update_Mf_after_DvGr             |       0.218|     20|       0.011|       0.020|
slv : | update_VelPressure_MDS           |       0.058|     20|       0.003|       0.005|
slv : +----------------------------------+------------+-------+------------+------------+
Interpolator cache: total calls 4878, optimised calls 452 (9.3 %)
-----------------------------------------------------------------------
Memory Working Set Current = 290.38 Mb, Memory Working Set Peak = 292.58 Mb
Memory Private Bytes Current = 301.80 Mb, Memory Private Bytes Peak = 308.70 Mb
Process Threads Number: 14
-----------------------------------------------------------------------
Iteration : time = 3.49087 , count = 5 , time/count = 0.698173
Calculate_inc() : time = 2.8896 , count = 5 , time/count = 0.577921
TreatFlowEvolution() : time = 0.322271 , count = 5 , time/count = 0.0644542
SolverPreview : time = 0.268024 , count = 5 , time/count = 0.0536048
TreatGoals : time = 0.315282 , count = 5 , time/count = 0.0630564
Algebra Pool      : mem_usage = 194.69 Mb, allocated count = 1223

================== Tstep=20 ===================
<Dynamic P> on nsd = 0 {openings (inlet / outlet)}:
  (SP = Static Pressure, EP = Environment Pressure, TP = Total Pressure, E = External)
  {#0, E, (1.511313e+03 / 0.000000e+00)}
  {#1, E, (0.000000e+00 / 1.510138e+03)}
  {#2, E, (6.885237e-01 / 1.514279e+03)}
  {#3, E, (6.914945e-01 / 1.514299e+03)}
  {#4, E, (1.392494e+01 / 1.498629e+03)}
  {#5, E, (9.533482e-02 / 1.513837e+03)}
  MWS[  0]=2.47908
tau_viscous_averaged = 2411.2 
dt(mass,momentum; nsd=  0): min dt/dtG(ncv=  20023)=1.00 , max dt/dtG(ncv=  55642)=6.8    , dtG=0.00795968
Flow alg-view 0 in phys-view 0 isn't Neumann (not Multi Phase treating)
Face Momentum (sd=  0): max value of div(mf) (cv=10448) = 9.589677e-01
Flow alg-view 0 is not Neumann (not for Phase Change + Nested Iters)
+----+----+--------------+--------------+--------------+--------------+--------------+------+----+-+-+--+------+
|Name|view| Initial res  | Initial resL1| Target res   | Final res    | Final res L1 |Visits|Iter|R|F|CL|Status|
| BG |   0|  2.429261e+00|  1.081571e+01|  1.518288e-04|  6.733859e-05|  6.640835e-01|     7|  21|0|n|30|  OK  |
Face Momentum (sd=  0): max value of div(mf) (cv=9834) = 8.368226e-04
	norm_L2 of div(momentum) = 8.206024e-03.
Flow alg-view 0 in phys-view 0 isn't Neumann (not Multi Phase treating)
LOG: number of a-faces with weighted approximations in 0 subdomain: 5.41679 percent
LOG: Rate of a-faces corrected to CUp1st in 0 subdomain: 0.0180976 %
slv : SolveBL stage
|nsd|Real WF|NormalF|Cycle F|CriticF| EdgeF |CyclBrF|ExtParF|RWFnumSt|StLvlNum|  nfw  |  alp_U_min  |  nfw  |  alp_U_max  |  nfw  |  alp_T_min  |  nfw  |  alp_T_max  |  nfw  |  BL_s_min   |  nfw  |   BL_s_max  |
|  0|    804|    675|      0|     41|     88|      0|      0|     804|      17|   1200|0            |   1121|3.90712      |   1046|0            |   4181|17561.9      |   3480|-321.921     |   1046|0            |
Face Momentum (sd=  0): max value of div(mf) (cv=9834) = 8.368226e-04
	norm_L2 of div(momentum) = 8.206024e-03.
nsd = 0 BC: AP Inlet occurs on 4789 w-faces
+----+----+----+--------------+--------------+--------------+--------------+--------------+------+----+-+-+--+------+
|Name|view| n_y| Initial res  | Initial resL1| Target res   | Final res    | Final res L1 |Visits|Iter|R|F|CL|Status|
+----+----+----+--------------+--------------+--------------+--------------+--------------+------+----+-+-+--+------+
| 3M |   0|   0|  1.224840e+06|  1.569403e+05|  1.734823e+00|  4.900049e-02|  4.087957e+00|     3|   9|0|n|29|  OK  |
Velocity (predicted):
        (local) sd   0: min(   7777)=3.0501321839737      , max(  20023)=72.531607884428      
Flow alg-view 0 is not Neumann (not for Phase Change + Nested Iters)
+----+----+--------------+--------------+--------------+--------------+--------------+------+----+-+-+--+------+
|Name|view| Initial res  | Initial resL1| Target res   | Final res    | Final res L1 |Visits|Iter|R|F|CL|Status|
|DVGR|   0|  2.809622e+02|  8.974089e+02|  6.355219e-04|  2.487109e-04|  2.062875e+00|     8|  24|0|n|30|  OK  |
PRESSURE SOLVER(geom_index=  0): sum_C_dp=-0.000145808
Face Momentum (sd=  0): max value of div(mf) (cv=7202) = 1.327047e-03
	norm_L2 of div(momentum) = 1.578468e-02.
nsd = 0 min_dtHy = 0.00795968 (nCV =	20023 ) max_dtHy = 0.0543556 (nCV =	55642 ) 
+----+----+--------------+--------------+--------------+--------------+--------------+------+----+-+-+--+------+
|Name|view| Initial res  | Initial resL1| Target res   | Final res    | Final res L1 |Visits|Iter|R|F|CL|Status|
|CHT |   0|  1.326088e+08|  2.917165e+05|  5.676209e+03|  3.258621e+02|  2.956334e+02|     1|   9|0|n|30|  OK  |
nsd = 0 min_dtke = 0.00540447 (nCV =	37299 ) max_dtke = 0.0484517 (nCV =	55642 ) 
+----+----+----+--------------+--------------+--------------+--------------+--------------+------+----+-+-+--+------+
|Name|view| n_y| Initial res  | Initial resL1| Target res   | Final res    | Final res L1 |Visits|Iter|R|F|CL|Status|
+----+----+----+--------------+--------------+--------------+--------------+--------------+------+----+-+-+--+------+
|turb|   0|   0|  1.385275e+06|  5.734611e+04|  2.426429e-03|  2.343329e-06|  9.427135e-02|     3|  18|0|n|30|  OK  |
|turb|   0|   1|  1.797980e+08|  5.637541e+05|  5.934301e-03|  1.338196e-04|  6.142013e-01|     3|  18|0|n|30|  OK  |
Filter: K,E,momentum: sd =   0 isolating K from zero=      0 E from zero=    531 E from infinity=      0
slv : Fluid subdom(new) 0
slv : P static (new)                 : min(   5233) = 97803.533876782      , max(   7243) = 103002.0864987       
slv : Density (new)                  : min(   5233) = 1.1517441230958      , max(  20023) = 1.2228295634794      
slv : Velocity (new)                 : min(  18551) = 2.9168466128932      , max(  20023) = 72.401471676243      
slv : Mach number (new)              : min(  18551) = 0.0084825610349813   , max(  20023) = 0.21148710444558     
slv : Turbulent k (new)              : min(   5260) = 0.00094904942892854  , max(   7045) = 36.238461128637      
slv : Turbulent e (new)              : min(  20161) = 0.00036563455321652  , max(   1755) = 431.87453678831      
slv : Temperature (new)              : min(  20023) = 291.78677202934      , max(   5257) = 296.72529389713      
slv : Total enthalpy, Y-shifted (new): min(  20082) = 1206.4850171434      , max(   5233) = 4080.1682539191      
slv : MASS FLUXES AT OPENINGS: MF=-9027.79, AP=9027.83
slv : DvGr statistics: min alpha=0.168567(nfa=52911, geom_slice=0)
slv : +----------------------------------+------------+-------+------------+------------+
slv : |          Collector name          | Total Time | Count |  Avg Time  |  Max Time  |
slv : +----------------------------------+------------+-------+------------+------------+
slv : | Calculate_inc                    |      10.906|     20|       0.545|       0.897|
slv : | CollectEMT_Results               |       0.000|     21|       0.000|       0.000|
slv : | HeatPathCalculator_Dynamic       |       0.016|      1|       0.016|       0.016|
slv : | LiSy_make_portrait               |       0.318|    101|       0.003|       0.016|
slv : | Results_processing               |       2.310|     20|       0.115|       0.153|
slv : | build_sl_ordering_CHT            |       0.018|     21|       0.001|       0.009|
slv : | build_sl_ordering_MDS            |       0.065|     21|       0.003|       0.025|
slv : | build_sl_ordering_fluid          |       0.065|     21|       0.003|       0.025|
slv : | calc_Convolutions_MDS            |       0.349|     21|       0.017|       0.028|
slv : | calc_wall_dist                   |       0.502|      1|       0.502|       0.502|
slv : | create_Gr_operators_MDS          |       0.359|     21|       0.017|       0.030|
slv : | create_Gr_operators_portrait_MDS |       0.177|     21|       0.008|       0.015|
slv : | init_Hy_group_MDS                |       0.342|     21|       0.016|       0.027|
slv : | perform_stage_total              |      10.141|    575|       0.018|       0.502|
slv : | precalc_at_start_MDS             |       0.663|      2|       0.332|       0.632|
slv : | solve_3M_MDS                     |       1.430|     21|       0.068|       0.121|
slv : | solve_3M_alg_MDS                 |       0.738|     21|       0.035|       0.068|
slv : | solve_BG_MDS                     |       0.918|     21|       0.044|       0.122|
slv : | solve_BG_alg_MDS                 |       0.653|     21|       0.031|       0.105|
slv : | solve_BL_MDS                     |       0.242|     21|       0.012|       0.027|
slv : | solve_CHT                        |       0.728|     21|       0.035|       0.056|
slv : | solve_CHT_MDS                    |       0.523|     21|       0.025|       0.038|
slv : | solve_CHT_alg_MDS                |       0.139|     21|       0.007|       0.016|
slv : | solve_DvGr_MDS                   |       2.642|     21|       0.126|       0.194|
slv : | solve_DvGr_alg_MDS               |       1.411|     21|       0.067|       0.115|
slv : | solve_INPR_MDS                   |       0.000|      1|       0.000|       0.000|
slv : | solve_PS+QJ                      |       0.000|      0|       0.000|       0.000|
slv : | solve_YLMA_MDS                   |       0.000|     21|       0.000|       0.000|
slv : | solve_YNOx_MDS                   |       0.000|     21|       0.000|       0.000|
slv : | solve_YTd_MDS                    |       0.000|     21|       0.000|       0.000|
slv : | solve_YTurb_MDS                  |       2.699|     21|       0.129|       0.245|
slv : | solve_YTurb_alg_MDS              |       1.053|     42|       0.025|       0.100|
slv : | update_BC_MDS                    |       0.000|     22|       0.000|       0.000|
slv : | update_Mf_after_DvGr             |       0.226|     21|       0.011|       0.020|
slv : | update_VelPressure_MDS           |       0.060|     21|       0.003|       0.005|
slv : +----------------------------------+------------+-------+------------+------------+
-----------------------------------------------------------------------
Memory Working Set Current = 290.12 Mb, Memory Working Set Peak = 292.58 Mb
Memory Private Bytes Current = 301.79 Mb, Memory Private Bytes Peak = 308.70 Mb
Process Threads Number: 14
-----------------------------------------------------------------------
Algebra Pool      : mem_usage = 194.69 Mb, allocated count = 1218

================== Tstep=21 ===================
<Dynamic P> on nsd = 0 {openings (inlet / outlet)}:
  (SP = Static Pressure, EP = Environment Pressure, TP = Total Pressure, E = External)
  {#0, E, (1.511289e+03 / 0.000000e+00)}
  {#1, E, (0.000000e+00 / 1.509074e+03)}
  {#2, E, (7.288214e-01 / 1.514467e+03)}
  {#3, E, (7.317548e-01 / 1.514462e+03)}
  {#4, E, (1.540210e+01 / 1.498583e+03)}
  {#5, E, (1.037384e-01 / 1.514005e+03)}
  MWS[  0]=2.50189
tau_viscous_averaged = 2031.16 
dt(mass,momentum; nsd=  0): min dt/dtG(ncv=  20023)=1.00 , max dt/dtG(ncv=  55642)=6.9    , dtG=0.00780395
Flow alg-view 0 in phys-view 0 isn't Neumann (not Multi Phase treating)
Face Momentum (sd=  0): max value of div(mf) (cv=4306) = 1.037467e+00
Flow alg-view 0 is not Neumann (not for Phase Change + Nested Iters)
+----+----+--------------+--------------+--------------+--------------+--------------+------+----+-+-+--+------+
|Name|view| Initial res  | Initial resL1| Target res   | Final res    | Final res L1 |Visits|Iter|R|F|CL|Status|
| BG |   0|  3.494865e+00|  1.429051e+01|  2.184291e-04|  1.343641e-04|  8.768422e-01|     7|  21|0|n|30|  OK  |
Face Momentum (sd=  0): max value of div(mf) (cv=9832) = 1.412600e-03
	norm_L2 of div(momentum) = 1.159155e-02.
Flow alg-view 0 in phys-view 0 isn't Neumann (not Multi Phase treating)
LOG: number of a-faces with weighted approximations in 0 subdomain: 5.5101 percent
LOG: Rate of a-faces corrected to CUp1st in 0 subdomain: 0.0239007 %
slv : SolveBL stage
|nsd|Real WF|NormalF|Cycle F|CriticF| EdgeF |CyclBrF|ExtParF|RWFnumSt|StLvlNum|  nfw  |  alp_U_min  |  nfw  |  alp_U_max  |  nfw  |  alp_T_min  |  nfw  |  alp_T_max  |  nfw  |  BL_s_min   |  nfw  |   BL_s_max  |
|  0|    804|    672|      0|     42|     90|      0|      0|     804|      17|   1200|0            |   1121|4.0075       |   1046|0            |   2544|17033.9      |   3481|-404.137     |   1046|0            |
Face Momentum (sd=  0): max value of div(mf) (cv=9832) = 1.412600e-03
	norm_L2 of div(momentum) = 1.159155e-02.
nsd = 0 BC: AP Inlet occurs on 4739 w-faces
+----+----+----+--------------+--------------+--------------+--------------+--------------+------+----+-+-+--+------+
|Name|view| n_y| Initial res  | Initial resL1| Target res   | Final res    | Final res L1 |Visits|Iter|R|F|CL|Status|
+----+----+----+--------------+--------------+--------------+--------------+--------------+------+----+-+-+--+------+
| 3M |   0|   0|  1.334615e+06|  1.596244e+05|  1.773045e+00|  4.519483e-02|  4.436647e+00|     3|   9|0|n|29|  OK  |
Velocity (predicted):
        (local) sd   0: min(  18526)=0.39433535558561     , max(  20023)=73.392739930808      
Flow alg-view 0 is not Neumann (not for Phase Change + Nested Iters)
+----+----+--------------+--------------+--------------+--------------+--------------+------+----+-+-+--+------+
|Name|view| Initial res  | Initial resL1| Target res   | Final res    | Final res L1 |Visits|Iter|R|F|CL|Status|
|DVGR|   0|  3.494519e+02|  1.078697e+03|  6.563228e-04|  3.869772e-04|  2.393721e+00|     8|  24|0|n|30|  OK  |
PRESSURE SOLVER(geom_index=  0): sum_C_dp=-7.38511e-05
Face Momentum (sd=  0): max value of div(mf) (cv=7202) = 1.755512e-03
	norm_L2 of div(momentum) = 1.968787e-02.
nsd = 0 min_dtHy = 0.00780395 (nCV =	20023 ) max_dtHy = 0.0541922 (nCV =	55642 ) 
+----+----+--------------+--------------+--------------+--------------+--------------+------+----+-+-+--+------+
|Name|view| Initial res  | Initial resL1| Target res   | Final res    | Final res L1 |Visits|Iter|R|F|CL|Status|
|CHT |   0|  1.363936e+08|  3.183879e+05|  6.105435e+03|  4.382937e+02|  3.767284e+02|     1|   9|0|n|30|  OK  |
nsd = 0 min_dtke = 0.00370048 (nCV =	5260 ) max_dtke = 0.0483714 (nCV =	55642 ) 
+----+----+----+--------------+--------------+--------------+--------------+--------------+------+----+-+-+--+------+
|Name|view| n_y| Initial res  | Initial resL1| Target res   | Final res    | Final res L1 |Visits|Iter|R|F|CL|Status|
+----+----+----+--------------+--------------+--------------+--------------+--------------+------+----+-+-+--+------+
|turb|   0|   0|  1.515022e+06|  5.842812e+04|  2.539035e-03|  2.093954e-06|  8.701568e-02|     3|  18|0|n|30|  OK  |
|turb|   0|   1|  2.503992e+08|  5.928725e+05|  6.324469e-03|  1.390943e-04|  5.941535e-01|     3|  18|0|n|30|  OK  |
Filter: K,E,momentum: sd =   0 isolating K from zero=      4 E from zero=    751 E from infinity=      2
slv : Fluid subdom(new) 0
slv : P static (new)                 : min(   5233) = 97726.564899551      , max(   7242) = 102982.49211497      
slv : Density (new)                  : min(   5233) = 1.1507111503207      , max(  20023) = 1.2234353389602      
slv : Velocity (new)                 : min(  18424) = 0.48364085136484     , max(  20023) = 73.316543085366      
slv : Mach number (new)              : min(  18424) = 0.001406476319161    , max(  20023) = 0.21418346298128     
slv : Turbulent k (new)              : min(   5240) = 1e-40                , max(   7045) = 52.991166573615      
slv : Turbulent e (new)              : min(   5242) = 2.2812026031973e-44  , max(   7045) = 672.87758395691      
slv : Temperature (new)              : min(  20023) = 291.7226962269       , max(   5257) = 296.81178367483      
slv : Total enthalpy, Y-shifted (new): min(  18644) = 1203.9623401879      , max(   5233) = 4168.6143323142      
slv : MASS FLUXES AT OPENINGS: MF=-9027.79, AP=9027.82
slv : DvGr statistics: min alpha=0.164135(nfa=52914, geom_slice=0)
slv : +----------------------------------+------------+-------+------------+------------+
slv : |          Collector name          | Total Time | Count |  Avg Time  |  Max Time  |
slv : +----------------------------------+------------+-------+------------+------------+
slv : | Calculate_inc                    |      11.466|     21|       0.546|       0.897|
slv : | CollectEMT_Results               |       0.000|     22|       0.000|       0.000|
slv : | HeatPathCalculator_Dynamic       |       0.016|      1|       0.016|       0.016|
slv : | LiSy_make_portrait               |       0.326|    105|       0.003|       0.016|
slv : | Results_processing               |       2.405|     21|       0.115|       0.153|
slv : | build_sl_ordering_CHT            |       0.018|     22|       0.001|       0.009|
slv : | build_sl_ordering_MDS            |       0.066|     22|       0.003|       0.025|
slv : | build_sl_ordering_fluid          |       0.065|     22|       0.003|       0.025|
slv : | calc_Convolutions_MDS            |       0.367|     22|       0.017|       0.028|
slv : | calc_wall_dist                   |       0.502|      1|       0.502|       0.502|
slv : | create_Gr_operators_MDS          |       0.375|     22|       0.017|       0.030|
slv : | create_Gr_operators_portrait_MDS |       0.183|     22|       0.008|       0.015|
slv : | init_Hy_group_MDS                |       0.356|     22|       0.016|       0.027|
slv : | perform_stage_total              |      10.586|    602|       0.018|       0.502|
slv : | precalc_at_start_MDS             |       0.663|      2|       0.332|       0.632|
slv : | solve_3M_MDS                     |       1.508|     22|       0.069|       0.121|
slv : | solve_3M_alg_MDS                 |       0.786|     22|       0.036|       0.068|
slv : | solve_BG_MDS                     |       0.958|     22|       0.044|       0.122|
slv : | solve_BG_alg_MDS                 |       0.681|     22|       0.031|       0.105|
slv : | solve_BL_MDS                     |       0.251|     22|       0.011|       0.027|
slv : | solve_CHT                        |       0.760|     22|       0.035|       0.056|
slv : | solve_CHT_MDS                    |       0.546|     22|       0.025|       0.038|
slv : | solve_CHT_alg_MDS                |       0.146|     22|       0.007|       0.016|
slv : | solve_DvGr_MDS                   |       2.743|     22|       0.125|       0.194|
slv : | solve_DvGr_alg_MDS               |       1.464|     22|       0.067|       0.115|
slv : | solve_INPR_MDS                   |       0.000|      1|       0.000|       0.000|
slv : | solve_PS+QJ                      |       0.000|      0|       0.000|       0.000|
slv : | solve_YLMA_MDS                   |       0.000|     22|       0.000|       0.000|
slv : | solve_YNOx_MDS                   |       0.000|     22|       0.000|       0.000|
slv : | solve_YTd_MDS                    |       0.000|     22|       0.000|       0.000|
slv : | solve_YTurb_MDS                  |       2.847|     22|       0.129|       0.245|
slv : | solve_YTurb_alg_MDS              |       1.129|     44|       0.026|       0.100|
slv : | update_BC_MDS                    |       0.000|     23|       0.000|       0.000|
slv : | update_Mf_after_DvGr             |       0.235|     22|       0.011|       0.020|
slv : | update_VelPressure_MDS           |       0.063|     22|       0.003|       0.005|
slv : +----------------------------------+------------+-------+------------+------------+
-----------------------------------------------------------------------
Memory Working Set Current = 290.27 Mb, Memory Working Set Peak = 292.58 Mb
Memory Private Bytes Current = 301.80 Mb, Memory Private Bytes Peak = 308.70 Mb
Process Threads Number: 14
-----------------------------------------------------------------------
Algebra Pool      : mem_usage = 194.69 Mb, allocated count = 1226

================== Tstep=22 ===================
<Dynamic P> on nsd = 0 {openings (inlet / outlet)}:
  (SP = Static Pressure, EP = Environment Pressure, TP = Total Pressure, E = External)
  {#0, E, (1.511261e+03 / 0.000000e+00)}
  {#1, E, (0.000000e+00 / 1.507770e+03)}
  {#2, E, (7.647728e-01 / 1.514961e+03)}
  {#3, E, (7.675225e-01 / 1.514981e+03)}
  {#4, E, (1.691131e+01 / 1.498829e+03)}
  {#5, E, (1.110423e-01 / 1.514211e+03)}
  MWS[  0]=2.53437
tau_viscous_averaged = 1644.06 
dt(mass,momentum; nsd=  0): min dt/dtG(ncv=  20023)=1.00 , max dt/dtG(ncv=  55642)=7.0    , dtG=0.00772377
Flow alg-view 0 in phys-view 0 isn't Neumann (not Multi Phase treating)
Face Momentum (sd=  0): max value of div(mf) (cv=4306) = 8.062277e-01
Flow alg-view 0 is not Neumann (not for Phase Change + Nested Iters)
+----+----+--------------+--------------+--------------+--------------+--------------+------+----+-+-+--+------+
|Name|view| Initial res  | Initial resL1| Target res   | Final res    | Final res L1 |Visits|Iter|R|F|CL|Status|
| BG |   0|  4.480900e+00|  1.740300e+01|  2.800562e-04|  1.168568e-04|  9.308604e-01|     7|  21|0|n|30|  OK  |
Face Momentum (sd=  0): max value of div(mf) (cv=22743) = 1.133096e-03
	norm_L2 of div(momentum) = 1.081004e-02.
Flow alg-view 0 in phys-view 0 isn't Neumann (not Multi Phase treating)
LOG: number of a-faces with weighted approximations in 0 subdomain: 5.59085 percent
LOG: Rate of a-faces corrected to CUp1st in 0 subdomain: 0.0104726 %
slv : SolveBL stage
|nsd|Real WF|NormalF|Cycle F|CriticF| EdgeF |CyclBrF|ExtParF|RWFnumSt|StLvlNum|  nfw  |  alp_U_min  |  nfw  |  alp_U_max  |  nfw  |  alp_T_min  |  nfw  |  alp_T_max  |  nfw  |  BL_s_min   |  nfw  |   BL_s_max  |
|  0|    804|    671|      0|     45|     88|      0|      0|     804|      17|   1200|0            |   1121|4.10134      |   1076|0            |   1438|19885.8      |   3411|-262.31      |   1076|0            |
Face Momentum (sd=  0): max value of div(mf) (cv=22743) = 1.133096e-03
	norm_L2 of div(momentum) = 1.081004e-02.
nsd = 0 BC: AP Inlet occurs on 4660 w-faces
+----+----+----+--------------+--------------+--------------+--------------+--------------+------+----+-+-+--+------+
|Name|view| n_y| Initial res  | Initial resL1| Target res   | Final res    | Final res L1 |Visits|Iter|R|F|CL|Status|
+----+----+----+--------------+--------------+--------------+--------------+--------------+------+----+-+-+--+------+
| 3M |   0|   0|  1.427890e+06|  1.630319e+05|  1.827602e+00|  3.737176e-02|  4.432429e+00|     3|   9|0|n|29|  OK  |
Velocity (predicted):
        (local) sd   0: min(   7182)=1.9306076694244      , max(  20023)=74.614202134202      
Flow alg-view 0 is not Neumann (not for Phase Change + Nested Iters)
+----+----+--------------+--------------+--------------+--------------+--------------+------+----+-+-+--+------+
|Name|view| Initial res  | Initial resL1| Target res   | Final res    | Final res L1 |Visits|Iter|R|F|CL|Status|
|DVGR|   0|  3.482541e+02|  1.111338e+03|  6.867644e-04|  3.831395e-04|  2.435047e+00|     8|  24|0|n|30|  OK  |
PRESSURE SOLVER(geom_index=  0): sum_C_dp=-0.000537002
Face Momentum (sd=  0): max value of div(mf) (cv=7226) = 1.763300e-03
	norm_L2 of div(momentum) = 1.958936e-02.
nsd = 0 min_dtHy = 0.00772377 (nCV =	20023 ) max_dtHy = 0.0539687 (nCV =	55642 ) 
+----+----+--------------+--------------+--------------+--------------+--------------+------+----+-+-+--+------+
|Name|view| Initial res  | Initial resL1| Target res   | Final res    | Final res L1 |Visits|Iter|R|F|CL|Status|
|CHT |   0|  1.365694e+08|  3.425223e+05|  6.519191e+03|  5.785187e+02|  4.746303e+02|     1|   9|0|n|30|  OK  |
nsd = 0 min_dtke = 0.00521907 (nCV =	37299 ) max_dtke = 0.048238 (nCV =	55642 ) 
+----+----+----+--------------+--------------+--------------+--------------+--------------+------+----+-+-+--+------+
|Name|view| n_y| Initial res  | Initial resL1| Target res   | Final res    | Final res L1 |Visits|Iter|R|F|CL|Status|
+----+----+----+--------------+--------------+--------------+--------------+--------------+------+----+-+-+--+------+
|turb|   0|   0|  1.764217e+06|  5.899995e+04|  2.697957e-03|  1.643012e-06|  7.735062e-02|     3|  18|0|n|30|  OK  |
|turb|   0|   1|  3.881254e+08|  6.239395e+05|  6.895072e-03|  1.137582e-04|  5.316049e-01|     3|  18|0|n|30|  OK  |
Filter: K,E,momentum: sd =   0 isolating K from zero=      8 E from zero=    902 E from infinity=      2
slv : Fluid subdom(new) 0
slv : P static (new)                 : min(   5233) = 97646.651706791      , max(  18144) = 102980.16970947      
slv : Density (new)                  : min(   5233) = 1.1496541464603      , max(  20023) = 1.2233473621646      
slv : Velocity (new)                 : min(   7206) = 1.2844115406182      , max(  20023) = 74.477771791792      
slv : Mach number (new)              : min(   7206) = 0.0037350505899641   , max(  20023) = 0.21760606821442     
slv : Turbulent k (new)              : min(   5240) = 1e-40                , max(   7049) = 74.439952471987      
slv : Turbulent e (new)              : min(   5243) = 4.7526341771573e-45  , max(   7049) = 1083.1882477664      
slv : Temperature (new)              : min(  20023) = 291.64120942029      , max(   5257) = 296.88994479525      
slv : Total enthalpy, Y-shifted (new): min(  18774) = 1194.790117891       , max(   5233) = 4252.1873867977      
slv : MASS FLUXES AT OPENINGS: MF=-9027.79, AP=9027.84
slv : DvGr statistics: min alpha=0.169657(nfa=58740, geom_slice=0)
slv : +----------------------------------+------------+-------+------------+------------+
slv : |          Collector name          | Total Time | Count |  Avg Time  |  Max Time  |
slv : +----------------------------------+------------+-------+------------+------------+
slv : | Calculate_inc                    |      11.996|     22|       0.545|       0.897|
slv : | CollectEMT_Results               |       0.000|     23|       0.000|       0.000|
slv : | HeatPathCalculator_Dynamic       |       0.016|      1|       0.016|       0.016|
slv : | LiSy_make_portrait               |       0.336|    109|       0.003|       0.016|
slv : | Results_processing               |       2.513|     22|       0.114|       0.153|
slv : | build_sl_ordering_CHT            |       0.018|     23|       0.001|       0.009|
slv : | build_sl_ordering_MDS            |       0.066|     23|       0.003|       0.025|
slv : | build_sl_ordering_fluid          |       0.066|     23|       0.003|       0.025|
slv : | calc_Convolutions_MDS            |       0.385|     23|       0.017|       0.028|
slv : | calc_wall_dist                   |       0.502|      1|       0.502|       0.502|
slv : | create_Gr_operators_MDS          |       0.388|     23|       0.017|       0.030|
slv : | create_Gr_operators_portrait_MDS |       0.192|     23|       0.008|       0.015|
slv : | init_Hy_group_MDS                |       0.369|     23|       0.016|       0.027|
slv : | perform_stage_total              |      10.981|    629|       0.017|       0.502|
slv : | precalc_at_start_MDS             |       0.663|      2|       0.332|       0.632|
slv : | solve_3M_MDS                     |       1.578|     23|       0.069|       0.121|
slv : | solve_3M_alg_MDS                 |       0.825|     23|       0.036|       0.068|
slv : | solve_BG_MDS                     |       0.991|     23|       0.043|       0.122|
slv : | solve_BG_alg_MDS                 |       0.703|     23|       0.031|       0.105|
slv : | solve_BL_MDS                     |       0.260|     23|       0.011|       0.027|
slv : | solve_CHT                        |       0.788|     23|       0.034|       0.056|
slv : | solve_CHT_MDS                    |       0.567|     23|       0.025|       0.038|
slv : | solve_CHT_alg_MDS                |       0.150|     23|       0.007|       0.016|
slv : | solve_DvGr_MDS                   |       2.843|     23|       0.124|       0.194|
slv : | solve_DvGr_alg_MDS               |       1.515|     23|       0.066|       0.115|
slv : | solve_INPR_MDS                   |       0.000|      1|       0.000|       0.000|
slv : | solve_PS+QJ                      |       0.000|      0|       0.000|       0.000|
slv : | solve_YLMA_MDS                   |       0.000|     23|       0.000|       0.000|
slv : | solve_YNOx_MDS                   |       0.000|     23|       0.000|       0.000|
slv : | solve_YTd_MDS                    |       0.000|     23|       0.000|       0.000|
slv : | solve_YTurb_MDS                  |       2.969|     23|       0.129|       0.245|
slv : | solve_YTurb_alg_MDS              |       1.184|     46|       0.026|       0.100|
slv : | update_BC_MDS                    |       0.000|     24|       0.000|       0.000|
slv : | update_Mf_after_DvGr             |       0.245|     23|       0.011|       0.020|
slv : | update_VelPressure_MDS           |       0.065|     23|       0.003|       0.005|
slv : +----------------------------------+------------+-------+------------+------------+
-----------------------------------------------------------------------
Memory Working Set Current = 289.91 Mb, Memory Working Set Peak = 292.58 Mb
Memory Private Bytes Current = 300.93 Mb, Memory Private Bytes Peak = 308.70 Mb
Process Threads Number: 14
-----------------------------------------------------------------------
Algebra Pool      : mem_usage = 194.69 Mb, allocated count = 1220

================== Tstep=23 ===================
<Dynamic P> on nsd = 0 {openings (inlet / outlet)}:
  (SP = Static Pressure, EP = Environment Pressure, TP = Total Pressure, E = External)
  {#0, E, (1.511240e+03 / 0.000000e+00)}
  {#1, E, (0.000000e+00 / 1.506229e+03)}
  {#2, E, (8.033193e-01 / 1.515328e+03)}
  {#3, E, (8.058935e-01 / 1.515362e+03)}
  {#4, E, (1.833144e+01 / 1.499164e+03)}
  {#5, E, (1.172163e-01 / 1.514412e+03)}
  MWS[  0]=2.573
tau_viscous_averaged = 1336.86 
dt(mass,momentum; nsd=  0): min dt/dtG(ncv=  20023)=1.00 , max dt/dtG(ncv=   7785)=7.4    , dtG=0.00762749
Flow alg-view 0 in phys-view 0 isn't Neumann (not Multi Phase treating)
Face Momentum (sd=  0): max value of div(mf) (cv=4305) = 6.962200e-01
Flow alg-view 0 is not Neumann (not for Phase Change + Nested Iters)
+----+----+--------------+--------------+--------------+--------------+--------------+------+----+-+-+--+------+
|Name|view| Initial res  | Initial resL1| Target res   | Final res    | Final res L1 |Visits|Iter|R|F|CL|Status|
| BG |   0|  3.417638e+00|  1.552764e+01|  2.136024e-04|  1.075669e-04|  8.941797e-01|     7|  21|0|n|30|  OK  |
Face Momentum (sd=  0): max value of div(mf) (cv=22764) = 1.045764e-03
	norm_L2 of div(momentum) = 1.037145e-02.
Flow alg-view 0 in phys-view 0 isn't Neumann (not Multi Phase treating)
LOG: number of a-faces with weighted approximations in 0 subdomain: 5.76251 percent
LOG: Rate of a-faces corrected to CUp1st in 0 subdomain: 0.00987534 %
slv : SolveBL stage
|nsd|Real WF|NormalF|Cycle F|CriticF| EdgeF |CyclBrF|ExtParF|RWFnumSt|StLvlNum|  nfw  |  alp_U_min  |  nfw  |  alp_U_max  |  nfw  |  alp_T_min  |  nfw  |  alp_T_max  |  nfw  |  BL_s_min   |  nfw  |   BL_s_max  |
|  0|    804|    659|      0|     43|    102|      0|      0|     804|      18|   1195|0            |   1121|4.19038      |   1076|0            |   3482|21989.8      |   3482|-289.381     |   1076|0            |
Face Momentum (sd=  0): max value of div(mf) (cv=22764) = 1.045764e-03
	norm_L2 of div(momentum) = 1.037145e-02.
nsd = 0 BC: AP Inlet occurs on 4588 w-faces
+----+----+----+--------------+--------------+--------------+--------------+--------------+------+----+-+-+--+------+
|Name|view| n_y| Initial res  | Initial resL1| Target res   | Final res    | Final res L1 |Visits|Iter|R|F|CL|Status|
+----+----+----+--------------+--------------+--------------+--------------+--------------+------+----+-+-+--+------+
| 3M |   0|   0|  1.512700e+06|  1.656081e+05|  1.893384e+00|  3.536646e-02|  4.527068e+00|     3|   9|0|n|29|  OK  |
Velocity (predicted):
        (local) sd   0: min(  29488)=1.9601080635612      , max(  20023)=74.984889462126      
Flow alg-view 0 is not Neumann (not for Phase Change + Nested Iters)
+----+----+--------------+--------------+--------------+--------------+--------------+------+----+-+-+--+------+
|Name|view| Initial res  | Initial resL1| Target res   | Final res    | Final res L1 |Visits|Iter|R|F|CL|Status|
|DVGR|   0|  3.373580e+02|  1.129962e+03|  7.242601e-04|  3.599917e-04|  2.358587e+00|     8|  24|0|n|30|  OK  |
PRESSURE SOLVER(geom_index=  0): sum_C_dp=-0.000428463
Face Momentum (sd=  0): max value of div(mf) (cv=7226) = 1.610224e-03
	norm_L2 of div(momentum) = 1.898639e-02.
nsd = 0 min_dtHy = 0.00762749 (nCV =	20023 ) max_dtHy = 0.0565213 (nCV =	7785 ) 
+----+----+--------------+--------------+--------------+--------------+--------------+------+----+-+-+--+------+
|Name|view| Initial res  | Initial resL1| Target res   | Final res    | Final res L1 |Visits|Iter|R|F|CL|Status|
|CHT |   0|  1.294536e+08|  3.602698e+05|  6.977604e+03|  7.404784e+02|  5.854357e+02|     1|   9|0|n|30|  OK  |
nsd = 0 min_dtke = 0.00514333 (nCV =	37299 ) max_dtke = 0.0480696 (nCV =	55642 ) 
+----+----+----+--------------+--------------+--------------+--------------+--------------+------+----+-+-+--+------+
|Name|view| n_y| Initial res  | Initial resL1| Target res   | Final res    | Final res L1 |Visits|Iter|R|F|CL|Status|
+----+----+----+--------------+--------------+--------------+--------------+--------------+------+----+-+-+--+------+
|turb|   0|   0|  1.834947e+06|  5.954171e+04|  2.892856e-03|  2.125763e-06|  8.004383e-02|     3|  18|0|n|30|  OK  |
|turb|   0|   1|  5.219544e+08|  6.524070e+05|  7.618751e-03|  1.662655e-04|  5.772702e-01|     3|  18|0|n|30|  OK  |
Filter: K,E,momentum: sd =   0 isolating K from zero=      8 E from zero=    623 E from infinity=      4
slv : Fluid subdom(new) 0
slv : P static (new)                 : min(   5233) = 97569.065882092      , max(  18144) = 102956.33243436      
slv : Density (new)                  : min(   5233) = 1.1486392244151      , max(  20023) = 1.2238215522043      
slv : Velocity (new)                 : min(   7804) = 2.4415337881289      , max(  20023) = 74.916809263916      
slv : Mach number (new)              : min(   7804) = 0.0070999649963274   , max(  20023) = 0.21889994453458     
slv : Turbulent k (new)              : min(   5240) = 1e-40                , max(   7049) = 96.608501101527      
slv : Turbulent e (new)              : min(   5243) = 4.7542795338731e-45  , max(   7049) = 1575.8699751871      
slv : Temperature (new)              : min(  20023) = 291.61144949217      , max(   5257) = 296.96501789297      
slv : Total enthalpy, Y-shifted (new): min(  18774) = 1186.5795352926      , max(   5233) = 4328.5527825745      
slv : MASS FLUXES AT OPENINGS: MF=-9027.79, AP=9027.81
slv : DvGr statistics: min alpha=0.165955(nfa=58740, geom_slice=0)
slv : +----------------------------------+------------+-------+------------+------------+
slv : |          Collector name          | Total Time | Count |  Avg Time  |  Max Time  |
slv : +----------------------------------+------------+-------+------------+------------+
slv : | Calculate_inc                    |      12.474|     23|       0.542|       0.897|
slv : | CollectEMT_Results               |       0.000|     24|       0.000|       0.000|
slv : | HeatPathCalculator_Dynamic       |       0.016|      1|       0.016|       0.016|
slv : | LiSy_make_portrait               |       0.344|    113|       0.003|       0.016|
slv : | Results_processing               |       2.617|     23|       0.114|       0.153|
slv : | build_sl_ordering_CHT            |       0.018|     24|       0.001|       0.009|
slv : | build_sl_ordering_MDS            |       0.066|     24|       0.003|       0.025|
slv : | build_sl_ordering_fluid          |       0.066|     24|       0.003|       0.025|
slv : | calc_Convolutions_MDS            |       0.399|     24|       0.017|       0.028|
slv : | calc_wall_dist                   |       0.502|      1|       0.502|       0.502|
slv : | create_Gr_operators_MDS          |       0.404|     24|       0.017|       0.030|
slv : | create_Gr_operators_portrait_MDS |       0.198|     24|       0.008|       0.015|
slv : | init_Hy_group_MDS                |       0.384|     24|       0.016|       0.027|
slv : | perform_stage_total              |      11.405|    656|       0.017|       0.502|
slv : | precalc_at_start_MDS             |       0.663|      2|       0.332|       0.632|
slv : | solve_3M_MDS                     |       1.648|     24|       0.069|       0.121|
slv : | solve_3M_alg_MDS                 |       0.869|     24|       0.036|       0.068|
slv : | solve_BG_MDS                     |       1.028|     24|       0.043|       0.122|
slv : | solve_BG_alg_MDS                 |       0.730|     24|       0.030|       0.105|
slv : | solve_BL_MDS                     |       0.273|     24|       0.011|       0.027|
slv : | solve_CHT                        |       0.819|     24|       0.034|       0.056|
slv : | solve_CHT_MDS                    |       0.591|     24|       0.025|       0.038|
slv : | solve_CHT_alg_MDS                |       0.159|     24|       0.007|       0.016|
slv : | solve_DvGr_MDS                   |       2.944|     24|       0.123|       0.194|
slv : | solve_DvGr_alg_MDS               |       1.568|     24|       0.065|       0.115|
slv : | solve_INPR_MDS                   |       0.000|      1|       0.000|       0.000|
slv : | solve_PS+QJ                      |       0.000|      0|       0.000|       0.000|
slv : | solve_YLMA_MDS                   |       0.000|     24|       0.000|       0.000|
slv : | solve_YNOx_MDS                   |       0.000|     24|       0.000|       0.000|
slv : | solve_YTd_MDS                    |       0.000|     24|       0.000|       0.000|
slv : | solve_YTurb_MDS                  |       3.105|     24|       0.129|       0.245|
slv : | solve_YTurb_alg_MDS              |       1.250|     48|       0.026|       0.100|
slv : | update_BC_MDS                    |       0.000|     25|       0.000|       0.000|
slv : | update_Mf_after_DvGr             |       0.254|     24|       0.011|       0.020|
slv : | update_VelPressure_MDS           |       0.067|     24|       0.003|       0.005|
slv : +----------------------------------+------------+-------+------------+------------+
-----------------------------------------------------------------------
Memory Working Set Current = 290.21 Mb, Memory Working Set Peak = 292.75 Mb
Memory Private Bytes Current = 301.05 Mb, Memory Private Bytes Peak = 308.70 Mb
Process Threads Number: 14
-----------------------------------------------------------------------
Algebra Pool      : mem_usage = 194.69 Mb, allocated count = 1222

================== Tstep=24 ===================
<Dynamic P> on nsd = 0 {openings (inlet / outlet)}:
  (SP = Static Pressure, EP = Environment Pressure, TP = Total Pressure, E = External)
  {#0, E, (1.511230e+03 / 0.000000e+00)}
  {#1, E, (0.000000e+00 / 1.504455e+03)}
  {#2, E, (8.413612e-01 / 1.515899e+03)}
  {#3, E, (8.440769e-01 / 1.515902e+03)}
  {#4, E, (1.971002e+01 / 1.499474e+03)}
  {#5, E, (1.230206e-01 / 1.514570e+03)}
  MWS[  0]=2.58604
tau_viscous_averaged = 1223.56 
dt(mass,momentum; nsd=  0): min dt/dtG(ncv=  20023)=1.00 , max dt/dtG(ncv=  29490)=7.6    , dtG=0.00759132
Flow alg-view 0 in phys-view 0 isn't Neumann (not Multi Phase treating)
Face Momentum (sd=  0): max value of div(mf) (cv=6732) = 3.286188e-01
Flow alg-view 0 is not Neumann (not for Phase Change + Nested Iters)
+----+----+--------------+--------------+--------------+--------------+--------------+------+----+-+-+--+------+
|Name|view| Initial res  | Initial resL1| Target res   | Final res    | Final res L1 |Visits|Iter|R|F|CL|Status|
| BG |   0|  2.790182e+00|  1.448614e+01|  1.743864e-04|  8.248845e-05|  8.405918e-01|     7|  21|0|n|30|  OK  |
Face Momentum (sd=  0): max value of div(mf) (cv=24721) = 8.335978e-04
	norm_L2 of div(momentum) = 9.082323e-03.
Flow alg-view 0 in phys-view 0 isn't Neumann (not Multi Phase treating)
LOG: number of a-faces with weighted approximations in 0 subdomain: 5.84685 percent
LOG: Rate of a-faces corrected to CUp1st in 0 subdomain: 0.00587441 %
slv : SolveBL stage
|nsd|Real WF|NormalF|Cycle F|CriticF| EdgeF |CyclBrF|ExtParF|RWFnumSt|StLvlNum|  nfw  |  alp_U_min  |  nfw  |  alp_U_max  |  nfw  |  alp_T_min  |  nfw  |  alp_T_max  |  nfw  |  BL_s_min   |  nfw  |   BL_s_max  |
|  0|    804|    652|      0|     50|    102|      0|      0|     804|      18|   1194|0            |   1121|4.26529      |   1076|0            |   3489|61041.3      |   3482|-331.059     |   1076|0            |
Face Momentum (sd=  0): max value of div(mf) (cv=24721) = 8.335978e-04
	norm_L2 of div(momentum) = 9.082323e-03.
nsd = 0 BC: AP Inlet occurs on 4530 w-faces
+----+----+----+--------------+--------------+--------------+--------------+--------------+------+----+-+-+--+------+
|Name|view| n_y| Initial res  | Initial resL1| Target res   | Final res    | Final res L1 |Visits|Iter|R|F|CL|Status|
+----+----+----+--------------+--------------+--------------+--------------+--------------+------+----+-+-+--+------+
| 3M |   0|   0|  1.529085e+06|  1.675716e+05|  1.920751e+00|  3.442999e-02|  4.568240e+00|     3|   9|0|n|29|  OK  |
Velocity (predicted):
        (local) sd   0: min(   7805)=1.644801579317       , max(  20023)=75.831747377323      
Flow alg-view 0 is not Neumann (not for Phase Change + Nested Iters)
+----+----+--------------+--------------+--------------+--------------+--------------+------+----+-+-+--+------+
|Name|view| Initial res  | Initial resL1| Target res   | Final res    | Final res L1 |Visits|Iter|R|F|CL|Status|
|DVGR|   0|  2.991214e+02|  1.096246e+03|  7.360938e-04|  3.537889e-04|  2.405514e+00|     8|  24|0|n|30|  OK  |
PRESSURE SOLVER(geom_index=  0): sum_C_dp=-0.000444936
Face Momentum (sd=  0): max value of div(mf) (cv=7230) = 1.231004e-03
	norm_L2 of div(momentum) = 1.882121e-02.
nsd = 0 min_dtHy = 0.00759132 (nCV =	20023 ) max_dtHy = 0.0580263 (nCV =	29490 ) 
+----+----+--------------+--------------+--------------+--------------+--------------+------+----+-+-+--+------+
|Name|view| Initial res  | Initial resL1| Target res   | Final res    | Final res L1 |Visits|Iter|R|F|CL|Status|
|CHT |   0|  1.269434e+08|  3.785924e+05|  7.296830e+03|  1.000020e+03|  7.200476e+02|     1|   9|0|n|30|  OK  |
nsd = 0 min_dtke = 0.00220561 (nCV =	5263 ) max_dtke = 0.0480134 (nCV =	55642 ) 
+----+----+----+--------------+--------------+--------------+--------------+--------------+------+----+-+-+--+------+
|Name|view| n_y| Initial res  | Initial resL1| Target res   | Final res    | Final res L1 |Visits|Iter|R|F|CL|Status|
+----+----+----+--------------+--------------+--------------+--------------+--------------+------+----+-+-+--+------+
|turb|   0|   0|  1.769438e+06|  6.075501e+04|  2.974806e-03|  3.626037e-06|  9.564181e-02|     3|  18|0|n|30|  OK  |
|turb|   0|   1|  5.730627e+08|  6.832822e+05|  7.913473e-03|  3.707263e-04|  7.480455e-01|     3|  18|0|n|30|  OK  |
Filter: K,E,momentum: sd =   0 isolating K from zero=     10 E from zero=    554 E from infinity=      6
slv : Fluid subdom(new) 0
slv : P static (new)                 : min(   5233) = 97498.845347362      , max(   7242) = 102945.44861884      
slv : Density (new)                  : min(   5233) = 1.1477223671162      , max(  20023) = 1.2236276370701      
slv : Velocity (new)                 : min(   7167) = 1.7628288911149      , max(  20023) = 75.694273280174      
slv : Mach number (new)              : min(   7167) = 0.0051262944111325   , max(  20023) = 0.22119211473277     
slv : Turbulent k (new)              : min(   5241) = 1e-40                , max(   7177) = 114.7725907701       
slv : Turbulent e (new)              : min(   5574) = 1.8242042092879e-45  , max(   7177) = 2052.2835173771      
slv : Temperature (new)              : min(  20023) = 291.55715563456      , max(   5257) = 297.03897910073      
slv : Total enthalpy, Y-shifted (new): min(  18644) = 1178.7728727516      , max(   5233) = 4394.5251144591      
slv : MASS FLUXES AT OPENINGS: MF=-9027.79, AP=9027.83
slv : DvGr statistics: min alpha=0.166373(nfa=30465, geom_slice=0)
slv : +----------------------------------+------------+-------+------------+------------+
slv : |          Collector name          | Total Time | Count |  Avg Time  |  Max Time  |
slv : +----------------------------------+------------+-------+------------+------------+
slv : | Calculate_inc                    |      12.976|     24|       0.541|       0.897|
slv : | CollectEMT_Results               |       0.000|     25|       0.000|       0.000|
slv : | HeatPathCalculator_Dynamic       |       0.016|      1|       0.016|       0.016|
slv : | LiSy_make_portrait               |       0.353|    117|       0.003|       0.016|
slv : | Results_processing               |       2.725|     24|       0.114|       0.153|
slv : | build_sl_ordering_CHT            |       0.018|     25|       0.001|       0.009|
slv : | build_sl_ordering_MDS            |       0.067|     25|       0.003|       0.025|
slv : | build_sl_ordering_fluid          |       0.066|     25|       0.003|       0.025|
slv : | calc_Convolutions_MDS            |       0.412|     25|       0.016|       0.028|
slv : | calc_wall_dist                   |       0.502|      1|       0.502|       0.502|
slv : | create_Gr_operators_MDS          |       0.421|     25|       0.017|       0.030|
slv : | create_Gr_operators_portrait_MDS |       0.206|     25|       0.008|       0.015|
slv : | init_Hy_group_MDS                |       0.398|     25|       0.016|       0.027|
slv : | perform_stage_total              |      11.809|    683|       0.017|       0.502|
slv : | precalc_at_start_MDS             |       0.663|      2|       0.332|       0.632|
slv : | solve_3M_MDS                     |       1.714|     25|       0.069|       0.121|
slv : | solve_3M_alg_MDS                 |       0.907|     25|       0.036|       0.068|
slv : | solve_BG_MDS                     |       1.062|     25|       0.042|       0.122|
slv : | solve_BG_alg_MDS                 |       0.754|     25|       0.030|       0.105|
slv : | solve_BL_MDS                     |       0.283|     25|       0.011|       0.027|
slv : | solve_CHT                        |       0.845|     25|       0.034|       0.056|
slv : | solve_CHT_MDS                    |       0.611|     25|       0.024|       0.038|
slv : | solve_CHT_alg_MDS                |       0.164|     25|       0.007|       0.016|
slv : | solve_DvGr_MDS                   |       3.040|     25|       0.122|       0.194|
slv : | solve_DvGr_alg_MDS               |       1.619|     25|       0.065|       0.115|
slv : | solve_INPR_MDS                   |       0.000|      1|       0.000|       0.000|
slv : | solve_PS+QJ                      |       0.000|      0|       0.000|       0.000|
slv : | solve_YLMA_MDS                   |       0.000|     25|       0.000|       0.000|
slv : | solve_YNOx_MDS                   |       0.000|     25|       0.000|       0.000|
slv : | solve_YTd_MDS                    |       0.000|     25|       0.000|       0.000|
slv : | solve_YTurb_MDS                  |       3.234|     25|       0.129|       0.245|
slv : | solve_YTurb_alg_MDS              |       1.311|     50|       0.026|       0.100|
slv : | update_BC_MDS                    |       0.000|     26|       0.000|       0.000|
slv : | update_Mf_after_DvGr             |       0.263|     25|       0.011|       0.020|
slv : | update_VelPressure_MDS           |       0.070|     25|       0.003|       0.005|
slv : +----------------------------------+------------+-------+------------+------------+
Interpolator cache: total calls 4926, optimised calls 448 (9.1 %)
-----------------------------------------------------------------------
Memory Working Set Current = 290.13 Mb, Memory Working Set Peak = 292.76 Mb
Memory Private Bytes Current = 300.95 Mb, Memory Private Bytes Peak = 308.70 Mb
Process Threads Number: 14
-----------------------------------------------------------------------
Iteration : time = 3.0678 , count = 5 , time/count = 0.613559
Calculate_inc() : time = 2.54819 , count = 5 , time/count = 0.509638
TreatFlowEvolution() : time = 0.285227 , count = 5 , time/count = 0.0570454
SolverPreview : time = 0.227398 , count = 5 , time/count = 0.0454796
TreatGoals : time = 0.283231 , count = 5 , time/count = 0.0566462
Algebra Pool      : mem_usage = 194.69 Mb, allocated count = 1224

================== Tstep=25 ===================
<Dynamic P> on nsd = 0 {openings (inlet / outlet)}:
  (SP = Static Pressure, EP = Environment Pressure, TP = Total Pressure, E = External)
  {#0, E, (1.511205e+03 / 0.000000e+00)}
  {#1, E, (0.000000e+00 / 1.502444e+03)}
  {#2, E, (8.798997e-01 / 1.516658e+03)}
  {#3, E, (8.826500e-01 / 1.516607e+03)}
  {#4, E, (2.095134e+01 / 1.499817e+03)}
  {#5, E, (1.271314e-01 / 1.514830e+03)}
  MWS[  0]=2.61251
tau_viscous_averaged = 1140.58 
dt(mass,momentum; nsd=  0): min dt/dtG(ncv=  20023)=1.00 , max dt/dtG(ncv=  29496)=8.1    , dtG=0.0112981
Flow alg-view 0 in phys-view 0 isn't Neumann (not Multi Phase treating)
Face Momentum (sd=  0): max value of div(mf) (cv=6733) = 3.272118e-01
Flow alg-view 0 is not Neumann (not for Phase Change + Nested Iters)
+----+----+--------------+--------------+--------------+--------------+--------------+------+----+-+-+--+------+
|Name|view| Initial res  | Initial resL1| Target res   | Final res    | Final res L1 |Visits|Iter|R|F|CL|Status|
| BG |   0|  2.392245e+00|  1.327216e+01|  1.495153e-04|  4.530585e-05|  5.428645e-01|     8|  24|0|n|30|  OK  |
Face Momentum (sd=  0): max value of div(mf) (cv=11705) = 6.542488e-04
	norm_L2 of div(momentum) = 6.730964e-03.
Flow alg-view 0 in phys-view 0 isn't Neumann (not Multi Phase treating)
LOG: number of a-faces with weighted approximations in 0 subdomain: 5.94495 percent
LOG: Rate of a-faces corrected to CUp1st in 0 subdomain: 0.0075649 %
slv : SolveBL stage
|nsd|Real WF|NormalF|Cycle F|CriticF| EdgeF |CyclBrF|ExtParF|RWFnumSt|StLvlNum|  nfw  |  alp_U_min  |  nfw  |  alp_U_max  |  nfw  |  alp_T_min  |  nfw  |  alp_T_max  |  nfw  |  BL_s_min   |  nfw  |   BL_s_max  |
|  0|    804|    661|      0|     42|    101|      0|      0|     804|      18|   1202|0            |   1121|4.32541      |   1046|0            |   4173|16087.9      |   3656|-209.834     |   1046|0            |
Face Momentum (sd=  0): max value of div(mf) (cv=11705) = 6.542488e-04
	norm_L2 of div(momentum) = 6.730964e-03.
nsd = 0 BC: AP Inlet occurs on 4468 w-faces
+----+----+----+--------------+--------------+--------------+--------------+--------------+------+----+-+-+--+------+
|Name|view| n_y| Initial res  | Initial resL1| Target res   | Final res    | Final res L1 |Visits|Iter|R|F|CL|Status|
+----+----+----+--------------+--------------+--------------+--------------+--------------+------+----+-+-+--+------+
| 3M |   0|   0|  1.606167e+06|  1.705794e+05|  1.521615e+00|  4.268268e-01|  1.783658e+01|     3|   9|0|n|29|  OK  |
Velocity (predicted):
        (local) sd   0: min(  18587)=0.8599047422694      , max(  20023)=75.96643180283       
Flow alg-view 0 is not Neumann (not for Phase Change + Nested Iters)
+----+----+--------------+--------------+--------------+--------------+--------------+------+----+-+-+--+------+
|Name|view| Initial res  | Initial resL1| Target res   | Final res    | Final res L1 |Visits|Iter|R|F|CL|Status|
|DVGR|   0|  4.503847e+02|  1.423460e+03|  1.714731e-03|  1.189541e-03|  4.401994e+00|     8|  24|0|n|30|  OK  |
PRESSURE SOLVER(geom_index=  0): sum_C_dp=-0.000195024
Face Momentum (sd=  0): max value of div(mf) (cv=29464) = 1.280981e-03
	norm_L2 of div(momentum) = 3.449557e-02.
nsd = 0 min_dtHy = 0.0112981 (nCV =	20023 ) max_dtHy = 0.0917455 (nCV =	29496 ) 
+----+----+--------------+--------------+--------------+--------------+--------------+------+----+-+-+--+------+
|Name|view| Initial res  | Initial resL1| Target res   | Final res    | Final res L1 |Visits|Iter|R|F|CL|Status|
|CHT |   0|  1.294190e+08|  4.024562e+05|  5.947128e+03|  1.596505e-01|  1.044934e+01|     2|  18|0|n|30|  OK  |
nsd = 0 min_dtke = 0.00617008 (nCV =	37299 ) max_dtke = 0.0680365 (nCV =	55642 ) 
+----+----+----+--------------+--------------+--------------+--------------+--------------+------+----+-+-+--+------+
|Name|view| n_y| Initial res  | Initial resL1| Target res   | Final res    | Final res L1 |Visits|Iter|R|F|CL|Status|
+----+----+----+--------------+--------------+--------------+--------------+--------------+------+----+-+-+--+------+
|turb|   0|   0|  1.670542e+06|  6.140163e+04|  2.461475e-03|  6.595191e-04|  1.364123e+00|     3|  18|0|n|30|  OK  |
|turb|   0|   1|  5.528563e+08|  7.040916e+05|  6.686967e-03|  2.659930e-04|  6.420563e-01|     4|  24|0|n|30|  OK  |
Filter: K,E,momentum: sd =   0 isolating K from zero=      5 E from zero=    687 E from infinity=      3
slv : Fluid subdom(new) 0
slv : P static (new)                 : min(   5233) = 97451.020890556      , max(  18144) = 102945.56654969      
slv : Density (new)                  : min(   5233) = 1.1470427554178      , max(  20023) = 1.2238591731621      
slv : Velocity (new)                 : min(  29497) = 1.6099609086413      , max(  20023) = 75.869858596066      
slv : Mach number (new)              : min(  29497) = 0.0046815313968117   , max(  20023) = 0.22170870011409     
slv : Turbulent k (new)              : min(   5261) = 1e-40                , max(   7049) = 129.19758603496      
slv : Turbulent e (new)              : min(   5574) = 1.8244148957696e-45  , max(   7177) = 2444.6016010655      
slv : Temperature (new)              : min(  20023) = 291.54792176273      , max(   5258) = 297.15193530977      
slv : Total enthalpy, Y-shifted (new): min(  18644) = 1174.4119439544      , max(   5232) = 4467.9568254399      
slv : MASS FLUXES AT OPENINGS: MF=-9027.79, AP=9027.8
slv : DvGr statistics: min alpha=0.167646(nfa=52422, geom_slice=0)
slv : +----------------------------------+------------+-------+------------+------------+
slv : |          Collector name          | Total Time | Count |  Avg Time  |  Max Time  |
slv : +----------------------------------+------------+-------+------------+------------+
slv : | Calculate_inc                    |      13.453|     25|       0.538|       0.897|
slv : | CollectEMT_Results               |       0.000|     26|       0.000|       0.000|
slv : | HeatPathCalculator_Dynamic       |       0.016|      1|       0.016|       0.016|
slv : | LiSy_make_portrait               |       0.367|    121|       0.003|       0.016|
slv : | Results_processing               |       2.826|     25|       0.113|       0.153|
slv : | build_sl_ordering_CHT            |       0.018|     26|       0.001|       0.009|
slv : | build_sl_ordering_MDS            |       0.067|     26|       0.003|       0.025|
slv : | build_sl_ordering_fluid          |       0.066|     26|       0.003|       0.025|
slv : | calc_Convolutions_MDS            |       0.441|     26|       0.017|       0.029|
slv : | calc_wall_dist                   |       0.502|      1|       0.502|       0.502|
slv : | create_Gr_operators_MDS          |       0.436|     26|       0.017|       0.030|
slv : | create_Gr_operators_portrait_MDS |       0.213|     26|       0.008|       0.015|
slv : | init_Hy_group_MDS                |       0.410|     26|       0.016|       0.027|
slv : | perform_stage_total              |      12.250|    710|       0.017|       0.502|
slv : | precalc_at_start_MDS             |       0.663|      2|       0.332|       0.632|
slv : | solve_3M_MDS                     |       1.782|     26|       0.069|       0.121|
slv : | solve_3M_alg_MDS                 |       0.948|     26|       0.036|       0.068|
slv : | solve_BG_MDS                     |       1.101|     26|       0.042|       0.122|
slv : | solve_BG_alg_MDS                 |       0.780|     26|       0.030|       0.105|
slv : | solve_BL_MDS                     |       0.308|     26|       0.012|       0.027|
slv : | solve_CHT                        |       0.918|     26|       0.035|       0.073|
slv : | solve_CHT_MDS                    |       0.676|     26|       0.026|       0.065|
slv : | solve_CHT_alg_MDS                |       0.212|     26|       0.008|       0.048|
slv : | solve_DvGr_MDS                   |       3.138|     26|       0.121|       0.194|
slv : | solve_DvGr_alg_MDS               |       1.667|     26|       0.064|       0.115|
slv : | solve_INPR_MDS                   |       0.000|      1|       0.000|       0.000|
slv : | solve_PS+QJ                      |       0.000|      0|       0.000|       0.000|
slv : | solve_YLMA_MDS                   |       0.000|     26|       0.000|       0.000|
slv : | solve_YNOx_MDS                   |       0.000|     26|       0.000|       0.000|
slv : | solve_YTd_MDS                    |       0.000|     26|       0.000|       0.000|
slv : | solve_YTurb_MDS                  |       3.381|     26|       0.130|       0.245|
slv : | solve_YTurb_alg_MDS              |       1.378|     52|       0.027|       0.100|
slv : | update_BC_MDS                    |       0.000|     27|       0.000|       0.000|
slv : | update_Mf_after_DvGr             |       0.272|     26|       0.010|       0.020|
slv : | update_VelPressure_MDS           |       0.073|     26|       0.003|       0.005|
slv : +----------------------------------+------------+-------+------------+------------+
-----------------------------------------------------------------------
Memory Working Set Current = 299.25 Mb, Memory Working Set Peak = 301.54 Mb
Memory Private Bytes Current = 306.79 Mb, Memory Private Bytes Peak = 313.38 Mb
Process Threads Number: 14
-----------------------------------------------------------------------
Algebra Pool      : mem_usage = 199.75 Mb, allocated count = 1352

================== Tstep=26 ===================
<Dynamic P> on nsd = 0 {openings (inlet / outlet)}:
  (SP = Static Pressure, EP = Environment Pressure, TP = Total Pressure, E = External)
  {#0, E, (1.511192e+03 / 0.000000e+00)}
  {#1, E, (0.000000e+00 / 1.498873e+03)}
  {#2, E, (9.283532e-01 / 1.517309e+03)}
  {#3, E, (9.297267e-01 / 1.517294e+03)}
  {#4, E, (2.288570e+01 / 1.500503e+03)}
  {#5, E, (1.302978e-01 / 1.515070e+03)}
  MWS[  0]=2.61792
tau_viscous_averaged = 1043.88 
dt(mass,momentum; nsd=  0): min dt/dtG(ncv=  20023)=1.00 , max dt/dtG(ncv=  29497)=9.3    , dtG=0.0112808
Flow alg-view 0 in phys-view 0 isn't Neumann (not Multi Phase treating)
Face Momentum (sd=  0): max value of div(mf) (cv=24622) = 3.074359e-01
Flow alg-view 0 is not Neumann (not for Phase Change + Nested Iters)
+----+----+--------------+--------------+--------------+--------------+--------------+------+----+-+-+--+------+
|Name|view| Initial res  | Initial resL1| Target res   | Final res    | Final res L1 |Visits|Iter|R|F|CL|Status|
| BG |   0|  2.453348e+00|  1.647896e+01|  1.533343e-04|  4.863557e-05|  5.603346e-01|     8|  24|0|n|30|  OK  |
Face Momentum (sd=  0): max value of div(mf) (cv=11705) = 8.373201e-04
	norm_L2 of div(momentum) = 6.973922e-03.
Flow alg-view 0 in phys-view 0 isn't Neumann (not Multi Phase treating)
LOG: number of a-faces with weighted approximations in 0 subdomain: 6.12858 percent
LOG: Rate of a-faces corrected to CUp1st in 0 subdomain: 0.0068207 %
slv : SolveBL stage
|nsd|Real WF|NormalF|Cycle F|CriticF| EdgeF |CyclBrF|ExtParF|RWFnumSt|StLvlNum|  nfw  |  alp_U_min  |  nfw  |  alp_U_max  |  nfw  |  alp_T_min  |  nfw  |  alp_T_max  |  nfw  |  BL_s_min   |  nfw  |   BL_s_max  |
|  0|    804|    672|      0|     38|     94|      0|      0|     804|      24|   1464|0            |   1121|4.38498      |   1046|0            |   1439|70735.4      |   1439|-462.204     |   1046|0            |
Face Momentum (sd=  0): max value of div(mf) (cv=11705) = 8.373201e-04
	norm_L2 of div(momentum) = 6.973922e-03.
nsd = 0 BC: AP Inlet occurs on 4343 w-faces
+----+----+----+--------------+--------------+--------------+--------------+--------------+------+----+-+-+--+------+
|Name|view| n_y| Initial res  | Initial resL1| Target res   | Final res    | Final res L1 |Visits|Iter|R|F|CL|Status|
+----+----+----+--------------+--------------+--------------+--------------+--------------+------+----+-+-+--+------+
| 3M |   0|   0|  1.844132e+06|  1.749852e+05|  1.535443e+00|  1.454656e+00|  6.417755e+01|     2|   6|0|n|29|  OK  |
Velocity (predicted):
        (local) sd   0: min(  39521)=1.0461395237722      , max(  20023)=76.715170365108      
Flow alg-view 0 is not Neumann (not for Phase Change + Nested Iters)
+----+----+--------------+--------------+--------------+--------------+--------------+------+----+-+-+--+------+
|Name|view| Initial res  | Initial resL1| Target res   | Final res    | Final res L1 |Visits|Iter|R|F|CL|Status|
|DVGR|   0|  6.217953e+02|  1.715849e+03|  1.723988e-03|  1.706137e-03|  5.319615e+00|     8|  24|0|n|30|  OK  |
PRESSURE SOLVER(geom_index=  0): sum_C_dp=-0.000297404
Face Momentum (sd=  0): max value of div(mf) (cv=7068) = 1.434113e-03
	norm_L2 of div(momentum) = 4.131285e-02.
nsd = 0 min_dtHy = 0.0112808 (nCV =	20023 ) max_dtHy = 0.104965 (nCV =	29497 ) 
+----+----+--------------+--------------+--------------+--------------+--------------+------+----+-+-+--+------+
|Name|view| Initial res  | Initial resL1| Target res   | Final res    | Final res L1 |Visits|Iter|R|F|CL|Status|
|CHT |   0|  1.231021e+08|  4.259133e+05|  6.245379e+03|  1.230297e-01|  1.078359e+01|     2|  18|0|n|30|  OK  |
nsd = 0 min_dtke = 0.00177858 (nCV =	5266 ) max_dtke = 0.0673995 (nCV =	55642 ) 
+----+----+----+--------------+--------------+--------------+--------------+--------------+------+----+-+-+--+------+
|Name|view| n_y| Initial res  | Initial resL1| Target res   | Final res    | Final res L1 |Visits|Iter|R|F|CL|Status|
+----+----+----+--------------+--------------+--------------+--------------+--------------+------+----+-+-+--+------+
|turb|   0|   0|  1.564258e+06|  6.215359e+04|  2.507631e-03|  3.941091e-04|  1.152795e+00|     3|  18|0|n|30|  OK  |
|turb|   0|   1|  4.755194e+08|  7.067863e+05|  6.840557e-03|  1.085840e-04|  4.535680e-01|     4|  24|0|n|30|  OK  |
Filter: K,E,momentum: sd =   0 isolating K from zero=      0 E from zero=   1087 E from infinity=      0
slv : Fluid subdom(new) 0
slv : P static (new)                 : min(   5233) = 97406.488322597      , max(  18145) = 102942.65166866      
slv : Density (new)                  : min(   5233) = 1.1464306914383      , max(  20023) = 1.2236766406318      
slv : Velocity (new)                 : min(  11949) = 1.0750213997977      , max(  20023) = 76.444989050828      
slv : Mach number (new)              : min(  11949) = 0.0031260537602073   , max(  20023) = 0.22340413664509     
slv : Turbulent k (new)              : min(   5261) = 0.0012512236138195   , max(   7049) = 136.79323025123      
slv : Turbulent e (new)              : min(   6370) = 6.4973049864486e-05  , max(  18117) = 2699.4857291127      
slv : Temperature (new)              : min(  20023) = 291.50916767114      , max(   5258) = 297.25639168788      
slv : Total enthalpy, Y-shifted (new): min(  18640) = 1170.1815880109      , max(   5233) = 4520.5360643941      
slv : MASS FLUXES AT OPENINGS: MF=-9027.79, AP=9027.83
slv : DvGr statistics: min alpha=0.163454(nfa=52422, geom_slice=0)
slv : +----------------------------------+------------+-------+------------+------------+
slv : |          Collector name          | Total Time | Count |  Avg Time  |  Max Time  |
slv : +----------------------------------+------------+-------+------------+------------+
slv : | Calculate_inc                    |      14.033|     26|       0.540|       0.897|
slv : | CollectEMT_Results               |       0.000|     27|       0.000|       0.000|
slv : | HeatPathCalculator_Dynamic       |       0.016|      1|       0.016|       0.016|
slv : | LiSy_make_portrait               |       0.381|    126|       0.003|       0.016|
slv : | Results_processing               |       2.932|     26|       0.113|       0.153|
slv : | build_sl_ordering_CHT            |       0.018|     27|       0.001|       0.009|
slv : | build_sl_ordering_MDS            |       0.076|     27|       0.003|       0.025|
slv : | build_sl_ordering_fluid          |       0.075|     27|       0.003|       0.025|
slv : | calc_Convolutions_MDS            |       0.458|     27|       0.017|       0.029|
slv : | calc_wall_dist                   |       0.502|      1|       0.502|       0.502|
slv : | create_Gr_operators_MDS          |       0.449|     27|       0.017|       0.030|
slv : | create_Gr_operators_portrait_MDS |       0.219|     27|       0.008|       0.015|
slv : | init_Hy_group_MDS                |       0.425|     27|       0.016|       0.027|
slv : | perform_stage_total              |      12.695|    737|       0.017|       0.502|
slv : | precalc_at_start_MDS             |       0.663|      2|       0.332|       0.632|
slv : | solve_3M_MDS                     |       1.847|     27|       0.068|       0.121|
slv : | solve_3M_alg_MDS                 |       0.981|     27|       0.036|       0.068|
slv : | solve_BG_MDS                     |       1.142|     27|       0.042|       0.122|
slv : | solve_BG_alg_MDS                 |       0.806|     27|       0.030|       0.105|
slv : | solve_BL_MDS                     |       0.317|     27|       0.012|       0.027|
slv : | solve_CHT                        |       0.971|     27|       0.036|       0.073|
slv : | solve_CHT_MDS                    |       0.718|     27|       0.027|       0.065|
slv : | solve_CHT_alg_MDS                |       0.235|     27|       0.009|       0.048|
slv : | solve_DvGr_MDS                   |       3.241|     27|       0.120|       0.194|
slv : | solve_DvGr_alg_MDS               |       1.718|     27|       0.064|       0.115|
slv : | solve_INPR_MDS                   |       0.000|      1|       0.000|       0.000|
slv : | solve_PS+QJ                      |       0.000|      0|       0.000|       0.000|
slv : | solve_YLMA_MDS                   |       0.000|     27|       0.000|       0.000|
slv : | solve_YNOx_MDS                   |       0.000|     27|       0.000|       0.000|
slv : | solve_YTd_MDS                    |       0.000|     27|       0.000|       0.000|
slv : | solve_YTurb_MDS                  |       3.535|     27|       0.131|       0.245|
slv : | solve_YTurb_alg_MDS              |       1.450|     54|       0.027|       0.100|
slv : | update_BC_MDS                    |       0.000|     28|       0.000|       0.000|
slv : | update_Mf_after_DvGr             |       0.287|     27|       0.011|       0.020|
slv : | update_VelPressure_MDS           |       0.076|     27|       0.003|       0.005|
slv : +----------------------------------+------------+-------+------------+------------+
-----------------------------------------------------------------------
Memory Working Set Current = 305.91 Mb, Memory Working Set Peak = 307.96 Mb
Memory Private Bytes Current = 317.05 Mb, Memory Private Bytes Peak = 323.62 Mb
Process Threads Number: 14
-----------------------------------------------------------------------
Algebra Pool      : mem_usage = 209.81 Mb, allocated count = 1354

================== Tstep=27 ===================
<Dynamic P> on nsd = 0 {openings (inlet / outlet)}:
  (SP = Static Pressure, EP = Environment Pressure, TP = Total Pressure, E = External)
  {#0, E, (1.511181e+03 / 0.000000e+00)}
  {#1, E, (0.000000e+00 / 1.494875e+03)}
  {#2, E, (1.028076e+00 / 1.517227e+03)}
  {#3, E, (1.028335e+00 / 1.517176e+03)}
  {#4, E, (2.450225e+01 / 1.500949e+03)}
  {#5, E, (1.340698e-01 / 1.515132e+03)}
  MWS[  0]=2.63739
tau_viscous_averaged = 862.042 
dt(mass,momentum; nsd=  0): min dt/dtG(ncv=  19922)=1.00 , max dt/dtG(ncv=  29554)=8.5    , dtG=0.0112203
Flow alg-view 0 in phys-view 0 isn't Neumann (not Multi Phase treating)
Face Momentum (sd=  0): max value of div(mf) (cv=4312) = 8.639007e-01
Flow alg-view 0 is not Neumann (not for Phase Change + Nested Iters)
+----+----+--------------+--------------+--------------+--------------+--------------+------+----+-+-+--+------+
|Name|view| Initial res  | Initial resL1| Target res   | Final res    | Final res L1 |Visits|Iter|R|F|CL|Status|
| BG |   0|  4.459898e+00|  2.120334e+01|  2.787436e-04|  2.611999e-04|  1.336786e+00|     7|  21|0|n|30|  OK  |
Face Momentum (sd=  0): max value of div(mf) (cv=11872) = 1.911476e-03
	norm_L2 of div(momentum) = 1.616168e-02.
Flow alg-view 0 in phys-view 0 isn't Neumann (not Multi Phase treating)
LOG: number of a-faces with weighted approximations in 0 subdomain: 6.43662 percent
LOG: Rate of a-faces corrected to CUp1st in 0 subdomain: 0.00988066 %
slv : SolveBL stage
|nsd|Real WF|NormalF|Cycle F|CriticF| EdgeF |CyclBrF|ExtParF|RWFnumSt|StLvlNum|  nfw  |  alp_U_min  |  nfw  |  alp_U_max  |  nfw  |  alp_T_min  |  nfw  |  alp_T_max  |  nfw  |  BL_s_min   |  nfw  |   BL_s_max  |
|  0|    804|    676|      0|     36|     92|      0|      0|     804|      17|   1466|0            |   1121|4.42485      |   1046|0            |   1439|20616        |   1439|-485.427     |   1046|0            |
Face Momentum (sd=  0): max value of div(mf) (cv=11872) = 1.911476e-03
	norm_L2 of div(momentum) = 1.616168e-02.
nsd = 0 BC: AP Inlet occurs on 4184 w-faces
+----+----+----+--------------+--------------+--------------+--------------+--------------+------+----+-+-+--+------+
|Name|view| n_y| Initial res  | Initial resL1| Target res   | Final res    | Final res L1 |Visits|Iter|R|F|CL|Status|
+----+----+----+--------------+--------------+--------------+--------------+--------------+------+----+-+-+--+------+
| 3M |   0|   0|  1.997941e+06|  1.813723e+05|  1.566995e+00|  2.583649e-03|  2.144351e+00|     3|   9|0|n|29|  OK  |
Velocity (predicted):
        (local) sd   0: min(   7208)=1.7165074485457      , max(  19922)=76.436045193308      
Flow alg-view 0 is not Neumann (not for Phase Change + Nested Iters)
+----+----+--------------+--------------+--------------+--------------+--------------+------+----+-+-+--+------+
|Name|view| Initial res  | Initial resL1| Target res   | Final res    | Final res L1 |Visits|Iter|R|F|CL|Status|
|DVGR|   0|  7.436821e+02|  1.923953e+03|  1.768208e-03|  1.747281e-03|  5.252518e+00|     8|  24|0|n|30|  OK  |
PRESSURE SOLVER(geom_index=  0): sum_C_dp=-0.000224972
Face Momentum (sd=  0): max value of div(mf) (cv=7200) = 2.213717e-03
	norm_L2 of div(momentum) = 4.180811e-02.
nsd = 0 min_dtHy = 0.0112203 (nCV =	19922 ) max_dtHy = 0.0949898 (nCV =	29554 ) 
+----+----+--------------+--------------+--------------+--------------+--------------+------+----+-+-+--+------+
|Name|view| Initial res  | Initial resL1| Target res   | Final res    | Final res L1 |Visits|Iter|R|F|CL|Status|
|CHT |   0|  1.170245e+08|  4.483451e+05|  6.607533e+03|  1.669899e-01|  1.337874e+01|     2|  18|0|n|30|  OK  |
nsd = 0 min_dtke = 0.00148765 (nCV =	5261 ) max_dtke = 0.0668211 (nCV =	55595 ) 
+----+----+----+--------------+--------------+--------------+--------------+--------------+------+----+-+-+--+------+
|Name|view| n_y| Initial res  | Initial resL1| Target res   | Final res    | Final res L1 |Visits|Iter|R|F|CL|Status|
+----+----+----+--------------+--------------+--------------+--------------+--------------+------+----+-+-+--+------+
|turb|   0|   0|  1.481881e+06|  6.424752e+04|  2.609338e-03|  3.412766e-04|  1.124400e+00|     3|  18|0|n|30|  OK  |
|turb|   0|   1|  3.725082e+08|  7.091353e+05|  7.221644e-03|  8.580376e-05|  4.033409e-01|     4|  24|0|n|30|  OK  |
Filter: K,E,momentum: sd =   0 isolating K from zero=      2 E from zero=   1049 E from infinity=      0
slv : Fluid subdom(new) 0
slv : P static (new)                 : min(   5232) = 97370.937830386      , max(  18147) = 102926.88187851      
slv : Density (new)                  : min(   5232) = 1.145954838241       , max(  19922) = 1.2239004422595      
slv : Velocity (new)                 : min(  11949) = 0.35575826075851     , max(  19922) = 76.23041971417       
slv : Mach number (new)              : min(  11949) = 0.0010344860686479   , max(  19922) = 0.22276971455288     
slv : Turbulent k (new)              : min(   5396) = 1e-40                , max(  18117) = 147.48680834265      
slv : Turbulent e (new)              : min(   5398) = 2.2906506661431e-44  , max(  18117) = 3001.5502831802      
slv : Temperature (new)              : min(  19922) = 291.52852642234      , max(   5259) = 297.34550933005      
slv : Total enthalpy, Y-shifted (new): min(  18772) = 1166.7236001237      , max(   5232) = 4554.0413554119      
slv : MASS FLUXES AT OPENINGS: MF=-9027.79, AP=9027.86
slv : DvGr statistics: min alpha=0.167575(nfa=52410, geom_slice=0)
slv : +----------------------------------+------------+-------+------------+------------+
slv : |          Collector name          | Total Time | Count |  Avg Time  |  Max Time  |
slv : +----------------------------------+------------+-------+------------+------------+
slv : | Calculate_inc                    |      14.589|     27|       0.540|       0.897|
slv : | CollectEMT_Results               |       0.000|     28|       0.000|       0.000|
slv : | HeatPathCalculator_Dynamic       |       0.016|      1|       0.016|       0.016|
slv : | LiSy_make_portrait               |       0.393|    130|       0.003|       0.016|
slv : | Results_processing               |       3.082|     27|       0.114|       0.153|
slv : | build_sl_ordering_CHT            |       0.018|     28|       0.001|       0.009|
slv : | build_sl_ordering_MDS            |       0.076|     28|       0.003|       0.025|
slv : | build_sl_ordering_fluid          |       0.076|     28|       0.003|       0.025|
slv : | calc_Convolutions_MDS            |       0.473|     28|       0.017|       0.029|
slv : | calc_wall_dist                   |       0.502|      1|       0.502|       0.502|
slv : | create_Gr_operators_MDS          |       0.464|     28|       0.017|       0.030|
slv : | create_Gr_operators_portrait_MDS |       0.228|     28|       0.008|       0.015|
slv : | init_Hy_group_MDS                |       0.440|     28|       0.016|       0.027|
slv : | perform_stage_total              |      13.150|    764|       0.017|       0.502|
slv : | precalc_at_start_MDS             |       0.663|      2|       0.332|       0.632|
slv : | solve_3M_MDS                     |       1.921|     28|       0.069|       0.121|
slv : | solve_3M_alg_MDS                 |       1.024|     28|       0.037|       0.068|
slv : | solve_BG_MDS                     |       1.176|     28|       0.042|       0.122|
slv : | solve_BG_alg_MDS                 |       0.827|     28|       0.030|       0.105|
slv : | solve_BL_MDS                     |       0.326|     28|       0.012|       0.027|
slv : | solve_CHT                        |       1.028|     28|       0.037|       0.073|
slv : | solve_CHT_MDS                    |       0.764|     28|       0.027|       0.065|
slv : | solve_CHT_alg_MDS                |       0.261|     28|       0.009|       0.048|
slv : | solve_DvGr_MDS                   |       3.373|     28|       0.120|       0.194|
slv : | solve_DvGr_alg_MDS               |       1.791|     28|       0.064|       0.115|
slv : | solve_INPR_MDS                   |       0.000|      1|       0.000|       0.000|
slv : | solve_PS+QJ                      |       0.000|      0|       0.000|       0.000|
slv : | solve_YLMA_MDS                   |       0.000|     28|       0.000|       0.000|
slv : | solve_YNOx_MDS                   |       0.000|     28|       0.000|       0.000|
slv : | solve_YTd_MDS                    |       0.000|     28|       0.000|       0.000|
slv : | solve_YTurb_MDS                  |       3.674|     28|       0.131|       0.245|
slv : | solve_YTurb_alg_MDS              |       1.509|     56|       0.027|       0.100|
slv : | update_BC_MDS                    |       0.000|     29|       0.000|       0.000|
slv : | update_Mf_after_DvGr             |       0.303|     28|       0.011|       0.020|
slv : | update_VelPressure_MDS           |       0.079|     28|       0.003|       0.005|
slv : +----------------------------------+------------+-------+------------+------------+
-----------------------------------------------------------------------
Memory Working Set Current = 305.84 Mb, Memory Working Set Peak = 307.96 Mb
Memory Private Bytes Current = 317.05 Mb, Memory Private Bytes Peak = 323.64 Mb
Process Threads Number: 14
-----------------------------------------------------------------------
Algebra Pool      : mem_usage = 209.81 Mb, allocated count = 1351

================== Tstep=28 ===================
<Dynamic P> on nsd = 0 {openings (inlet / outlet)}:
  (SP = Static Pressure, EP = Environment Pressure, TP = Total Pressure, E = External)
  {#0, E, (1.511179e+03 / 0.000000e+00)}
  {#1, E, (0.000000e+00 / 1.490603e+03)}
  {#2, E, (1.156400e+00 / 1.517052e+03)}
  {#3, E, (1.152844e+00 / 1.517036e+03)}
  {#4, E, (2.581733e+01 / 1.501381e+03)}
  {#5, E, (1.351355e-01 / 1.515185e+03)}
  MWS[  0]=2.62968
tau_viscous_averaged = 715.524 
dt(mass,momentum; nsd=  0): min dt/dtG(ncv=  19922)=1.00 , max dt/dtG(ncv=  57272)=7.1    , dtG=0.0112384
Flow alg-view 0 in phys-view 0 isn't Neumann (not Multi Phase treating)
Face Momentum (sd=  0): max value of div(mf) (cv=4312) = 6.946014e-01
Flow alg-view 0 is not Neumann (not for Phase Change + Nested Iters)
+----+----+--------------+--------------+--------------+--------------+--------------+------+----+-+-+--+------+
|Name|view| Initial res  | Initial resL1| Target res   | Final res    | Final res L1 |Visits|Iter|R|F|CL|Status|
| BG |   0|  4.438193e+00|  2.160832e+01|  2.773870e-04|  8.765194e-05|  8.515696e-01|     8|  24|0|n|30|  OK  |
Face Momentum (sd=  0): max value of div(mf) (cv=11933) = 9.681343e-04
	norm_L2 of div(momentum) = 9.362264e-03.
Flow alg-view 0 in phys-view 0 isn't Neumann (not Multi Phase treating)
LOG: number of a-faces with weighted approximations in 0 subdomain: 6.71177 percent
LOG: Rate of a-faces corrected to CUp1st in 0 subdomain: 0.0147566 %
slv : SolveBL stage
|nsd|Real WF|NormalF|Cycle F|CriticF| EdgeF |CyclBrF|ExtParF|RWFnumSt|StLvlNum|  nfw  |  alp_U_min  |  nfw  |  alp_U_max  |  nfw  |  alp_T_min  |  nfw  |  alp_T_max  |  nfw  |  BL_s_min   |  nfw  |   BL_s_max  |
|  0|    804|    682|      0|     32|     90|      0|      0|     804|      21|   1466|0            |   1121|4.44406      |   1046|0            |   1151|13810.6      |   3703|-205.633     |   1046|0            |
Face Momentum (sd=  0): max value of div(mf) (cv=11933) = 9.681343e-04
	norm_L2 of div(momentum) = 9.362264e-03.
nsd = 0 BC: AP Inlet occurs on 4005 w-faces
+----+----+----+--------------+--------------+--------------+--------------+--------------+------+----+-+-+--+------+
|Name|view| n_y| Initial res  | Initial resL1| Target res   | Final res    | Final res L1 |Visits|Iter|R|F|CL|Status|
+----+----+----+--------------+--------------+--------------+--------------+--------------+------+----+-+-+--+------+
| 3M |   0|   0|  2.159250e+06|  1.880578e+05|  1.565401e+00|  1.717385e-02|  5.168329e+00|     3|   9|0|n|29|  OK  |
Velocity (predicted):
        (local) sd   0: min(   7208)=0.82685930983459     , max(  19922)=76.759513626256      
Flow alg-view 0 is not Neumann (not for Phase Change + Nested Iters)
+----+----+--------------+--------------+--------------+--------------+--------------+------+----+-+-+--+------+
|Name|view| Initial res  | Initial resL1| Target res   | Final res    | Final res L1 |Visits|Iter|R|F|CL|Status|
|DVGR|   0|  7.852401e+02|  2.063689e+03|  1.746873e-03|  8.020026e-04|  3.239667e+00|     9|  27|0|n|30|  OK  |
PRESSURE SOLVER(geom_index=  0): sum_C_dp=-0.000257066
Face Momentum (sd=  0): max value of div(mf) (cv=37017) = 1.377290e-03
	norm_L2 of div(momentum) = 2.832551e-02.
nsd = 0 min_dtHy = 0.0112384 (nCV =	19922 ) max_dtHy = 0.07951 (nCV =	57272 ) 
+----+----+--------------+--------------+--------------+--------------+--------------+------+----+-+-+--+------+
|Name|view| Initial res  | Initial resL1| Target res   | Final res    | Final res L1 |Visits|Iter|R|F|CL|Status|
|CHT |   0|  1.200790e+08|  4.824500e+05|  6.804557e+03|  2.196475e-01|  1.546947e+01|     2|  18|0|n|30|  OK  |
nsd = 0 min_dtke = 0.00345952 (nCV =	5261 ) max_dtke = 0.0678871 (nCV =	32541 ) 
+----+----+----+--------------+--------------+--------------+--------------+--------------+------+----+-+-+--+------+
|Name|view| n_y| Initial res  | Initial resL1| Target res   | Final res    | Final res L1 |Visits|Iter|R|F|CL|Status|
+----+----+----+--------------+--------------+--------------+--------------+--------------+------+----+-+-+--+------+
|turb|   0|   0|  1.689215e+06|  7.007136e+04|  2.595973e-03|  3.803978e-04|  1.194030e+00|     3|  18|0|n|30|  OK  |
|turb|   0|   1|  3.393943e+08|  7.578914e+05|  7.138886e-03|  1.079697e-04|  4.200265e-01|     4|  24|0|n|30|  OK  |
Filter: K,E,momentum: sd =   0 isolating K from zero=      2 E from zero=    681 E from infinity=      0
slv : Fluid subdom(new) 0
slv : P static (new)                 : min(   5233) = 97345.8407756        , max(  18154) = 102924.4701689       
slv : Density (new)                  : min(   5233) = 1.1456258326481      , max(  19922) = 1.2238059566073      
slv : Velocity (new)                 : min(  11949) = 1.2703070414489      , max(  19922) = 76.503890197791      
slv : Mach number (new)              : min(  11949) = 0.0036937106400408   , max(  19922) = 0.22357525058107     
slv : Turbulent k (new)              : min(   5396) = 1e-40                , max(  18117) = 152.48168079849      
slv : Turbulent e (new)              : min(   5396) = 2.2908045050148e-44  , max(  18117) = 3124.0465701433      
slv : Temperature (new)              : min(  19922) = 291.51183988732      , max(   5259) = 297.41757400038      
slv : Total enthalpy, Y-shifted (new): min(  18769) = 1162.2831200194      , max(   5233) = 4570.6869615562      
slv : MASS FLUXES AT OPENINGS: MF=-9027.79, AP=9027.84
slv : DvGr statistics: min alpha=0.164581(nfa=52410, geom_slice=0)
slv : +----------------------------------+------------+-------+------------+------------+
slv : |          Collector name          | Total Time | Count |  Avg Time  |  Max Time  |
slv : +----------------------------------+------------+-------+------------+------------+
slv : | Calculate_inc                    |      15.157|     28|       0.541|       0.897|
slv : | CollectEMT_Results               |       0.000|     29|       0.000|       0.000|
slv : | HeatPathCalculator_Dynamic       |       0.016|      1|       0.016|       0.016|
slv : | LiSy_make_portrait               |       0.403|    134|       0.003|       0.016|
slv : | Results_processing               |       3.183|     28|       0.114|       0.153|
slv : | build_sl_ordering_CHT            |       0.018|     29|       0.001|       0.009|
slv : | build_sl_ordering_MDS            |       0.077|     29|       0.003|       0.025|
slv : | build_sl_ordering_fluid          |       0.076|     29|       0.003|       0.025|
slv : | calc_Convolutions_MDS            |       0.489|     29|       0.017|       0.029|
slv : | calc_wall_dist                   |       0.502|      1|       0.502|       0.502|
slv : | create_Gr_operators_MDS          |       0.481|     29|       0.017|       0.030|
slv : | create_Gr_operators_portrait_MDS |       0.240|     29|       0.008|       0.015|
slv : | init_Hy_group_MDS                |       0.453|     29|       0.016|       0.027|
slv : | perform_stage_total              |      13.596|    791|       0.017|       0.502|
slv : | precalc_at_start_MDS             |       0.663|      2|       0.332|       0.632|
slv : | solve_3M_MDS                     |       1.993|     29|       0.069|       0.121|
slv : | solve_3M_alg_MDS                 |       1.065|     29|       0.037|       0.068|
slv : | solve_BG_MDS                     |       1.237|     29|       0.043|       0.122|
slv : | solve_BG_alg_MDS                 |       0.874|     29|       0.030|       0.105|
slv : | solve_BL_MDS                     |       0.334|     29|       0.012|       0.027|
slv : | solve_CHT                        |       1.083|     29|       0.037|       0.073|
slv : | solve_CHT_MDS                    |       0.809|     29|       0.028|       0.065|
slv : | solve_CHT_alg_MDS                |       0.287|     29|       0.010|       0.048|
slv : | solve_DvGr_MDS                   |       3.483|     29|       0.120|       0.194|
slv : | solve_DvGr_alg_MDS               |       1.849|     29|       0.064|       0.115|
slv : | solve_INPR_MDS                   |       0.000|      1|       0.000|       0.000|
slv : | solve_PS+QJ                      |       0.000|      0|       0.000|       0.000|
slv : | solve_YLMA_MDS                   |       0.000|     29|       0.000|       0.000|
slv : | solve_YNOx_MDS                   |       0.000|     29|       0.000|       0.000|
slv : | solve_YTd_MDS                    |       0.000|     29|       0.000|       0.000|
slv : | solve_YTurb_MDS                  |       3.802|     29|       0.131|       0.245|
slv : | solve_YTurb_alg_MDS              |       1.575|     58|       0.027|       0.100|
slv : | update_BC_MDS                    |       0.000|     30|       0.000|       0.000|
slv : | update_Mf_after_DvGr             |       0.312|     29|       0.011|       0.020|
slv : | update_VelPressure_MDS           |       0.083|     29|       0.003|       0.005|
slv : +----------------------------------+------------+-------+------------+------------+
-----------------------------------------------------------------------
Memory Working Set Current = 305.48 Mb, Memory Working Set Peak = 307.96 Mb
Memory Private Bytes Current = 317.06 Mb, Memory Private Bytes Peak = 323.64 Mb
Process Threads Number: 14
-----------------------------------------------------------------------
Algebra Pool      : mem_usage = 209.81 Mb, allocated count = 1356

================== Tstep=29 ===================
<Dynamic P> on nsd = 0 {openings (inlet / outlet)}:
  (SP = Static Pressure, EP = Environment Pressure, TP = Total Pressure, E = External)
  {#0, E, (1.511168e+03 / 0.000000e+00)}
  {#1, E, (0.000000e+00 / 1.486173e+03)}
  {#2, E, (1.301555e+00 / 1.516972e+03)}
  {#3, E, (1.295215e+00 / 1.516951e+03)}
  {#4, E, (2.701796e+01 / 1.501665e+03)}
  {#5, E, (1.350388e-01 / 1.515193e+03)}
  MWS[  0]=2.6384
tau_viscous_averaged = 620.71 
dt(mass,momentum; nsd=  0): min dt/dtG(ncv=  19922)=1.00 , max dt/dtG(ncv=  57272)=7.1    , dtG=0.0112225
Flow alg-view 0 in phys-view 0 isn't Neumann (not Multi Phase treating)
Face Momentum (sd=  0): max value of div(mf) (cv=4738) = 5.979984e-01
Flow alg-view 0 is not Neumann (not for Phase Change + Nested Iters)
+----+----+--------------+--------------+--------------+--------------+--------------+------+----+-+-+--+------+
|Name|view| Initial res  | Initial resL1| Target res   | Final res    | Final res L1 |Visits|Iter|R|F|CL|Status|
| BG |   0|  4.030545e+00|  1.924065e+01|  2.519090e-04|  9.749618e-05|  8.757064e-01|     8|  24|0|n|30|  OK  |
Face Momentum (sd=  0): max value of div(mf) (cv=23497) = 1.074976e-03
	norm_L2 of div(momentum) = 9.874017e-03.
Flow alg-view 0 in phys-view 0 isn't Neumann (not Multi Phase treating)
LOG: number of a-faces with weighted approximations in 0 subdomain: 7.23395 percent
LOG: Rate of a-faces corrected to CUp1st in 0 subdomain: 0.0111073 %
slv : SolveBL stage
|nsd|Real WF|NormalF|Cycle F|CriticF| EdgeF |CyclBrF|ExtParF|RWFnumSt|StLvlNum|  nfw  |  alp_U_min  |  nfw  |  alp_U_max  |  nfw  |  alp_T_min  |  nfw  |  alp_T_max  |  nfw  |  BL_s_min   |  nfw  |   BL_s_max  |
|  0|    804|    688|      0|     28|     88|      0|      0|     804|      20|   1466|0            |   1120|4.44659      |   1046|0            |   2255|13516.3      |   3656|-202.269     |   1046|0            |
Face Momentum (sd=  0): max value of div(mf) (cv=23497) = 1.074976e-03
	norm_L2 of div(momentum) = 9.874017e-03.
nsd = 0 BC: AP Inlet occurs on 3843 w-faces
+----+----+----+--------------+--------------+--------------+--------------+--------------+------+----+-+-+--+------+
|Name|view| n_y| Initial res  | Initial resL1| Target res   | Final res    | Final res L1 |Visits|Iter|R|F|CL|Status|
+----+----+----+--------------+--------------+--------------+--------------+--------------+------+----+-+-+--+------+
| 3M |   0|   0|  2.217385e+06|  1.918109e+05|  1.583542e+00|  5.655813e-02|  8.789240e+00|     3|   9|0|n|29|  OK  |
Velocity (predicted):
        (local) sd   0: min(  11949)=1.3396253062037      , max(  19922)=76.127026362405      
Flow alg-view 0 is not Neumann (not for Phase Change + Nested Iters)
+----+----+--------------+--------------+--------------+--------------+--------------+------+----+-+-+--+------+
|Name|view| Initial res  | Initial resL1| Target res   | Final res    | Final res L1 |Visits|Iter|R|F|CL|Status|
|DVGR|   0|  8.517058e+02|  2.192586e+03|  1.764433e-03|  1.108711e-03|  3.581025e+00|     9|  27|0|n|30|  OK  |
PRESSURE SOLVER(geom_index=  0): sum_C_dp=-0.000155741
Face Momentum (sd=  0): max value of div(mf) (cv=37017) = 2.432411e-03
	norm_L2 of div(momentum) = 3.330255e-02.
nsd = 0 min_dtHy = 0.0112225 (nCV =	19922 ) max_dtHy = 0.0792598 (nCV =	57272 ) 
+----+----+--------------+--------------+--------------+--------------+--------------+------+----+-+-+--+------+
|Name|view| Initial res  | Initial resL1| Target res   | Final res    | Final res L1 |Visits|Iter|R|F|CL|Status|
|CHT |   0|  1.352817e+08|  5.240262e+05|  7.050833e+03|  1.892735e-01|  1.583876e+01|     2|  18|0|n|30|  OK  |
nsd = 0 min_dtke = 0.00581802 (nCV =	5261 ) max_dtke = 0.0693465 (nCV =	32537 ) 
+----+----+----+--------------+--------------+--------------+--------------+--------------+------+----+-+-+--+------+
|Name|view| n_y| Initial res  | Initial resL1| Target res   | Final res    | Final res L1 |Visits|Iter|R|F|CL|Status|
+----+----+----+--------------+--------------+--------------+--------------+--------------+------+----+-+-+--+------+
|turb|   0|   0|  2.196552e+06|  7.933844e+04|  2.648098e-03|  5.962030e-04|  1.419457e+00|     3|  18|0|n|30|  OK  |
|turb|   0|   1|  4.386556e+08|  8.683288e+05|  7.326837e-03|  1.347751e-04|  4.602639e-01|     4|  24|0|n|30|  OK  |
Filter: K,E,momentum: sd =   0 isolating K from zero=      1 E from zero=    700 E from infinity=      0
slv : Fluid subdom(new) 0
slv : P static (new)                 : min(   5232) = 97332.77412454       , max(  18146) = 102927.65092637      
slv : Density (new)                  : min(   5232) = 1.1454564860911      , max(  19922) = 1.224070578544       
slv : Velocity (new)                 : min(  28463) = 1.7944074761268      , max(  19922) = 75.958642267354      
slv : Mach number (new)              : min(  28463) = 0.0052177116849408   , max(  19922) = 0.22196506056231     
slv : Turbulent k (new)              : min(   5398) = 1e-40                , max(  18117) = 149.59291984254      
slv : Turbulent e (new)              : min(   5398) = 2.2909158955688e-44  , max(  18117) = 3018.1681553762      
slv : Temperature (new)              : min(  19922) = 291.55606623098      , max(   5259) = 297.47175974903      
slv : Total enthalpy, Y-shifted (new): min(  18423) = 1164.4843523772      , max(   5232) = 4573.1577779775      
slv : MASS FLUXES AT OPENINGS: MF=-9027.79, AP=9027.83
slv : DvGr statistics: min alpha=0.159661(nfa=69763, geom_slice=0)
slv : +----------------------------------+------------+-------+------------+------------+
slv : |          Collector name          | Total Time | Count |  Avg Time  |  Max Time  |
slv : +----------------------------------+------------+-------+------------+------------+
slv : | Calculate_inc                    |      15.711|     29|       0.542|       0.897|
slv : | CollectEMT_Results               |       0.000|     30|       0.000|       0.000|
slv : | HeatPathCalculator_Dynamic       |       0.016|      1|       0.016|       0.016|
slv : | LiSy_make_portrait               |       0.418|    138|       0.003|       0.016|
slv : | Results_processing               |       3.294|     29|       0.114|       0.153|
slv : | build_sl_ordering_CHT            |       0.018|     30|       0.001|       0.009|
slv : | build_sl_ordering_MDS            |       0.077|     30|       0.003|       0.025|
slv : | build_sl_ordering_fluid          |       0.076|     30|       0.003|       0.025|
slv : | calc_Convolutions_MDS            |       0.507|     30|       0.017|       0.029|
slv : | calc_wall_dist                   |       0.502|      1|       0.502|       0.502|
slv : | create_Gr_operators_MDS          |       0.494|     30|       0.016|       0.030|
slv : | create_Gr_operators_portrait_MDS |       0.249|     30|       0.008|       0.015|
slv : | init_Hy_group_MDS                |       0.466|     30|       0.016|       0.027|
slv : | perform_stage_total              |      14.035|    818|       0.017|       0.502|
slv : | precalc_at_start_MDS             |       0.663|      2|       0.332|       0.632|
slv : | solve_3M_MDS                     |       2.064|     30|       0.069|       0.121|
slv : | solve_3M_alg_MDS                 |       1.105|     30|       0.037|       0.068|
slv : | solve_BG_MDS                     |       1.271|     30|       0.042|       0.122|
slv : | solve_BG_alg_MDS                 |       0.897|     30|       0.030|       0.105|
slv : | solve_BL_MDS                     |       0.343|     30|       0.011|       0.027|
slv : | solve_CHT                        |       1.124|     30|       0.037|       0.073|
slv : | solve_CHT_MDS                    |       0.843|     30|       0.028|       0.065|
slv : | solve_CHT_alg_MDS                |       0.305|     30|       0.010|       0.048|
slv : | solve_DvGr_MDS                   |       3.607|     30|       0.120|       0.194|
slv : | solve_DvGr_alg_MDS               |       1.916|     30|       0.064|       0.115|
slv : | solve_INPR_MDS                   |       0.000|      1|       0.000|       0.000|
slv : | solve_PS+QJ                      |       0.000|      0|       0.000|       0.000|
slv : | solve_YLMA_MDS                   |       0.001|     30|       0.000|       0.000|
slv : | solve_YNOx_MDS                   |       0.000|     30|       0.000|       0.000|
slv : | solve_YTd_MDS                    |       0.000|     30|       0.000|       0.000|
slv : | solve_YTurb_MDS                  |       3.939|     30|       0.131|       0.245|
slv : | solve_YTurb_alg_MDS              |       1.639|     60|       0.027|       0.100|
slv : | update_BC_MDS                    |       0.000|     31|       0.000|       0.000|
slv : | update_Mf_after_DvGr             |       0.322|     30|       0.011|       0.020|
slv : | update_VelPressure_MDS           |       0.085|     30|       0.003|       0.005|
slv : +----------------------------------+------------+-------+------------+------------+
Interpolator cache: total calls 4844, optimised calls 439 (9.1 %)
-----------------------------------------------------------------------
Memory Working Set Current = 305.55 Mb, Memory Working Set Peak = 307.96 Mb
Memory Private Bytes Current = 317.08 Mb, Memory Private Bytes Peak = 323.66 Mb
Process Threads Number: 14
-----------------------------------------------------------------------
Iteration : time = 3.38008 , count = 5 , time/count = 0.676016
Calculate_inc() : time = 2.7941 , count = 5 , time/count = 0.55882
TreatFlowEvolution() : time = 0.306727 , count = 5 , time/count = 0.0613454
SolverPreview : time = 0.265287 , count = 5 , time/count = 0.0530574
TreatGoals : time = 0.302742 , count = 5 , time/count = 0.0605484
Algebra Pool      : mem_usage = 209.81 Mb, allocated count = 1353

================== Tstep=30 ===================
<Dynamic P> on nsd = 0 {openings (inlet / outlet)}:
  (SP = Static Pressure, EP = Environment Pressure, TP = Total Pressure, E = External)
  {#0, E, (1.511165e+03 / 0.000000e+00)}
  {#1, E, (0.000000e+00 / 1.481812e+03)}
  {#2, E, (1.470129e+00 / 1.516969e+03)}
  {#3, E, (1.464270e+00 / 1.516951e+03)}
  {#4, E, (2.785541e+01 / 1.501662e+03)}
  {#5, E, (1.345257e-01 / 1.515198e+03)}
  MWS[  0]=2.61903
tau_viscous_averaged = 533.361 
dt(mass,momentum; nsd=  0): min dt/dtG(ncv=  19922)=1.00 , max dt/dtG(ncv=  18420)=7.3    , dtG=0.0169257
Flow alg-view 0 in phys-view 0 isn't Neumann (not Multi Phase treating)
Face Momentum (sd=  0): max value of div(mf) (cv=11008) = 5.949360e-01
Flow alg-view 0 is not Neumann (not for Phase Change + Nested Iters)
+----+----+--------------+--------------+--------------+--------------+--------------+------+----+-+-+--+------+
|Name|view| Initial res  | Initial resL1| Target res   | Final res    | Final res L1 |Visits|Iter|R|F|CL|Status|
| BG |   0|  4.352868e+00|  2.140100e+01|  2.720543e-04|  2.006935e-04|  1.151118e+00|     8|  24|0|n|30|  OK  |
Face Momentum (sd=  0): max value of div(mf) (cv=12212) = 1.264772e-03
	norm_L2 of div(momentum) = 1.416663e-02.
Flow alg-view 0 in phys-view 0 isn't Neumann (not Multi Phase treating)
LOG: number of a-faces with weighted approximations in 0 subdomain: 7.64248 percent
LOG: Rate of a-faces corrected to CUp1st in 0 subdomain: 0.0265201 %
slv : SolveBL stage
|nsd|Real WF|NormalF|Cycle F|CriticF| EdgeF |CyclBrF|ExtParF|RWFnumSt|StLvlNum|  nfw  |  alp_U_min  |  nfw  |  alp_U_max  |  nfw  |  alp_T_min  |  nfw  |  alp_T_max  |  nfw  |  BL_s_min   |  nfw  |   BL_s_max  |
|  0|    804|    689|      0|     29|     86|      0|      0|     804|      21|   1464|0            |   1120|4.43497      |   1046|0            |   2255|13318.9      |   1495|-197.245     |   1046|0            |
Face Momentum (sd=  0): max value of div(mf) (cv=12212) = 1.264772e-03
	norm_L2 of div(momentum) = 1.416663e-02.
nsd = 0 BC: AP Inlet occurs on 3683 w-faces
+----+----+----+--------------+--------------+--------------+--------------+--------------+------+----+-+-+--+------+
|Name|view| n_y| Initial res  | Initial resL1| Target res   | Final res    | Final res L1 |Visits|Iter|R|F|CL|Status|
+----+----+----+--------------+--------------+--------------+--------------+--------------+------+----+-+-+--+------+
| 3M |   0|   0|  2.336421e+06|  1.991435e+05|  1.293568e+00|  1.046729e+00|  4.407497e+01|     3|   9|0|n|29|  OK  |
Velocity (predicted):
        (local) sd   0: min(  28519)=1.1163207752157      , max(  19922)=76.257784717819      
Flow alg-view 0 is not Neumann (not for Phase Change + Nested Iters)
+----+----+--------------+--------------+--------------+--------------+--------------+------+----+-+-+--+------+
|Name|view| Initial res  | Initial resL1| Target res   | Final res    | Final res L1 |Visits|Iter|R|F|CL|Status|
|DVGR|   0|  1.382285e+03|  2.983691e+03|  3.855746e-03|  2.674868e-03|  5.899278e+00|     9|  27|0|n|30|  OK  |
PRESSURE SOLVER(geom_index=  0): sum_C_dp=3.36934e-05
Face Momentum (sd=  0): max value of div(mf) (cv=37017) = 3.102890e-03
	norm_L2 of div(momentum) = 5.172216e-02.
nsd = 0 min_dtHy = 0.0169257 (nCV =	19922 ) max_dtHy = 0.123705 (nCV =	18420 ) 
+----+----+--------------+--------------+--------------+--------------+--------------+------+----+-+-+--+------+
|Name|view| Initial res  | Initial resL1| Target res   | Final res    | Final res L1 |Visits|Iter|R|F|CL|Status|
|CHT |   0|  1.863117e+08|  6.122731e+05|  5.873610e+03|  1.252349e+01|  1.649302e+02|     2|  18|0|n|30|  OK  |
nsd = 0 min_dtke = 0.0069642 (nCV =	37299 ) max_dtke = 0.102588 (nCV =	32509 ) 
+----+----+----+--------------+--------------+--------------+--------------+--------------+------+----+-+-+--+------+
|Name|view| n_y| Initial res  | Initial resL1| Target res   | Final res    | Final res L1 |Visits|Iter|R|F|CL|Status|
+----+----+----+--------------+--------------+--------------+--------------+--------------+------+----+-+-+--+------+
|turb|   0|   0|  3.080678e+06|  9.227828e+04|  2.177607e-03|  2.643338e-04|  8.866357e-01|     4|  24|0|n|30|  OK  |
|turb|   0|   1|  6.658581e+08|  1.043423e+06|  5.935397e-03|  3.742027e-04|  6.441067e-01|     5|  30|0|n|30|  OK  |
Filter: K,E,momentum: sd =   0 isolating K from zero=      3 E from zero=    747 E from infinity=      0
slv : Fluid subdom(new) 0
slv : P static (new)                 : min(   5233) = 97332.363325858      , max(  18146) = 102916.55587436      
slv : Density (new)                  : min(   5233) = 1.1454588504669      , max(  19922) = 1.2241144570446      
slv : Velocity (new)                 : min(  35301) = 1.368506529361       , max(  19922) = 76.042993129173      
slv : Mach number (new)              : min(  35301) = 0.0039792853620161   , max(  19922) = 0.22221240760531     
slv : Turbulent k (new)              : min(   5398) = 1e-40                , max(  23539) = 141.34544282069      
slv : Turbulent e (new)              : min(   5400) = 2.2898026780455e-44  , max(  23539) = 2770.6670356416      
slv : Temperature (new)              : min(  19922) = 291.55380278869      , max(   5259) = 297.51880376925      
slv : Total enthalpy, Y-shifted (new): min(  18428) = 1180.6963213377      , max(   5235) = 4564.1263854304      
slv : MASS FLUXES AT OPENINGS: MF=-9027.79, AP=9027.84
slv : DvGr statistics: min alpha=0.158945(nfa=69742, geom_slice=0)
slv : +----------------------------------+------------+-------+------------+------------+
slv : |          Collector name          | Total Time | Count |  Avg Time  |  Max Time  |
slv : +----------------------------------+------------+-------+------------+------------+
slv : | Calculate_inc                    |      16.247|     30|       0.542|       0.897|
slv : | CollectEMT_Results               |       0.000|     31|       0.000|       0.000|
slv : | HeatPathCalculator_Dynamic       |       0.016|      1|       0.016|       0.016|
slv : | LiSy_make_portrait               |       0.428|    142|       0.003|       0.016|
slv : | Results_processing               |       3.404|     30|       0.113|       0.153|
slv : | build_sl_ordering_CHT            |       0.018|     31|       0.001|       0.009|
slv : | build_sl_ordering_MDS            |       0.077|     31|       0.002|       0.025|
slv : | build_sl_ordering_fluid          |       0.076|     31|       0.002|       0.025|
slv : | calc_Convolutions_MDS            |       0.522|     31|       0.017|       0.029|
slv : | calc_wall_dist                   |       0.502|      1|       0.502|       0.502|
slv : | create_Gr_operators_MDS          |       0.512|     31|       0.017|       0.030|
slv : | create_Gr_operators_portrait_MDS |       0.255|     31|       0.008|       0.015|
slv : | init_Hy_group_MDS                |       0.478|     31|       0.015|       0.027|
slv : | perform_stage_total              |      14.637|    845|       0.017|       0.502|
slv : | precalc_at_start_MDS             |       0.663|      2|       0.332|       0.632|
slv : | solve_3M_MDS                     |       2.132|     31|       0.069|       0.121|
slv : | solve_3M_alg_MDS                 |       1.144|     31|       0.037|       0.068|
slv : | solve_BG_MDS                     |       1.310|     31|       0.042|       0.122|
slv : | solve_BG_alg_MDS                 |       0.924|     31|       0.030|       0.105|
slv : | solve_BL_MDS                     |       0.355|     31|       0.011|       0.027|
slv : | solve_CHT                        |       1.173|     31|       0.038|       0.073|
slv : | solve_CHT_MDS                    |       0.884|     31|       0.029|       0.065|
slv : | solve_CHT_alg_MDS                |       0.326|     31|       0.011|       0.048|
slv : | solve_DvGr_MDS                   |       3.718|     31|       0.120|       0.194|
slv : | solve_DvGr_alg_MDS               |       1.971|     31|       0.064|       0.115|
slv : | solve_INPR_MDS                   |       0.000|      1|       0.000|       0.000|
slv : | solve_PS+QJ                      |       0.000|      0|       0.000|       0.000|
slv : | solve_YLMA_MDS                   |       0.001|     31|       0.000|       0.000|
slv : | solve_YNOx_MDS                   |       0.000|     31|       0.000|       0.000|
slv : | solve_YTd_MDS                    |       0.000|     31|       0.000|       0.000|
slv : | solve_YTurb_MDS                  |       4.246|     31|       0.137|       0.308|
slv : | solve_YTurb_alg_MDS              |       1.830|     62|       0.030|       0.103|
slv : | update_BC_MDS                    |       0.000|     32|       0.000|       0.000|
slv : | update_Mf_after_DvGr             |       0.334|     31|       0.011|       0.020|
slv : | update_VelPressure_MDS           |       0.088|     31|       0.003|       0.005|
slv : +----------------------------------+------------+-------+------------+------------+
-----------------------------------------------------------------------
Memory Working Set Current = 302.39 Mb, Memory Working Set Peak = 307.96 Mb
Memory Private Bytes Current = 313.12 Mb, Memory Private Bytes Peak = 323.71 Mb
Process Threads Number: 14
-----------------------------------------------------------------------
Algebra Pool      : mem_usage = 209.81 Mb, allocated count = 1356

================== Tstep=31 ===================
<Dynamic P> on nsd = 0 {openings (inlet / outlet)}:
  (SP = Static Pressure, EP = Environment Pressure, TP = Total Pressure, E = External)
  {#0, E, (1.511170e+03 / 0.000000e+00)}
  {#1, E, (0.000000e+00 / 1.475049e+03)}
  {#2, E, (1.620648e+00 / 1.516911e+03)}
  {#3, E, (1.609946e+00 / 1.516892e+03)}
  {#4, E, (2.907042e+01 / 1.500694e+03)}
  {#5, E, (1.313973e-01 / 1.515098e+03)}
  MWS[  0]=2.62225
tau_viscous_averaged = 458.12 
dt(mass,momentum; nsd=  0): min dt/dtG(ncv=  19922)=1.00 , max dt/dtG(ncv=  20058)=7.2    , dtG=0.0169508
Flow alg-view 0 in phys-view 0 isn't Neumann (not Multi Phase treating)
Face Momentum (sd=  0): max value of div(mf) (cv=10379) = 2.151264e+00
Flow alg-view 0 is not Neumann (not for Phase Change + Nested Iters)
+----+----+--------------+--------------+--------------+--------------+--------------+------+----+-+-+--+------+
|Name|view| Initial res  | Initial resL1| Target res   | Final res    | Final res L1 |Visits|Iter|R|F|CL|Status|
| BG |   0|  1.011410e+01|  3.029600e+01|  6.321310e-04|  2.404840e-04|  1.385482e+00|     8|  24|0|n|30|  OK  |
Face Momentum (sd=  0): max value of div(mf) (cv=12010) = 1.763475e-03
	norm_L2 of div(momentum) = 1.550755e-02.
Flow alg-view 0 in phys-view 0 isn't Neumann (not Multi Phase treating)
LOG: number of a-faces with weighted approximations in 0 subdomain: 7.87994 percent
LOG: Rate of a-faces corrected to CUp1st in 0 subdomain: 0.0187603 %
slv : SolveBL stage
|nsd|Real WF|NormalF|Cycle F|CriticF| EdgeF |CyclBrF|ExtParF|RWFnumSt|StLvlNum|  nfw  |  alp_U_min  |  nfw  |  alp_U_max  |  nfw  |  alp_T_min  |  nfw  |  alp_T_max  |  nfw  |  BL_s_min   |  nfw  |   BL_s_max  |
|  0|    804|    690|      0|     26|     88|      0|      0|     804|      42|   1464|0            |   1120|4.40631      |   1046|0            |   3721|12847.2      |   3705|-169.512     |   1046|0            |
Face Momentum (sd=  0): max value of div(mf) (cv=12010) = 1.763475e-03
	norm_L2 of div(momentum) = 1.550755e-02.
nsd = 0 BC: AP Inlet occurs on 3557 w-faces
+----+----+----+--------------+--------------+--------------+--------------+--------------+------+----+-+-+--+------+
|Name|view| n_y| Initial res  | Initial resL1| Target res   | Final res    | Final res L1 |Visits|Iter|R|F|CL|Status|
+----+----+----+--------------+--------------+--------------+--------------+--------------+------+----+-+-+--+------+
| 3M |   0|   0|  2.723380e+06|  2.170488e+05|  1.306193e+00|  1.156274e-02|  4.454654e+00|     4|  12|0|n|29|  OK  |
Velocity (predicted):
        (local) sd   0: min(  35308)=1.0178024967234      , max(  20023)=75.501471745197      
Flow alg-view 0 is not Neumann (not for Phase Change + Nested Iters)
+----+----+--------------+--------------+--------------+--------------+--------------+------+----+-+-+--+------+
|Name|view| Initial res  | Initial resL1| Target res   | Final res    | Final res L1 |Visits|Iter|R|F|CL|Status|
|DVGR|   0|  1.987880e+03|  3.783881e+03|  3.844294e-03|  3.384657e-03|  7.465551e+00|     9|  27|0|n|30|  OK  |
PRESSURE SOLVER(geom_index=  0): sum_C_dp=-8.45679e-05
Face Momentum (sd=  0): max value of div(mf) (cv=37953) = 2.750603e-03
	norm_L2 of div(momentum) = 5.818221e-02.
nsd = 0 min_dtHy = 0.0169508 (nCV =	19922 ) max_dtHy = 0.12231 (nCV =	20058 ) 
+----+----+--------------+--------------+--------------+--------------+--------------+------+----+-+-+--+------+
|Name|view| Initial res  | Initial resL1| Target res   | Final res    | Final res L1 |Visits|Iter|R|F|CL|Status|
|CHT |   0|  1.918571e+08|  6.696153e+05|  6.014655e+03|  9.899603e+00|  1.563617e+02|     2|  18|0|n|30|  OK  |
nsd = 0 min_dtke = 0.00711802 (nCV =	37299 ) max_dtke = 0.102586 (nCV =	32505 ) 
+----+----+----+--------------+--------------+--------------+--------------+--------------+------+----+-+-+--+------+
|Name|view| n_y| Initial res  | Initial resL1| Target res   | Final res    | Final res L1 |Visits|Iter|R|F|CL|Status|
+----+----+----+--------------+--------------+--------------+--------------+--------------+------+----+-+-+--+------+
|turb|   0|   0|  4.415714e+06|  1.105249e+05|  2.206383e-03|  2.894574e-04|  8.440085e-01|     4|  24|0|n|30|  OK  |
|turb|   0|   1|  9.981889e+08|  1.288328e+06|  6.023862e-03|  2.970594e-04|  5.297961e-01|     5|  30|0|n|30|  OK  |
Filter: K,E,momentum: sd =   0 isolating K from zero=      2 E from zero=    712 E from infinity=      0
slv : Fluid subdom(new) 0
slv : P static (new)                 : min(   5233) = 97342.196541419      , max(  18146) = 102909.85983658      
slv : Density (new)                  : min(   5232) = 1.1456037895915      , max(  19922) = 1.2241324337732      
slv : Velocity (new)                 : min(  18779) = 2.0349771519172      , max(  20023) = 75.29026556097       
slv : Mach number (new)              : min(  18779) = 0.0059182598825518   , max(  20023) = 0.21999040097191     
slv : Turbulent k (new)              : min(   5398) = 1e-40                , max(  23539) = 133.39858845976      
slv : Turbulent e (new)              : min(   5402) = 2.2901435924038e-44  , max(  23539) = 2523.5812745446      
slv : Temperature (new)              : min(  20023) = 291.61344246983      , max(   5392) = 297.56190338804      
slv : Total enthalpy, Y-shifted (new): min(  18411) = 1200.8841398029      , max(   5258) = 4553.5722765746      
slv : MASS FLUXES AT OPENINGS: MF=-9027.79, AP=9027.94
slv : DvGr statistics: min alpha=0.159158(nfa=35104, geom_slice=0)
slv : +----------------------------------+------------+-------+------------+------------+
slv : |          Collector name          | Total Time | Count |  Avg Time  |  Max Time  |
slv : +----------------------------------+------------+-------+------------+------------+
slv : | Calculate_inc                    |      16.955|     31|       0.547|       0.897|
slv : | CollectEMT_Results               |       0.000|     32|       0.000|       0.000|
slv : | HeatPathCalculator_Dynamic       |       0.016|      1|       0.016|       0.016|
slv : | LiSy_make_portrait               |       0.442|    146|       0.003|       0.016|
slv : | Results_processing               |       3.569|     31|       0.115|       0.166|
slv : | build_sl_ordering_CHT            |       0.018|     32|       0.001|       0.009|
slv : | build_sl_ordering_MDS            |       0.078|     32|       0.002|       0.025|
slv : | build_sl_ordering_fluid          |       0.077|     32|       0.002|       0.025|
slv : | calc_Convolutions_MDS            |       0.546|     32|       0.017|       0.029|
slv : | calc_wall_dist                   |       0.502|      1|       0.502|       0.502|
slv : | create_Gr_operators_MDS          |       0.540|     32|       0.017|       0.030|
slv : | create_Gr_operators_portrait_MDS |       0.265|     32|       0.008|       0.015|
slv : | init_Hy_group_MDS                |       0.490|     32|       0.015|       0.027|
slv : | perform_stage_total              |      15.428|    872|       0.018|       0.502|
slv : | precalc_at_start_MDS             |       0.663|      2|       0.332|       0.632|
slv : | solve_3M_MDS                     |       2.297|     32|       0.072|       0.164|
slv : | solve_3M_alg_MDS                 |       1.259|     32|       0.039|       0.115|
slv : | solve_BG_MDS                     |       1.369|     32|       0.043|       0.122|
slv : | solve_BG_alg_MDS                 |       0.973|     32|       0.030|       0.105|
slv : | solve_BL_MDS                     |       0.367|     32|       0.011|       0.027|
slv : | solve_CHT                        |       1.221|     32|       0.038|       0.073|
slv : | solve_CHT_MDS                    |       0.922|     32|       0.029|       0.065|
slv : | solve_CHT_alg_MDS                |       0.348|     32|       0.011|       0.048|
slv : | solve_DvGr_MDS                   |       3.992|     32|       0.125|       0.275|
slv : | solve_DvGr_alg_MDS               |       2.156|     32|       0.067|       0.185|
slv : | solve_INPR_MDS                   |       0.000|      1|       0.000|       0.000|
slv : | solve_PS+QJ                      |       0.000|      0|       0.000|       0.000|
slv : | solve_YLMA_MDS                   |       0.001|     32|       0.000|       0.000|
slv : | solve_YNOx_MDS                   |       0.000|     32|       0.000|       0.000|
slv : | solve_YTd_MDS                    |       0.000|     32|       0.000|       0.000|
slv : | solve_YTurb_MDS                  |       4.427|     32|       0.138|       0.308|
slv : | solve_YTurb_alg_MDS              |       1.934|     64|       0.030|       0.103|
slv : | update_BC_MDS                    |       0.000|     33|       0.000|       0.000|
slv : | update_Mf_after_DvGr             |       0.356|     32|       0.011|       0.021|
slv : | update_VelPressure_MDS           |       0.092|     32|       0.003|       0.005|
slv : +----------------------------------+------------+-------+------------+------------+
-----------------------------------------------------------------------
Memory Working Set Current = 306.02 Mb, Memory Working Set Peak = 308.17 Mb
Memory Private Bytes Current = 317.22 Mb, Memory Private Bytes Peak = 323.80 Mb
Process Threads Number: 14
-----------------------------------------------------------------------
Algebra Pool      : mem_usage = 209.81 Mb, allocated count = 1352

================== Tstep=32 ===================
<Dynamic P> on nsd = 0 {openings (inlet / outlet)}:
  (SP = Static Pressure, EP = Environment Pressure, TP = Total Pressure, E = External)
  {#0, E, (1.511158e+03 / 0.000000e+00)}
  {#1, E, (0.000000e+00 / 1.467950e+03)}
  {#2, E, (1.764312e+00 / 1.516888e+03)}
  {#3, E, (1.744155e+00 / 1.516895e+03)}
  {#4, E, (2.991760e+01 / 1.500060e+03)}
  {#5, E, (1.321511e-01 / 1.514909e+03)}
  MWS[  0]=2.59593
tau_viscous_averaged = 387.543 
dt(mass,momentum; nsd=  0): min dt/dtG(ncv=  20023)=1.00 , max dt/dtG(ncv=  19975)=7.3    , dtG=0.017075
Flow alg-view 0 in phys-view 0 isn't Neumann (not Multi Phase treating)
Face Momentum (sd=  0): max value of div(mf) (cv=5129) = 2.152823e+00
Flow alg-view 0 is not Neumann (not for Phase Change + Nested Iters)
+----+----+--------------+--------------+--------------+--------------+--------------+------+----+-+-+--+------+
|Name|view| Initial res  | Initial resL1| Target res   | Final res    | Final res L1 |Visits|Iter|R|F|CL|Status|
| BG |   0|  1.887623e+01|  4.088214e+01|  1.179764e-03|  4.755399e-04|  1.878500e+00|     8|  24|0|n|30|  OK  |
Face Momentum (sd=  0): max value of div(mf) (cv=12178) = 2.134538e-03
	norm_L2 of div(momentum) = 2.180688e-02.
Flow alg-view 0 in phys-view 0 isn't Neumann (not Multi Phase treating)
LOG: number of a-faces with weighted approximations in 0 subdomain: 8.07494 percent
LOG: Rate of a-faces corrected to CUp1st in 0 subdomain: 0.0169635 %
slv : SolveBL stage
|nsd|Real WF|NormalF|Cycle F|CriticF| EdgeF |CyclBrF|ExtParF|RWFnumSt|StLvlNum|  nfw  |  alp_U_min  |  nfw  |  alp_U_max  |  nfw  |  alp_T_min  |  nfw  |  alp_T_max  |  nfw  |  BL_s_min   |  nfw  |   BL_s_max  |
|  0|    804|    691|      0|     25|     88|      0|      0|     804|      42|   1464|0            |   1121|4.36224      |   1046|0            |   2267|12402.8      |   3654|-160.469     |   1046|0            |
Face Momentum (sd=  0): max value of div(mf) (cv=12178) = 2.134538e-03
	norm_L2 of div(momentum) = 2.180688e-02.
nsd = 0 BC: AP Inlet occurs on 3367 w-faces
+----+----+----+--------------+--------------+--------------+--------------+--------------+------+----+-+-+--+------+
|Name|view| n_y| Initial res  | Initial resL1| Target res   | Final res    | Final res L1 |Visits|Iter|R|F|CL|Status|
+----+----+----+--------------+--------------+--------------+--------------+--------------+------+----+-+-+--+------+
| 3M |   0|   0|  2.828785e+06|  2.343852e+05|  1.289132e+00|  6.157606e-02|  1.352026e+01|     3|   9|0|n|29|  OK  |
Velocity (predicted):
        (local) sd   0: min(  18303)=0.70323420419677     , max(  20023)=75.501717232224      
Flow alg-view 0 is not Neumann (not for Phase Change + Nested Iters)
+----+----+--------------+--------------+--------------+--------------+--------------+------+----+-+-+--+------+
|Name|view| Initial res  | Initial resL1| Target res   | Final res    | Final res L1 |Visits|Iter|R|F|CL|Status|
|DVGR|   0|  2.303892e+03|  4.159512e+03|  3.677088e-03|  2.951437e-03|  7.114686e+00|     9|  27|0|n|30|  OK  |
PRESSURE SOLVER(geom_index=  0): sum_C_dp=-8.63857e-05
Face Momentum (sd=  0): max value of div(mf) (cv=37025) = 2.346296e-03
	norm_L2 of div(momentum) = 5.433168e-02.
nsd = 0 min_dtHy = 0.017075 (nCV =	20023 ) max_dtHy = 0.124815 (nCV =	19975 ) 
+----+----+--------------+--------------+--------------+--------------+--------------+------+----+-+-+--+------+
|Name|view| Initial res  | Initial resL1| Target res   | Final res    | Final res L1 |Visits|Iter|R|F|CL|Status|
|CHT |   0|  1.709502e+08|  7.183366e+05|  6.023410e+03|  6.269497e+00|  1.332962e+02|     2|  18|0|n|30|  OK  |
nsd = 0 min_dtke = 0.00757355 (nCV =	37299 ) max_dtke = 0.103072 (nCV =	46105 ) 
+----+----+----+--------------+--------------+--------------+--------------+--------------+------+----+-+-+--+------+
|Name|view| n_y| Initial res  | Initial resL1| Target res   | Final res    | Final res L1 |Visits|Iter|R|F|CL|Status|
+----+----+----+--------------+--------------+--------------+--------------+--------------+------+----+-+-+--+------+
|turb|   0|   0|  5.724110e+06|  1.282277e+05|  2.128227e-03|  2.838376e-04|  8.226330e-01|     4|  24|0|n|30|  OK  |
|turb|   0|   1|  1.314049e+09|  1.516645e+06|  5.688932e-03|  3.056880e-04|  5.406803e-01|     5|  30|0|n|30|  OK  |
Filter: K,E,momentum: sd =   0 isolating K from zero=      2 E from zero=    825 E from infinity=      0
slv : Fluid subdom(new) 0
slv : P static (new)                 : min(   5233) = 97359.471026026      , max(  18147) = 102912.73111452      
slv : Density (new)                  : min(   5233) = 1.145844985553       , max(  19922) = 1.2241355408356      
slv : Velocity (new)                 : min(  28992) = 0.90206430384106     , max(  20023) = 75.237267373596      
slv : Mach number (new)              : min(  28992) = 0.0026229652556996   , max(  20023) = 0.21983307149886     
slv : Turbulent k (new)              : min(   5398) = 1e-40                , max(  23539) = 125.42146886405      
slv : Turbulent e (new)              : min(   5402) = 2.2897123903803e-44  , max(  23539) = 2301.193258093       
slv : Temperature (new)              : min(  20023) = 291.62003867197      , max(   5393) = 297.58032498342      
slv : Total enthalpy, Y-shifted (new): min(  18467) = 1222.2952089758      , max(   5392) = 4543.5885819867      
slv : MASS FLUXES AT OPENINGS: MF=-9027.79, AP=9027.94
slv : DvGr statistics: min alpha=0.155956(nfa=35935, geom_slice=0)
slv : +----------------------------------+------------+-------+------------+------------+
slv : |          Collector name          | Total Time | Count |  Avg Time  |  Max Time  |
slv : +----------------------------------+------------+-------+------------+------------+
slv : | Calculate_inc                    |      17.878|     32|       0.559|       0.923|
slv : | CollectEMT_Results               |       0.000|     33|       0.000|       0.000|
slv : | HeatPathCalculator_Dynamic       |       0.016|      1|       0.016|       0.016|
slv : | LiSy_make_portrait               |       0.462|    151|       0.003|       0.016|
slv : | Results_processing               |       3.678|     32|       0.115|       0.166|
slv : | build_sl_ordering_CHT            |       0.018|     33|       0.001|       0.009|
slv : | build_sl_ordering_MDS            |       0.090|     33|       0.003|       0.025|
slv : | build_sl_ordering_fluid          |       0.089|     33|       0.003|       0.025|
slv : | calc_Convolutions_MDS            |       0.562|     33|       0.017|       0.029|
slv : | calc_wall_dist                   |       0.502|      1|       0.502|       0.502|
slv : | create_Gr_operators_MDS          |       0.564|     33|       0.017|       0.030|
slv : | create_Gr_operators_portrait_MDS |       0.276|     33|       0.008|       0.015|
slv : | init_Hy_group_MDS                |       0.504|     33|       0.015|       0.027|
slv : | perform_stage_total              |      15.959|    899|       0.018|       0.502|
slv : | precalc_at_start_MDS             |       0.663|      2|       0.332|       0.632|
slv : | solve_3M_MDS                     |       2.384|     33|       0.072|       0.164|
slv : | solve_3M_alg_MDS                 |       1.303|     33|       0.039|       0.115|
slv : | solve_BG_MDS                     |       1.418|     33|       0.043|       0.122|
slv : | solve_BG_alg_MDS                 |       1.011|     33|       0.031|       0.105|
slv : | solve_BL_MDS                     |       0.378|     33|       0.011|       0.027|
slv : | solve_CHT                        |       1.272|     33|       0.039|       0.073|
slv : | solve_CHT_MDS                    |       0.963|     33|       0.029|       0.065|
slv : | solve_CHT_alg_MDS                |       0.369|     33|       0.011|       0.048|
slv : | solve_DvGr_MDS                   |       4.136|     33|       0.125|       0.275|
slv : | solve_DvGr_alg_MDS               |       2.224|     33|       0.067|       0.185|
slv : | solve_INPR_MDS                   |       0.000|      1|       0.000|       0.000|
slv : | solve_PS+QJ                      |       0.000|      0|       0.000|       0.000|
slv : | solve_YLMA_MDS                   |       0.001|     33|       0.000|       0.000|
slv : | solve_YNOx_MDS                   |       0.000|     33|       0.000|       0.000|
slv : | solve_YTd_MDS                    |       0.000|     33|       0.000|       0.000|
slv : | solve_YTurb_MDS                  |       4.574|     33|       0.139|       0.308|
slv : | solve_YTurb_alg_MDS              |       2.006|     66|       0.030|       0.103|
slv : | update_BC_MDS                    |       0.000|     34|       0.000|       0.000|
slv : | update_Mf_after_DvGr             |       0.368|     33|       0.011|       0.021|
slv : | update_VelPressure_MDS           |       0.095|     33|       0.003|       0.005|
slv : +----------------------------------+------------+-------+------------+------------+
-----------------------------------------------------------------------
Memory Working Set Current = 305.89 Mb, Memory Working Set Peak = 308.22 Mb
Memory Private Bytes Current = 317.21 Mb, Memory Private Bytes Peak = 323.86 Mb
Process Threads Number: 14
-----------------------------------------------------------------------
Algebra Pool      : mem_usage = 209.81 Mb, allocated count = 1355

================== Tstep=33 ===================
<Dynamic P> on nsd = 0 {openings (inlet / outlet)}:
  (SP = Static Pressure, EP = Environment Pressure, TP = Total Pressure, E = External)
  {#0, E, (1.511154e+03 / 0.000000e+00)}
  {#1, E, (0.000000e+00 / 1.460457e+03)}
  {#2, E, (1.878807e+00 / 1.516919e+03)}
  {#3, E, (1.860896e+00 / 1.516901e+03)}
  {#4, E, (3.089857e+01 / 1.499659e+03)}
  {#5, E, (1.542300e-01 / 1.514335e+03)}
  MWS[  0]=2.59513
tau_viscous_averaged = 311.487 
dt(mass,momentum; nsd=  0): min dt/dtG(ncv=  20023)=1.00 , max dt/dtG(ncv=  28992)=7.9    , dtG=0.0171373
Flow alg-view 0 in phys-view 0 isn't Neumann (not Multi Phase treating)
Face Momentum (sd=  0): max value of div(mf) (cv=5129) = 1.616319e+00
Flow alg-view 0 is not Neumann (not for Phase Change + Nested Iters)
+----+----+--------------+--------------+--------------+--------------+--------------+------+----+-+-+--+------+
|Name|view| Initial res  | Initial resL1| Target res   | Final res    | Final res L1 |Visits|Iter|R|F|CL|Status|
| BG |   0|  2.034209e+01|  4.849717e+01|  1.271380e-03|  7.301670e-04|  2.293014e+00|     8|  24|0|n|30|  OK  |
Face Momentum (sd=  0): max value of div(mf) (cv=12178) = 3.123093e-03
	norm_L2 of div(momentum) = 2.702160e-02.
Flow alg-view 0 in phys-view 0 isn't Neumann (not Multi Phase treating)
LOG: number of a-faces with weighted approximations in 0 subdomain: 8.31359 percent
LOG: Rate of a-faces corrected to CUp1st in 0 subdomain: 0.0190883 %
slv : SolveBL stage
|nsd|Real WF|NormalF|Cycle F|CriticF| EdgeF |CyclBrF|ExtParF|RWFnumSt|StLvlNum|  nfw  |  alp_U_min  |  nfw  |  alp_U_max  |  nfw  |  alp_T_min  |  nfw  |  alp_T_max  |  nfw  |  BL_s_min   |  nfw  |   BL_s_max  |
|  0|    804|    689|      0|     25|     90|      0|      0|     804|      42|   1464|0            |   1121|4.32354      |   1046|0            |   1516|10465.7      |   3705|-155.165     |   1046|0            |
Face Momentum (sd=  0): max value of div(mf) (cv=12178) = 3.123093e-03
	norm_L2 of div(momentum) = 2.702160e-02.
nsd = 0 BC: AP Inlet occurs on 3105 w-faces
+----+----+----+--------------+--------------+--------------+--------------+--------------+------+----+-+-+--+------+
|Name|view| n_y| Initial res  | Initial resL1| Target res   | Final res    | Final res L1 |Visits|Iter|R|F|CL|Status|
+----+----+----+--------------+--------------+--------------+--------------+--------------+------+----+-+-+--+------+
| 3M |   0|   0|  3.007258e+06|  2.487833e+05|  1.300864e+00|  1.000794e-01|  1.903247e+01|     3|   9|0|n|29|  OK  |
Velocity (predicted):
        (local) sd   0: min(   7627)=1.3347560284581      , max(  20023)=74.414074125605      
Flow alg-view 0 is not Neumann (not for Phase Change + Nested Iters)
+----+----+--------------+--------------+--------------+--------------+--------------+------+----+-+-+--+------+
|Name|view| Initial res  | Initial resL1| Target res   | Final res    | Final res L1 |Visits|Iter|R|F|CL|Status|
|DVGR|   0|  2.581272e+03|  4.447848e+03|  3.643865e-03|  2.085910e-03|  6.028283e+00|     9|  27|0|n|30|  OK  |
PRESSURE SOLVER(geom_index=  0): sum_C_dp=-6.75056e-05
Face Momentum (sd=  0): max value of div(mf) (cv=37025) = 1.698180e-03
	norm_L2 of div(momentum) = 4.567602e-02.
nsd = 0 min_dtHy = 0.0171373 (nCV =	20023 ) max_dtHy = 0.135176 (nCV =	28992 ) 
+----+----+--------------+--------------+--------------+--------------+--------------+------+----+-+-+--+------+
|Name|view| Initial res  | Initial resL1| Target res   | Final res    | Final res L1 |Visits|Iter|R|F|CL|Status|
|CHT |   0|  1.528024e+08|  7.616669e+05|  6.104909e+03|  5.026356e+00|  1.201506e+02|     2|  18|0|n|30|  OK  |
nsd = 0 min_dtke = 0.00825998 (nCV =	37299 ) max_dtke = 0.103404 (nCV =	46105 ) 
+----+----+----+--------------+--------------+--------------+--------------+--------------+------+----+-+-+--+------+
|Name|view| n_y| Initial res  | Initial resL1| Target res   | Final res    | Final res L1 |Visits|Iter|R|F|CL|Status|
+----+----+----+--------------+--------------+--------------+--------------+--------------+------+----+-+-+--+------+
|turb|   0|   0|  6.967754e+06|  1.487345e+05|  2.136173e-03|  3.282219e-04|  8.586767e-01|     4|  24|0|n|30|  OK  |
|turb|   0|   1|  1.565564e+09|  1.759381e+06|  5.699065e-03|  3.124383e-04|  5.095164e-01|     5|  30|0|n|30|  OK  |
Filter: K,E,momentum: sd =   0 isolating K from zero=      0 E from zero=    671 E from infinity=      0
slv : Fluid subdom(new) 0
slv : P static (new)                 : min(   5233) = 97381.775800874      , max(  18153) = 102915.2254432       
slv : Density (new)                  : min(   5233) = 1.1461489675443      , max(  19922) = 1.2241237680397      
slv : Velocity (new)                 : min(  18303) = 1.4259854386899      , max(  20023) = 74.261503861238      
slv : Mach number (new)              : min(  18303) = 0.0041454062837994   , max(  20023) = 0.21695459633021     
slv : Turbulent k (new)              : min(   6502) = 0.00091035544372192  , max(  18117) = 120.64703180549      
slv : Turbulent e (new)              : min(  17083) = 2.8256202847125e-05  , max(  18117) = 2175.6135129273      
slv : Temperature (new)              : min(  20023) = 291.69413360365      , max(   5393) = 297.57727431146      
slv : Total enthalpy, Y-shifted (new): min(  38521) = 1214.8109781175      , max(   5393) = 4531.9685501545      
slv : MASS FLUXES AT OPENINGS: MF=-9027.79, AP=9027.96
slv : DvGr statistics: min alpha=0.149261(nfa=35938, geom_slice=0)
slv : +----------------------------------+------------+-------+------------+------------+
slv : |          Collector name          | Total Time | Count |  Avg Time  |  Max Time  |
slv : +----------------------------------+------------+-------+------------+------------+
slv : | Calculate_inc                    |      18.516|     33|       0.561|       0.923|
slv : | CollectEMT_Results               |       0.000|     34|       0.000|       0.000|
slv : | HeatPathCalculator_Dynamic       |       0.016|      1|       0.016|       0.016|
slv : | LiSy_make_portrait               |       0.471|    155|       0.003|       0.016|
slv : | Results_processing               |       3.777|     33|       0.114|       0.166|
slv : | build_sl_ordering_CHT            |       0.018|     34|       0.001|       0.009|
slv : | build_sl_ordering_MDS            |       0.090|     34|       0.003|       0.025|
slv : | build_sl_ordering_fluid          |       0.089|     34|       0.003|       0.025|
slv : | calc_Convolutions_MDS            |       0.579|     34|       0.017|       0.029|
slv : | calc_wall_dist                   |       0.502|      1|       0.502|       0.502|
slv : | create_Gr_operators_MDS          |       0.576|     34|       0.017|       0.030|
slv : | create_Gr_operators_portrait_MDS |       0.284|     34|       0.008|       0.015|
slv : | init_Hy_group_MDS                |       0.518|     34|       0.015|       0.027|
slv : | perform_stage_total              |      16.418|    926|       0.018|       0.502|
slv : | precalc_at_start_MDS             |       0.663|      2|       0.332|       0.632|
slv : | solve_3M_MDS                     |       2.452|     34|       0.072|       0.164|
slv : | solve_3M_alg_MDS                 |       1.342|     34|       0.039|       0.115|
slv : | solve_BG_MDS                     |       1.457|     34|       0.043|       0.122|
slv : | solve_BG_alg_MDS                 |       1.035|     34|       0.030|       0.105|
slv : | solve_BL_MDS                     |       0.387|     34|       0.011|       0.027|
slv : | solve_CHT                        |       1.325|     34|       0.039|       0.073|
slv : | solve_CHT_MDS                    |       1.005|     34|       0.030|       0.065|
slv : | solve_CHT_alg_MDS                |       0.395|     34|       0.012|       0.048|
slv : | solve_DvGr_MDS                   |       4.277|     34|       0.126|       0.275|
slv : | solve_DvGr_alg_MDS               |       2.301|     34|       0.068|       0.185|
slv : | solve_INPR_MDS                   |       0.000|      1|       0.000|       0.000|
slv : | solve_PS+QJ                      |       0.000|      0|       0.000|       0.000|
slv : | solve_YLMA_MDS                   |       0.001|     34|       0.000|       0.000|
slv : | solve_YNOx_MDS                   |       0.000|     34|       0.000|       0.000|
slv : | solve_YTd_MDS                    |       0.000|     34|       0.000|       0.000|
slv : | solve_YTurb_MDS                  |       4.711|     34|       0.139|       0.308|
slv : | solve_YTurb_alg_MDS              |       2.076|     68|       0.031|       0.103|
slv : | update_BC_MDS                    |       0.000|     35|       0.000|       0.000|
slv : | update_Mf_after_DvGr             |       0.385|     34|       0.011|       0.021|
slv : | update_VelPressure_MDS           |       0.098|     34|       0.003|       0.005|
slv : +----------------------------------+------------+-------+------------+------------+
-----------------------------------------------------------------------
Memory Working Set Current = 304.91 Mb, Memory Working Set Peak = 308.22 Mb
Memory Private Bytes Current = 316.02 Mb, Memory Private Bytes Peak = 323.86 Mb
Process Threads Number: 14
-----------------------------------------------------------------------
Algebra Pool      : mem_usage = 209.81 Mb, allocated count = 1354

================== Tstep=34 ===================
<Dynamic P> on nsd = 0 {openings (inlet / outlet)}:
  (SP = Static Pressure, EP = Environment Pressure, TP = Total Pressure, E = External)
  {#0, E, (1.511153e+03 / 0.000000e+00)}
  {#1, E, (0.000000e+00 / 1.452827e+03)}
  {#2, E, (1.953947e+00 / 1.517250e+03)}
  {#3, E, (1.928466e+00 / 1.517237e+03)}
  {#4, E, (3.196102e+01 / 1.499696e+03)}
  {#5, E, (2.150801e-01 / 1.514126e+03)}
  MWS[  0]=2.56153
tau_viscous_averaged = 271.077 
dt(mass,momentum; nsd=  0): min dt/dtG(ncv=  20023)=1.00 , max dt/dtG(ncv=  20501)=7.6    , dtG=0.0173481
Flow alg-view 0 in phys-view 0 isn't Neumann (not Multi Phase treating)
Face Momentum (sd=  0): max value of div(mf) (cv=47194) = 1.025114e+00
Flow alg-view 0 is not Neumann (not for Phase Change + Nested Iters)
+----+----+--------------+--------------+--------------+--------------+--------------+------+----+-+-+--+------+
|Name|view| Initial res  | Initial resL1| Target res   | Final res    | Final res L1 |Visits|Iter|R|F|CL|Status|
| BG |   0|  1.777068e+01|  4.470978e+01|  1.110667e-03|  6.452740e-04|  2.211999e+00|     8|  24|0|n|30|  OK  |
Face Momentum (sd=  0): max value of div(mf) (cv=12464) = 3.592536e-03
	norm_L2 of div(momentum) = 2.540224e-02.
Flow alg-view 0 in phys-view 0 isn't Neumann (not Multi Phase treating)
LOG: number of a-faces with weighted approximations in 0 subdomain: 8.45057 percent
LOG: Rate of a-faces corrected to CUp1st in 0 subdomain: 0.02308 %
slv : SolveBL stage
|nsd|Real WF|NormalF|Cycle F|CriticF| EdgeF |CyclBrF|ExtParF|RWFnumSt|StLvlNum|  nfw  |  alp_U_min  |  nfw  |  alp_U_max  |  nfw  |  alp_T_min  |  nfw  |  alp_T_max  |  nfw  |  BL_s_min   |  nfw  |   BL_s_max  |
|  0|    804|    679|      0|     26|     99|      0|      0|     804|      34|   1464|0            |   1121|4.28802      |   1046|0            |   2513|12156.3      |   2197|-148.83      |   1046|0            |
Face Momentum (sd=  0): max value of div(mf) (cv=12464) = 3.592536e-03
	norm_L2 of div(momentum) = 2.540224e-02.
nsd = 0 BC: AP Inlet occurs on 2954 w-faces
+----+----+----+--------------+--------------+--------------+--------------+--------------+------+----+-+-+--+------+
|Name|view| n_y| Initial res  | Initial resL1| Target res   | Final res    | Final res L1 |Visits|Iter|R|F|CL|Status|
+----+----+----+--------------+--------------+--------------+--------------+--------------+------+----+-+-+--+------+
| 3M |   0|   0|  3.238678e+06|  2.600528e+05|  1.276300e+00|  2.096284e-01|  2.937123e+01|     3|   9|0|n|29|  OK  |
Velocity (predicted):
        (local) sd   0: min(  20418)=1.2170062910842      , max(  20023)=74.335035933512      
Flow alg-view 0 is not Neumann (not for Phase Change + Nested Iters)
+----+----+--------------+--------------+--------------+--------------+--------------+------+----+-+-+--+------+
|Name|view| Initial res  | Initial resL1| Target res   | Final res    | Final res L1 |Visits|Iter|R|F|CL|Status|
|DVGR|   0|  2.924662e+03|  4.786386e+03|  3.444993e-03|  1.611145e-03|  5.285630e+00|     9|  27|0|n|30|  OK  |
PRESSURE SOLVER(geom_index=  0): sum_C_dp=-1.18534e-05
Face Momentum (sd=  0): max value of div(mf) (cv=40048) = 1.661183e-03
	norm_L2 of div(momentum) = 4.014307e-02.
nsd = 0 min_dtHy = 0.0173481 (nCV =	20023 ) max_dtHy = 0.132496 (nCV =	20501 ) 
+----+----+--------------+--------------+--------------+--------------+--------------+------+----+-+-+--+------+
|Name|view| Initial res  | Initial resL1| Target res   | Final res    | Final res L1 |Visits|Iter|R|F|CL|Status|
|CHT |   0|  1.448773e+08|  7.908075e+05|  5.988738e+03|  5.241661e+00|  1.224593e+02|     2|  18|0|n|30|  OK  |
nsd = 0 min_dtke = 0.00864796 (nCV =	37299 ) max_dtke = 0.103197 (nCV =	46105 ) 
+----+----+----+--------------+--------------+--------------+--------------+--------------+------+----+-+-+--+------+
|Name|view| n_y| Initial res  | Initial resL1| Target res   | Final res    | Final res L1 |Visits|Iter|R|F|CL|Status|
+----+----+----+--------------+--------------+--------------+--------------+--------------+------+----+-+-+--+------+
|turb|   0|   0|  8.223327e+06|  1.685671e+05|  2.043558e-03|  4.414155e-04|  8.780706e-01|     4|  24|0|n|30|  OK  |
|turb|   0|   1|  1.815371e+09|  1.987564e+06|  5.306992e-03|  8.482991e-05|  3.364099e-01|     5|  30|0|n|30|  OK  |
Filter: K,E,momentum: sd =   0 isolating K from zero=      3 E from zero=    782 E from infinity=      1
slv : Fluid subdom(new) 0
slv : P static (new)                 : min(   5233) = 97404.843196908      , max(  18154) = 102906.14998781      
slv : Density (new)                  : min(   5233) = 1.1464487227997      , max(  20023) = 1.2240076617291      
slv : Velocity (new)                 : min(  11148) = 0.78892400584796     , max(  20023) = 74.042636372982      
slv : Mach number (new)              : min(  11148) = 0.0022939157528729   , max(  20023) = 0.21630863846485     
slv : Turbulent k (new)              : min(   6728) = 1e-40                , max(  18117) = 114.12069310366      
slv : Turbulent e (new)              : min(  40688) = 5.4865950806032e-47  , max(  18093) = 2057.5778532164      
slv : Temperature (new)              : min(  20023) = 291.71185178832      , max(   5393) = 297.5671186951       
slv : Total enthalpy, Y-shifted (new): min(  38576) = 1200.9672669466      , max(   5394) = 4516.1000541491      
slv : MASS FLUXES AT OPENINGS: MF=-9027.79, AP=9028
slv : DvGr statistics: min alpha=0.149486(nfa=30374, geom_slice=0)
slv : +----------------------------------+------------+-------+------------+------------+
slv : |          Collector name          | Total Time | Count |  Avg Time  |  Max Time  |
slv : +----------------------------------+------------+-------+------------+------------+
slv : | Calculate_inc                    |      19.086|     34|       0.561|       0.923|
slv : | CollectEMT_Results               |       0.000|     35|       0.000|       0.000|
slv : | HeatPathCalculator_Dynamic       |       0.016|      1|       0.016|       0.016|
slv : | LiSy_make_portrait               |       0.484|    159|       0.003|       0.016|
slv : | Results_processing               |       3.886|     34|       0.114|       0.166|
slv : | build_sl_ordering_CHT            |       0.018|     35|       0.001|       0.009|
slv : | build_sl_ordering_MDS            |       0.090|     35|       0.003|       0.025|
slv : | build_sl_ordering_fluid          |       0.089|     35|       0.003|       0.025|
slv : | calc_Convolutions_MDS            |       0.594|     35|       0.017|       0.029|
slv : | calc_wall_dist                   |       0.502|      1|       0.502|       0.502|
slv : | create_Gr_operators_MDS          |       0.589|     35|       0.017|       0.030|
slv : | create_Gr_operators_portrait_MDS |       0.291|     35|       0.008|       0.015|
slv : | init_Hy_group_MDS                |       0.530|     35|       0.015|       0.027|
slv : | perform_stage_total              |      16.819|    953|       0.018|       0.502|
slv : | precalc_at_start_MDS             |       0.663|      2|       0.332|       0.632|
slv : | solve_3M_MDS                     |       2.520|     35|       0.072|       0.164|
slv : | solve_3M_alg_MDS                 |       1.380|     35|       0.039|       0.115|
slv : | solve_BG_MDS                     |       1.494|     35|       0.043|       0.122|
slv : | solve_BG_alg_MDS                 |       1.061|     35|       0.030|       0.105|
slv : | solve_BL_MDS                     |       0.396|     35|       0.011|       0.027|
slv : | solve_CHT                        |       1.372|     35|       0.039|       0.073|
slv : | solve_CHT_MDS                    |       1.045|     35|       0.030|       0.065|
slv : | solve_CHT_alg_MDS                |       0.421|     35|       0.012|       0.048|
slv : | solve_DvGr_MDS                   |       4.378|     35|       0.125|       0.275|
slv : | solve_DvGr_alg_MDS               |       2.352|     35|       0.067|       0.185|
slv : | solve_INPR_MDS                   |       0.000|      1|       0.000|       0.000|
slv : | solve_PS+QJ                      |       0.000|      0|       0.000|       0.000|
slv : | solve_YLMA_MDS                   |       0.001|     35|       0.000|       0.000|
slv : | solve_YNOx_MDS                   |       0.000|     35|       0.000|       0.000|
slv : | solve_YTd_MDS                    |       0.000|     35|       0.000|       0.000|
slv : | solve_YTurb_MDS                  |       4.836|     35|       0.138|       0.308|
slv : | solve_YTurb_alg_MDS              |       2.146|     70|       0.031|       0.103|
slv : | update_BC_MDS                    |       0.000|     36|       0.000|       0.000|
slv : | update_Mf_after_DvGr             |       0.397|     35|       0.011|       0.021|
slv : | update_VelPressure_MDS           |       0.101|     35|       0.003|       0.005|
slv : +----------------------------------+------------+-------+------------+------------+
Interpolator cache: total calls 4841, optimised calls 438 (9.0 %)
-----------------------------------------------------------------------
Memory Working Set Current = 305.15 Mb, Memory Working Set Peak = 308.22 Mb
Memory Private Bytes Current = 316.07 Mb, Memory Private Bytes Peak = 331.00 Mb
Process Threads Number: 14
-----------------------------------------------------------------------
Iteration : time = 3.92988 , count = 5 , time/count = 0.785976
Calculate_inc() : time = 3.34096 , count = 5 , time/count = 0.668192
TreatFlowEvolution() : time = 0.322355 , count = 5 , time/count = 0.064471
SolverPreview : time = 0.262576 , count = 5 , time/count = 0.0525152
TreatGoals : time = 0.318365 , count = 5 , time/count = 0.063673
Algebra Pool      : mem_usage = 209.81 Mb, allocated count = 1355

================== Tstep=35 ===================
<Dynamic P> on nsd = 0 {openings (inlet / outlet)}:
  (SP = Static Pressure, EP = Environment Pressure, TP = Total Pressure, E = External)
  {#0, E, (1.511149e+03 / 0.000000e+00)}
  {#1, E, (0.000000e+00 / 1.445138e+03)}
  {#2, E, (2.035914e+00 / 1.517518e+03)}
  {#3, E, (2.009838e+00 / 1.517485e+03)}
  {#4, E, (3.326381e+01 / 1.499553e+03)}
  {#5, E, (2.217629e-01 / 1.514373e+03)}
  MWS[  0]=2.55464
tau_viscous_averaged = 250.84 
dt(mass,momentum; nsd=  0): min dt/dtG(ncv=  20023)=1.00 , max dt/dtG(ncv=  18784)=9.3    , dtG=0.0261952
Flow alg-view 0 in phys-view 0 isn't Neumann (not Multi Phase treating)
Face Momentum (sd=  0): max value of div(mf) (cv=47195) = 1.035470e+00
Flow alg-view 0 is not Neumann (not for Phase Change + Nested Iters)
+----+----+--------------+--------------+--------------+--------------+--------------+------+----+-+-+--+------+
|Name|view| Initial res  | Initial resL1| Target res   | Final res    | Final res L1 |Visits|Iter|R|F|CL|Status|
| BG |   0|  1.443528e+01|  3.890632e+01|  9.022047e-04|  3.999393e-04|  1.861226e+00|     8|  24|0|n|30|  OK  |
Face Momentum (sd=  0): max value of div(mf) (cv=23985) = 1.632658e-03
	norm_L2 of div(momentum) = 1.999848e-02.
Flow alg-view 0 in phys-view 0 isn't Neumann (not Multi Phase treating)
LOG: number of a-faces with weighted approximations in 0 subdomain: 8.32915 percent
LOG: Rate of a-faces corrected to CUp1st in 0 subdomain: 0.0164028 %
slv : SolveBL stage
|nsd|Real WF|NormalF|Cycle F|CriticF| EdgeF |CyclBrF|ExtParF|RWFnumSt|StLvlNum|  nfw  |  alp_U_min  |  nfw  |  alp_U_max  |  nfw  |  alp_T_min  |  nfw  |  alp_T_max  |  nfw  |  BL_s_min   |  nfw  |   BL_s_max  |
|  0|    804|    676|      0|     27|    101|      0|      0|     804|      34|   1203|0            |   1120|4.25904      |   1046|0            |   2521|12069.6      |   1071|-148.119     |   1046|0            |
Face Momentum (sd=  0): max value of div(mf) (cv=23985) = 1.632658e-03
	norm_L2 of div(momentum) = 1.999848e-02.
nsd = 0 BC: AP Inlet occurs on 2844 w-faces
+----+----+----+--------------+--------------+--------------+--------------+--------------+------+----+-+-+--+------+
|Name|view| n_y| Initial res  | Initial resL1| Target res   | Final res    | Final res L1 |Visits|Iter|R|F|CL|Status|
+----+----+----+--------------+--------------+--------------+--------------+--------------+------+----+-+-+--+------+
| 3M |   0|   0|  3.512795e+06|  2.724326e+05|  1.113510e+00|  1.928122e-02|  9.248452e+00|     4|  12|0|n|29|  OK  |
Velocity (predicted):
        (local) sd   0: min(  18787)=0.8115731029231      , max(  19922)=73.418896576524      
Flow alg-view 0 is not Neumann (not for Phase Change + Nested Iters)
+----+----+--------------+--------------+--------------+--------------+--------------+------+----+-+-+--+------+
|Name|view| Initial res  | Initial resL1| Target res   | Final res    | Final res L1 |Visits|Iter|R|F|CL|Status|
|DVGR|   0|  4.908468e+03|  6.455708e+03|  7.597212e-03|  2.612782e-03|  6.631536e+00|     9|  27|0|n|30|  OK  |
PRESSURE SOLVER(geom_index=  0): sum_C_dp=0.000110776
Face Momentum (sd=  0): max value of div(mf) (cv=44349) = 2.328541e-03
	norm_L2 of div(momentum) = 5.111775e-02.
nsd = 0 min_dtHy = 0.0261952 (nCV =	20023 ) max_dtHy = 0.242971 (nCV =	18784 ) 
+----+----+--------------+--------------+--------------+--------------+--------------+------+----+-+-+--+------+
|Name|view| Initial res  | Initial resL1| Target res   | Final res    | Final res L1 |Visits|Iter|R|F|CL|Status|
|CHT |   0|  1.646421e+08|  8.711724e+05|  5.208283e+03|  7.941762e+01|  5.856850e+02|     2|  18|0|n|30|  OK  |
nsd = 0 min_dtke = 0.00970187 (nCV =	17235 ) max_dtke = 0.145565 (nCV =	46104 ) 
+----+----+----+--------------+--------------+--------------+--------------+--------------+------+----+-+-+--+------+
|Name|view| n_y| Initial res  | Initial resL1| Target res   | Final res    | Final res L1 |Visits|Iter|R|F|CL|Status|
+----+----+----+--------------+--------------+--------------+--------------+--------------+------+----+-+-+--+------+
|turb|   0|   0|  1.049123e+07|  1.934152e+05|  1.830057e-03|  1.305283e-04|  3.449200e-01|     5|  30|0|n|30|  OK  |
|turb|   0|   1|  2.375201e+09|  2.291644e+06|  4.725250e-03|  2.039953e-04|  2.597515e-01|     6|  36|0|n|30|  OK  |
Filter: K,E,momentum: sd =   0 isolating K from zero=      6 E from zero=   1179 E from infinity=      2
slv : Fluid subdom(new) 0
slv : P static (new)                 : min(   5233) = 97421.417015762      , max(  18154) = 102908.39030987      
slv : Density (new)                  : min(   5233) = 1.1466810443163      , max(  19922) = 1.2238297226999      
slv : Velocity (new)                 : min(  20536) = 1.0736913544842      , max(  19922) = 73.094216516505      
slv : Mach number (new)              : min(  20536) = 0.0031207646954018   , max(  19922) = 0.21351220162558     
slv : Turbulent k (new)              : min(   6439) = 1e-40                , max(   7323) = 114.7377166519       
slv : Turbulent e (new)              : min(   6729) = 1.0894191315617e-46  , max(  18117) = 1925.7244660656      
slv : Temperature (new)              : min(  19922) = 291.78246968105      , max(   5393) = 297.51574091931      
slv : Total enthalpy, Y-shifted (new): min(  28400) = 1195.0815117373      , max(   5416) = 4482.2591959495      
slv : MASS FLUXES AT OPENINGS: MF=-9027.79, AP=9028.08
slv : DvGr statistics: min alpha=0.14225(nfa=57314, geom_slice=0)
slv : +----------------------------------+------------+-------+------------+------------+
slv : |          Collector name          | Total Time | Count |  Avg Time  |  Max Time  |
slv : +----------------------------------+------------+-------+------------+------------+
slv : | Calculate_inc                    |      19.588|     35|       0.560|       0.923|
slv : | CollectEMT_Results               |       0.000|     36|       0.000|       0.000|
slv : | HeatPathCalculator_Dynamic       |       0.016|      1|       0.016|       0.016|
slv : | LiSy_make_portrait               |       0.492|    163|       0.003|       0.016|
slv : | Results_processing               |       3.991|     35|       0.114|       0.166|
slv : | build_sl_ordering_CHT            |       0.018|     36|       0.001|       0.009|
slv : | build_sl_ordering_MDS            |       0.091|     36|       0.003|       0.025|
slv : | build_sl_ordering_fluid          |       0.090|     36|       0.002|       0.025|
slv : | calc_Convolutions_MDS            |       0.609|     36|       0.017|       0.029|
slv : | calc_wall_dist                   |       0.502|      1|       0.502|       0.502|
slv : | create_Gr_operators_MDS          |       0.607|     36|       0.017|       0.030|
slv : | create_Gr_operators_portrait_MDS |       0.298|     36|       0.008|       0.015|
slv : | init_Hy_group_MDS                |       0.544|     36|       0.015|       0.027|
slv : | perform_stage_total              |      17.256|    980|       0.018|       0.502|
slv : | precalc_at_start_MDS             |       0.663|      2|       0.332|       0.632|
slv : | solve_3M_MDS                     |       2.592|     36|       0.072|       0.164|
slv : | solve_3M_alg_MDS                 |       1.426|     36|       0.040|       0.115|
slv : | solve_BG_MDS                     |       1.533|     36|       0.043|       0.122|
slv : | solve_BG_alg_MDS                 |       1.089|     36|       0.030|       0.105|
slv : | solve_BL_MDS                     |       0.408|     36|       0.011|       0.027|
slv : | solve_CHT                        |       1.413|     36|       0.039|       0.073|
slv : | solve_CHT_MDS                    |       1.080|     36|       0.030|       0.065|
slv : | solve_CHT_alg_MDS                |       0.438|     36|       0.012|       0.048|
slv : | solve_DvGr_MDS                   |       4.480|     36|       0.124|       0.275|
slv : | solve_DvGr_alg_MDS               |       2.405|     36|       0.067|       0.185|
slv : | solve_INPR_MDS                   |       0.000|      1|       0.000|       0.000|
slv : | solve_PS+QJ                      |       0.000|      0|       0.000|       0.000|
slv : | solve_YLMA_MDS                   |       0.001|     36|       0.000|       0.000|
slv : | solve_YNOx_MDS                   |       0.000|     36|       0.000|       0.000|
slv : | solve_YTd_MDS                    |       0.000|     36|       0.000|       0.000|
slv : | solve_YTurb_MDS                  |       4.979|     36|       0.138|       0.308|
slv : | solve_YTurb_alg_MDS              |       2.224|     72|       0.031|       0.103|
slv : | update_BC_MDS                    |       0.000|     37|       0.000|       0.000|
slv : | update_Mf_after_DvGr             |       0.409|     36|       0.011|       0.021|
slv : | update_VelPressure_MDS           |       0.103|     36|       0.003|       0.005|
slv : +----------------------------------+------------+-------+------------+------------+
-----------------------------------------------------------------------
Memory Working Set Current = 305.89 Mb, Memory Working Set Peak = 308.22 Mb
Memory Private Bytes Current = 316.16 Mb, Memory Private Bytes Peak = 339.27 Mb
Process Threads Number: 14
-----------------------------------------------------------------------
Algebra Pool      : mem_usage = 209.81 Mb, allocated count = 1353

================== Tstep=36 ===================
<Dynamic P> on nsd = 0 {openings (inlet / outlet)}:
  (SP = Static Pressure, EP = Environment Pressure, TP = Total Pressure, E = External)
  {#0, E, (1.511130e+03 / 0.000000e+00)}
  {#1, E, (0.000000e+00 / 1.432447e+03)}
  {#2, E, (2.061064e+00 / 1.518034e+03)}
  {#3, E, (2.024856e+00 / 1.518044e+03)}
  {#4, E, (3.518565e+01 / 1.499545e+03)}
  {#5, E, (2.030610e-01 / 1.514733e+03)}
  MWS[  0]=2.52204
tau_viscous_averaged = 221.553 
dt(mass,momentum; nsd=  0): min dt/dtG(ncv=  19922)=1.00 , max dt/dtG(ncv=  18542)=9.4    , dtG=0.0265623
Flow alg-view 0 in phys-view 0 isn't Neumann (not Multi Phase treating)
Face Momentum (sd=  0): max value of div(mf) (cv=47218) = 9.629670e-01
Flow alg-view 0 is not Neumann (not for Phase Change + Nested Iters)
+----+----+--------------+--------------+--------------+--------------+--------------+------+----+-+-+--+------+
|Name|view| Initial res  | Initial resL1| Target res   | Final res    | Final res L1 |Visits|Iter|R|F|CL|Status|
| BG |   0|  1.703362e+01|  5.024210e+01|  1.064601e-03|  4.632751e-04|  2.171773e+00|     8|  24|0|n|30|  OK  |
Face Momentum (sd=  0): max value of div(mf) (cv=12241) = 2.353406e-03
	norm_L2 of div(momentum) = 2.152383e-02.
Flow alg-view 0 in phys-view 0 isn't Neumann (not Multi Phase treating)
LOG: number of a-faces with weighted approximations in 0 subdomain: 8.38178 percent
LOG: Rate of a-faces corrected to CUp1st in 0 subdomain: 0.0167953 %
slv : SolveBL stage
|nsd|Real WF|NormalF|Cycle F|CriticF| EdgeF |CyclBrF|ExtParF|RWFnumSt|StLvlNum|  nfw  |  alp_U_min  |  nfw  |  alp_U_max  |  nfw  |  alp_T_min  |  nfw  |  alp_T_max  |  nfw  |  BL_s_min   |  nfw  |   BL_s_max  |
|  0|    804|    687|      0|     26|     91|      0|      0|     804|      33|   1464|0            |   1121|4.23183      |   1046|0            |   2185|12054.5      |   2197|-146.359     |   1046|0            |
Face Momentum (sd=  0): max value of div(mf) (cv=12241) = 2.353406e-03
	norm_L2 of div(momentum) = 2.152383e-02.
nsd = 0 BC: AP Inlet occurs on 2635 w-faces
+----+----+----+--------------+--------------+--------------+--------------+--------------+------+----+-+-+--+------+
|Name|view| n_y| Initial res  | Initial resL1| Target res   | Final res    | Final res L1 |Visits|Iter|R|F|CL|Status|
+----+----+----+--------------+--------------+--------------+--------------+--------------+------+----+-+-+--+------+
| 3M |   0|   0|  3.798192e+06|  2.906561e+05|  1.095012e+00|  4.205071e-02|  1.337665e+01|     4|  12|0|n|29|  OK  |
Velocity (predicted):
        (local) sd   0: min(  18556)=1.3972149919237      , max(  19922)=73.404374830458      
Flow alg-view 0 is not Neumann (not for Phase Change + Nested Iters)
+----+----+--------------+--------------+--------------+--------------+--------------+------+----+-+-+--+------+
|Name|view| Initial res  | Initial resL1| Target res   | Final res    | Final res L1 |Visits|Iter|R|F|CL|Status|
|DVGR|   0|  6.512792e+03|  7.617868e+03|  7.163389e-03|  5.418347e-03|  8.993329e+00|     9|  27|0|n|30|  OK  |
PRESSURE SOLVER(geom_index=  0): sum_C_dp=5.22402e-05
Face Momentum (sd=  0): max value of div(mf) (cv=44349) = 3.379818e-03
	norm_L2 of div(momentum) = 7.361190e-02.
nsd = 0 min_dtHy = 0.0265623 (nCV =	19922 ) max_dtHy = 0.250985 (nCV =	18542 ) 
+----+----+--------------+--------------+--------------+--------------+--------------+------+----+-+-+--+------+
|Name|view| Initial res  | Initial resL1| Target res   | Final res    | Final res L1 |Visits|Iter|R|F|CL|Status|
|CHT |   0|  1.748119e+08|  9.641221e+05|  5.036130e+03|  7.697378e+01|  5.745446e+02|     2|  18|0|n|30|  OK  |
nsd = 0 min_dtke = 0.00709592 (nCV =	20331 ) max_dtke = 0.14462 (nCV =	46104 ) 
+----+----+----+--------------+--------------+--------------+--------------+--------------+------+----+-+-+--+------+
|Name|view| n_y| Initial res  | Initial resL1| Target res   | Final res    | Final res L1 |Visits|Iter|R|F|CL|Status|
+----+----+----+--------------+--------------+--------------+--------------+--------------+------+----+-+-+--+------+
|turb|   0|   0|  1.285831e+07|  2.187197e+05|  1.756846e-03|  1.637136e-03|  1.800534e+00|     4|  24|0|n|30|  OK  |
|turb|   0|   1|  2.901912e+09|  2.582101e+06|  4.419521e-03|  1.682500e-03|  1.107540e+00|     5|  30|0|n|30|  OK  |
Filter: K,E,momentum: sd =   0 isolating K from zero=      5 E from zero=   1756 E from infinity=      1
slv : Fluid subdom(new) 0
slv : P static (new)                 : min(   5233) = 97436.632746763      , max(  18154) = 102913.04372268      
slv : Density (new)                  : min(   5233) = 1.1468700559579      , max(  20023) = 1.223753269802       
slv : Velocity (new)                 : min(  18353) = 0.46557111015997     , max(  19922) = 73.003688418142      
slv : Mach number (new)              : min(  18353) = 0.0013523946668729   , max(  19922) = 0.21324490055737     
slv : Turbulent k (new)              : min(   6443) = 1e-40                , max(   7323) = 121.53994900881      
slv : Turbulent e (new)              : min(  24716) = 6.750800475109e-47   , max(  18117) = 1751.9691633088      
slv : Temperature (new)              : min(  19922) = 291.7903442329       , max(   5393) = 297.47131096757      
slv : Total enthalpy, Y-shifted (new): min(  28401) = 1183.8520699484      , max(   5393) = 4428.0189665767      
slv : MASS FLUXES AT OPENINGS: MF=-9027.79, AP=9028.27
slv : DvGr statistics: min alpha=0.13389(nfa=59516, geom_slice=0)
slv : +----------------------------------+------------+-------+------------+------------+
slv : |          Collector name          | Total Time | Count |  Avg Time  |  Max Time  |
slv : +----------------------------------+------------+-------+------------+------------+
slv : | Calculate_inc                    |      20.119|     36|       0.559|       0.923|
slv : | CollectEMT_Results               |       0.000|     37|       0.000|       0.000|
slv : | HeatPathCalculator_Dynamic       |       0.016|      1|       0.016|       0.016|
slv : | LiSy_make_portrait               |       0.501|    167|       0.003|       0.016|
slv : | Results_processing               |       4.093|     36|       0.114|       0.166|
slv : | build_sl_ordering_CHT            |       0.018|     37|       0.000|       0.009|
slv : | build_sl_ordering_MDS            |       0.091|     37|       0.002|       0.025|
slv : | build_sl_ordering_fluid          |       0.090|     37|       0.002|       0.025|
slv : | calc_Convolutions_MDS            |       0.623|     37|       0.017|       0.029|
slv : | calc_wall_dist                   |       0.502|      1|       0.502|       0.502|
slv : | create_Gr_operators_MDS          |       0.621|     37|       0.017|       0.030|
slv : | create_Gr_operators_portrait_MDS |       0.304|     37|       0.008|       0.015|
slv : | init_Hy_group_MDS                |       0.561|     37|       0.015|       0.027|
slv : | perform_stage_total              |      17.701|   1007|       0.018|       0.502|
slv : | precalc_at_start_MDS             |       0.663|      2|       0.332|       0.632|
slv : | solve_3M_MDS                     |       2.666|     37|       0.072|       0.164|
slv : | solve_3M_alg_MDS                 |       1.474|     37|       0.040|       0.115|
slv : | solve_BG_MDS                     |       1.573|     37|       0.043|       0.122|
slv : | solve_BG_alg_MDS                 |       1.117|     37|       0.030|       0.105|
slv : | solve_BL_MDS                     |       0.418|     37|       0.011|       0.027|
slv : | solve_CHT                        |       1.457|     37|       0.039|       0.073|
slv : | solve_CHT_MDS                    |       1.117|     37|       0.030|       0.065|
slv : | solve_CHT_alg_MDS                |       0.456|     37|       0.012|       0.048|
slv : | solve_DvGr_MDS                   |       4.583|     37|       0.124|       0.275|
slv : | solve_DvGr_alg_MDS               |       2.461|     37|       0.067|       0.185|
slv : | solve_INPR_MDS                   |       0.000|      1|       0.000|       0.000|
slv : | solve_PS+QJ                      |       0.000|      0|       0.000|       0.000|
slv : | solve_YLMA_MDS                   |       0.001|     37|       0.000|       0.000|
slv : | solve_YNOx_MDS                   |       0.000|     37|       0.000|       0.000|
slv : | solve_YTd_MDS                    |       0.000|     37|       0.000|       0.000|
slv : | solve_YTurb_MDS                  |       5.131|     37|       0.139|       0.308|
slv : | solve_YTurb_alg_MDS              |       2.298|     74|       0.031|       0.103|
slv : | update_BC_MDS                    |       0.000|     38|       0.000|       0.000|
slv : | update_Mf_after_DvGr             |       0.418|     37|       0.011|       0.021|
slv : | update_VelPressure_MDS           |       0.105|     37|       0.003|       0.005|
slv : +----------------------------------+------------+-------+------------+------------+
-----------------------------------------------------------------------
Memory Working Set Current = 305.00 Mb, Memory Working Set Peak = 308.22 Mb
Memory Private Bytes Current = 315.32 Mb, Memory Private Bytes Peak = 339.41 Mb
Process Threads Number: 14
-----------------------------------------------------------------------
Algebra Pool      : mem_usage = 209.81 Mb, allocated count = 1357

================== Tstep=37 ===================
<Dynamic P> on nsd = 0 {openings (inlet / outlet)}:
  (SP = Static Pressure, EP = Environment Pressure, TP = Total Pressure, E = External)
  {#0, E, (1.511118e+03 / 0.000000e+00)}
  {#1, E, (0.000000e+00 / 1.419344e+03)}
  {#2, E, (2.157275e+00 / 1.518956e+03)}
  {#3, E, (2.122283e+00 / 1.518943e+03)}
  {#4, E, (3.711317e+01 / 1.499888e+03)}
  {#5, E, (1.880138e-01 / 1.515112e+03)}
  MWS[  0]=2.51935
tau_viscous_averaged = 155.327 
dt(mass,momentum; nsd=  0): min dt/dtG(ncv=  19922)=1.00 , max dt/dtG(ncv=  20503)=10.6   , dtG=0.0266836
Flow alg-view 0 in phys-view 0 isn't Neumann (not Multi Phase treating)
Face Momentum (sd=  0): max value of div(mf) (cv=38588) = 1.222483e+00
Flow alg-view 0 is not Neumann (not for Phase Change + Nested Iters)
+----+----+--------------+--------------+--------------+--------------+--------------+------+----+-+-+--+------+
|Name|view| Initial res  | Initial resL1| Target res   | Final res    | Final res L1 |Visits|Iter|R|F|CL|Status|
| BG |   0|  2.368531e+01|  6.089693e+01|  1.480332e-03|  7.136837e-04|  2.733400e+00|     8|  24|0|n|30|  OK  |
Face Momentum (sd=  0): max value of div(mf) (cv=12244) = 2.581416e-03
	norm_L2 of div(momentum) = 2.671486e-02.
Flow alg-view 0 in phys-view 0 isn't Neumann (not Multi Phase treating)
LOG: number of a-faces with weighted approximations in 0 subdomain: 8.53909 percent
LOG: Rate of a-faces corrected to CUp1st in 0 subdomain: 0.0178086 %
slv : SolveBL stage
|nsd|Real WF|NormalF|Cycle F|CriticF| EdgeF |CyclBrF|ExtParF|RWFnumSt|StLvlNum|  nfw  |  alp_U_min  |  nfw  |  alp_U_max  |  nfw  |  alp_T_min  |  nfw  |  alp_T_max  |  nfw  |  BL_s_min   |  nfw  |   BL_s_max  |
|  0|    804|    695|      0|     26|     83|      0|      0|     804|      34|   1464|0            |   1121|4.21724      |   1046|0            |   2185|11969.3      |   2197|-144.939     |   1046|0            |
Face Momentum (sd=  0): max value of div(mf) (cv=12244) = 2.581416e-03
	norm_L2 of div(momentum) = 2.671486e-02.
nsd = 0 BC: AP Inlet occurs on 2469 w-faces
+----+----+----+--------------+--------------+--------------+--------------+--------------+------+----+-+-+--+------+
|Name|view| n_y| Initial res  | Initial resL1| Target res   | Final res    | Final res L1 |Visits|Iter|R|F|CL|Status|
+----+----+----+--------------+--------------+--------------+--------------+--------------+------+----+-+-+--+------+
| 3M |   0|   0|  3.862507e+06|  3.064761e+05|  1.113769e+00|  6.437753e-03|  5.221608e+00|     4|  12|0|n|29|  OK  |
Velocity (predicted):
        (local) sd   0: min(  20074)=0.70342535539897     , max(   5318)=72.993300597749      
Flow alg-view 0 is not Neumann (not for Phase Change + Nested Iters)
+----+----+--------------+--------------+--------------+--------------+--------------+------+----+-+-+--+------+
|Name|view| Initial res  | Initial resL1| Target res   | Final res    | Final res L1 |Visits|Iter|R|F|CL|Status|
|DVGR|   0|  6.457048e+03|  7.902863e+03|  7.065854e-03|  6.588496e-03|  9.305193e+00|     9|  27|0|n|30|  OK  |
PRESSURE SOLVER(geom_index=  0): sum_C_dp=8.90072e-06
Face Momentum (sd=  0): max value of div(mf) (cv=44350) = 3.041317e-03
	norm_L2 of div(momentum) = 8.117177e-02.
nsd = 0 min_dtHy = 0.0266836 (nCV =	19922 ) max_dtHy = 0.2828 (nCV =	20503 ) 
+----+----+--------------+--------------+--------------+--------------+--------------+------+----+-+-+--+------+
|Name|view| Initial res  | Initial resL1| Target res   | Final res    | Final res L1 |Visits|Iter|R|F|CL|Status|
|CHT |   0|  1.809061e+08|  1.039940e+06|  5.045957e+03|  9.175351e+01|  6.021282e+02|     2|  18|0|n|30|  OK  |
nsd = 0 min_dtke = 0.0101164 (nCV =	17239 ) max_dtke = 0.152808 (nCV =	45176 ) 
+----+----+----+--------------+--------------+--------------+--------------+--------------+------+----+-+-+--+------+
|Name|view| n_y| Initial res  | Initial resL1| Target res   | Final res    | Final res L1 |Visits|Iter|R|F|CL|Status|
+----+----+----+--------------+--------------+--------------+--------------+--------------+------+----+-+-+--+------+
|turb|   0|   0|  1.451782e+07|  2.386826e+05|  1.802507e-03|  1.586730e-03|  1.755772e+00|     4|  24|0|n|30|  OK  |
|turb|   0|   1|  3.158277e+09|  2.761384e+06|  4.511375e-03|  6.807814e-05|  3.434058e-01|     5|  30|0|n|30|  OK  |
Filter: K,E,momentum: sd =   0 isolating K from zero=      5 E from zero=    978 E from infinity=      2
slv : Fluid subdom(new) 0
slv : P static (new)                 : min(   5233) = 97449.090586027      , max(  18155) = 102916.17594096      
slv : Density (new)                  : min(   5233) = 1.1470100472855      , max(  20023) = 1.2236011731109      
slv : Velocity (new)                 : min(  20502) = 0.92702656402479     , max(   5318) = 72.7815412462        
slv : Mach number (new)              : min(  20502) = 0.0026936704833222   , max(   5318) = 0.21258965850963     
slv : Turbulent k (new)              : min(   5398) = 1e-40                , max(   7327) = 121.97263466372      
slv : Turbulent e (new)              : min(  17665) = 2.0528002639158e-46  , max(   7323) = 1728.2892703475      
slv : Temperature (new)              : min(   5318) = 291.8078517202       , max(   5393) = 297.43895486137      
slv : Total enthalpy, Y-shifted (new): min(  28408) = 1182.1004039526      , max(   5259) = 4402.0598571193      
slv : MASS FLUXES AT OPENINGS: MF=-9027.79, AP=9028.19
slv : DvGr statistics: min alpha=0.146295(nfa=59513, geom_slice=0)
slv : +----------------------------------+------------+-------+------------+------------+
slv : |          Collector name          | Total Time | Count |  Avg Time  |  Max Time  |
slv : +----------------------------------+------------+-------+------------+------------+
slv : | Calculate_inc                    |      20.654|     37|       0.558|       0.923|
slv : | CollectEMT_Results               |       0.000|     38|       0.000|       0.000|
slv : | HeatPathCalculator_Dynamic       |       0.016|      1|       0.016|       0.016|
slv : | LiSy_make_portrait               |       0.519|    172|       0.003|       0.016|
slv : | Results_processing               |       4.198|     37|       0.113|       0.166|
slv : | build_sl_ordering_CHT            |       0.018|     38|       0.000|       0.009|
slv : | build_sl_ordering_MDS            |       0.102|     38|       0.003|       0.025|
slv : | build_sl_ordering_fluid          |       0.101|     38|       0.003|       0.025|
slv : | calc_Convolutions_MDS            |       0.641|     38|       0.017|       0.029|
slv : | calc_wall_dist                   |       0.502|      1|       0.502|       0.502|
slv : | create_Gr_operators_MDS          |       0.633|     38|       0.017|       0.030|
slv : | create_Gr_operators_portrait_MDS |       0.309|     38|       0.008|       0.015|
slv : | init_Hy_group_MDS                |       0.573|     38|       0.015|       0.027|
slv : | perform_stage_total              |      18.146|   1034|       0.018|       0.502|
slv : | precalc_at_start_MDS             |       0.663|      2|       0.332|       0.632|
slv : | solve_3M_MDS                     |       2.739|     38|       0.072|       0.164|
slv : | solve_3M_alg_MDS                 |       1.518|     38|       0.040|       0.115|
slv : | solve_BG_MDS                     |       1.616|     38|       0.043|       0.122|
slv : | solve_BG_alg_MDS                 |       1.148|     38|       0.030|       0.105|
slv : | solve_BL_MDS                     |       0.427|     38|       0.011|       0.027|
slv : | solve_CHT                        |       1.504|     38|       0.040|       0.073|
slv : | solve_CHT_MDS                    |       1.155|     38|       0.030|       0.065|
slv : | solve_CHT_alg_MDS                |       0.479|     38|       0.013|       0.048|
slv : | solve_DvGr_MDS                   |       4.691|     38|       0.123|       0.275|
slv : | solve_DvGr_alg_MDS               |       2.516|     38|       0.066|       0.185|
slv : | solve_INPR_MDS                   |       0.000|      1|       0.000|       0.000|
slv : | solve_PS+QJ                      |       0.000|      0|       0.000|       0.000|
slv : | solve_YLMA_MDS                   |       0.001|     38|       0.000|       0.000|
slv : | solve_YNOx_MDS                   |       0.000|     38|       0.000|       0.000|
slv : | solve_YTd_MDS                    |       0.000|     38|       0.000|       0.000|
slv : | solve_YTurb_MDS                  |       5.274|     38|       0.139|       0.308|
slv : | solve_YTurb_alg_MDS              |       2.375|     76|       0.031|       0.103|
slv : | update_BC_MDS                    |       0.000|     39|       0.000|       0.000|
slv : | update_Mf_after_DvGr             |       0.427|     38|       0.011|       0.021|
slv : | update_VelPressure_MDS           |       0.108|     38|       0.003|       0.005|
slv : +----------------------------------+------------+-------+------------+------------+
-----------------------------------------------------------------------
Memory Working Set Current = 305.06 Mb, Memory Working Set Peak = 308.22 Mb
Memory Private Bytes Current = 315.96 Mb, Memory Private Bytes Peak = 339.41 Mb
Process Threads Number: 14
-----------------------------------------------------------------------
Algebra Pool      : mem_usage = 209.81 Mb, allocated count = 1357

================== Tstep=38 ===================
<Dynamic P> on nsd = 0 {openings (inlet / outlet)}:
  (SP = Static Pressure, EP = Environment Pressure, TP = Total Pressure, E = External)
  {#0, E, (1.511112e+03 / 0.000000e+00)}
  {#1, E, (0.000000e+00 / 1.406166e+03)}
  {#2, E, (2.393052e+00 / 1.519825e+03)}
  {#3, E, (2.342591e+00 / 1.519860e+03)}
  {#4, E, (3.951256e+01 / 1.500217e+03)}
  {#5, E, (1.528701e-01 / 1.515514e+03)}
  MWS[  0]=2.51168
tau_viscous_averaged = 169.556 
dt(mass,momentum; nsd=  0): min dt/dtG(ncv=  19922)=1.00 , max dt/dtG(ncv=  20500)=10.4   , dtG=0.0267881
Flow alg-view 0 in phys-view 0 isn't Neumann (not Multi Phase treating)
Face Momentum (sd=  0): max value of div(mf) (cv=38585) = 1.307227e+00
Flow alg-view 0 is not Neumann (not for Phase Change + Nested Iters)
+----+----+--------------+--------------+--------------+--------------+--------------+------+----+-+-+--+------+
|Name|view| Initial res  | Initial resL1| Target res   | Final res    | Final res L1 |Visits|Iter|R|F|CL|Status|
| BG |   0|  3.176976e+01|  6.859493e+01|  1.985610e-03|  1.039943e-03|  3.159424e+00|     8|  24|0|n|30|  OK  |
Face Momentum (sd=  0): max value of div(mf) (cv=31800) = 2.954641e-03
	norm_L2 of div(momentum) = 3.224815e-02.
Flow alg-view 0 in phys-view 0 isn't Neumann (not Multi Phase treating)
LOG: number of a-faces with weighted approximations in 0 subdomain: 8.79869 percent
LOG: Rate of a-faces corrected to CUp1st in 0 subdomain: 0.0172332 %
slv : SolveBL stage
|nsd|Real WF|NormalF|Cycle F|CriticF| EdgeF |CyclBrF|ExtParF|RWFnumSt|StLvlNum|  nfw  |  alp_U_min  |  nfw  |  alp_U_max  |  nfw  |  alp_T_min  |  nfw  |  alp_T_max  |  nfw  |  BL_s_min   |  nfw  |   BL_s_max  |
|  0|    804|    700|      0|     26|     78|      0|      0|     804|      42|   1464|0            |   1121|4.21406      |   1046|0            |   2185|11863.6      |   2197|-142.634     |   1046|0            |
Face Momentum (sd=  0): max value of div(mf) (cv=31800) = 2.954641e-03
	norm_L2 of div(momentum) = 3.224815e-02.
nsd = 0 BC: AP Inlet occurs on 2270 w-faces
+----+----+----+--------------+--------------+--------------+--------------+--------------+------+----+-+-+--+------+
|Name|view| n_y| Initial res  | Initial resL1| Target res   | Final res    | Final res L1 |Visits|Iter|R|F|CL|Status|
+----+----+----+--------------+--------------+--------------+--------------+--------------+------+----+-+-+--+------+
| 3M |   0|   0|  3.715295e+06|  3.112987e+05|  1.106709e+00|  8.779393e-03|  6.291585e+00|     4|  12|0|n|29|  OK  |
Velocity (predicted):
        (local) sd   0: min(  20059)=0.27377430320669     , max(   5316)=72.835090571513      
Flow alg-view 0 is not Neumann (not for Phase Change + Nested Iters)
+----+----+--------------+--------------+--------------+--------------+--------------+------+----+-+-+--+------+
|Name|view| Initial res  | Initial resL1| Target res   | Final res    | Final res L1 |Visits|Iter|R|F|CL|Status|
|DVGR|   0|  6.036319e+03|  7.792452e+03|  6.937615e-03|  6.285466e-03|  8.931889e+00|     9|  27|0|n|30|  OK  |
PRESSURE SOLVER(geom_index=  0): sum_C_dp=-1.19494e-05
Face Momentum (sd=  0): max value of div(mf) (cv=49409) = 3.602166e-03
	norm_L2 of div(momentum) = 7.928270e-02.
nsd = 0 min_dtHy = 0.0267881 (nCV =	19922 ) max_dtHy = 0.278506 (nCV =	20500 ) 
+----+----+--------------+--------------+--------------+--------------+--------------+------+----+-+-+--+------+
|Name|view| Initial res  | Initial resL1| Target res   | Final res    | Final res L1 |Visits|Iter|R|F|CL|Status|
|CHT |   0|  1.962346e+08|  1.101637e+06|  4.953943e+03|  1.805073e+02|  7.823738e+02|     2|  18|0|n|30|  OK  |
nsd = 0 min_dtke = 0.00835681 (nCV =	5403 ) max_dtke = 0.139836 (nCV =	46120 ) 
+----+----+----+--------------+--------------+--------------+--------------+--------------+------+----+-+-+--+------+
|Name|view| n_y| Initial res  | Initial resL1| Target res   | Final res    | Final res L1 |Visits|Iter|R|F|CL|Status|
+----+----+----+--------------+--------------+--------------+--------------+--------------+------+----+-+-+--+------+
|turb|   0|   0|  1.440760e+07|  2.512228e+05|  1.809281e-03|  9.469772e-04|  1.210044e+00|     4|  24|0|n|30|  OK  |
|turb|   0|   1|  2.888938e+09|  2.820288e+06|  4.506088e-03|  7.525171e-05|  2.382496e-01|     5|  30|0|n|30|  OK  |
Filter: K,E,momentum: sd =   0 isolating K from zero=      4 E from zero=   1115 E from infinity=      0
slv : Fluid subdom(new) 0
slv : P static (new)                 : min(   5233) = 97457.858739829      , max(  18147) = 102920.34430798      
slv : Density (new)                  : min(   5233) = 1.1470923491836      , max(  20023) = 1.2235238494839      
slv : Velocity (new)                 : min(  12256) = 0.25023706354055     , max(   5318) = 72.526553396543      
slv : Mach number (new)              : min(  12256) = 0.00072735318728268  , max(   5318) = 0.2118381031076      
slv : Turbulent k (new)              : min(   5398) = 1e-40                , max(   7453) = 122.91703486997      
slv : Turbulent e (new)              : min(   6892) = 1.7761312348306e-46  , max(   7453) = 1721.7506078324      
slv : Temperature (new)              : min(   5318) = 291.82655044431      , max(   5393) = 297.41573177057      
slv : Total enthalpy, Y-shifted (new): min(  28848) = 1187.982186992       , max(   5233) = 4404.6869787892      
slv : MASS FLUXES AT OPENINGS: MF=-9027.79, AP=9028
slv : DvGr statistics: min alpha=0.146009(nfa=59540, geom_slice=0)
slv : +----------------------------------+------------+-------+------------+------------+
slv : |          Collector name          | Total Time | Count |  Avg Time  |  Max Time  |
slv : +----------------------------------+------------+-------+------------+------------+
slv : | Calculate_inc                    |      21.197|     38|       0.558|       0.923|
slv : | CollectEMT_Results               |       0.000|     39|       0.000|       0.000|
slv : | HeatPathCalculator_Dynamic       |       0.016|      1|       0.016|       0.016|
slv : | LiSy_make_portrait               |       0.530|    176|       0.003|       0.016|
slv : | Results_processing               |       4.294|     38|       0.113|       0.166|
slv : | build_sl_ordering_CHT            |       0.018|     39|       0.000|       0.009|
slv : | build_sl_ordering_MDS            |       0.103|     39|       0.003|       0.025|
slv : | build_sl_ordering_fluid          |       0.102|     39|       0.003|       0.025|
slv : | calc_Convolutions_MDS            |       0.658|     39|       0.017|       0.029|
slv : | calc_wall_dist                   |       0.502|      1|       0.502|       0.502|
slv : | create_Gr_operators_MDS          |       0.649|     39|       0.017|       0.030|
slv : | create_Gr_operators_portrait_MDS |       0.319|     39|       0.008|       0.015|
slv : | init_Hy_group_MDS                |       0.588|     39|       0.015|       0.027|
slv : | perform_stage_total              |      18.614|   1061|       0.018|       0.502|
slv : | precalc_at_start_MDS             |       0.663|      2|       0.332|       0.632|
slv : | solve_3M_MDS                     |       2.818|     39|       0.072|       0.164|
slv : | solve_3M_alg_MDS                 |       1.566|     39|       0.040|       0.115|
slv : | solve_BG_MDS                     |       1.679|     39|       0.043|       0.122|
slv : | solve_BG_alg_MDS                 |       1.197|     39|       0.031|       0.105|
slv : | solve_BL_MDS                     |       0.436|     39|       0.011|       0.027|
slv : | solve_CHT                        |       1.546|     39|       0.040|       0.073|
slv : | solve_CHT_MDS                    |       1.189|     39|       0.030|       0.065|
slv : | solve_CHT_alg_MDS                |       0.499|     39|       0.013|       0.048|
slv : | solve_DvGr_MDS                   |       4.799|     39|       0.123|       0.275|
slv : | solve_DvGr_alg_MDS               |       2.573|     39|       0.066|       0.185|
slv : | solve_INPR_MDS                   |       0.000|      1|       0.000|       0.000|
slv : | solve_PS+QJ                      |       0.000|      0|       0.000|       0.000|
slv : | solve_YLMA_MDS                   |       0.001|     39|       0.000|       0.000|
slv : | solve_YNOx_MDS                   |       0.000|     39|       0.000|       0.000|
slv : | solve_YTd_MDS                    |       0.001|     39|       0.000|       0.000|
slv : | solve_YTurb_MDS                  |       5.408|     39|       0.139|       0.308|
slv : | solve_YTurb_alg_MDS              |       2.445|     78|       0.031|       0.103|
slv : | update_BC_MDS                    |       0.000|     40|       0.000|       0.000|
slv : | update_Mf_after_DvGr             |       0.436|     39|       0.011|       0.021|
slv : | update_VelPressure_MDS           |       0.110|     39|       0.003|       0.005|
slv : +----------------------------------+------------+-------+------------+------------+
-----------------------------------------------------------------------
Memory Working Set Current = 305.64 Mb, Memory Working Set Peak = 308.22 Mb
Memory Private Bytes Current = 315.98 Mb, Memory Private Bytes Peak = 339.41 Mb
Process Threads Number: 14
-----------------------------------------------------------------------
Algebra Pool      : mem_usage = 209.81 Mb, allocated count = 1354

================== Tstep=39 ===================
<Dynamic P> on nsd = 0 {openings (inlet / outlet)}:
  (SP = Static Pressure, EP = Environment Pressure, TP = Total Pressure, E = External)
  {#0, E, (1.511095e+03 / 0.000000e+00)}
  {#1, E, (0.000000e+00 / 1.393188e+03)}
  {#2, E, (2.913807e+00 / 1.519375e+03)}
  {#3, E, (2.834975e+00 / 1.519487e+03)}
  {#4, E, (4.174752e+01 / 1.500879e+03)}
  {#5, E, (1.262459e-01 / 1.515940e+03)}
  MWS[  0]=2.50316
tau_viscous_averaged = 153.361 
dt(mass,momentum; nsd=  0): min dt/dtG(ncv=  19922)=1.00 , max dt/dtG(ncv=  20064)=11.3   , dtG=0.0268707
Flow alg-view 0 in phys-view 0 isn't Neumann (not Multi Phase treating)
Face Momentum (sd=  0): max value of div(mf) (cv=39029) = 1.376013e+00
Flow alg-view 0 is not Neumann (not for Phase Change + Nested Iters)
+----+----+--------------+--------------+--------------+--------------+--------------+------+----+-+-+--+------+
|Name|view| Initial res  | Initial resL1| Target res   | Final res    | Final res L1 |Visits|Iter|R|F|CL|Status|
| BG |   0|  4.015332e+01|  8.363914e+01|  2.509582e-03|  1.371998e-03|  3.601266e+00|     8|  24|0|n|30|  OK  |
Face Momentum (sd=  0): max value of div(mf) (cv=31692) = 3.726708e-03
	norm_L2 of div(momentum) = 3.704049e-02.
Flow alg-view 0 in phys-view 0 isn't Neumann (not Multi Phase treating)
LOG: number of a-faces with weighted approximations in 0 subdomain: 8.94045 percent
LOG: Rate of a-faces corrected to CUp1st in 0 subdomain: 0.017621 %
slv : SolveBL stage
|nsd|Real WF|NormalF|Cycle F|CriticF| EdgeF |CyclBrF|ExtParF|RWFnumSt|StLvlNum|  nfw  |  alp_U_min  |  nfw  |  alp_U_max  |  nfw  |  alp_T_min  |  nfw  |  alp_T_max  |  nfw  |  BL_s_min   |  nfw  |   BL_s_max  |
|  0|    804|    690|      0|     30|     84|      0|      0|     804|      36|   1464|0            |   1121|4.21973      |   1046|0            |   1574|16747.5      |   2197|-138.681     |   1046|0            |
Face Momentum (sd=  0): max value of div(mf) (cv=31692) = 3.726708e-03
	norm_L2 of div(momentum) = 3.704049e-02.
nsd = 0 BC: AP Inlet occurs on 2041 w-faces
+----+----+----+--------------+--------------+--------------+--------------+--------------+------+----+-+-+--+------+
|Name|view| n_y| Initial res  | Initial resL1| Target res   | Final res    | Final res L1 |Visits|Iter|R|F|CL|Status|
+----+----+----+--------------+--------------+--------------+--------------+--------------+------+----+-+-+--+------+
| 3M |   0|   0|  3.300743e+06|  3.026549e+05|  1.106532e+00|  1.202243e-02|  8.304002e+00|     4|  12|0|n|29|  OK  |
Velocity (predicted):
        (local) sd   0: min(  11969)=0.36846663445496     , max(   5316)=72.895865547669      
Flow alg-view 0 is not Neumann (not for Phase Change + Nested Iters)
+----+----+--------------+--------------+--------------+--------------+--------------+------+----+-+-+--+------+
|Name|view| Initial res  | Initial resL1| Target res   | Final res    | Final res L1 |Visits|Iter|R|F|CL|Status|
|DVGR|   0|  5.533422e+03|  7.677488e+03|  6.814211e-03|  5.984201e-03|  8.865839e+00|     9|  27|0|n|30|  OK  |
PRESSURE SOLVER(geom_index=  0): sum_C_dp=-0.000102863
Face Momentum (sd=  0): max value of div(mf) (cv=42602) = 3.451149e-03
	norm_L2 of div(momentum) = 7.735897e-02.
nsd = 0 min_dtHy = 0.0268707 (nCV =	19922 ) max_dtHy = 0.304613 (nCV =	20064 ) 
+----+----+--------------+--------------+--------------+--------------+--------------+------+----+-+-+--+------+
|Name|view| Initial res  | Initial resL1| Target res   | Final res    | Final res L1 |Visits|Iter|R|F|CL|Status|
|CHT |   0|  1.954543e+08|  1.153476e+06|  4.913245e+03|  2.475455e+02|  9.430531e+02|     2|  18|0|n|30|  OK  |
nsd = 0 min_dtke = 0.00523995 (nCV =	5403 ) max_dtke = 0.15687 (nCV =	45208 ) 
+----+----+----+--------------+--------------+--------------+--------------+--------------+------+----+-+-+--+------+
|Name|view| n_y| Initial res  | Initial resL1| Target res   | Final res    | Final res L1 |Visits|Iter|R|F|CL|Status|
+----+----+----+--------------+--------------+--------------+--------------+--------------+------+----+-+-+--+------+
|turb|   0|   0|  1.331546e+07|  2.562400e+05|  1.806895e-03|  2.987098e-04|  7.612112e-01|     4|  24|0|n|30|  OK  |
|turb|   0|   1|  2.438199e+09|  2.764852e+06|  4.469261e-03|  3.282161e-03|  2.190782e+00|     4|  24|0|n|30|  OK  |
Filter: K,E,momentum: sd =   0 isolating K from zero=      2 E from zero=   1191 E from infinity=      0
slv : Fluid subdom(new) 0
slv : P static (new)                 : min(   5233) = 97463.175557355      , max(  18145) = 102924.68057368      
slv : Density (new)                  : min(   5233) = 1.1471293455535      , max(  20023) = 1.2234824063723      
slv : Velocity (new)                 : min(  20066) = 0.3673819404648      , max(   5316) = 72.627817303882      
slv : Mach number (new)              : min(  20066) = 0.0010667510142016   , max(   5316) = 0.21213641882972     
slv : Turbulent k (new)              : min(   6892) = 1e-40                , max(   7480) = 119.69137884006      
slv : Turbulent e (new)              : min(   6893) = 1.5171632284275e-46  , max(   7480) = 1615.5125412708      
slv : Temperature (new)              : min(   5316) = 291.81952663387      , max(   5395) = 297.42328061411      
slv : Total enthalpy, Y-shifted (new): min(  28849) = 1198.5819038856      , max(   5233) = 4416.447205377       
slv : MASS FLUXES AT OPENINGS: MF=-9027.79, AP=9027.88
slv : DvGr statistics: min alpha=0.147603(nfa=16021, geom_slice=0)
slv : +----------------------------------+------------+-------+------------+------------+
slv : |          Collector name          | Total Time | Count |  Avg Time  |  Max Time  |
slv : +----------------------------------+------------+-------+------------+------------+
slv : | Calculate_inc                    |      21.757|     39|       0.558|       0.923|
slv : | CollectEMT_Results               |       0.000|     40|       0.000|       0.000|
slv : | HeatPathCalculator_Dynamic       |       0.016|      1|       0.016|       0.016|
slv : | LiSy_make_portrait               |       0.541|    180|       0.003|       0.016|
slv : | Results_processing               |       4.399|     39|       0.113|       0.166|
slv : | build_sl_ordering_CHT            |       0.018|     40|       0.000|       0.009|
slv : | build_sl_ordering_MDS            |       0.103|     40|       0.003|       0.025|
slv : | build_sl_ordering_fluid          |       0.102|     40|       0.003|       0.025|
slv : | calc_Convolutions_MDS            |       0.677|     40|       0.017|       0.029|
slv : | calc_wall_dist                   |       0.502|      1|       0.502|       0.502|
slv : | create_Gr_operators_MDS          |       0.661|     40|       0.017|       0.030|
slv : | create_Gr_operators_portrait_MDS |       0.325|     40|       0.008|       0.015|
slv : | init_Hy_group_MDS                |       0.604|     40|       0.015|       0.027|
slv : | perform_stage_total              |      19.049|   1088|       0.018|       0.502|
slv : | precalc_at_start_MDS             |       0.663|      2|       0.332|       0.632|
slv : | solve_3M_MDS                     |       2.892|     40|       0.072|       0.164|
slv : | solve_3M_alg_MDS                 |       1.612|     40|       0.040|       0.115|
slv : | solve_BG_MDS                     |       1.722|     40|       0.043|       0.122|
slv : | solve_BG_alg_MDS                 |       1.226|     40|       0.031|       0.105|
slv : | solve_BL_MDS                     |       0.444|     40|       0.011|       0.027|
slv : | solve_CHT                        |       1.589|     40|       0.040|       0.073|
slv : | solve_CHT_MDS                    |       1.225|     40|       0.031|       0.065|
slv : | solve_CHT_alg_MDS                |       0.520|     40|       0.013|       0.048|
slv : | solve_DvGr_MDS                   |       4.914|     40|       0.123|       0.275|
slv : | solve_DvGr_alg_MDS               |       2.631|     40|       0.066|       0.185|
slv : | solve_INPR_MDS                   |       0.000|      1|       0.000|       0.000|
slv : | solve_PS+QJ                      |       0.000|      0|       0.000|       0.000|
slv : | solve_YLMA_MDS                   |       0.001|     40|       0.000|       0.000|
slv : | solve_YNOx_MDS                   |       0.000|     40|       0.000|       0.000|
slv : | solve_YTd_MDS                    |       0.001|     40|       0.000|       0.000|
slv : | solve_YTurb_MDS                  |       5.539|     40|       0.138|       0.308|
slv : | solve_YTurb_alg_MDS              |       2.509|     80|       0.031|       0.103|
slv : | update_BC_MDS                    |       0.000|     41|       0.000|       0.000|
slv : | update_Mf_after_DvGr             |       0.445|     40|       0.011|       0.021|
slv : | update_VelPressure_MDS           |       0.112|     40|       0.003|       0.005|
slv : +----------------------------------+------------+-------+------------+------------+
Interpolator cache: total calls 4856, optimised calls 435 (9.0 %)
-----------------------------------------------------------------------
Memory Working Set Current = 305.01 Mb, Memory Working Set Peak = 308.22 Mb
Memory Private Bytes Current = 315.31 Mb, Memory Private Bytes Peak = 347.54 Mb
Process Threads Number: 14
-----------------------------------------------------------------------
Iteration : time = 3.21739 , count = 5 , time/count = 0.643479
Calculate_inc() : time = 2.69979 , count = 5 , time/count = 0.539957
TreatFlowEvolution() : time = 0.284239 , count = 5 , time/count = 0.0568478
SolverPreview : time = 0.224392 , count = 5 , time/count = 0.0448784
TreatGoals : time = 0.281252 , count = 5 , time/count = 0.0562504
Algebra Pool      : mem_usage = 209.81 Mb, allocated count = 1355

================== Tstep=40 ===================
<Dynamic P> on nsd = 0 {openings (inlet / outlet)}:
  (SP = Static Pressure, EP = Environment Pressure, TP = Total Pressure, E = External)
  {#0, E, (1.511085e+03 / 0.000000e+00)}
  {#1, E, (0.000000e+00 / 1.382488e+03)}
  {#2, E, (3.296189e+00 / 1.515419e+03)}
  {#3, E, (3.233569e+00 / 1.515690e+03)}
  {#4, E, (4.414123e+01 / 1.501010e+03)}
  {#5, E, (1.048108e-01 / 1.516321e+03)}
  MWS[  0]=2.50668
tau_viscous_averaged = 131.751 
dt(mass,momentum; nsd=  0): min dt/dtG(ncv=  19922)=1.00 , max dt/dtG(ncv=  20064)=10.6   , dtG=0.0393806
Flow alg-view 0 in phys-view 0 isn't Neumann (not Multi Phase treating)
Face Momentum (sd=  0): max value of div(mf) (cv=39037) = 1.407259e+00
Flow alg-view 0 is not Neumann (not for Phase Change + Nested Iters)
+----+----+--------------+--------------+--------------+--------------+--------------+------+----+-+-+--+------+
|Name|view| Initial res  | Initial resL1| Target res   | Final res    | Final res L1 |Visits|Iter|R|F|CL|Status|
| BG |   0|  2.919067e+01|  5.829462e+01|  1.824417e-03|  1.551955e-03|  3.280928e+00|     8|  24|0|n|30|  OK  |
Face Momentum (sd=  0): max value of div(mf) (cv=31821) = 4.090302e-03
	norm_L2 of div(momentum) = 3.939486e-02.
Flow alg-view 0 in phys-view 0 isn't Neumann (not Multi Phase treating)
LOG: number of a-faces with weighted approximations in 0 subdomain: 8.88363 percent
LOG: Rate of a-faces corrected to CUp1st in 0 subdomain: 0.0177806 %
slv : SolveBL stage
|nsd|Real WF|NormalF|Cycle F|CriticF| EdgeF |CyclBrF|ExtParF|RWFnumSt|StLvlNum|  nfw  |  alp_U_min  |  nfw  |  alp_U_max  |  nfw  |  alp_T_min  |  nfw  |  alp_T_max  |  nfw  |  BL_s_min   |  nfw  |   BL_s_max  |
|  0|    804|    695|      0|     25|     84|      0|      0|     804|      47|   1465|0            |   1121|4.23086      |   1046|0            |   1057|12340.7      |   2197|-130.958     |   1046|0            |
Face Momentum (sd=  0): max value of div(mf) (cv=31821) = 4.090302e-03
	norm_L2 of div(momentum) = 3.939486e-02.
nsd = 0 BC: AP Inlet occurs on 1946 w-faces
+----+----+----+--------------+--------------+--------------+--------------+--------------+------+----+-+-+--+------+
|Name|view| n_y| Initial res  | Initial resL1| Target res   | Final res    | Final res L1 |Visits|Iter|R|F|CL|Status|
+----+----+----+--------------+--------------+--------------+--------------+--------------+------+----+-+-+--+------+
| 3M |   0|   0|  2.900638e+06|  2.864296e+05|  1.023825e+00|  9.871876e-02|  2.615056e+01|     4|  12|0|n|29|  OK  |
Velocity (predicted):
        (local) sd   0: min(  12495)=0.5937424423278      , max(   7079)=72.908337861128      
Flow alg-view 0 is not Neumann (not for Phase Change + Nested Iters)
+----+----+--------------+--------------+--------------+--------------+--------------+------+----+-+-+--+------+
|Name|view| Initial res  | Initial resL1| Target res   | Final res    | Final res L1 |Visits|Iter|R|F|CL|Status|
|DVGR|   0|  6.740045e+03|  8.608123e+03|  1.458774e-02|  9.307532e-03|  1.037142e+01|     9|  27|0|n|30|  OK  |
PRESSURE SOLVER(geom_index=  0): sum_C_dp=9.7353e-06
Face Momentum (sd=  0): max value of div(mf) (cv=44353) = 5.644843e-03
	norm_L2 of div(momentum) = 9.647605e-02.
nsd = 0 min_dtHy = 0.0393807 (nCV =	19922 ) max_dtHy = 0.417689 (nCV =	20064 ) 
+----+----+--------------+--------------+--------------+--------------+--------------+------+----+-+-+--+------+
|Name|view| Initial res  | Initial resL1| Target res   | Final res    | Final res L1 |Visits|Iter|R|F|CL|Status|
|CHT |   0|  2.246011e+08|  1.240264e+06|  4.562398e+03|  1.676999e+03|  2.789531e+03|     2|  18|0|n|30|  OK  |
nsd = 0 min_dtke = 0.00326341 (nCV =	5403 ) max_dtke = 0.220372 (nCV =	45210 ) 
+----+----+----+--------------+--------------+--------------+--------------+--------------+------+----+-+-+--+------+
|Name|view| n_y| Initial res  | Initial resL1| Target res   | Final res    | Final res L1 |Visits|Iter|R|F|CL|Status|
+----+----+----+--------------+--------------+--------------+--------------+--------------+------+----+-+-+--+------+
|turb|   0|   0|  1.190135e+07|  2.553501e+05|  1.724549e-03|  6.895262e-04|  1.178142e+00|     4|  24|0|n|30|  OK  |
|turb|   0|   1|  1.929849e+09|  2.649730e+06|  4.274549e-03|  5.940472e-05|  3.074835e-01|     5|  30|0|n|30|  OK  |
Filter: K,E,momentum: sd =   0 isolating K from zero=      1 E from zero=   1361 E from infinity=      1
slv : Fluid subdom(new) 0
slv : P static (new)                 : min(   5233) = 97465.14102845       , max(  18145) = 102926.98492314      
slv : Density (new)                  : min(   5233) = 1.1471242487384      , max(  20023) = 1.223411390554       
slv : Velocity (new)                 : min(  18702) = 0.24371843629417     , max(   5316) = 72.566325679738      
slv : Mach number (new)              : min(  18702) = 0.000708297714876    , max(   5316) = 0.21195514825746     
slv : Turbulent k (new)              : min(  27479) = 1e-40                , max(   7481) = 111.68382259983      
slv : Turbulent e (new)              : min(  27479) = 4.6185685054867e-47  , max(   7481) = 1442.4287170591      
slv : Temperature (new)              : min(   5316) = 291.82412409534      , max(   5417) = 297.41538603084      
slv : Total enthalpy, Y-shifted (new): min(  35066) = 1191.7283562826      , max(   5233) = 4430.2885583488      
slv : MASS FLUXES AT OPENINGS: MF=-9027.79, AP=9027.68
slv : DvGr statistics: min alpha=0.14323(nfa=34771, geom_slice=0)
slv : +----------------------------------+------------+-------+------------+------------+
slv : |          Collector name          | Total Time | Count |  Avg Time  |  Max Time  |
slv : +----------------------------------+------------+-------+------------+------------+
slv : | Calculate_inc                    |      22.288|     40|       0.557|       0.923|
slv : | CollectEMT_Results               |       0.000|     41|       0.000|       0.000|
slv : | HeatPathCalculator_Dynamic       |       0.016|      1|       0.016|       0.016|
slv : | LiSy_make_portrait               |       0.552|    184|       0.003|       0.016|
slv : | Results_processing               |       4.503|     40|       0.113|       0.166|
slv : | build_sl_ordering_CHT            |       0.018|     41|       0.000|       0.009|
slv : | build_sl_ordering_MDS            |       0.103|     41|       0.003|       0.025|
slv : | build_sl_ordering_fluid          |       0.102|     41|       0.002|       0.025|
slv : | calc_Convolutions_MDS            |       0.695|     41|       0.017|       0.029|
slv : | calc_wall_dist                   |       0.502|      1|       0.502|       0.502|
slv : | create_Gr_operators_MDS          |       0.674|     41|       0.016|       0.030|
slv : | create_Gr_operators_portrait_MDS |       0.331|     41|       0.008|       0.015|
slv : | init_Hy_group_MDS                |       0.624|     41|       0.015|       0.027|
slv : | perform_stage_total              |      19.502|   1115|       0.017|       0.502|
slv : | precalc_at_start_MDS             |       0.663|      2|       0.332|       0.632|
slv : | solve_3M_MDS                     |       2.966|     41|       0.072|       0.164|
slv : | solve_3M_alg_MDS                 |       1.658|     41|       0.040|       0.115|
slv : | solve_BG_MDS                     |       1.762|     41|       0.043|       0.122|
slv : | solve_BG_alg_MDS                 |       1.256|     41|       0.031|       0.105|
slv : | solve_BL_MDS                     |       0.454|     41|       0.011|       0.027|
slv : | solve_CHT                        |       1.659|     41|       0.040|       0.073|
slv : | solve_CHT_MDS                    |       1.288|     41|       0.031|       0.065|
slv : | solve_CHT_alg_MDS                |       0.557|     41|       0.014|       0.048|
slv : | solve_DvGr_MDS                   |       5.020|     41|       0.122|       0.275|
slv : | solve_DvGr_alg_MDS               |       2.685|     41|       0.065|       0.185|
slv : | solve_INPR_MDS                   |       0.000|      1|       0.000|       0.000|
slv : | solve_PS+QJ                      |       0.000|      0|       0.000|       0.000|
slv : | solve_YLMA_MDS                   |       0.001|     41|       0.000|       0.000|
slv : | solve_YNOx_MDS                   |       0.000|     41|       0.000|       0.000|
slv : | solve_YTd_MDS                    |       0.001|     41|       0.000|       0.000|
slv : | solve_YTurb_MDS                  |       5.693|     41|       0.139|       0.308|
slv : | solve_YTurb_alg_MDS              |       2.584|     82|       0.032|       0.103|
slv : | update_BC_MDS                    |       0.000|     42|       0.000|       0.000|
slv : | update_Mf_after_DvGr             |       0.461|     41|       0.011|       0.021|
slv : | update_VelPressure_MDS           |       0.115|     41|       0.003|       0.005|
slv : +----------------------------------+------------+-------+------------+------------+
-----------------------------------------------------------------------
Memory Working Set Current = 305.74 Mb, Memory Working Set Peak = 308.22 Mb
Memory Private Bytes Current = 316.06 Mb, Memory Private Bytes Peak = 347.54 Mb
Process Threads Number: 14
-----------------------------------------------------------------------
Algebra Pool      : mem_usage = 209.81 Mb, allocated count = 1353

================== Tstep=41 ===================
<Dynamic P> on nsd = 0 {openings (inlet / outlet)}:
  (SP = Static Pressure, EP = Environment Pressure, TP = Total Pressure, E = External)
  {#0, E, (1.511066e+03 / 0.000000e+00)}
  {#1, E, (0.000000e+00 / 1.371586e+03)}
  {#2, E, (3.795881e+00 / 1.504708e+03)}
  {#3, E, (3.664713e+00 / 1.505580e+03)}
  {#4, E, (4.664850e+01 / 1.501574e+03)}
  {#5, E, (7.826453e-02 / 1.516650e+03)}
  MWS[  0]=2.50457
tau_viscous_averaged = 133.221 
dt(mass,momentum; nsd=  0): min dt/dtG(ncv=  19922)=1.00 , max dt/dtG(ncv=  41779)=10.4   , dtG=0.0396329
Flow alg-view 0 in phys-view 0 isn't Neumann (not Multi Phase treating)
Face Momentum (sd=  0): max value of div(mf) (cv=26514) = 1.102043e+00
Flow alg-view 0 is not Neumann (not for Phase Change + Nested Iters)
+----+----+--------------+--------------+--------------+--------------+--------------+------+----+-+-+--+------+
|Name|view| Initial res  | Initial resL1| Target res   | Final res    | Final res L1 |Visits|Iter|R|F|CL|Status|
| BG |   0|  1.941331e+01|  5.234338e+01|  1.213332e-03|  5.061546e-04|  1.725151e+00|     9|  27|0|n|30|  OK  |
Face Momentum (sd=  0): max value of div(mf) (cv=31803) = 2.793131e-03
	norm_L2 of div(momentum) = 2.249788e-02.
Flow alg-view 0 in phys-view 0 isn't Neumann (not Multi Phase treating)
LOG: number of a-faces with weighted approximations in 0 subdomain: 8.68205 percent
LOG: Rate of a-faces corrected to CUp1st in 0 subdomain: 0.0120755 %
slv : SolveBL stage
|nsd|Real WF|NormalF|Cycle F|CriticF| EdgeF |CyclBrF|ExtParF|RWFnumSt|StLvlNum|  nfw  |  alp_U_min  |  nfw  |  alp_U_max  |  nfw  |  alp_T_min  |  nfw  |  alp_T_max  |  nfw  |  BL_s_min   |  nfw  |   BL_s_max  |
|  0|    804|    687|      0|     27|     90|      0|      0|     804|      39|   1465|0            |   1121|4.24116      |   1046|0            |   2187|12375.2      |   3366|-205.952     |   1046|0            |
Face Momentum (sd=  0): max value of div(mf) (cv=31803) = 2.793131e-03
	norm_L2 of div(momentum) = 2.249788e-02.
nsd = 0 BC: AP Inlet occurs on 1988 w-faces
+----+----+----+--------------+--------------+--------------+--------------+--------------+------+----+-+-+--+------+
|Name|view| n_y| Initial res  | Initial resL1| Target res   | Final res    | Final res L1 |Visits|Iter|R|F|CL|Status|
+----+----+----+--------------+--------------+--------------+--------------+--------------+------+----+-+-+--+------+
| 3M |   0|   0|  2.401600e+06|  2.641321e+05|  1.025721e+00|  1.792316e-01|  3.284765e+01|     4|  12|0|n|29|  OK  |
Velocity (predicted):
        (local) sd   0: min(  41758)=0.79424140334642     , max(   7079)=72.878493504094      
Flow alg-view 0 is not Neumann (not for Phase Change + Nested Iters)
+----+----+--------------+--------------+--------------+--------------+--------------+------+----+-+-+--+------+
|Name|view| Initial res  | Initial resL1| Target res   | Final res    | Final res L1 |Visits|Iter|R|F|CL|Status|
|DVGR|   0|  6.938209e+03|  8.641411e+03|  1.452114e-02|  1.301571e-02|  1.147142e+01|     9|  27|0|n|30|  OK  |
PRESSURE SOLVER(geom_index=  0): sum_C_dp=3.20969e-05
Face Momentum (sd=  0): max value of div(mf) (cv=45937) = 8.086036e-03
	norm_L2 of div(momentum) = 1.140869e-01.
nsd = 0 min_dtHy = 0.0396329 (nCV =	19922 ) max_dtHy = 0.41024 (nCV =	41779 ) 
+----+----+--------------+--------------+--------------+--------------+--------------+------+----+-+-+--+------+
|Name|view| Initial res  | Initial resL1| Target res   | Final res    | Final res L1 |Visits|Iter|R|F|CL|Status|
|CHT |   0|  2.007101e+08|  1.204863e+06|  4.548202e+03|  1.248863e+03|  2.517448e+03|     2|  18|0|n|30|  OK  |
nsd = 0 min_dtke = 0.00385795 (nCV =	5403 ) max_dtke = 0.206569 (nCV =	57203 ) 
+----+----+----+--------------+--------------+--------------+--------------+--------------+------+----+-+-+--+------+
|Name|view| n_y| Initial res  | Initial resL1| Target res   | Final res    | Final res L1 |Visits|Iter|R|F|CL|Status|
+----+----+----+--------------+--------------+--------------+--------------+--------------+------+----+-+-+--+------+
|turb|   0|   0|  1.058300e+07|  2.526760e+05|  1.734429e-03|  1.558799e-04|  6.546244e-01|     4|  24|0|n|30|  OK  |
|turb|   0|   1|  1.501523e+09|  2.502961e+06|  4.295222e-03|  1.855941e-03|  2.219717e+00|     4|  24|0|n|30|  OK  |
Filter: K,E,momentum: sd =   0 isolating K from zero=      3 E from zero=   1227 E from infinity=      3
slv : Fluid subdom(new) 0
slv : P static (new)                 : min(   5233) = 97467.449122916      , max(  18147) = 102927.4201893       
slv : Density (new)                  : min(   5233) = 1.1471437249037      , max(  20023) = 1.2234034322749      
slv : Velocity (new)                 : min(  39794) = 0.5760332474345      , max(   7079) = 72.556176528159      
slv : Mach number (new)              : min(  39794) = 0.0016739289965373   , max(   7079) = 0.21192523419139     
slv : Turbulent k (new)              : min(  27421) = 1e-40                , max(   6907) = 122.62486231589      
slv : Turbulent e (new)              : min(  27421) = 6.1574789843841e-47  , max(   6907) = 1567.7632400331      
slv : Temperature (new)              : min(   7079) = 291.82487115121      , max(   5419) = 297.3862058595       
slv : Total enthalpy, Y-shifted (new): min(  29616) = 1216.5360489225      , max(   5233) = 4432.6640218753      
slv : MASS FLUXES AT OPENINGS: MF=-9027.79, AP=9027.68
slv : DvGr statistics: min alpha=0.14875(nfa=19322, geom_slice=0)
slv : +----------------------------------+------------+-------+------------+------------+
slv : |          Collector name          | Total Time | Count |  Avg Time  |  Max Time  |
slv : +----------------------------------+------------+-------+------------+------------+
slv : | Calculate_inc                    |      22.871|     41|       0.558|       0.923|
slv : | CollectEMT_Results               |       0.000|     42|       0.000|       0.000|
slv : | HeatPathCalculator_Dynamic       |       0.016|      1|       0.016|       0.016|
slv : | LiSy_make_portrait               |       0.564|    188|       0.003|       0.016|
slv : | Results_processing               |       4.603|     41|       0.112|       0.166|
slv : | build_sl_ordering_CHT            |       0.018|     42|       0.000|       0.009|
slv : | build_sl_ordering_MDS            |       0.104|     42|       0.002|       0.025|
slv : | build_sl_ordering_fluid          |       0.103|     42|       0.002|       0.025|
slv : | calc_Convolutions_MDS            |       0.715|     42|       0.017|       0.029|
slv : | calc_wall_dist                   |       0.502|      1|       0.502|       0.502|
slv : | create_Gr_operators_MDS          |       0.687|     42|       0.016|       0.030|
slv : | create_Gr_operators_portrait_MDS |       0.342|     42|       0.008|       0.015|
slv : | init_Hy_group_MDS                |       0.637|     42|       0.015|       0.027|
slv : | perform_stage_total              |      19.937|   1142|       0.017|       0.502|
slv : | precalc_at_start_MDS             |       0.663|      2|       0.332|       0.632|
slv : | solve_3M_MDS                     |       3.040|     42|       0.072|       0.164|
slv : | solve_3M_alg_MDS                 |       1.703|     42|       0.041|       0.115|
slv : | solve_BG_MDS                     |       1.810|     42|       0.043|       0.122|
slv : | solve_BG_alg_MDS                 |       1.290|     42|       0.031|       0.105|
slv : | solve_BL_MDS                     |       0.463|     42|       0.011|       0.027|
slv : | solve_CHT                        |       1.708|     42|       0.041|       0.073|
slv : | solve_CHT_MDS                    |       1.328|     42|       0.032|       0.065|
slv : | solve_CHT_alg_MDS                |       0.579|     42|       0.014|       0.048|
slv : | solve_DvGr_MDS                   |       5.125|     42|       0.122|       0.275|
slv : | solve_DvGr_alg_MDS               |       2.739|     42|       0.065|       0.185|
slv : | solve_INPR_MDS                   |       0.000|      1|       0.000|       0.000|
slv : | solve_PS+QJ                      |       0.000|      0|       0.000|       0.000|
slv : | solve_YLMA_MDS                   |       0.001|     42|       0.000|       0.000|
slv : | solve_YNOx_MDS                   |       0.000|     42|       0.000|       0.000|
slv : | solve_YTd_MDS                    |       0.001|     42|       0.000|       0.000|
slv : | solve_YTurb_MDS                  |       5.825|     42|       0.139|       0.308|
slv : | solve_YTurb_alg_MDS              |       2.648|     84|       0.032|       0.103|
slv : | update_BC_MDS                    |       0.000|     43|       0.000|       0.000|
slv : | update_Mf_after_DvGr             |       0.470|     42|       0.011|       0.021|
slv : | update_VelPressure_MDS           |       0.117|     42|       0.003|       0.005|
slv : +----------------------------------+------------+-------+------------+------------+
-----------------------------------------------------------------------
Memory Working Set Current = 305.84 Mb, Memory Working Set Peak = 308.22 Mb
Memory Private Bytes Current = 316.06 Mb, Memory Private Bytes Peak = 347.54 Mb
Process Threads Number: 14
-----------------------------------------------------------------------
Algebra Pool      : mem_usage = 209.81 Mb, allocated count = 1359

================== Tstep=42 ===================
<Dynamic P> on nsd = 0 {openings (inlet / outlet)}:
  (SP = Static Pressure, EP = Environment Pressure, TP = Total Pressure, E = External)
  {#0, E, (1.511067e+03 / 0.000000e+00)}
  {#1, E, (0.000000e+00 / 1.366595e+03)}
  {#2, E, (3.826712e+00 / 1.492585e+03)}
  {#3, E, (3.701249e+00 / 1.494027e+03)}
  {#4, E, (4.854168e+01 / 1.501662e+03)}
  {#5, E, (6.683634e-02 / 1.516783e+03)}
  MWS[  0]=2.50417
tau_viscous_averaged = 122.781 
dt(mass,momentum; nsd=  0): min dt/dtG(ncv=  20023)=1.00 , max dt/dtG(ncv=  42226)=11.8   , dtG=0.0396703
Flow alg-view 0 in phys-view 0 isn't Neumann (not Multi Phase treating)
Face Momentum (sd=  0): max value of div(mf) (cv=34867) = 8.670569e-01
Flow alg-view 0 is not Neumann (not for Phase Change + Nested Iters)
+----+----+--------------+--------------+--------------+--------------+--------------+------+----+-+-+--+------+
|Name|view| Initial res  | Initial resL1| Target res   | Final res    | Final res L1 |Visits|Iter|R|F|CL|Status|
| BG |   0|  1.448715e+01|  4.843059e+01|  9.054470e-04|  7.968786e-04|  2.510693e+00|     8|  24|0|n|30|  OK  |
Face Momentum (sd=  0): max value of div(mf) (cv=33459) = 2.705711e-03
	norm_L2 of div(momentum) = 2.822904e-02.
Flow alg-view 0 in phys-view 0 isn't Neumann (not Multi Phase treating)
LOG: number of a-faces with weighted approximations in 0 subdomain: 8.29984 percent
LOG: Rate of a-faces corrected to CUp1st in 0 subdomain: 0.0160502 %
slv : SolveBL stage
|nsd|Real WF|NormalF|Cycle F|CriticF| EdgeF |CyclBrF|ExtParF|RWFnumSt|StLvlNum|  nfw  |  alp_U_min  |  nfw  |  alp_U_max  |  nfw  |  alp_T_min  |  nfw  |  alp_T_max  |  nfw  |  BL_s_min   |  nfw  |   BL_s_max  |
|  0|    804|    685|      0|     24|     95|      0|      0|     804|      46|   1466|0            |   1121|4.23862      |   1046|0            |   2187|12385        |   1027|-120.534     |   1046|0            |
Face Momentum (sd=  0): max value of div(mf) (cv=33459) = 2.705711e-03
	norm_L2 of div(momentum) = 2.822904e-02.
nsd = 0 BC: AP Inlet occurs on 2105 w-faces
+----+----+----+--------------+--------------+--------------+--------------+--------------+------+----+-+-+--+------+
|Name|view| n_y| Initial res  | Initial resL1| Target res   | Final res    | Final res L1 |Visits|Iter|R|F|CL|Status|
+----+----+----+--------------+--------------+--------------+--------------+--------------+------+----+-+-+--+------+
| 3M |   0|   0|  1.936567e+06|  2.399061e+05|  1.030449e+00|  8.553525e-03|  9.037695e+00|     4|  12|0|n|29|  OK  |
Velocity (predicted):
        (local) sd   0: min(  42196)=0.34679693382984     , max(   7079)=72.679966822112      
Flow alg-view 0 is not Neumann (not for Phase Change + Nested Iters)
+----+----+--------------+--------------+--------------+--------------+--------------+------+----+-+-+--+------+
|Name|view| Initial res  | Initial resL1| Target res   | Final res    | Final res L1 |Visits|Iter|R|F|CL|Status|
|DVGR|   0|  6.100309e+03|  8.093924e+03|  1.458186e-02|  1.433461e-02|  1.177866e+01|     9|  27|0|n|30|  OK  |
PRESSURE SOLVER(geom_index=  0): sum_C_dp=3.11375e-05
Face Momentum (sd=  0): max value of div(mf) (cv=44350) = 9.417869e-03
	norm_L2 of div(momentum) = 1.197277e-01.
nsd = 0 min_dtHy = 0.0396703 (nCV =	20023 ) max_dtHy = 0.469577 (nCV =	42226 ) 
+----+----+--------------+--------------+--------------+--------------+--------------+------+----+-+-+--+------+
|Name|view| Initial res  | Initial resL1| Target res   | Final res    | Final res L1 |Visits|Iter|R|F|CL|Status|
|CHT |   0|  1.730265e+08|  1.157500e+06|  4.518743e+03|  1.144725e+03|  2.389950e+03|     2|  18|0|n|30|  OK  |
nsd = 0 min_dtke = 0.00448154 (nCV =	5401 ) max_dtke = 0.218117 (nCV =	57208 ) 
+----+----+----+--------------+--------------+--------------+--------------+--------------+------+----+-+-+--+------+
|Name|view| n_y| Initial res  | Initial resL1| Target res   | Final res    | Final res L1 |Visits|Iter|R|F|CL|Status|
+----+----+----+--------------+--------------+--------------+--------------+--------------+------+----+-+-+--+------+
|turb|   0|   0|  1.014914e+07|  2.519564e+05|  1.752979e-03|  1.484342e-04|  6.086897e-01|     4|  24|0|n|30|  OK  |
|turb|   0|   1|  1.330411e+09|  2.416487e+06|  4.339488e-03|  1.925613e-04|  3.998802e-01|     5|  30|0|n|30|  OK  |
Filter: K,E,momentum: sd =   0 isolating K from zero=      6 E from zero=   1133 E from infinity=      1
slv : Fluid subdom(new) 0
slv : P static (new)                 : min(   5233) = 97472.530555011      , max(  18147) = 102926.44343202      
slv : Density (new)                  : min(   5233) = 1.1472290329916      , max(  20023) = 1.2232821074535      
slv : Velocity (new)                 : min(  18323) = 0.40014678464199     , max(   7079) = 72.406646100892      
slv : Mach number (new)              : min(  18323) = 0.001160120992859    , max(   7079) = 0.21148454992293     
slv : Turbulent k (new)              : min(   5931) = 1e-40                , max(   6907) = 134.91880951089      
slv : Turbulent e (new)              : min(  27413) = 8.4347010571125e-47  , max(   6964) = 1833.089785969       
slv : Temperature (new)              : min(   7079) = 291.83576800845      , max(   5259) = 297.38769980241      
slv : Total enthalpy, Y-shifted (new): min(  38246) = 1227.0817937167      , max(   5257) = 4423.9414054993      
slv : MASS FLUXES AT OPENINGS: MF=-9027.79, AP=9027.79
slv : DvGr statistics: min alpha=0.151175(nfa=35527, geom_slice=0)
slv : +----------------------------------+------------+-------+------------+------------+
slv : |          Collector name          | Total Time | Count |  Avg Time  |  Max Time  |
slv : +----------------------------------+------------+-------+------------+------------+
slv : | Calculate_inc                    |      23.409|     42|       0.557|       0.923|
slv : | CollectEMT_Results               |       0.000|     43|       0.000|       0.000|
slv : | HeatPathCalculator_Dynamic       |       0.016|      1|       0.016|       0.016|
slv : | LiSy_make_portrait               |       0.582|    193|       0.003|       0.016|
slv : | Results_processing               |       4.709|     42|       0.112|       0.166|
slv : | build_sl_ordering_CHT            |       0.018|     43|       0.000|       0.009|
slv : | build_sl_ordering_MDS            |       0.114|     43|       0.003|       0.025|
slv : | build_sl_ordering_fluid          |       0.112|     43|       0.003|       0.025|
slv : | calc_Convolutions_MDS            |       0.731|     43|       0.017|       0.029|
slv : | calc_wall_dist                   |       0.502|      1|       0.502|       0.502|
slv : | create_Gr_operators_MDS          |       0.699|     43|       0.016|       0.030|
slv : | create_Gr_operators_portrait_MDS |       0.348|     43|       0.008|       0.015|
slv : | init_Hy_group_MDS                |       0.651|     43|       0.015|       0.027|
slv : | perform_stage_total              |      20.378|   1169|       0.017|       0.502|
slv : | precalc_at_start_MDS             |       0.663|      2|       0.332|       0.632|
slv : | solve_3M_MDS                     |       3.120|     43|       0.073|       0.164|
slv : | solve_3M_alg_MDS                 |       1.752|     43|       0.041|       0.115|
slv : | solve_BG_MDS                     |       1.853|     43|       0.043|       0.122|
slv : | solve_BG_alg_MDS                 |       1.321|     43|       0.031|       0.105|
slv : | solve_BL_MDS                     |       0.472|     43|       0.011|       0.027|
slv : | solve_CHT                        |       1.751|     43|       0.041|       0.073|
slv : | solve_CHT_MDS                    |       1.364|     43|       0.032|       0.065|
slv : | solve_CHT_alg_MDS                |       0.600|     43|       0.014|       0.048|
slv : | solve_DvGr_MDS                   |       5.232|     43|       0.122|       0.275|
slv : | solve_DvGr_alg_MDS               |       2.794|     43|       0.065|       0.185|
slv : | solve_INPR_MDS                   |       0.000|      1|       0.000|       0.000|
slv : | solve_PS+QJ                      |       0.000|      0|       0.000|       0.000|
slv : | solve_YLMA_MDS                   |       0.001|     43|       0.000|       0.000|
slv : | solve_YNOx_MDS                   |       0.000|     43|       0.000|       0.000|
slv : | solve_YTd_MDS                    |       0.001|     43|       0.000|       0.000|
slv : | solve_YTurb_MDS                  |       5.957|     43|       0.139|       0.308|
slv : | solve_YTurb_alg_MDS              |       2.718|     86|       0.032|       0.103|
slv : | update_BC_MDS                    |       0.000|     44|       0.000|       0.000|
slv : | update_Mf_after_DvGr             |       0.478|     43|       0.011|       0.021|
slv : | update_VelPressure_MDS           |       0.119|     43|       0.003|       0.005|
slv : +----------------------------------+------------+-------+------------+------------+
-----------------------------------------------------------------------
Memory Working Set Current = 305.28 Mb, Memory Working Set Peak = 308.22 Mb
Memory Private Bytes Current = 316.02 Mb, Memory Private Bytes Peak = 347.54 Mb
Process Threads Number: 14
-----------------------------------------------------------------------
Algebra Pool      : mem_usage = 209.81 Mb, allocated count = 1353

================== Tstep=43 ===================
<Dynamic P> on nsd = 0 {openings (inlet / outlet)}:
  (SP = Static Pressure, EP = Environment Pressure, TP = Total Pressure, E = External)
  {#0, E, (1.511073e+03 / 0.000000e+00)}
  {#1, E, (0.000000e+00 / 1.365873e+03)}
  {#2, E, (4.007074e+00 / 1.481175e+03)}
  {#3, E, (3.884681e+00 / 1.483427e+03)}
  {#4, E, (4.997632e+01 / 1.501551e+03)}
  {#5, E, (6.619705e-02 / 1.516811e+03)}
  MWS[  0]=2.49915
tau_viscous_averaged = 121.36 
dt(mass,momentum; nsd=  0): min dt/dtG(ncv=  20023)=1.00 , max dt/dtG(ncv=  18323)=12.4   , dtG=0.0399582
Flow alg-view 0 in phys-view 0 isn't Neumann (not Multi Phase treating)
Face Momentum (sd=  0): max value of div(mf) (cv=34874) = 1.515151e+00
Flow alg-view 0 is not Neumann (not for Phase Change + Nested Iters)
+----+----+--------------+--------------+--------------+--------------+--------------+------+----+-+-+--+------+
|Name|view| Initial res  | Initial resL1| Target res   | Final res    | Final res L1 |Visits|Iter|R|F|CL|Status|
| BG |   0|  1.747969e+01|  4.952739e+01|  1.092480e-03|  9.048565e-04|  2.727909e+00|     8|  24|0|n|30|  OK  |
Face Momentum (sd=  0): max value of div(mf) (cv=55741) = 3.301733e-03
	norm_L2 of div(momentum) = 3.008083e-02.
Flow alg-view 0 in phys-view 0 isn't Neumann (not Multi Phase treating)
LOG: number of a-faces with weighted approximations in 0 subdomain: 8.09228 percent
LOG: Rate of a-faces corrected to CUp1st in 0 subdomain: 0.0159945 %
slv : SolveBL stage
|nsd|Real WF|NormalF|Cycle F|CriticF| EdgeF |CyclBrF|ExtParF|RWFnumSt|StLvlNum|  nfw  |  alp_U_min  |  nfw  |  alp_U_max  |  nfw  |  alp_T_min  |  nfw  |  alp_T_max  |  nfw  |  BL_s_min   |  nfw  |   BL_s_max  |
|  0|    804|    664|     13|     24|     88|     15|      0|     791|      34|   1466|0            |   1121|4.21767      |   1046|0            |   2187|12434.8      |   1027|-122.129     |   1046|0            |
Face Momentum (sd=  0): max value of div(mf) (cv=55741) = 3.301733e-03
	norm_L2 of div(momentum) = 3.008083e-02.
nsd = 0 BC: AP Inlet occurs on 2178 w-faces
+----+----+----+--------------+--------------+--------------+--------------+--------------+------+----+-+-+--+------+
|Name|view| n_y| Initial res  | Initial resL1| Target res   | Final res    | Final res L1 |Visits|Iter|R|F|CL|Status|
+----+----+----+--------------+--------------+--------------+--------------+--------------+------+----+-+-+--+------+
| 3M |   0|   0|  1.522535e+06|  2.166864e+05|  1.025969e+00|  1.957788e-02|  1.353181e+01|     4|  12|0|n|29|  OK  |
Velocity (predicted):
        (local) sd   0: min(  19981)=0.11110607370971     , max(   7079)=72.390866391594      
Flow alg-view 0 is not Neumann (not for Phase Change + Nested Iters)
+----+----+--------------+--------------+--------------+--------------+--------------+------+----+-+-+--+------+
|Name|view| Initial res  | Initial resL1| Target res   | Final res    | Final res L1 |Visits|Iter|R|F|CL|Status|
|DVGR|   0|  5.166172e+03|  7.445610e+03|  1.463907e-02|  1.223181e-02|  1.101042e+01|     9|  27|0|n|30|  OK  |
PRESSURE SOLVER(geom_index=  0): sum_C_dp=5.3585e-05
Face Momentum (sd=  0): max value of div(mf) (cv=45957) = 7.210481e-03
	norm_L2 of div(momentum) = 1.105980e-01.
nsd = 0 min_dtHy = 0.0399582 (nCV =	20023 ) max_dtHy = 0.497414 (nCV =	18323 ) 
+----+----+--------------+--------------+--------------+--------------+--------------+------+----+-+-+--+------+
|Name|view| Initial res  | Initial resL1| Target res   | Final res    | Final res L1 |Visits|Iter|R|F|CL|Status|
|CHT |   0|  1.481467e+08|  1.105529e+06|  4.500342e+03|  2.801360e+03|  3.240594e+03|     2|  18|0|n|30|  OK  |
nsd = 0 min_dtke = 0.00458343 (nCV =	5401 ) max_dtke = 0.218745 (nCV =	55674 ) 
+----+----+----+--------------+--------------+--------------+--------------+--------------+------+----+-+-+--+------+
|Name|view| n_y| Initial res  | Initial resL1| Target res   | Final res    | Final res L1 |Visits|Iter|R|F|CL|Status|
+----+----+----+--------------+--------------+--------------+--------------+--------------+------+----+-+-+--+------+
|turb|   0|   0|  1.027753e+07|  2.494938e+05|  1.745269e-03|  4.103888e-04|  8.120356e-01|     4|  24|0|n|30|  OK  |
|turb|   0|   1|  1.335883e+09|  2.368429e+06|  4.306246e-03|  7.318094e-04|  6.171708e-01|     5|  30|0|n|30|  OK  |
Filter: K,E,momentum: sd =   0 isolating K from zero=      8 E from zero=   1395 E from infinity=      3
slv : Fluid subdom(new) 0
slv : P static (new)                 : min(   5233) = 97482.010549455      , max(  18145) = 102924.93076473      
slv : Density (new)                  : min(   5233) = 1.1473871977972      , max(  20023) = 1.2233132329801      
slv : Velocity (new)                 : min(  47518) = 0.54839754170663     , max(   7079) = 72.138941654664      
slv : Mach number (new)              : min(  47518) = 0.001593214469225    , max(   7079) = 0.21069569027328     
slv : Turbulent k (new)              : min(   5893) = 1e-40                , max(   6964) = 154.84926244702      
slv : Turbulent e (new)              : min(  25529) = 8.312544792011e-47   , max(   6964) = 2241.4913236634      
slv : Temperature (new)              : min(   7079) = 291.85511889296      , max(   5258) = 297.38074365051      
slv : Total enthalpy, Y-shifted (new): min(  25049) = 1217.689497525       , max(   5256) = 4402.7928932238      
slv : MASS FLUXES AT OPENINGS: MF=-9027.79, AP=9027.85
slv : DvGr statistics: min alpha=0.142917(nfa=35860, geom_slice=0)
slv : +----------------------------------+------------+-------+------------+------------+
slv : |          Collector name          | Total Time | Count |  Avg Time  |  Max Time  |
slv : +----------------------------------+------------+-------+------------+------------+
slv : | Calculate_inc                    |      23.942|     43|       0.557|       0.923|
slv : | CollectEMT_Results               |       0.000|     44|       0.000|       0.000|
slv : | HeatPathCalculator_Dynamic       |       0.016|      1|       0.016|       0.016|
slv : | LiSy_make_portrait               |       0.594|    197|       0.003|       0.016|
slv : | Results_processing               |       4.809|     43|       0.112|       0.166|
slv : | build_sl_ordering_CHT            |       0.018|     44|       0.000|       0.009|
slv : | build_sl_ordering_MDS            |       0.114|     44|       0.003|       0.025|
slv : | build_sl_ordering_fluid          |       0.113|     44|       0.003|       0.025|
slv : | calc_Convolutions_MDS            |       0.744|     44|       0.017|       0.029|
slv : | calc_wall_dist                   |       0.502|      1|       0.502|       0.502|
slv : | create_Gr_operators_MDS          |       0.715|     44|       0.016|       0.030|
slv : | create_Gr_operators_portrait_MDS |       0.357|     44|       0.008|       0.015|
slv : | init_Hy_group_MDS                |       0.664|     44|       0.015|       0.027|
slv : | perform_stage_total              |      20.816|   1196|       0.017|       0.502|
slv : | precalc_at_start_MDS             |       0.663|      2|       0.332|       0.632|
slv : | solve_3M_MDS                     |       3.196|     44|       0.073|       0.164|
slv : | solve_3M_alg_MDS                 |       1.801|     44|       0.041|       0.115|
slv : | solve_BG_MDS                     |       1.892|     44|       0.043|       0.122|
slv : | solve_BG_alg_MDS                 |       1.350|     44|       0.031|       0.105|
slv : | solve_BL_MDS                     |       0.481|     44|       0.011|       0.027|
slv : | solve_CHT                        |       1.803|     44|       0.041|       0.073|
slv : | solve_CHT_MDS                    |       1.409|     44|       0.032|       0.065|
slv : | solve_CHT_alg_MDS                |       0.624|     44|       0.014|       0.048|
slv : | solve_DvGr_MDS                   |       5.334|     44|       0.121|       0.275|
slv : | solve_DvGr_alg_MDS               |       2.845|     44|       0.065|       0.185|
slv : | solve_INPR_MDS                   |       0.000|      1|       0.000|       0.000|
slv : | solve_PS+QJ                      |       0.000|      0|       0.000|       0.000|
slv : | solve_YLMA_MDS                   |       0.001|     44|       0.000|       0.000|
slv : | solve_YNOx_MDS                   |       0.000|     44|       0.000|       0.000|
slv : | solve_YTd_MDS                    |       0.001|     44|       0.000|       0.000|
slv : | solve_YTurb_MDS                  |       6.101|     44|       0.139|       0.308|
slv : | solve_YTurb_alg_MDS              |       2.787|     88|       0.032|       0.103|
slv : | update_BC_MDS                    |       0.000|     45|       0.000|       0.000|
slv : | update_Mf_after_DvGr             |       0.490|     44|       0.011|       0.021|
slv : | update_VelPressure_MDS           |       0.123|     44|       0.003|       0.005|
slv : +----------------------------------+------------+-------+------------+------------+
-----------------------------------------------------------------------
Memory Working Set Current = 302.21 Mb, Memory Working Set Peak = 308.22 Mb
Memory Private Bytes Current = 312.35 Mb, Memory Private Bytes Peak = 347.54 Mb
Process Threads Number: 14
-----------------------------------------------------------------------
Algebra Pool      : mem_usage = 209.81 Mb, allocated count = 1352

================== Tstep=44 ===================
<Dynamic P> on nsd = 0 {openings (inlet / outlet)}:
  (SP = Static Pressure, EP = Environment Pressure, TP = Total Pressure, E = External)
  {#0, E, (1.511084e+03 / 0.000000e+00)}
  {#1, E, (0.000000e+00 / 1.367338e+03)}
  {#2, E, (4.261173e+00 / 1.475082e+03)}
  {#3, E, (4.215579e+00 / 1.477750e+03)}
  {#4, E, (5.068906e+01 / 1.501565e+03)}
  {#5, E, (6.605433e-02 / 1.516834e+03)}
  MWS[  0]=2.49004
tau_viscous_averaged = 121.656 
dt(mass,momentum; nsd=  0): min dt/dtG(ncv=  20023)=1.00 , max dt/dtG(ncv=  41779)=11.5   , dtG=0.0397684
Flow alg-view 0 in phys-view 0 isn't Neumann (not Multi Phase treating)
Face Momentum (sd=  0): max value of div(mf) (cv=34840) = 1.178412e+00
Flow alg-view 0 is not Neumann (not for Phase Change + Nested Iters)
+----+----+--------------+--------------+--------------+--------------+--------------+------+----+-+-+--+------+
|Name|view| Initial res  | Initial resL1| Target res   | Final res    | Final res L1 |Visits|Iter|R|F|CL|Status|
| BG |   0|  1.673408e+01|  4.888575e+01|  1.045880e-03|  6.826448e-04|  2.632438e+00|     8|  24|0|n|30|  OK  |
Face Momentum (sd=  0): max value of div(mf) (cv=55741) = 1.957858e-03
	norm_L2 of div(momentum) = 2.612747e-02.
Flow alg-view 0 in phys-view 0 isn't Neumann (not Multi Phase treating)
LOG: number of a-faces with weighted approximations in 0 subdomain: 7.86379 percent
LOG: Rate of a-faces corrected to CUp1st in 0 subdomain: 0.0182626 %
slv : SolveBL stage
|nsd|Real WF|NormalF|Cycle F|CriticF| EdgeF |CyclBrF|ExtParF|RWFnumSt|StLvlNum|  nfw  |  alp_U_min  |  nfw  |  alp_U_max  |  nfw  |  alp_T_min  |  nfw  |  alp_T_max  |  nfw  |  BL_s_min   |  nfw  |   BL_s_max  |
|  0|    804|    687|      0|     24|     93|      0|      0|     804|      37|   1466|0            |   1120|4.18161      |   1046|0            |   2187|12508.5      |   1027|-123.698     |   1046|0            |
Face Momentum (sd=  0): max value of div(mf) (cv=55741) = 1.957858e-03
	norm_L2 of div(momentum) = 2.612747e-02.
nsd = 0 BC: AP Inlet occurs on 2184 w-faces
+----+----+----+--------------+--------------+--------------+--------------+--------------+------+----+-+-+--+------+
|Name|view| n_y| Initial res  | Initial resL1| Target res   | Final res    | Final res L1 |Visits|Iter|R|F|CL|Status|
+----+----+----+--------------+--------------+--------------+--------------+--------------+------+----+-+-+--+------+
| 3M |   0|   0|  1.339927e+06|  2.025789e+05|  1.018239e+00|  6.550489e-02|  2.276019e+01|     4|  12|0|n|29|  OK  |
Velocity (predicted):
        (local) sd   0: min(  42260)=0.36663545527914     , max(   7079)=72.058128730658      
Flow alg-view 0 is not Neumann (not for Phase Change + Nested Iters)
+----+----+--------------+--------------+--------------+--------------+--------------+------+----+-+-+--+------+
|Name|view| Initial res  | Initial resL1| Target res   | Final res    | Final res L1 |Visits|Iter|R|F|CL|Status|
|DVGR|   0|  4.646676e+03|  7.147811e+03|  1.465279e-02|  1.025101e-02|  1.048930e+01|     9|  27|0|n|30|  OK  |
PRESSURE SOLVER(geom_index=  0): sum_C_dp=6.64866e-05
Face Momentum (sd=  0): max value of div(mf) (cv=37953) = 7.079175e-03
	norm_L2 of div(momentum) = 1.012478e-01.
nsd = 0 min_dtHy = 0.0397685 (nCV =	20023 ) max_dtHy = 0.45857 (nCV =	41779 ) 
+----+----+--------------+--------------+--------------+--------------+--------------+------+----+-+-+--+------+
|Name|view| Initial res  | Initial resL1| Target res   | Final res    | Final res L1 |Visits|Iter|R|F|CL|Status|
|CHT |   0|  1.418542e+08|  1.075166e+06|  4.462788e+03|  1.662359e+01|  2.161937e+02|     3|  27|0|n|30|  OK  |
nsd = 0 min_dtke = 0.00287994 (nCV =	25367 ) max_dtke = 0.212128 (nCV =	55674 ) 
+----+----+----+--------------+--------------+--------------+--------------+--------------+------+----+-+-+--+------+
|Name|view| n_y| Initial res  | Initial resL1| Target res   | Final res    | Final res L1 |Visits|Iter|R|F|CL|Status|
+----+----+----+--------------+--------------+--------------+--------------+--------------+------+----+-+-+--+------+
|turb|   0|   0|  1.196092e+07|  2.651938e+05|  1.729164e-03|  5.628068e-04|  8.755397e-01|     4|  24|0|n|30|  OK  |
|turb|   0|   1|  1.610159e+09|  2.536389e+06|  4.237547e-03|  5.165702e-04|  5.525979e-01|     5|  30|0|n|30|  OK  |
Filter: K,E,momentum: sd =   0 isolating K from zero=     18 E from zero=   2047 E from infinity=     14
slv : Fluid subdom(new) 0
slv : P static (new)                 : min(   5233) = 97496.439074902      , max(  18145) = 102923.67882645      
slv : Density (new)                  : min(   5233) = 1.1476278231951      , max(  20023) = 1.223145847996       
slv : Velocity (new)                 : min(  18768) = 0.53298372005395     , max(   7079) = 71.804380657285      
slv : Mach number (new)              : min(  18768) = 0.0015463362736038   , max(   7079) = 0.20970994400208     
slv : Turbulent k (new)              : min(   5894) = 1e-40                , max(   6965) = 151.2850860606       
slv : Turbulent e (new)              : min(  25529) = 8.3127881236153e-47  , max(   6965) = 2105.5365665235      
slv : Temperature (new)              : min(   7079) = 291.87916312572      , max(   5258) = 297.36827392442      
slv : Total enthalpy, Y-shifted (new): min(  25501) = 1220.3206400345      , max(   5256) = 4370.1088636151      
slv : MASS FLUXES AT OPENINGS: MF=-9027.79, AP=9027.86
slv : DvGr statistics: min alpha=0.147602(nfa=69421, geom_slice=0)
slv : +----------------------------------+------------+-------+------------+------------+
slv : |          Collector name          | Total Time | Count |  Avg Time  |  Max Time  |
slv : +----------------------------------+------------+-------+------------+------------+
slv : | Calculate_inc                    |      24.481|     44|       0.556|       0.923|
slv : | CollectEMT_Results               |       0.000|     45|       0.000|       0.000|
slv : | HeatPathCalculator_Dynamic       |       0.016|      1|       0.016|       0.016|
slv : | LiSy_make_portrait               |       0.603|    201|       0.003|       0.016|
slv : | Results_processing               |       4.910|     44|       0.112|       0.166|
slv : | build_sl_ordering_CHT            |       0.018|     45|       0.000|       0.009|
slv : | build_sl_ordering_MDS            |       0.114|     45|       0.003|       0.025|
slv : | build_sl_ordering_fluid          |       0.113|     45|       0.003|       0.025|
slv : | calc_Convolutions_MDS            |       0.763|     45|       0.017|       0.029|
slv : | calc_wall_dist                   |       0.502|      1|       0.502|       0.502|
slv : | create_Gr_operators_MDS          |       0.727|     45|       0.016|       0.030|
slv : | create_Gr_operators_portrait_MDS |       0.363|     45|       0.008|       0.015|
slv : | init_Hy_group_MDS                |       0.679|     45|       0.015|       0.027|
slv : | perform_stage_total              |      21.244|   1223|       0.017|       0.502|
slv : | precalc_at_start_MDS             |       0.663|      2|       0.332|       0.632|
slv : | solve_3M_MDS                     |       3.275|     45|       0.073|       0.164|
slv : | solve_3M_alg_MDS                 |       1.849|     45|       0.041|       0.115|
slv : | solve_BG_MDS                     |       1.931|     45|       0.043|       0.122|
slv : | solve_BG_alg_MDS                 |       1.375|     45|       0.031|       0.105|
slv : | solve_BL_MDS                     |       0.489|     45|       0.011|       0.027|
slv : | solve_CHT                        |       1.854|     45|       0.041|       0.073|
slv : | solve_CHT_MDS                    |       1.452|     45|       0.032|       0.065|
slv : | solve_CHT_alg_MDS                |       0.649|     45|       0.014|       0.048|
slv : | solve_DvGr_MDS                   |       5.436|     45|       0.121|       0.275|
slv : | solve_DvGr_alg_MDS               |       2.900|     45|       0.064|       0.185|
slv : | solve_INPR_MDS                   |       0.000|      1|       0.000|       0.000|
slv : | solve_PS+QJ                      |       0.000|      0|       0.000|       0.000|
slv : | solve_YLMA_MDS                   |       0.001|     45|       0.000|       0.000|
slv : | solve_YNOx_MDS                   |       0.000|     45|       0.000|       0.000|
slv : | solve_YTd_MDS                    |       0.001|     45|       0.000|       0.000|
slv : | solve_YTurb_MDS                  |       6.239|     45|       0.139|       0.308|
slv : | solve_YTurb_alg_MDS              |       2.855|     90|       0.032|       0.103|
slv : | update_BC_MDS                    |       0.000|     46|       0.000|       0.000|
slv : | update_Mf_after_DvGr             |       0.499|     45|       0.011|       0.021|
slv : | update_VelPressure_MDS           |       0.125|     45|       0.003|       0.005|
slv : +----------------------------------+------------+-------+------------+------------+
Interpolator cache: total calls 4835, optimised calls 414 (8.6 %)
-----------------------------------------------------------------------
Memory Working Set Current = 305.15 Mb, Memory Working Set Peak = 308.22 Mb
Memory Private Bytes Current = 315.33 Mb, Memory Private Bytes Peak = 347.54 Mb
Process Threads Number: 14
-----------------------------------------------------------------------
Iteration : time = 3.23984 , count = 5 , time/count = 0.647969
Calculate_inc() : time = 2.7272 , count = 5 , time/count = 0.545441
TreatFlowEvolution() : time = 0.275254 , count = 5 , time/count = 0.0550508
SolverPreview : time = 0.227393 , count = 5 , time/count = 0.0454786
TreatGoals : time = 0.274259 , count = 5 , time/count = 0.0548518
Algebra Pool      : mem_usage = 209.81 Mb, allocated count = 1362

================== Tstep=45 ===================
<Dynamic P> on nsd = 0 {openings (inlet / outlet)}:
  (SP = Static Pressure, EP = Environment Pressure, TP = Total Pressure, E = External)
  {#0, E, (1.511094e+03 / 0.000000e+00)}
  {#1, E, (0.000000e+00 / 1.367863e+03)}
  {#2, E, (4.651239e+00 / 1.474217e+03)}
  {#3, E, (4.731941e+00 / 1.478002e+03)}
  {#4, E, (5.137297e+01 / 1.501395e+03)}
  {#5, E, (5.975064e-02 / 1.516982e+03)}
  MWS[  0]=2.47876
tau_viscous_averaged = 105.598 
dt(mass,momentum; nsd=  0): min dt/dtG(ncv=  20023)=1.00 , max dt/dtG(ncv=  42260)=11.9   , dtG=0.0399861
Flow alg-view 0 in phys-view 0 isn't Neumann (not Multi Phase treating)
Face Momentum (sd=  0): max value of div(mf) (cv=26585) = 1.659091e+00
Flow alg-view 0 is not Neumann (not for Phase Change + Nested Iters)
+----+----+--------------+--------------+--------------+--------------+--------------+------+----+-+-+--+------+
|Name|view| Initial res  | Initial resL1| Target res   | Final res    | Final res L1 |Visits|Iter|R|F|CL|Status|
| BG |   0|  2.227226e+01|  5.458441e+01|  1.392016e-03|  4.555894e-04|  2.346141e+00|     8|  24|0|n|30|  OK  |
Face Momentum (sd=  0): max value of div(mf) (cv=29979) = 1.348731e-03
	norm_L2 of div(momentum) = 2.134454e-02.
Flow alg-view 0 in phys-view 0 isn't Neumann (not Multi Phase treating)
LOG: number of a-faces with weighted approximations in 0 subdomain: 7.61915 percent
LOG: Rate of a-faces corrected to CUp1st in 0 subdomain: 0.0200198 %
slv : SolveBL stage
|nsd|Real WF|NormalF|Cycle F|CriticF| EdgeF |CyclBrF|ExtParF|RWFnumSt|StLvlNum|  nfw  |  alp_U_min  |  nfw  |  alp_U_max  |  nfw  |  alp_T_min  |  nfw  |  alp_T_max  |  nfw  |  BL_s_min   |  nfw  |   BL_s_max  |
|  0|    804|    687|      0|     24|     93|      0|      0|     804|      44|   1466|0            |   1120|4.13718      |   1046|0            |   1055|11830.5      |   1027|-124.19      |   1046|0            |
Face Momentum (sd=  0): max value of div(mf) (cv=29979) = 1.348731e-03
	norm_L2 of div(momentum) = 2.134454e-02.
nsd = 0 BC: AP Inlet occurs on 2094 w-faces
+----+----+----+--------------+--------------+--------------+--------------+--------------+------+----+-+-+--+------+
|Name|view| n_y| Initial res  | Initial resL1| Target res   | Final res    | Final res L1 |Visits|Iter|R|F|CL|Status|
+----+----+----+--------------+--------------+--------------+--------------+--------------+------+----+-+-+--+------+
| 3M |   0|   0|  1.309477e+06|  1.982759e+05|  1.020338e+00|  1.256703e-01|  2.990158e+01|     4|  12|0|n|29|  OK  |
Velocity (predicted):
        (local) sd   0: min(   5439)=0.33544097656769     , max(   6992)=71.725368813848      
Flow alg-view 0 is not Neumann (not for Phase Change + Nested Iters)
+----+----+--------------+--------------+--------------+--------------+--------------+------+----+-+-+--+------+
|Name|view| Initial res  | Initial resL1| Target res   | Final res    | Final res L1 |Visits|Iter|R|F|CL|Status|
|DVGR|   0|  4.446807e+03|  7.113385e+03|  1.445760e-02|  1.298358e-02|  1.044108e+01|     9|  27|0|n|30|  OK  |
PRESSURE SOLVER(geom_index=  0): sum_C_dp=8.73478e-05
Face Momentum (sd=  0): max value of div(mf) (cv=44350) = 1.064275e-02
	norm_L2 of div(momentum) = 1.139459e-01.
nsd = 0 min_dtHy = 0.0399861 (nCV =	20023 ) max_dtHy = 0.47658 (nCV =	42260 ) 
+----+----+--------------+--------------+--------------+--------------+--------------+------+----+-+-+--+------+
|Name|view| Initial res  | Initial resL1| Target res   | Final res    | Final res L1 |Visits|Iter|R|F|CL|Status|
|CHT |   0|  1.300363e+08|  1.022563e+06|  4.457628e+03|  3.658079e+03|  4.030847e+03|     2|  18|0|n|30|  OK  |
nsd = 0 min_dtke = 0.000963408 (nCV =	20680 ) max_dtke = 0.218211 (nCV =	57201 ) 
+----+----+----+--------------+--------------+--------------+--------------+--------------+------+----+-+-+--+------+
|Name|view| n_y| Initial res  | Initial resL1| Target res   | Final res    | Final res L1 |Visits|Iter|R|F|CL|Status|
+----+----+----+--------------+--------------+--------------+--------------+--------------+------+----+-+-+--+------+
|turb|   0|   0|  1.410506e+07|  2.784336e+05|  1.720708e-03|  5.295112e-04|  8.593894e-01|     4|  24|0|n|30|  OK  |
|turb|   0|   1|  1.974332e+09|  2.676537e+06|  4.171268e-03|  4.796332e-04|  5.438997e-01|     5|  30|0|n|30|  OK  |
Filter: K,E,momentum: sd =   0 isolating K from zero=     56 E from zero=   2163 E from infinity=     23
slv : Fluid subdom(new) 0
slv : P static (new)                 : min(   5233) = 97515.257131677      , max(   7243) = 102923.47072859      
slv : Density (new)                  : min(   5233) = 1.147913840433       , max(  19922) = 1.2229783577212      
slv : Velocity (new)                 : min(  20428) = 0.35794589115598     , max(   6992) = 71.509996033609      
slv : Mach number (new)              : min(  20428) = 0.0010402222634461   , max(   6992) = 0.20884255208058     
slv : Turbulent k (new)              : min(  17227) = 1e-40                , max(   7634) = 132.24262815437      
slv : Turbulent e (new)              : min(  47733) = 4.150062689061e-47   , max(   6965) = 1670.8191406659      
slv : Temperature (new)              : min(   6992) = 291.90056698258      , max(   5258) = 297.33448194333      
slv : Total enthalpy, Y-shifted (new): min(  25556) = 1221.3265065827      , max(   5256) = 4328.6089708084      
slv : MASS FLUXES AT OPENINGS: MF=-9027.79, AP=9027.86
slv : DvGr statistics: min alpha=0.151994(nfa=20028, geom_slice=0)
slv : +----------------------------------+------------+-------+------------+------------+
slv : |          Collector name          | Total Time | Count |  Avg Time  |  Max Time  |
slv : +----------------------------------+------------+-------+------------+------------+
slv : | Calculate_inc                    |      25.013|     45|       0.556|       0.923|
slv : | CollectEMT_Results               |       0.000|     46|       0.000|       0.000|
slv : | HeatPathCalculator_Dynamic       |       0.016|      1|       0.016|       0.016|
slv : | LiSy_make_portrait               |       0.612|    205|       0.003|       0.016|
slv : | Results_processing               |       5.012|     45|       0.111|       0.166|
slv : | build_sl_ordering_CHT            |       0.018|     46|       0.000|       0.009|
slv : | build_sl_ordering_MDS            |       0.114|     46|       0.002|       0.025|
slv : | build_sl_ordering_fluid          |       0.113|     46|       0.002|       0.025|
slv : | calc_Convolutions_MDS            |       0.788|     46|       0.017|       0.029|
slv : | calc_wall_dist                   |       0.502|      1|       0.502|       0.502|
slv : | create_Gr_operators_MDS          |       0.752|     46|       0.016|       0.030|
slv : | create_Gr_operators_portrait_MDS |       0.372|     46|       0.008|       0.015|
slv : | init_Hy_group_MDS                |       0.692|     46|       0.015|       0.027|
slv : | perform_stage_total              |      21.689|   1250|       0.017|       0.502|
slv : | precalc_at_start_MDS             |       0.663|      2|       0.332|       0.632|
slv : | solve_3M_MDS                     |       3.355|     46|       0.073|       0.164|
slv : | solve_3M_alg_MDS                 |       1.897|     46|       0.041|       0.115|
slv : | solve_BG_MDS                     |       1.966|     46|       0.043|       0.122|
slv : | solve_BG_alg_MDS                 |       1.399|     46|       0.030|       0.105|
slv : | solve_BL_MDS                     |       0.499|     46|       0.011|       0.027|
slv : | solve_CHT                        |       1.898|     46|       0.041|       0.073|
slv : | solve_CHT_MDS                    |       1.490|     46|       0.032|       0.065|
slv : | solve_CHT_alg_MDS                |       0.669|     46|       0.015|       0.048|
slv : | solve_DvGr_MDS                   |       5.539|     46|       0.120|       0.275|
slv : | solve_DvGr_alg_MDS               |       2.951|     46|       0.064|       0.185|
slv : | solve_INPR_MDS                   |       0.000|      1|       0.000|       0.000|
slv : | solve_PS+QJ                      |       0.000|      0|       0.000|       0.000|
slv : | solve_YLMA_MDS                   |       0.001|     46|       0.000|       0.000|
slv : | solve_YNOx_MDS                   |       0.000|     46|       0.000|       0.000|
slv : | solve_YTd_MDS                    |       0.001|     46|       0.000|       0.000|
slv : | solve_YTurb_MDS                  |       6.382|     46|       0.139|       0.308|
slv : | solve_YTurb_alg_MDS              |       2.924|     92|       0.032|       0.103|
slv : | update_BC_MDS                    |       0.000|     47|       0.000|       0.000|
slv : | update_Mf_after_DvGr             |       0.512|     46|       0.011|       0.021|
slv : | update_VelPressure_MDS           |       0.128|     46|       0.003|       0.005|
slv : +----------------------------------+------------+-------+------------+------------+
-----------------------------------------------------------------------
Memory Working Set Current = 305.77 Mb, Memory Working Set Peak = 308.22 Mb
Memory Private Bytes Current = 315.95 Mb, Memory Private Bytes Peak = 347.54 Mb
Process Threads Number: 14
-----------------------------------------------------------------------
Algebra Pool      : mem_usage = 209.81 Mb, allocated count = 1352

================== Tstep=46 ===================
<Dynamic P> on nsd = 0 {openings (inlet / outlet)}:
  (SP = Static Pressure, EP = Environment Pressure, TP = Total Pressure, E = External)
  {#0, E, (1.511091e+03 / 0.000000e+00)}
  {#1, E, (0.000000e+00 / 1.366297e+03)}
  {#2, E, (4.976837e+00 / 1.479567e+03)}
  {#3, E, (5.325361e+00 / 1.482041e+03)}
  {#4, E, (5.191160e+01 / 1.501034e+03)}
  {#5, E, (3.207597e-02 / 1.517344e+03)}
  MWS[  0]=2.46894
tau_viscous_averaged = 101.764 
dt(mass,momentum; nsd=  0): min dt/dtG(ncv=  19922)=1.00 , max dt/dtG(ncv=  42268)=13.3   , dtG=0.0402906
Flow alg-view 0 in phys-view 0 isn't Neumann (not Multi Phase treating)
Face Momentum (sd=  0): max value of div(mf) (cv=26578) = 1.495463e+00
Flow alg-view 0 is not Neumann (not for Phase Change + Nested Iters)
+----+----+--------------+--------------+--------------+--------------+--------------+------+----+-+-+--+------+
|Name|view| Initial res  | Initial resL1| Target res   | Final res    | Final res L1 |Visits|Iter|R|F|CL|Status|
| BG |   0|  2.498824e+01|  6.036092e+01|  1.561765e-03|  5.410488e-04|  2.543183e+00|     8|  24|0|n|30|  OK  |
Face Momentum (sd=  0): max value of div(mf) (cv=24299) = 1.394964e-03
	norm_L2 of div(momentum) = 2.326046e-02.
Flow alg-view 0 in phys-view 0 isn't Neumann (not Multi Phase treating)
LOG: number of a-faces with weighted approximations in 0 subdomain: 7.60659 percent
LOG: Rate of a-faces corrected to CUp1st in 0 subdomain: 0.0149844 %
slv : SolveBL stage
|nsd|Real WF|NormalF|Cycle F|CriticF| EdgeF |CyclBrF|ExtParF|RWFnumSt|StLvlNum|  nfw  |  alp_U_min  |  nfw  |  alp_U_max  |  nfw  |  alp_T_min  |  nfw  |  alp_T_max  |  nfw  |  BL_s_min   |  nfw  |   BL_s_max  |
|  0|    804|    689|      0|     25|     90|      0|      0|     804|      42|   1464|0            |   1120|4.09069      |   1046|0            |   1055|11846.9      |   1027|-124.288     |   1046|0            |
Face Momentum (sd=  0): max value of div(mf) (cv=24299) = 1.394964e-03
	norm_L2 of div(momentum) = 2.326046e-02.
nsd = 0 BC: AP Inlet occurs on 1971 w-faces
+----+----+----+--------------+--------------+--------------+--------------+--------------+------+----+-+-+--+------+
|Name|view| n_y| Initial res  | Initial resL1| Target res   | Final res    | Final res L1 |Visits|Iter|R|F|CL|Status|
+----+----+----+--------------+--------------+--------------+--------------+--------------+------+----+-+-+--+------+
| 3M |   0|   0|  1.332095e+06|  1.973887e+05|  1.017423e+00|  2.453633e-01|  4.024353e+01|     4|  12|0|n|29|  OK  |
Velocity (predicted):
        (local) sd   0: min(   5439)=0.45466218642346     , max(   6992)=71.792478061932      
Flow alg-view 0 is not Neumann (not for Phase Change + Nested Iters)
+----+----+--------------+--------------+--------------+--------------+--------------+------+----+-+-+--+------+
|Name|view| Initial res  | Initial resL1| Target res   | Final res    | Final res L1 |Visits|Iter|R|F|CL|Status|
|DVGR|   0|  4.054731e+03|  7.068997e+03|  1.428856e-02|  1.092561e-02|  7.266081e+00|    10|  30|0|n|30|  OK  |
PRESSURE SOLVER(geom_index=  0): sum_C_dp=6.85381e-05
Face Momentum (sd=  0): max value of div(mf) (cv=44350) = 1.224377e-02
	norm_L2 of div(momentum) = 1.045258e-01.
nsd = 0 min_dtHy = 0.0402907 (nCV =	19922 ) max_dtHy = 0.536461 (nCV =	42268 ) 
+----+----+--------------+--------------+--------------+--------------+--------------+------+----+-+-+--+------+
|Name|view| Initial res  | Initial resL1| Target res   | Final res    | Final res L1 |Visits|Iter|R|F|CL|Status|
|CHT |   0|  1.204967e+08|  1.005285e+06|  4.390517e+03|  2.780799e+03|  3.685641e+03|     2|  18|0|n|30|  OK  |
nsd = 0 min_dtke = 0.000773003 (nCV =	19522 ) max_dtke = 0.217867 (nCV =	55683 ) 
+----+----+----+--------------+--------------+--------------+--------------+--------------+------+----+-+-+--+------+
|Name|view| n_y| Initial res  | Initial resL1| Target res   | Final res    | Final res L1 |Visits|Iter|R|F|CL|Status|
+----+----+----+--------------+--------------+--------------+--------------+--------------+------+----+-+-+--+------+
|turb|   0|   0|  1.398432e+07|  2.840766e+05|  1.707970e-03|  2.397977e-04|  7.113346e-01|     4|  24|0|n|30|  OK  |
|turb|   0|   1|  1.821012e+09|  2.687430e+06|  4.104138e-03|  2.778892e-04|  4.475515e-01|     5|  30|0|n|30|  OK  |
Filter: K,E,momentum: sd =   0 isolating K from zero=    107 E from zero=   2131 E from infinity=     24
slv : Fluid subdom(new) 0
slv : P static (new)                 : min(   5233) = 97536.542600209      , max(   7242) = 102924.17861036      
slv : Density (new)                  : min(   5232) = 1.1482140072706      , max(  19922) = 1.2228378852251      
slv : Velocity (new)                 : min(  41827) = 0.37324891483585     , max(   6992) = 71.604380320016      
slv : Mach number (new)              : min(  41827) = 0.0010846085250834   , max(   6992) = 0.20912055575775     
slv : Turbulent k (new)              : min(  17227) = 1e-40                , max(   7635) = 143.75358862561      
slv : Turbulent e (new)              : min(  41854) = 3.8338867244412e-47  , max(   7415) = 1643.9604055307      
slv : Temperature (new)              : min(   6992) = 291.89395348495      , max(   5258) = 297.29007563049      
slv : Total enthalpy, Y-shifted (new): min(  47291) = 1215.1252020722      , max(   5256) = 4289.1707339832      
slv : MASS FLUXES AT OPENINGS: MF=-9027.79, AP=9027.83
slv : DvGr statistics: min alpha=0.147568(nfa=31763, geom_slice=0)
slv : +----------------------------------+------------+-------+------------+------------+
slv : |          Collector name          | Total Time | Count |  Avg Time  |  Max Time  |
slv : +----------------------------------+------------+-------+------------+------------+
slv : | Calculate_inc                    |      25.565|     46|       0.556|       0.923|
slv : | CollectEMT_Results               |       0.000|     47|       0.000|       0.000|
slv : | HeatPathCalculator_Dynamic       |       0.016|      1|       0.016|       0.016|
slv : | LiSy_make_portrait               |       0.621|    209|       0.003|       0.016|
slv : | Results_processing               |       5.123|     46|       0.111|       0.166|
slv : | build_sl_ordering_CHT            |       0.018|     47|       0.000|       0.009|
slv : | build_sl_ordering_MDS            |       0.115|     47|       0.002|       0.025|
slv : | build_sl_ordering_fluid          |       0.114|     47|       0.002|       0.025|
slv : | calc_Convolutions_MDS            |       0.806|     47|       0.017|       0.029|
slv : | calc_wall_dist                   |       0.502|      1|       0.502|       0.502|
slv : | create_Gr_operators_MDS          |       0.764|     47|       0.016|       0.030|
slv : | create_Gr_operators_portrait_MDS |       0.378|     47|       0.008|       0.015|
slv : | init_Hy_group_MDS                |       0.709|     47|       0.015|       0.027|
slv : | perform_stage_total              |      22.134|   1277|       0.017|       0.502|
slv : | precalc_at_start_MDS             |       0.663|      2|       0.332|       0.632|
slv : | solve_3M_MDS                     |       3.437|     47|       0.073|       0.164|
slv : | solve_3M_alg_MDS                 |       1.950|     47|       0.041|       0.115|
slv : | solve_BG_MDS                     |       2.002|     47|       0.043|       0.122|
slv : | solve_BG_alg_MDS                 |       1.424|     47|       0.030|       0.105|
slv : | solve_BL_MDS                     |       0.507|     47|       0.011|       0.027|
slv : | solve_CHT                        |       1.940|     47|       0.041|       0.073|
slv : | solve_CHT_MDS                    |       1.525|     47|       0.032|       0.065|
slv : | solve_CHT_alg_MDS                |       0.688|     47|       0.015|       0.048|
slv : | solve_DvGr_MDS                   |       5.651|     47|       0.120|       0.275|
slv : | solve_DvGr_alg_MDS               |       3.014|     47|       0.064|       0.185|
slv : | solve_INPR_MDS                   |       0.000|      1|       0.000|       0.000|
slv : | solve_PS+QJ                      |       0.000|      0|       0.000|       0.000|
slv : | solve_YLMA_MDS                   |       0.001|     47|       0.000|       0.000|
slv : | solve_YNOx_MDS                   |       0.000|     47|       0.000|       0.000|
slv : | solve_YTd_MDS                    |       0.001|     47|       0.000|       0.000|
slv : | solve_YTurb_MDS                  |       6.523|     47|       0.139|       0.308|
slv : | solve_YTurb_alg_MDS              |       2.995|     94|       0.032|       0.103|
slv : | update_BC_MDS                    |       0.000|     48|       0.000|       0.000|
slv : | update_Mf_after_DvGr             |       0.521|     47|       0.011|       0.021|
slv : | update_VelPressure_MDS           |       0.130|     47|       0.003|       0.005|
slv : +----------------------------------+------------+-------+------------+------------+
-----------------------------------------------------------------------
Memory Working Set Current = 304.97 Mb, Memory Working Set Peak = 308.22 Mb
Memory Private Bytes Current = 315.30 Mb, Memory Private Bytes Peak = 347.54 Mb
Process Threads Number: 14
-----------------------------------------------------------------------
Algebra Pool      : mem_usage = 209.81 Mb, allocated count = 1353

================== Tstep=47 ===================
<Dynamic P> on nsd = 0 {openings (inlet / outlet)}:
  (SP = Static Pressure, EP = Environment Pressure, TP = Total Pressure, E = External)
  {#0, E, (1.511086e+03 / 0.000000e+00)}
  {#1, E, (0.000000e+00 / 1.361495e+03)}
  {#2, E, (5.114547e+00 / 1.486708e+03)}
  {#3, E, (5.740020e+00 / 1.488254e+03)}
  {#4, E, (5.241160e+01 / 1.501221e+03)}
  {#5, E, (2.524637e-03 / 1.517884e+03)}
  MWS[  0]=2.47252
tau_viscous_averaged = 92.9854 
dt(mass,momentum; nsd=  0): min dt/dtG(ncv=  19922)=1.00 , max dt/dtG(ncv=  42297)=12.9   , dtG=0.0403248
Flow alg-view 0 in phys-view 0 isn't Neumann (not Multi Phase treating)
Face Momentum (sd=  0): max value of div(mf) (cv=37138) = 1.802437e+00
Flow alg-view 0 is not Neumann (not for Phase Change + Nested Iters)
+----+----+--------------+--------------+--------------+--------------+--------------+------+----+-+-+--+------+
|Name|view| Initial res  | Initial resL1| Target res   | Final res    | Final res L1 |Visits|Iter|R|F|CL|Status|
| BG |   0|  2.130439e+01|  5.100541e+01|  1.331524e-03|  6.281734e-04|  2.506242e+00|     8|  24|0|n|30|  OK  |
Face Momentum (sd=  0): max value of div(mf) (cv=46224) = 1.923137e-03
	norm_L2 of div(momentum) = 2.506339e-02.
Flow alg-view 0 in phys-view 0 isn't Neumann (not Multi Phase treating)
LOG: number of a-faces with weighted approximations in 0 subdomain: 7.52584 percent
LOG: Rate of a-faces corrected to CUp1st in 0 subdomain: 0.0155166 %
slv : SolveBL stage
|nsd|Real WF|NormalF|Cycle F|CriticF| EdgeF |CyclBrF|ExtParF|RWFnumSt|StLvlNum|  nfw  |  alp_U_min  |  nfw  |  alp_U_max  |  nfw  |  alp_T_min  |  nfw  |  alp_T_max  |  nfw  |  BL_s_min   |  nfw  |   BL_s_max  |
|  0|    804|    691|      0|     25|     88|      0|      0|     804|      40|   1464|0            |   1120|4.05024      |   1046|0            |   1055|11904.8      |   1027|-123.515     |   1046|0            |
Face Momentum (sd=  0): max value of div(mf) (cv=46224) = 1.923137e-03
	norm_L2 of div(momentum) = 2.506339e-02.
nsd = 0 BC: AP Inlet occurs on 1844 w-faces
+----+----+----+--------------+--------------+--------------+--------------+--------------+------+----+-+-+--+------+
|Name|view| n_y| Initial res  | Initial resL1| Target res   | Final res    | Final res L1 |Visits|Iter|R|F|CL|Status|
+----+----+----+--------------+--------------+--------------+--------------+--------------+------+----+-+-+--+------+
| 3M |   0|   0|  1.328682e+06|  1.959330e+05|  1.028303e+00|  1.958672e-02|  1.333858e+01|     4|  12|0|n|29|  OK  |
Velocity (predicted):
        (local) sd   0: min(  20094)=0.42437409788683     , max(  20023)=72.292607889823      
Flow alg-view 0 is not Neumann (not for Phase Change + Nested Iters)
+----+----+--------------+--------------+--------------+--------------+--------------+------+----+-+-+--+------+
|Name|view| Initial res  | Initial resL1| Target res   | Final res    | Final res L1 |Visits|Iter|R|F|CL|Status|
|DVGR|   0|  3.987518e+03|  7.026380e+03|  1.440416e-02|  1.228351e-02|  7.581997e+00|    10|  30|0|n|30|  OK  |
PRESSURE SOLVER(geom_index=  0): sum_C_dp=6.61515e-05
Face Momentum (sd=  0): max value of div(mf) (cv=44353) = 1.536035e-02
	norm_L2 of div(momentum) = 1.108312e-01.
nsd = 0 min_dtHy = 0.0403248 (nCV =	19922 ) max_dtHy = 0.519725 (nCV =	42297 ) 
+----+----+--------------+--------------+--------------+--------------+--------------+------+----+-+-+--+------+
|Name|view| Initial res  | Initial resL1| Target res   | Final res    | Final res L1 |Visits|Iter|R|F|CL|Status|
|CHT |   0|  1.051380e+08|  9.622124e+05|  4.364474e+03|  2.405430e+03|  3.493812e+03|     2|  18|0|n|30|  OK  |
nsd = 0 min_dtke = 0.0011278 (nCV =	23641 ) max_dtke = 0.219238 (nCV =	55667 ) 
+----+----+----+--------------+--------------+--------------+--------------+--------------+------+----+-+-+--+------+
|Name|view| n_y| Initial res  | Initial resL1| Target res   | Final res    | Final res L1 |Visits|Iter|R|F|CL|Status|
+----+----+----+--------------+--------------+--------------+--------------+--------------+------+----+-+-+--+------+
|turb|   0|   0|  1.234825e+07|  2.829844e+05|  1.719524e-03|  2.635046e-04|  7.022403e-01|     4|  24|0|n|30|  OK  |
|turb|   0|   1|  1.432194e+09|  2.597819e+06|  4.136764e-03|  2.299150e-04|  3.935802e-01|     5|  30|0|n|30|  OK  |
Filter: K,E,momentum: sd =   0 isolating K from zero=    138 E from zero=   1959 E from infinity=     24
slv : Fluid subdom(new) 0
slv : P static (new)                 : min(   5233) = 97558.785370281      , max(   7243) = 102922.66471871      
slv : Density (new)                  : min(   5233) = 1.1485135174981      , max(  20023) = 1.2230290078937      
slv : Velocity (new)                 : min(  41767) = 0.421322695781       , max(  20023) = 71.887633753456      
slv : Mach number (new)              : min(  41767) = 0.0012243482001957   , max(  20023) = 0.20995507114784     
slv : Turbulent k (new)              : min(  17231) = 1e-40                , max(   7642) = 147.07337148139      
slv : Turbulent e (new)              : min(  41855) = 3.5383990782864e-47  , max(   7642) = 1637.504238632       
slv : Temperature (new)              : min(  20023) = 291.8736300756       , max(   5258) = 297.25982163479      
slv : Total enthalpy, Y-shifted (new): min(  47382) = 1212.5013576617      , max(   5256) = 4258.7919618455      
slv : MASS FLUXES AT OPENINGS: MF=-9027.79, AP=9027.77
slv : DvGr statistics: min alpha=0.143954(nfa=34843, geom_slice=0)
slv : +----------------------------------+------------+-------+------------+------------+
slv : |          Collector name          | Total Time | Count |  Avg Time  |  Max Time  |
slv : +----------------------------------+------------+-------+------------+------------+
slv : | Calculate_inc                    |      26.107|     47|       0.555|       0.923|
slv : | CollectEMT_Results               |       0.000|     48|       0.000|       0.000|
slv : | HeatPathCalculator_Dynamic       |       0.016|      1|       0.016|       0.016|
slv : | LiSy_make_portrait               |       0.638|    214|       0.003|       0.016|
slv : | Results_processing               |       5.227|     47|       0.111|       0.166|
slv : | build_sl_ordering_CHT            |       0.018|     48|       0.000|       0.009|
slv : | build_sl_ordering_MDS            |       0.125|     48|       0.003|       0.025|
slv : | build_sl_ordering_fluid          |       0.123|     48|       0.003|       0.025|
slv : | calc_Convolutions_MDS            |       0.828|     48|       0.017|       0.029|
slv : | calc_wall_dist                   |       0.502|      1|       0.502|       0.502|
slv : | create_Gr_operators_MDS          |       0.777|     48|       0.016|       0.030|
slv : | create_Gr_operators_portrait_MDS |       0.386|     48|       0.008|       0.015|
slv : | init_Hy_group_MDS                |       0.734|     48|       0.015|       0.027|
slv : | perform_stage_total              |      22.592|   1304|       0.017|       0.502|
slv : | precalc_at_start_MDS             |       0.663|      2|       0.332|       0.632|
slv : | solve_3M_MDS                     |       3.509|     48|       0.073|       0.164|
slv : | solve_3M_alg_MDS                 |       1.994|     48|       0.042|       0.115|
slv : | solve_BG_MDS                     |       2.047|     48|       0.043|       0.122|
slv : | solve_BG_alg_MDS                 |       1.453|     48|       0.030|       0.105|
slv : | solve_BL_MDS                     |       0.516|     48|       0.011|       0.027|
slv : | solve_CHT                        |       1.989|     48|       0.041|       0.073|
slv : | solve_CHT_MDS                    |       1.563|     48|       0.033|       0.065|
slv : | solve_CHT_alg_MDS                |       0.710|     48|       0.015|       0.048|
slv : | solve_DvGr_MDS                   |       5.764|     48|       0.120|       0.275|
slv : | solve_DvGr_alg_MDS               |       3.077|     48|       0.064|       0.185|
slv : | solve_INPR_MDS                   |       0.000|      1|       0.000|       0.000|
slv : | solve_PS+QJ                      |       0.000|      0|       0.000|       0.000|
slv : | solve_YLMA_MDS                   |       0.001|     48|       0.000|       0.000|
slv : | solve_YNOx_MDS                   |       0.000|     48|       0.000|       0.000|
slv : | solve_YTd_MDS                    |       0.001|     48|       0.000|       0.000|
slv : | solve_YTurb_MDS                  |       6.658|     48|       0.139|       0.308|
slv : | solve_YTurb_alg_MDS              |       3.066|     96|       0.032|       0.103|
slv : | update_BC_MDS                    |       0.000|     49|       0.000|       0.000|
slv : | update_Mf_after_DvGr             |       0.536|     48|       0.011|       0.021|
slv : | update_VelPressure_MDS           |       0.132|     48|       0.003|       0.005|
slv : +----------------------------------+------------+-------+------------+------------+
-----------------------------------------------------------------------
Memory Working Set Current = 305.90 Mb, Memory Working Set Peak = 308.22 Mb
Memory Private Bytes Current = 316.11 Mb, Memory Private Bytes Peak = 347.54 Mb
Process Threads Number: 14
-----------------------------------------------------------------------
Algebra Pool      : mem_usage = 209.81 Mb, allocated count = 1354

================== Tstep=48 ===================
<Dynamic P> on nsd = 0 {openings (inlet / outlet)}:
  (SP = Static Pressure, EP = Environment Pressure, TP = Total Pressure, E = External)
  {#0, E, (1.511088e+03 / 0.000000e+00)}
  {#1, E, (0.000000e+00 / 1.353287e+03)}
  {#2, E, (4.979913e+00 / 1.493308e+03)}
  {#3, E, (5.598843e+00 / 1.494912e+03)}
  {#4, E, (5.322132e+01 / 1.501234e+03)}
  {#5, E, (0.000000e+00 / 1.518258e+03)}
  MWS[  0]=2.48262
tau_viscous_averaged = 97.985 
dt(mass,momentum; nsd=  0): min dt/dtG(ncv=  20023)=1.00 , max dt/dtG(ncv=  42190)=13.4   , dtG=0.0393699
Flow alg-view 0 in phys-view 0 isn't Neumann (not Multi Phase treating)
Face Momentum (sd=  0): max value of div(mf) (cv=34865) = 1.525612e+00
Flow alg-view 0 is not Neumann (not for Phase Change + Nested Iters)
+----+----+--------------+--------------+--------------+--------------+--------------+------+----+-+-+--+------+
|Name|view| Initial res  | Initial resL1| Target res   | Final res    | Final res L1 |Visits|Iter|R|F|CL|Status|
| BG |   0|  2.179151e+01|  5.218716e+01|  1.361970e-03|  7.932692e-04|  2.719430e+00|     8|  24|0|n|30|  OK  |
Face Momentum (sd=  0): max value of div(mf) (cv=37369) = 2.652605e-03
	norm_L2 of div(momentum) = 2.816504e-02.
Flow alg-view 0 in phys-view 0 isn't Neumann (not Multi Phase treating)
LOG: number of a-faces with weighted approximations in 0 subdomain: 7.20224 percent
LOG: Rate of a-faces corrected to CUp1st in 0 subdomain: 0.0164721 %
slv : SolveBL stage
|nsd|Real WF|NormalF|Cycle F|CriticF| EdgeF |CyclBrF|ExtParF|RWFnumSt|StLvlNum|  nfw  |  alp_U_min  |  nfw  |  alp_U_max  |  nfw  |  alp_T_min  |  nfw  |  alp_T_max  |  nfw  |  BL_s_min   |  nfw  |   BL_s_max  |
|  0|    804|    690|      0|     25|     89|      0|      0|     804|      39|   1464|0            |   1120|4.01946      |   1046|0            |   2185|11944.1      |   1027|-122.909     |   1046|0            |
Face Momentum (sd=  0): max value of div(mf) (cv=37369) = 2.652605e-03
	norm_L2 of div(momentum) = 2.816504e-02.
nsd = 0 BC: AP Inlet occurs on 1753 w-faces
+----+----+----+--------------+--------------+--------------+--------------+--------------+------+----+-+-+--+------+
|Name|view| n_y| Initial res  | Initial resL1| Target res   | Final res    | Final res L1 |Visits|Iter|R|F|CL|Status|
+----+----+----+--------------+--------------+--------------+--------------+--------------+------+----+-+-+--+------+
| 3M |   0|   0|  1.286568e+06|  1.929965e+05|  1.034273e+00|  1.935069e-02|  1.325294e+01|     4|  12|0|n|29|  OK  |
Velocity (predicted):
        (local) sd   0: min(  20095)=0.90991825651216     , max(  20023)=73.295360762649      
Flow alg-view 0 is not Neumann (not for Phase Change + Nested Iters)
+----+----+--------------+--------------+--------------+--------------+--------------+------+----+-+-+--+------+
|Name|view| Initial res  | Initial resL1| Target res   | Final res    | Final res L1 |Visits|Iter|R|F|CL|Status|
|DVGR|   0|  4.172553e+03|  7.034583e+03|  1.464493e-02|  1.181271e-02|  7.774565e+00|    10|  30|0|n|30|  OK  |
PRESSURE SOLVER(geom_index=  0): sum_C_dp=5.8167e-05
Face Momentum (sd=  0): max value of div(mf) (cv=44353) = 1.250308e-02
	norm_L2 of div(momentum) = 1.086865e-01.
nsd = 0 min_dtHy = 0.0393699 (nCV =	20023 ) max_dtHy = 0.52806 (nCV =	42190 ) 
+----+----+--------------+--------------+--------------+--------------+--------------+------+----+-+-+--+------+
|Name|view| Initial res  | Initial resL1| Target res   | Final res    | Final res L1 |Visits|Iter|R|F|CL|Status|
|CHT |   0|  9.107963e+07|  9.065600e+05|  4.329368e+03|  3.280784e+03|  3.707668e+03|     2|  18|0|n|30|  OK  |
nsd = 0 min_dtke = 0.000343561 (nCV =	20738 ) max_dtke = 0.174135 (nCV =	57217 ) 
+----+----+----+--------------+--------------+--------------+--------------+--------------+------+----+-+-+--+------+
|Name|view| n_y| Initial res  | Initial resL1| Target res   | Final res    | Final res L1 |Visits|Iter|R|F|CL|Status|
+----+----+----+--------------+--------------+--------------+--------------+--------------+------+----+-+-+--+------+
|turb|   0|   0|  1.141712e+07|  2.853455e+05|  1.751448e-03|  9.417779e-05|  4.865222e-01|     4|  24|0|n|30|  OK  |
|turb|   0|   1|  1.173804e+09|  2.537819e+06|  4.250484e-03|  3.444429e-03|  2.672650e+00|     4|  24|0|n|30|  OK  |
Filter: K,E,momentum: sd =   0 isolating K from zero=    152 E from zero=   2589 E from infinity=     21
slv : Fluid subdom(new) 0
slv : P static (new)                 : min(   5233) = 97580.514443641      , max(   7243) = 102924.21934075      
slv : Density (new)                  : min(   5232) = 1.1487860524648      , max(  20023) = 1.2229880921224      
slv : Velocity (new)                 : min(  19981) = 0.92826432833104     , max(  20023) = 72.912810024125      
slv : Mach number (new)              : min(  19981) = 0.0026985209576802   , max(  20023) = 0.21297599329102     
slv : Turbulent k (new)              : min(  17263) = 1e-40                , max(  29346) = 145.66332254952      
slv : Turbulent e (new)              : min(  55184) = 2.2986521981598e-47  , max(  29346) = 1565.9112842423      
slv : Temperature (new)              : min(  20023) = 291.79984395222      , max(   5259) = 297.23602136311      
slv : Total enthalpy, Y-shifted (new): min(  39281) = 1212.8952522363      , max(   5257) = 4235.7701116205      
slv : MASS FLUXES AT OPENINGS: MF=-9027.79, AP=9027.71
slv : DvGr statistics: min alpha=0.143445(nfa=59531, geom_slice=0)
slv : +----------------------------------+------------+-------+------------+------------+
slv : |          Collector name          | Total Time | Count |  Avg Time  |  Max Time  |
slv : +----------------------------------+------------+-------+------------+------------+
slv : | Calculate_inc                    |      26.676|     48|       0.556|       0.923|
slv : | CollectEMT_Results               |       0.000|     49|       0.000|       0.000|
slv : | HeatPathCalculator_Dynamic       |       0.016|      1|       0.016|       0.016|
slv : | LiSy_make_portrait               |       0.649|    218|       0.003|       0.016|
slv : | Results_processing               |       5.336|     48|       0.111|       0.166|
slv : | build_sl_ordering_CHT            |       0.018|     49|       0.000|       0.009|
slv : | build_sl_ordering_MDS            |       0.125|     49|       0.003|       0.025|
slv : | build_sl_ordering_fluid          |       0.124|     49|       0.003|       0.025|
slv : | calc_Convolutions_MDS            |       0.847|     49|       0.017|       0.029|
slv : | calc_wall_dist                   |       0.502|      1|       0.502|       0.502|
slv : | create_Gr_operators_MDS          |       0.796|     49|       0.016|       0.030|
slv : | create_Gr_operators_portrait_MDS |       0.396|     49|       0.008|       0.015|
slv : | init_Hy_group_MDS                |       0.747|     49|       0.015|       0.027|
slv : | perform_stage_total              |      23.030|   1331|       0.017|       0.502|
slv : | precalc_at_start_MDS             |       0.663|      2|       0.332|       0.632|
slv : | solve_3M_MDS                     |       3.585|     49|       0.073|       0.164|
slv : | solve_3M_alg_MDS                 |       2.040|     49|       0.042|       0.115|
slv : | solve_BG_MDS                     |       2.084|     49|       0.043|       0.122|
slv : | solve_BG_alg_MDS                 |       1.479|     49|       0.030|       0.105|
slv : | solve_BL_MDS                     |       0.528|     49|       0.011|       0.027|
slv : | solve_CHT                        |       2.030|     49|       0.041|       0.073|
slv : | solve_CHT_MDS                    |       1.598|     49|       0.033|       0.065|
slv : | solve_CHT_alg_MDS                |       0.729|     49|       0.015|       0.048|
slv : | solve_DvGr_MDS                   |       5.874|     49|       0.120|       0.275|
slv : | solve_DvGr_alg_MDS               |       3.137|     49|       0.064|       0.185|
slv : | solve_INPR_MDS                   |       0.000|      1|       0.000|       0.000|
slv : | solve_PS+QJ                      |       0.000|      0|       0.000|       0.000|
slv : | solve_YLMA_MDS                   |       0.001|     49|       0.000|       0.000|
slv : | solve_YNOx_MDS                   |       0.000|     49|       0.000|       0.000|
slv : | solve_YTd_MDS                    |       0.001|     49|       0.000|       0.000|
slv : | solve_YTurb_MDS                  |       6.789|     49|       0.139|       0.308|
slv : | solve_YTurb_alg_MDS              |       3.132|     98|       0.032|       0.103|
slv : | update_BC_MDS                    |       0.000|     50|       0.000|       0.000|
slv : | update_Mf_after_DvGr             |       0.545|     49|       0.011|       0.021|
slv : | update_VelPressure_MDS           |       0.135|     49|       0.003|       0.005|
slv : +----------------------------------+------------+-------+------------+------------+
-----------------------------------------------------------------------
Memory Working Set Current = 305.88 Mb, Memory Working Set Peak = 308.22 Mb
Memory Private Bytes Current = 316.10 Mb, Memory Private Bytes Peak = 347.54 Mb
Process Threads Number: 14
-----------------------------------------------------------------------
Algebra Pool      : mem_usage = 209.81 Mb, allocated count = 1353

================== Tstep=49 ===================
<Dynamic P> on nsd = 0 {openings (inlet / outlet)}:
  (SP = Static Pressure, EP = Environment Pressure, TP = Total Pressure, E = External)
  {#0, E, (1.511090e+03 / 0.000000e+00)}
  {#1, E, (0.000000e+00 / 1.342665e+03)}
  {#2, E, (4.385755e+00 / 1.501234e+03)}
  {#3, E, (5.121277e+00 / 1.502203e+03)}
  {#4, E, (5.427534e+01 / 1.500725e+03)}
  {#5, E, (0.000000e+00 / 1.518576e+03)}
  MWS[  0]=2.51816
tau_viscous_averaged = 78.6751 
dt(mass,momentum; nsd=  0): min dt/dtG(ncv=  20023)=1.00 , max dt/dtG(ncv=  41804)=11.9   , dtG=0.0386262
Flow alg-view 0 in phys-view 0 isn't Neumann (not Multi Phase treating)
Face Momentum (sd=  0): max value of div(mf) (cv=30097) = 1.972756e+00
Flow alg-view 0 is not Neumann (not for Phase Change + Nested Iters)
+----+----+--------------+--------------+--------------+--------------+--------------+------+----+-+-+--+------+
|Name|view| Initial res  | Initial resL1| Target res   | Final res    | Final res L1 |Visits|Iter|R|F|CL|Status|
| BG |   0|  2.627800e+01|  4.040346e+01|  1.642375e-03|  5.188078e-04|  2.005327e+00|     8|  24|0|n|30|  OK  |
Face Momentum (sd=  0): max value of div(mf) (cv=37426) = 2.241896e-03
	norm_L2 of div(momentum) = 2.277735e-02.
Flow alg-view 0 in phys-view 0 isn't Neumann (not Multi Phase treating)
LOG: number of a-faces with weighted approximations in 0 subdomain: 7.03297 percent
LOG: Rate of a-faces corrected to CUp1st in 0 subdomain: 0.013015 %
slv : SolveBL stage
|nsd|Real WF|NormalF|Cycle F|CriticF| EdgeF |CyclBrF|ExtParF|RWFnumSt|StLvlNum|  nfw  |  alp_U_min  |  nfw  |  alp_U_max  |  nfw  |  alp_T_min  |  nfw  |  alp_T_max  |  nfw  |  BL_s_min   |  nfw  |   BL_s_max  |
|  0|    804|    686|      0|     24|     94|      0|      0|     804|      36|   1466|0            |   1121|3.99851      |   1046|0            |   1055|11931.1      |   2153|-123.47      |   1046|0            |
Face Momentum (sd=  0): max value of div(mf) (cv=37426) = 2.241896e-03
	norm_L2 of div(momentum) = 2.277735e-02.
nsd = 0 BC: AP Inlet occurs on 1738 w-faces
+----+----+----+--------------+--------------+--------------+--------------+--------------+------+----+-+-+--+------+
|Name|view| n_y| Initial res  | Initial resL1| Target res   | Final res    | Final res L1 |Visits|Iter|R|F|CL|Status|
+----+----+----+--------------+--------------+--------------+--------------+--------------+------+----+-+-+--+------+
| 3M |   0|   0|  1.250293e+06|  1.877021e+05|  1.081251e+00|  5.011572e-02|  1.822409e+01|     4|  12|0|n|29|  OK  |
Velocity (predicted):
        (local) sd   0: min(   7650)=0.61054077677638     , max(  20023)=73.692583028651      
Flow alg-view 0 is not Neumann (not for Phase Change + Nested Iters)
+----+----+--------------+--------------+--------------+--------------+--------------+------+----+-+-+--+------+
|Name|view| Initial res  | Initial resL1| Target res   | Final res    | Final res L1 |Visits|Iter|R|F|CL|Status|
|DVGR|   0|  3.817418e+03|  6.590792e+03|  1.542620e-02|  8.925381e-03|  6.491531e+00|    11|  33|0|n|30|  OK  |
PRESSURE SOLVER(geom_index=  0): sum_C_dp=7.39979e-05
Face Momentum (sd=  0): max value of div(mf) (cv=45937) = 8.665308e-03
	norm_L2 of div(momentum) = 9.447441e-02.
nsd = 0 min_dtHy = 0.0386262 (nCV =	20023 ) max_dtHy = 0.458062 (nCV =	41804 ) 
+----+----+--------------+--------------+--------------+--------------+--------------+------+----+-+-+--+------+
|Name|view| Initial res  | Initial resL1| Target res   | Final res    | Final res L1 |Visits|Iter|R|F|CL|Status|
|CHT |   0|  8.557944e+07|  8.633348e+05|  4.480368e+03|  2.802065e+03|  3.590580e+03|     2|  18|0|n|30|  OK  |
nsd = 0 min_dtke = 0.000404026 (nCV =	20738 ) max_dtke = 0.184821 (nCV =	57221 ) 
+----+----+----+--------------+--------------+--------------+--------------+--------------+------+----+-+-+--+------+
|Name|view| n_y| Initial res  | Initial resL1| Target res   | Final res    | Final res L1 |Visits|Iter|R|F|CL|Status|
+----+----+----+--------------+--------------+--------------+--------------+--------------+------+----+-+-+--+------+
|turb|   0|   0|  1.154787e+07|  2.875070e+05|  1.866189e-03|  8.295586e-05|  4.646467e-01|     4|  24|0|n|30|  OK  |
|turb|   0|   1|  1.086004e+09|  2.477957e+06|  4.641869e-03|  2.902120e-03|  2.447932e+00|     4|  24|0|n|30|  OK  |
Filter: K,E,momentum: sd =   0 isolating K from zero=    173 E from zero=   2479 E from infinity=     21
slv : Fluid subdom(new) 0
slv : P static (new)                 : min(   5233) = 97600.556855275      , max(   7243) = 102924.91836634      
slv : Density (new)                  : min(   5233) = 1.1490183791104      , max(  20023) = 1.2227950177512      
slv : Velocity (new)                 : min(  18171) = 0.053341793994776    , max(  20023) = 73.308578696835      
slv : Mach number (new)              : min(  18171) = 0.00015473801905781  , max(  20023) = 0.21414255272088     
slv : Turbulent k (new)              : min(  17483) = 1e-40                , max(  29358) = 142.39814832298      
slv : Turbulent e (new)              : min(  55184) = 2.2984376990111e-47  , max(  29347) = 1467.2725557938      
slv : Temperature (new)              : min(  20023) = 291.7710029435       , max(   5259) = 297.22136812642      
slv : Total enthalpy, Y-shifted (new): min(  49187) = 1206.1984425934      , max(   5257) = 4223.0195507803      
slv : MASS FLUXES AT OPENINGS: MF=-9027.79, AP=9027.71
slv : DvGr statistics: min alpha=0.139307(nfa=138714, geom_slice=0)
slv : +----------------------------------+------------+-------+------------+------------+
slv : |          Collector name          | Total Time | Count |  Avg Time  |  Max Time  |
slv : +----------------------------------+------------+-------+------------+------------+
slv : | Calculate_inc                    |      27.205|     49|       0.555|       0.923|
slv : | CollectEMT_Results               |       0.000|     50|       0.000|       0.000|
slv : | HeatPathCalculator_Dynamic       |       0.016|      1|       0.016|       0.016|
slv : | LiSy_make_portrait               |       0.660|    222|       0.003|       0.016|
slv : | Results_processing               |       5.439|     49|       0.111|       0.166|
slv : | build_sl_ordering_CHT            |       0.018|     50|       0.000|       0.009|
slv : | build_sl_ordering_MDS            |       0.125|     50|       0.003|       0.025|
slv : | build_sl_ordering_fluid          |       0.124|     50|       0.002|       0.025|
slv : | calc_Convolutions_MDS            |       0.864|     50|       0.017|       0.029|
slv : | calc_wall_dist                   |       0.502|      1|       0.502|       0.502|
slv : | create_Gr_operators_MDS          |       0.811|     50|       0.016|       0.030|
slv : | create_Gr_operators_portrait_MDS |       0.406|     50|       0.008|       0.015|
slv : | init_Hy_group_MDS                |       0.760|     50|       0.015|       0.027|
slv : | perform_stage_total              |      23.481|   1358|       0.017|       0.502|
slv : | precalc_at_start_MDS             |       0.663|      2|       0.332|       0.632|
slv : | solve_3M_MDS                     |       3.660|     50|       0.073|       0.164|
slv : | solve_3M_alg_MDS                 |       2.085|     50|       0.042|       0.115|
slv : | solve_BG_MDS                     |       2.126|     50|       0.043|       0.122|
slv : | solve_BG_alg_MDS                 |       1.510|     50|       0.030|       0.105|
slv : | solve_BL_MDS                     |       0.536|     50|       0.011|       0.027|
slv : | solve_CHT                        |       2.077|     50|       0.042|       0.073|
slv : | solve_CHT_MDS                    |       1.636|     50|       0.033|       0.065|
slv : | solve_CHT_alg_MDS                |       0.750|     50|       0.015|       0.048|
slv : | solve_DvGr_MDS                   |       5.989|     50|       0.120|       0.275|
slv : | solve_DvGr_alg_MDS               |       3.199|     50|       0.064|       0.185|
slv : | solve_INPR_MDS                   |       0.000|      1|       0.000|       0.000|
slv : | solve_PS+QJ                      |       0.000|      0|       0.000|       0.000|
slv : | solve_YLMA_MDS                   |       0.001|     50|       0.000|       0.000|
slv : | solve_YNOx_MDS                   |       0.000|     50|       0.000|       0.000|
slv : | solve_YTd_MDS                    |       0.001|     50|       0.000|       0.000|
slv : | solve_YTurb_MDS                  |       6.934|     50|       0.139|       0.308|
slv : | solve_YTurb_alg_MDS              |       3.200|    100|       0.032|       0.103|
slv : | update_BC_MDS                    |       0.000|     51|       0.000|       0.000|
slv : | update_Mf_after_DvGr             |       0.554|     50|       0.011|       0.021|
slv : | update_VelPressure_MDS           |       0.137|     50|       0.003|       0.005|
slv : +----------------------------------+------------+-------+------------+------------+
Interpolator cache: total calls 4838, optimised calls 444 (9.2 %)
-----------------------------------------------------------------------
Memory Working Set Current = 306.13 Mb, Memory Working Set Peak = 308.22 Mb
Memory Private Bytes Current = 316.48 Mb, Memory Private Bytes Peak = 347.54 Mb
Process Threads Number: 14
-----------------------------------------------------------------------
Iteration : time = 3.27035 , count = 5 , time/count = 0.65407
Calculate_inc() : time = 2.73977 , count = 5 , time/count = 0.547954
TreatFlowEvolution() : time = 0.295203 , count = 5 , time/count = 0.0590406
SolverPreview : time = 0.226393 , count = 5 , time/count = 0.0452786
TreatGoals : time = 0.292213 , count = 5 , time/count = 0.0584426
Algebra Pool      : mem_usage = 209.81 Mb, allocated count = 1357

================== Tstep=50 ===================
<Dynamic P> on nsd = 0 {openings (inlet / outlet)}:
  (SP = Static Pressure, EP = Environment Pressure, TP = Total Pressure, E = External)
  {#0, E, (1.511086e+03 / 0.000000e+00)}
  {#1, E, (0.000000e+00 / 1.331468e+03)}
  {#2, E, (3.640069e+00 / 1.510235e+03)}
  {#3, E, (4.468784e+00 / 1.510417e+03)}
  {#4, E, (5.510598e+01 / 1.500790e+03)}
  {#5, E, (0.000000e+00 / 1.519032e+03)}
  MWS[  0]=2.53229
tau_viscous_averaged = 69.3238 
dt(mass,momentum; nsd=  0): min dt/dtG(ncv=  20023)=1.00 , max dt/dtG(ncv=  20595)=11.2   , dtG=0.0382893
Flow alg-view 0 in phys-view 0 isn't Neumann (not Multi Phase treating)
Face Momentum (sd=  0): max value of div(mf) (cv=30097) = 1.582012e+00
Flow alg-view 0 is not Neumann (not for Phase Change + Nested Iters)
+----+----+--------------+--------------+--------------+--------------+--------------+------+----+-+-+--+------+
|Name|view| Initial res  | Initial resL1| Target res   | Final res    | Final res L1 |Visits|Iter|R|F|CL|Status|
| BG |   0|  1.615520e+01|  3.103521e+01|  1.009700e-03|  5.660416e-04|  1.817742e+00|     8|  24|0|n|30|  OK  |
Face Momentum (sd=  0): max value of div(mf) (cv=33018) = 3.181262e-03
	norm_L2 of div(momentum) = 2.379163e-02.
Flow alg-view 0 in phys-view 0 isn't Neumann (not Multi Phase treating)
LOG: number of a-faces with weighted approximations in 0 subdomain: 7.02101 percent
LOG: Rate of a-faces corrected to CUp1st in 0 subdomain: 0.0166196 %
slv : SolveBL stage
|nsd|Real WF|NormalF|Cycle F|CriticF| EdgeF |CyclBrF|ExtParF|RWFnumSt|StLvlNum|  nfw  |  alp_U_min  |  nfw  |  alp_U_max  |  nfw  |  alp_T_min  |  nfw  |  alp_T_max  |  nfw  |  BL_s_min   |  nfw  |   BL_s_max  |
|  0|    804|    686|      0|     30|     88|      0|      0|     804|      35|   1464|0            |   2215|13.0563      |   1046|0            |   1055|11900.8      |   1027|-121.718     |   1046|0            |
Face Momentum (sd=  0): max value of div(mf) (cv=33018) = 3.181262e-03
	norm_L2 of div(momentum) = 2.379163e-02.
nsd = 0 BC: AP Inlet occurs on 1735 w-faces
+----+----+----+--------------+--------------+--------------+--------------+--------------+------+----+-+-+--+------+
|Name|view| n_y| Initial res  | Initial resL1| Target res   | Final res    | Final res L1 |Visits|Iter|R|F|CL|Status|
+----+----+----+--------------+--------------+--------------+--------------+--------------+------+----+-+-+--+------+
| 3M |   0|   0|  1.170563e+06|  1.794710e+05|  1.101799e+00|  7.298179e-02|  2.205124e+01|     4|  12|0|n|29|  OK  |
Velocity (predicted):
        (local) sd   0: min(  18193)=0.4580715616727      , max(  20023)=73.823059605067      
Flow alg-view 0 is not Neumann (not for Phase Change + Nested Iters)
+----+----+--------------+--------------+--------------+--------------+--------------+------+----+-+-+--+------+
|Name|view| Initial res  | Initial resL1| Target res   | Final res    | Final res L1 |Visits|Iter|R|F|CL|Status|
|DVGR|   0|  3.297465e+03|  6.116441e+03|  1.580926e-02|  1.104475e-02|  7.342328e+00|    11|  33|0|n|30|  OK  |
PRESSURE SOLVER(geom_index=  0): sum_C_dp=4.41911e-05
Face Momentum (sd=  0): max value of div(mf) (cv=46033) = 7.233919e-03
	norm_L2 of div(momentum) = 1.050941e-01.
nsd = 0 min_dtHy = 0.0382893 (nCV =	20023 ) max_dtHy = 0.430578 (nCV =	20595 ) 
+----+----+--------------+--------------+--------------+--------------+--------------+------+----+-+-+--+------+
|Name|view| Initial res  | Initial resL1| Target res   | Final res    | Final res L1 |Visits|Iter|R|F|CL|Status|
|CHT |   0|  8.648891e+07|  8.279187e+05|  4.538550e+03|  2.938385e+03|  4.003681e+03|     2|  18|0|n|30|  OK  |
nsd = 0 min_dtke = 0.000527553 (nCV =	25282 ) max_dtke = 0.196535 (nCV =	55669 ) 
+----+----+----+--------------+--------------+--------------+--------------+--------------+------+----+-+-+--+------+
|Name|view| n_y| Initial res  | Initial resL1| Target res   | Final res    | Final res L1 |Visits|Iter|R|F|CL|Status|
+----+----+----+--------------+--------------+--------------+--------------+--------------+------+----+-+-+--+------+
|turb|   0|   0|  1.173997e+07|  2.851704e+05|  1.917788e-03|  8.254896e-05|  4.386099e-01|     4|  24|0|n|30|  OK  |
|turb|   0|   1|  1.029029e+09|  2.363553e+06|  4.811928e-03|  1.801929e-03|  1.941467e+00|     4|  24|0|n|30|  OK  |
Filter: K,E,momentum: sd =   0 isolating K from zero=    162 E from zero=   1804 E from infinity=     26
slv : Fluid subdom(new) 0
slv : P static (new)                 : min(   5233) = 97618.062234563      , max(   7243) = 102924.53327699      
slv : Density (new)                  : min(   5233) = 1.1492073760652      , max(  19922) = 1.2227210149063      
slv : Velocity (new)                 : min(  18169) = 0.46696753686799     , max(  20023) = 73.502625455521      
slv : Mach number (new)              : min(  18169) = 0.0013546868462595   , max(  20023) = 0.21471459095707     
slv : Turbulent k (new)              : min(  17487) = 1e-40                , max(  29359) = 143.17392979611      
slv : Turbulent e (new)              : min(  55184) = 2.2984664096224e-47  , max(  29359) = 1398.6291803862      
slv : Temperature (new)              : min(  20023) = 291.75678572584      , max(   5259) = 297.21389550076      
slv : Total enthalpy, Y-shifted (new): min(  42917) = 1203.3505412643      , max(   5257) = 4217.1913665086      
slv : MASS FLUXES AT OPENINGS: MF=-9027.79, AP=9027.76
slv : DvGr statistics: min alpha=0.142979(nfa=121325, geom_slice=0)
slv : +----------------------------------+------------+-------+------------+------------+
slv : |          Collector name          | Total Time | Count |  Avg Time  |  Max Time  |
slv : +----------------------------------+------------+-------+------------+------------+
slv : | Calculate_inc                    |      27.752|     50|       0.555|       0.923|
slv : | CollectEMT_Results               |       0.000|     51|       0.000|       0.000|
slv : | HeatPathCalculator_Dynamic       |       0.016|      1|       0.016|       0.016|
slv : | LiSy_make_portrait               |       0.669|    226|       0.003|       0.016|
slv : | Results_processing               |       5.538|     50|       0.111|       0.166|
slv : | build_sl_ordering_CHT            |       0.019|     51|       0.000|       0.009|
slv : | build_sl_ordering_MDS            |       0.126|     51|       0.002|       0.025|
slv : | build_sl_ordering_fluid          |       0.124|     51|       0.002|       0.025|
slv : | calc_Convolutions_MDS            |       0.882|     51|       0.017|       0.029|
slv : | calc_wall_dist                   |       0.502|      1|       0.502|       0.502|
slv : | create_Gr_operators_MDS          |       0.823|     51|       0.016|       0.030|
slv : | create_Gr_operators_portrait_MDS |       0.417|     51|       0.008|       0.015|
slv : | init_Hy_group_MDS                |       0.777|     51|       0.015|       0.027|
slv : | perform_stage_total              |      23.916|   1385|       0.017|       0.502|
slv : | precalc_at_start_MDS             |       0.663|      2|       0.332|       0.632|
slv : | solve_3M_MDS                     |       3.738|     51|       0.073|       0.164|
slv : | solve_3M_alg_MDS                 |       2.133|     51|       0.042|       0.115|
slv : | solve_BG_MDS                     |       2.160|     51|       0.042|       0.122|
slv : | solve_BG_alg_MDS                 |       1.532|     51|       0.030|       0.105|
slv : | solve_BL_MDS                     |       0.545|     51|       0.011|       0.027|
slv : | solve_CHT                        |       2.117|     51|       0.042|       0.073|
slv : | solve_CHT_MDS                    |       1.670|     51|       0.033|       0.065|
slv : | solve_CHT_alg_MDS                |       0.768|     51|       0.015|       0.048|
slv : | solve_DvGr_MDS                   |       6.103|     51|       0.120|       0.275|
slv : | solve_DvGr_alg_MDS               |       3.266|     51|       0.064|       0.185|
slv : | solve_INPR_MDS                   |       0.000|      1|       0.000|       0.000|
slv : | solve_PS+QJ                      |       0.000|      0|       0.000|       0.000|
slv : | solve_YLMA_MDS                   |       0.001|     51|       0.000|       0.000|
slv : | solve_YNOx_MDS                   |       0.000|     51|       0.000|       0.000|
slv : | solve_YTd_MDS                    |       0.001|     51|       0.000|       0.000|
slv : | solve_YTurb_MDS                  |       7.064|     51|       0.139|       0.308|
slv : | solve_YTurb_alg_MDS              |       3.267|    102|       0.032|       0.103|
slv : | update_BC_MDS                    |       0.000|     52|       0.000|       0.000|
slv : | update_Mf_after_DvGr             |       0.562|     51|       0.011|       0.021|
slv : | update_VelPressure_MDS           |       0.140|     51|       0.003|       0.005|
slv : +----------------------------------+------------+-------+------------+------------+
-----------------------------------------------------------------------
Memory Working Set Current = 305.45 Mb, Memory Working Set Peak = 308.22 Mb
Memory Private Bytes Current = 316.38 Mb, Memory Private Bytes Peak = 347.54 Mb
Process Threads Number: 14
-----------------------------------------------------------------------
Algebra Pool      : mem_usage = 209.81 Mb, allocated count = 1358

================== Tstep=51 ===================
<Dynamic P> on nsd = 0 {openings (inlet / outlet)}:
  (SP = Static Pressure, EP = Environment Pressure, TP = Total Pressure, E = External)
  {#0, E, (1.511076e+03 / 0.000000e+00)}
  {#1, E, (0.000000e+00 / 1.322124e+03)}
  {#2, E, (2.899237e+00 / 1.519222e+03)}
  {#3, E, (3.765201e+00 / 1.519092e+03)}
  {#4, E, (5.648128e+01 / 1.501092e+03)}
  {#5, E, (0.000000e+00 / 1.518982e+03)}
  MWS[  0]=2.53915
tau_viscous_averaged = 78.187 
dt(mass,momentum; nsd=  0): min dt/dtG(ncv=  20023)=1.00 , max dt/dtG(ncv=  18195)=11.7   , dtG=0.0380192
Flow alg-view 0 in phys-view 0 isn't Neumann (not Multi Phase treating)
Face Momentum (sd=  0): max value of div(mf) (cv=30104) = 2.143644e+00
Flow alg-view 0 is not Neumann (not for Phase Change + Nested Iters)
+----+----+--------------+--------------+--------------+--------------+--------------+------+----+-+-+--+------+
|Name|view| Initial res  | Initial resL1| Target res   | Final res    | Final res L1 |Visits|Iter|R|F|CL|Status|
| BG |   0|  2.141724e+01|  3.573101e+01|  1.338578e-03|  5.607528e-04|  1.773393e+00|     8|  24|0|n|30|  OK  |
Face Momentum (sd=  0): max value of div(mf) (cv=43430) = 4.172308e-03
	norm_L2 of div(momentum) = 2.368022e-02.
Flow alg-view 0 in phys-view 0 isn't Neumann (not Multi Phase treating)
LOG: number of a-faces with weighted approximations in 0 subdomain: 6.93009 percent
LOG: Rate of a-faces corrected to CUp1st in 0 subdomain: 0.0169943 %
slv : SolveBL stage
|nsd|Real WF|NormalF|Cycle F|CriticF| EdgeF |CyclBrF|ExtParF|RWFnumSt|StLvlNum|  nfw  |  alp_U_min  |  nfw  |  alp_U_max  |  nfw  |  alp_T_min  |  nfw  |  alp_T_max  |  nfw  |  BL_s_min   |  nfw  |   BL_s_max  |
|  0|    804|    686|      0|     28|     90|      0|      0|     804|      36|   1464|0            |   1121|3.98149      |   1046|0            |   1055|11849.4      |   2153|-121.167     |   1046|0            |
Face Momentum (sd=  0): max value of div(mf) (cv=43430) = 4.172308e-03
	norm_L2 of div(momentum) = 2.368022e-02.
nsd = 0 BC: AP Inlet occurs on 1775 w-faces
+----+----+----+--------------+--------------+--------------+--------------+--------------+------+----+-+-+--+------+
|Name|view| n_y| Initial res  | Initial resL1| Target res   | Final res    | Final res L1 |Visits|Iter|R|F|CL|Status|
+----+----+----+--------------+--------------+--------------+--------------+--------------+------+----+-+-+--+------+
| 3M |   0|   0|  1.031504e+06|  1.680266e+05|  1.092576e+00|  1.118594e-01|  2.635199e+01|     4|  12|0|n|29|  OK  |
Velocity (predicted):
        (local) sd   0: min(  18203)=0.42700404328122     , max(  20023)=73.714323649291      
Flow alg-view 0 is not Neumann (not for Phase Change + Nested Iters)
+----+----+--------------+--------------+--------------+--------------+--------------+------+----+-+-+--+------+
|Name|view| Initial res  | Initial resL1| Target res   | Final res    | Final res L1 |Visits|Iter|R|F|CL|Status|
|DVGR|   0|  2.588109e+03|  5.388861e+03|  1.607013e-02|  8.789147e-03|  6.087251e+00|    11|  33|0|n|30|  OK  |
PRESSURE SOLVER(geom_index=  0): sum_C_dp=3.23894e-05
Face Momentum (sd=  0): max value of div(mf) (cv=46033) = 8.125028e-03
	norm_L2 of div(momentum) = 9.375056e-02.
nsd = 0 min_dtHy = 0.0380192 (nCV =	20023 ) max_dtHy = 0.443897 (nCV =	18195 ) 
+----+----+--------------+--------------+--------------+--------------+--------------+------+----+-+-+--+------+
|Name|view| Initial res  | Initial resL1| Target res   | Final res    | Final res L1 |Visits|Iter|R|F|CL|Status|
|CHT |   0|  8.628793e+07|  7.905679e+05|  4.486287e+03|  2.554380e+03|  3.647168e+03|     2|  18|0|n|30|  OK  |
nsd = 0 min_dtke = 0.000438339 (nCV =	20792 ) max_dtke = 0.179857 (nCV =	55669 ) 
+----+----+----+--------------+--------------+--------------+--------------+--------------+------+----+-+-+--+------+
|Name|view| n_y| Initial res  | Initial resL1| Target res   | Final res    | Final res L1 |Visits|Iter|R|F|CL|Status|
+----+----+----+--------------+--------------+--------------+--------------+--------------+------+----+-+-+--+------+
|turb|   0|   0|  1.111544e+07|  2.789842e+05|  1.917604e-03|  4.977632e-05|  3.273549e-01|     4|  24|0|n|30|  OK  |
|turb|   0|   1|  9.040808e+08|  2.214889e+06|  4.845520e-03|  5.856135e-04|  1.156593e+00|     4|  24|0|n|30|  OK  |
Filter: K,E,momentum: sd =   0 isolating K from zero=    141 E from zero=   1554 E from infinity=     32
slv : Fluid subdom(new) 0
slv : P static (new)                 : min(   5233) = 97632.604933742      , max(   7243) = 102924.24764235      
slv : Density (new)                  : min(   5233) = 1.1493535787885      , max(  19922) = 1.2227538873729      
slv : Velocity (new)                 : min(  23991) = 0.66527285197298     , max(  20023) = 73.357100760694      
slv : Mach number (new)              : min(  23991) = 0.001931464384857    , max(  20023) = 0.21428560609932     
slv : Turbulent k (new)              : min(  17515) = 1e-40                , max(  29442) = 140.17817807894      
slv : Turbulent e (new)              : min(  41925) = 3.0110817533205e-47  , max(  20085) = 1536.4219862432      
slv : Temperature (new)              : min(  20023) = 291.76740450714      , max(   5393) = 297.21260303549      
slv : Total enthalpy, Y-shifted (new): min(  42925) = 1205.9767492772      , max(   5233) = 4222.0553497048      
slv : MASS FLUXES AT OPENINGS: MF=-9027.79, AP=9027.82
slv : DvGr statistics: min alpha=0.148116(nfa=35968, geom_slice=0)
slv : +----------------------------------+------------+-------+------------+------------+
slv : |          Collector name          | Total Time | Count |  Avg Time  |  Max Time  |
slv : +----------------------------------+------------+-------+------------+------------+
slv : | Calculate_inc                    |      28.280|     51|       0.555|       0.923|
slv : | CollectEMT_Results               |       0.000|     52|       0.000|       0.000|
slv : | HeatPathCalculator_Dynamic       |       0.016|      1|       0.016|       0.016|
slv : | LiSy_make_portrait               |       0.679|    230|       0.003|       0.016|
slv : | Results_processing               |       5.641|     51|       0.111|       0.166|
slv : | build_sl_ordering_CHT            |       0.019|     52|       0.000|       0.009|
slv : | build_sl_ordering_MDS            |       0.126|     52|       0.002|       0.025|
slv : | build_sl_ordering_fluid          |       0.125|     52|       0.002|       0.025|
slv : | calc_Convolutions_MDS            |       0.901|     52|       0.017|       0.029|
slv : | calc_wall_dist                   |       0.502|      1|       0.502|       0.502|
slv : | create_Gr_operators_MDS          |       0.836|     52|       0.016|       0.030|
slv : | create_Gr_operators_portrait_MDS |       0.424|     52|       0.008|       0.015|
slv : | init_Hy_group_MDS                |       0.791|     52|       0.015|       0.027|
slv : | perform_stage_total              |      24.357|   1412|       0.017|       0.502|
slv : | precalc_at_start_MDS             |       0.663|      2|       0.332|       0.632|
slv : | solve_3M_MDS                     |       3.815|     52|       0.073|       0.164|
slv : | solve_3M_alg_MDS                 |       2.182|     52|       0.042|       0.115|
slv : | solve_BG_MDS                     |       2.196|     52|       0.042|       0.122|
slv : | solve_BG_alg_MDS                 |       1.554|     52|       0.030|       0.105|
slv : | solve_BL_MDS                     |       0.556|     52|       0.011|       0.027|
slv : | solve_CHT                        |       2.156|     52|       0.041|       0.073|
slv : | solve_CHT_MDS                    |       1.703|     52|       0.033|       0.065|
slv : | solve_CHT_alg_MDS                |       0.787|     52|       0.015|       0.048|
slv : | solve_DvGr_MDS                   |       6.219|     52|       0.120|       0.275|
slv : | solve_DvGr_alg_MDS               |       3.328|     52|       0.064|       0.185|
slv : | solve_INPR_MDS                   |       0.000|      1|       0.000|       0.000|
slv : | solve_PS+QJ                      |       0.000|      0|       0.000|       0.000|
slv : | solve_YLMA_MDS                   |       0.001|     52|       0.000|       0.000|
slv : | solve_YNOx_MDS                   |       0.000|     52|       0.000|       0.000|
slv : | solve_YTd_MDS                    |       0.001|     52|       0.000|       0.000|
slv : | solve_YTurb_MDS                  |       7.203|     52|       0.139|       0.308|
slv : | solve_YTurb_alg_MDS              |       3.330|    104|       0.032|       0.103|
slv : | update_BC_MDS                    |       0.000|     53|       0.000|       0.000|
slv : | update_Mf_after_DvGr             |       0.573|     52|       0.011|       0.021|
slv : | update_VelPressure_MDS           |       0.142|     52|       0.003|       0.005|
slv : +----------------------------------+------------+-------+------------+------------+
-----------------------------------------------------------------------
Memory Working Set Current = 306.05 Mb, Memory Working Set Peak = 308.22 Mb
Memory Private Bytes Current = 316.39 Mb, Memory Private Bytes Peak = 347.54 Mb
Process Threads Number: 14
-----------------------------------------------------------------------
Algebra Pool      : mem_usage = 209.81 Mb, allocated count = 1354

================== Tstep=52 ===================
<Dynamic P> on nsd = 0 {openings (inlet / outlet)}:
  (SP = Static Pressure, EP = Environment Pressure, TP = Total Pressure, E = External)
  {#0, E, (1.511070e+03 / 0.000000e+00)}
  {#1, E, (0.000000e+00 / 1.317846e+03)}
  {#2, E, (2.466229e+00 / 1.523966e+03)}
  {#3, E, (3.218075e+00 / 1.526000e+03)}
  {#4, E, (5.782844e+01 / 1.501043e+03)}
  {#5, E, (0.000000e+00 / 1.518372e+03)}
  MWS[  0]=2.53423
tau_viscous_averaged = 76.1355 
dt(mass,momentum; nsd=  0): min dt/dtG(ncv=  20023)=1.00 , max dt/dtG(ncv=  41751)=11.7   , dtG=0.0380588
Flow alg-view 0 in phys-view 0 isn't Neumann (not Multi Phase treating)
Face Momentum (sd=  0): max value of div(mf) (cv=37136) = 2.092393e+00
Flow alg-view 0 is not Neumann (not for Phase Change + Nested Iters)
+----+----+--------------+--------------+--------------+--------------+--------------+------+----+-+-+--+------+
|Name|view| Initial res  | Initial resL1| Target res   | Final res    | Final res L1 |Visits|Iter|R|F|CL|Status|
| BG |   0|  2.119133e+01|  3.036025e+01|  1.324458e-03|  6.008234e-04|  1.667687e+00|     8|  24|0|n|30|  OK  |
Face Momentum (sd=  0): max value of div(mf) (cv=45064) = 3.503475e-03
	norm_L2 of div(momentum) = 2.451170e-02.
Flow alg-view 0 in phys-view 0 isn't Neumann (not Multi Phase treating)
LOG: number of a-faces with weighted approximations in 0 subdomain: 6.89719 percent
LOG: Rate of a-faces corrected to CUp1st in 0 subdomain: 0.0160004 %
slv : SolveBL stage
|nsd|Real WF|NormalF|Cycle F|CriticF| EdgeF |CyclBrF|ExtParF|RWFnumSt|StLvlNum|  nfw  |  alp_U_min  |  nfw  |  alp_U_max  |  nfw  |  alp_T_min  |  nfw  |  alp_T_max  |  nfw  |  BL_s_min   |  nfw  |   BL_s_max  |
|  0|    804|    691|      0|     29|     84|      0|      0|     804|      39|   1464|0            |   1121|3.98395      |   1046|0            |   1055|11818.5      |   4346|-140.655     |   1046|0            |
Face Momentum (sd=  0): max value of div(mf) (cv=45064) = 3.503475e-03
	norm_L2 of div(momentum) = 2.451170e-02.
nsd = 0 BC: AP Inlet occurs on 1801 w-faces
+----+----+----+--------------+--------------+--------------+--------------+--------------+------+----+-+-+--+------+
|Name|view| n_y| Initial res  | Initial resL1| Target res   | Final res    | Final res L1 |Visits|Iter|R|F|CL|Status|
+----+----+----+--------------+--------------+--------------+--------------+--------------+------+----+-+-+--+------+
| 3M |   0|   0|  8.075352e+05|  1.489037e+05|  1.086354e+00|  4.294068e-01|  3.181987e+01|     4|  12|0|n|29|  OK  |
Velocity (predicted):
        (local) sd   0: min(  18203)=0.4826879171505      , max(  20023)=73.547023889934      
Flow alg-view 0 is not Neumann (not for Phase Change + Nested Iters)
+----+----+--------------+--------------+--------------+--------------+--------------+------+----+-+-+--+------+
|Name|view| Initial res  | Initial resL1| Target res   | Final res    | Final res L1 |Visits|Iter|R|F|CL|Status|
|DVGR|   0|  1.936278e+03|  4.676213e+03|  1.610223e-02|  1.484849e-02|  7.037976e+00|    10|  30|0|n|30|  OK  |
PRESSURE SOLVER(geom_index=  0): sum_C_dp=1.07726e-05
Face Momentum (sd=  0): max value of div(mf) (cv=46033) = 1.223153e-02
	norm_L2 of div(momentum) = 1.218545e-01.
nsd = 0 min_dtHy = 0.0380588 (nCV =	20023 ) max_dtHy = 0.445134 (nCV =	41751 ) 
+----+----+--------------+--------------+--------------+--------------+--------------+------+----+-+-+--+------+
|Name|view| Initial res  | Initial resL1| Target res   | Final res    | Final res L1 |Visits|Iter|R|F|CL|Status|
|CHT |   0|  6.873250e+07|  7.113373e+05|  4.295781e+03|  1.482040e+03|  2.916862e+03|     2|  18|0|n|30|  OK  |
nsd = 0 min_dtke = 0.000353186 (nCV =	17487 ) max_dtke = 0.176229 (nCV =	55591 ) 
+----+----+----+--------------+--------------+--------------+--------------+--------------+------+----+-+-+--+------+
|Name|view| n_y| Initial res  | Initial resL1| Target res   | Final res    | Final res L1 |Visits|Iter|R|F|CL|Status|
+----+----+----+--------------+--------------+--------------+--------------+--------------+------+----+-+-+--+------+
|turb|   0|   0|  9.630838e+06|  2.681875e+05|  1.889628e-03|  6.762408e-05|  3.016702e-01|     4|  24|0|n|30|  OK  |
|turb|   0|   1|  7.346525e+08|  2.064696e+06|  4.753250e-03|  2.110858e-04|  7.303683e-01|     4|  24|0|n|30|  OK  |
Filter: K,E,momentum: sd =   0 isolating K from zero=    116 E from zero=   1694 E from infinity=     20
slv : Fluid subdom(new) 0
slv : P static (new)                 : min(   5233) = 97643.980802276      , max(  18145) = 102924.29961774      
slv : Density (new)                  : min(   5233) = 1.1494567436599      , max(  19922) = 1.2227845216799      
slv : Velocity (new)                 : min(  18201) = 0.62603714669977     , max(  20023) = 73.289613005613      
slv : Mach number (new)              : min(  18201) = 0.0018161451866632   , max(  20023) = 0.21408665423414     
slv : Turbulent k (new)              : min(  12141) = 1e-40                , max(  29443) = 136.23574766978      
slv : Turbulent e (new)              : min(  41927) = 3.0156481165343e-47  , max(  20085) = 1752.5578564414      
slv : Temperature (new)              : min(  20023) = 291.77236582033      , max(   5393) = 297.22388129879      
slv : Total enthalpy, Y-shifted (new): min(  43329) = 1214.5036105598      , max(   5233) = 4233.5758373652      
slv : MASS FLUXES AT OPENINGS: MF=-9027.79, AP=9027.85
slv : DvGr statistics: min alpha=0.146159(nfa=34843, geom_slice=0)
slv : +----------------------------------+------------+-------+------------+------------+
slv : |          Collector name          | Total Time | Count |  Avg Time  |  Max Time  |
slv : +----------------------------------+------------+-------+------------+------------+
slv : | Calculate_inc                    |      28.815|     52|       0.554|       0.923|
slv : | CollectEMT_Results               |       0.000|     53|       0.000|       0.000|
slv : | HeatPathCalculator_Dynamic       |       0.016|      1|       0.016|       0.016|
slv : | LiSy_make_portrait               |       0.693|    234|       0.003|       0.016|
slv : | Results_processing               |       5.740|     52|       0.110|       0.166|
slv : | build_sl_ordering_CHT            |       0.019|     53|       0.000|       0.009|
slv : | build_sl_ordering_MDS            |       0.127|     53|       0.002|       0.025|
slv : | build_sl_ordering_fluid          |       0.125|     53|       0.002|       0.025|
slv : | calc_Convolutions_MDS            |       0.917|     53|       0.017|       0.029|
slv : | calc_wall_dist                   |       0.502|      1|       0.502|       0.502|
slv : | create_Gr_operators_MDS          |       0.866|     53|       0.016|       0.030|
slv : | create_Gr_operators_portrait_MDS |       0.430|     53|       0.008|       0.015|
slv : | init_Hy_group_MDS                |       0.804|     53|       0.015|       0.027|
slv : | perform_stage_total              |      24.823|   1439|       0.017|       0.502|
slv : | precalc_at_start_MDS             |       0.663|      2|       0.332|       0.632|
slv : | solve_3M_MDS                     |       3.898|     53|       0.074|       0.164|
slv : | solve_3M_alg_MDS                 |       2.235|     53|       0.042|       0.115|
slv : | solve_BG_MDS                     |       2.237|     53|       0.042|       0.122|
slv : | solve_BG_alg_MDS                 |       1.581|     53|       0.030|       0.105|
slv : | solve_BL_MDS                     |       0.566|     53|       0.011|       0.027|
slv : | solve_CHT                        |       2.200|     53|       0.042|       0.073|
slv : | solve_CHT_MDS                    |       1.739|     53|       0.033|       0.065|
slv : | solve_CHT_alg_MDS                |       0.808|     53|       0.015|       0.048|
slv : | solve_DvGr_MDS                   |       6.330|     53|       0.119|       0.275|
slv : | solve_DvGr_alg_MDS               |       3.386|     53|       0.064|       0.185|
slv : | solve_INPR_MDS                   |       0.000|      1|       0.000|       0.000|
slv : | solve_PS+QJ                      |       0.000|      0|       0.000|       0.000|
slv : | solve_YLMA_MDS                   |       0.001|     53|       0.000|       0.000|
slv : | solve_YNOx_MDS                   |       0.000|     53|       0.000|       0.000|
slv : | solve_YTd_MDS                    |       0.001|     53|       0.000|       0.000|
slv : | solve_YTurb_MDS                  |       7.348|     53|       0.139|       0.308|
slv : | solve_YTurb_alg_MDS              |       3.405|    106|       0.032|       0.103|
slv : | update_BC_MDS                    |       0.000|     54|       0.000|       0.000|
slv : | update_Mf_after_DvGr             |       0.582|     53|       0.011|       0.021|
slv : | update_VelPressure_MDS           |       0.144|     53|       0.003|       0.005|
slv : +----------------------------------+------------+-------+------------+------------+
-----------------------------------------------------------------------
Memory Working Set Current = 306.00 Mb, Memory Working Set Peak = 308.22 Mb
Memory Private Bytes Current = 316.39 Mb, Memory Private Bytes Peak = 347.54 Mb
Process Threads Number: 14
-----------------------------------------------------------------------
Algebra Pool      : mem_usage = 209.81 Mb, allocated count = 1361

================== Tstep=53 ===================
<Dynamic P> on nsd = 0 {openings (inlet / outlet)}:
  (SP = Static Pressure, EP = Environment Pressure, TP = Total Pressure, E = External)
  {#0, E, (1.511068e+03 / 0.000000e+00)}
  {#1, E, (0.000000e+00 / 1.316314e+03)}
  {#2, E, (2.274288e+00 / 1.525045e+03)}
  {#3, E, (3.077267e+00 / 1.525724e+03)}
  {#4, E, (5.922827e+01 / 1.501883e+03)}
  {#5, E, (0.000000e+00 / 1.516959e+03)}
  MWS[  0]=2.53202
tau_viscous_averaged = 67.6921 
dt(mass,momentum; nsd=  0): min dt/dtG(ncv=  20023)=1.00 , max dt/dtG(ncv=  18207)=11.2   , dtG=0.0379474
Flow alg-view 0 in phys-view 0 isn't Neumann (not Multi Phase treating)
Face Momentum (sd=  0): max value of div(mf) (cv=30105) = 2.280204e+00
Flow alg-view 0 is not Neumann (not for Phase Change + Nested Iters)
+----+----+--------------+--------------+--------------+--------------+--------------+------+----+-+-+--+------+
|Name|view| Initial res  | Initial resL1| Target res   | Final res    | Final res L1 |Visits|Iter|R|F|CL|Status|
| BG |   0|  1.556597e+01|  2.131702e+01|  9.728733e-04|  6.583359e-04|  1.929226e+00|     7|  21|0|n|30|  OK  |
Face Momentum (sd=  0): max value of div(mf) (cv=31274) = 3.157568e-03
	norm_L2 of div(momentum) = 2.565806e-02.
Flow alg-view 0 in phys-view 0 isn't Neumann (not Multi Phase treating)
LOG: number of a-faces with weighted approximations in 0 subdomain: 6.71715 percent
LOG: Rate of a-faces corrected to CUp1st in 0 subdomain: 0.0136612 %
slv : SolveBL stage
|nsd|Real WF|NormalF|Cycle F|CriticF| EdgeF |CyclBrF|ExtParF|RWFnumSt|StLvlNum|  nfw  |  alp_U_min  |  nfw  |  alp_U_max  |  nfw  |  alp_T_min  |  nfw  |  alp_T_max  |  nfw  |  BL_s_min   |  nfw  |   BL_s_max  |
|  0|    804|    693|      0|     30|     81|      0|      0|     804|      44|   1464|0            |   1121|3.99125      |   1046|0            |   1055|11044.6      |   2153|-121.693     |   1046|0            |
Face Momentum (sd=  0): max value of div(mf) (cv=31274) = 3.157568e-03
	norm_L2 of div(momentum) = 2.565806e-02.
nsd = 0 BC: AP Inlet occurs on 1812 w-faces
+----+----+----+--------------+--------------+--------------+--------------+--------------+------+----+-+-+--+------+
|Name|view| n_y| Initial res  | Initial resL1| Target res   | Final res    | Final res L1 |Visits|Iter|R|F|CL|Status|
+----+----+----+--------------+--------------+--------------+--------------+--------------+------+----+-+-+--+------+
| 3M |   0|   0|  5.850720e+05|  1.271118e+05|  1.092850e+00|  9.206668e-01|  3.639377e+01|     4|  12|0|n|29|  OK  |
Velocity (predicted):
        (local) sd   0: min(  18201)=0.428626742566       , max(  20023)=73.33865566092       
Flow alg-view 0 is not Neumann (not for Phase Change + Nested Iters)
+----+----+--------------+--------------+--------------+--------------+--------------+------+----+-+-+--+------+
|Name|view| Initial res  | Initial resL1| Target res   | Final res    | Final res L1 |Visits|Iter|R|F|CL|Status|
|DVGR|   0|  1.431090e+03|  4.100470e+03|  1.620812e-02|  1.299265e-02|  6.664368e+00|    10|  30|0|n|30|  OK  |
PRESSURE SOLVER(geom_index=  0): sum_C_dp=1.74288e-06
Face Momentum (sd=  0): max value of div(mf) (cv=45976) = 1.128600e-02
	norm_L2 of div(momentum) = 1.139854e-01.
nsd = 0 min_dtHy = 0.0379474 (nCV =	20023 ) max_dtHy = 0.423231 (nCV =	18207 ) 
+----+----+--------------+--------------+--------------+--------------+--------------+------+----+-+-+--+------+
|Name|view| Initial res  | Initial resL1| Target res   | Final res    | Final res L1 |Visits|Iter|R|F|CL|Status|
|CHT |   0|  4.662452e+07|  6.070846e+05|  2.914032e+03|  9.025078e+02|  2.341675e+03|     2|  18|0|n|30|  OK  |
nsd = 0 min_dtke = 0.000348257 (nCV =	20849 ) max_dtke = 0.181335 (nCV =	55591 ) 
+----+----+----+--------------+--------------+--------------+--------------+--------------+------+----+-+-+--+------+
|Name|view| n_y| Initial res  | Initial resL1| Target res   | Final res    | Final res L1 |Visits|Iter|R|F|CL|Status|
+----+----+----+--------------+--------------+--------------+--------------+--------------+------+----+-+-+--+------+
|turb|   0|   0|  8.285287e+06|  2.542469e+05|  1.916916e-03|  4.290712e-05|  2.711915e-01|     4|  24|0|n|30|  OK  |
|turb|   0|   1|  6.043141e+08|  1.911435e+06|  4.804578e-03|  1.179952e-04|  6.079517e-01|     4|  24|0|n|30|  OK  |
Filter: K,E,momentum: sd =   0 isolating K from zero=     75 E from zero=   1511 E from infinity=     21
slv : Fluid subdom(new) 0
slv : P static (new)                 : min(   5233) = 97652.743545332      , max(  18145) = 102924.45736197      
slv : Density (new)                  : min(   5233) = 1.1495301728773      , max(  19922) = 1.2227998747086      
slv : Velocity (new)                 : min(  18201) = 0.24306243520207     , max(  20023) = 73.120181361638      
slv : Mach number (new)              : min(  18201) = 0.00070515835476237  , max(  20023) = 0.21358721499031     
slv : Turbulent k (new)              : min(  17227) = 1e-40                , max(  29454) = 130.70370630933      
slv : Turbulent e (new)              : min(  27874) = 1.9194923488381e-47  , max(  20085) = 1905.3592974511      
slv : Temperature (new)              : min(  20023) = 291.78475220836      , max(   5393) = 297.23627730218      
slv : Total enthalpy, Y-shifted (new): min(  43341) = 1222.5453720783      , max(   5233) = 4245.2203706197      
slv : MASS FLUXES AT OPENINGS: MF=-9027.79, AP=9027.86
slv : DvGr statistics: min alpha=0.145186(nfa=34927, geom_slice=0)
slv : +----------------------------------+------------+-------+------------+------------+
slv : |          Collector name          | Total Time | Count |  Avg Time  |  Max Time  |
slv : +----------------------------------+------------+-------+------------+------------+
slv : | Calculate_inc                    |      29.379|     53|       0.554|       0.923|
slv : | CollectEMT_Results               |       0.000|     54|       0.000|       0.000|
slv : | HeatPathCalculator_Dynamic       |       0.016|      1|       0.016|       0.016|
slv : | LiSy_make_portrait               |       0.704|    238|       0.003|       0.016|
slv : | Results_processing               |       5.840|     53|       0.110|       0.166|
slv : | build_sl_ordering_CHT            |       0.019|     54|       0.000|       0.009|
slv : | build_sl_ordering_MDS            |       0.127|     54|       0.002|       0.025|
slv : | build_sl_ordering_fluid          |       0.125|     54|       0.002|       0.025|
slv : | calc_Convolutions_MDS            |       0.933|     54|       0.017|       0.029|
slv : | calc_wall_dist                   |       0.502|      1|       0.502|       0.502|
slv : | create_Gr_operators_MDS          |       0.879|     54|       0.016|       0.030|
slv : | create_Gr_operators_portrait_MDS |       0.438|     54|       0.008|       0.015|
slv : | init_Hy_group_MDS                |       0.819|     54|       0.015|       0.027|
slv : | perform_stage_total              |      25.273|   1466|       0.017|       0.502|
slv : | precalc_at_start_MDS             |       0.663|      2|       0.332|       0.632|
slv : | solve_3M_MDS                     |       3.976|     54|       0.074|       0.164|
slv : | solve_3M_alg_MDS                 |       2.283|     54|       0.042|       0.115|
slv : | solve_BG_MDS                     |       2.271|     54|       0.042|       0.122|
slv : | solve_BG_alg_MDS                 |       1.601|     54|       0.030|       0.105|
slv : | solve_BL_MDS                     |       0.576|     54|       0.011|       0.027|
slv : | solve_CHT                        |       2.246|     54|       0.042|       0.073|
slv : | solve_CHT_MDS                    |       1.778|     54|       0.033|       0.065|
slv : | solve_CHT_alg_MDS                |       0.828|     54|       0.015|       0.048|
slv : | solve_DvGr_MDS                   |       6.439|     54|       0.119|       0.275|
slv : | solve_DvGr_alg_MDS               |       3.445|     54|       0.064|       0.185|
slv : | solve_INPR_MDS                   |       0.000|      1|       0.000|       0.000|
slv : | solve_PS+QJ                      |       0.000|      0|       0.000|       0.000|
slv : | solve_YLMA_MDS                   |       0.001|     54|       0.000|       0.000|
slv : | solve_YNOx_MDS                   |       0.000|     54|       0.000|       0.000|
slv : | solve_YTd_MDS                    |       0.001|     54|       0.000|       0.000|
slv : | solve_YTurb_MDS                  |       7.504|     54|       0.139|       0.308|
slv : | solve_YTurb_alg_MDS              |       3.489|    108|       0.032|       0.103|
slv : | update_BC_MDS                    |       0.000|     55|       0.000|       0.000|
slv : | update_Mf_after_DvGr             |       0.596|     54|       0.011|       0.021|
slv : | update_VelPressure_MDS           |       0.147|     54|       0.003|       0.005|
slv : +----------------------------------+------------+-------+------------+------------+
-----------------------------------------------------------------------
Memory Working Set Current = 305.33 Mb, Memory Working Set Peak = 308.22 Mb
Memory Private Bytes Current = 315.55 Mb, Memory Private Bytes Peak = 347.54 Mb
Process Threads Number: 14
-----------------------------------------------------------------------
Algebra Pool      : mem_usage = 209.81 Mb, allocated count = 1352

================== Tstep=54 ===================
<Dynamic P> on nsd = 0 {openings (inlet / outlet)}:
  (SP = Static Pressure, EP = Environment Pressure, TP = Total Pressure, E = External)
  {#0, E, (1.511072e+03 / 0.000000e+00)}
  {#1, E, (0.000000e+00 / 1.314602e+03)}
  {#2, E, (2.248012e+00 / 1.524763e+03)}
  {#3, E, (3.097360e+00 / 1.525708e+03)}
  {#4, E, (6.067353e+01 / 1.501174e+03)}
  {#5, E, (0.000000e+00 / 1.514612e+03)}
  MWS[  0]=2.52633
tau_viscous_averaged = 65.4979 
dt(mass,momentum; nsd=  0): min dt/dtG(ncv=  20023)=1.00 , max dt/dtG(ncv=  18425)=11.6   , dtG=0.0379668
Flow alg-view 0 in phys-view 0 isn't Neumann (not Multi Phase treating)
Face Momentum (sd=  0): max value of div(mf) (cv=5130) = 2.305050e+00
Flow alg-view 0 is not Neumann (not for Phase Change + Nested Iters)
+----+----+--------------+--------------+--------------+--------------+--------------+------+----+-+-+--+------+
|Name|view| Initial res  | Initial resL1| Target res   | Final res    | Final res L1 |Visits|Iter|R|F|CL|Status|
| BG |   0|  1.769552e+01|  2.016509e+01|  1.105970e-03|  8.463543e-04|  2.194102e+00|     7|  21|0|n|30|  OK  |
Face Momentum (sd=  0): max value of div(mf) (cv=2593) = 4.466054e-03
	norm_L2 of div(momentum) = 2.909217e-02.
Flow alg-view 0 in phys-view 0 isn't Neumann (not Multi Phase treating)
LOG: number of a-faces with weighted approximations in 0 subdomain: 6.53531 percent
LOG: Rate of a-faces corrected to CUp1st in 0 subdomain: 0.0133331 %
slv : SolveBL stage
|nsd|Real WF|NormalF|Cycle F|CriticF| EdgeF |CyclBrF|ExtParF|RWFnumSt|StLvlNum|  nfw  |  alp_U_min  |  nfw  |  alp_U_max  |  nfw  |  alp_T_min  |  nfw  |  alp_T_max  |  nfw  |  BL_s_min   |  nfw  |   BL_s_max  |
|  0|    804|    691|      0|     29|     84|      0|      0|     804|      44|   1466|0            |   1121|3.99893      |   1046|0            |   2524|8779.62      |   4346|-145.793     |   1046|0            |
Face Momentum (sd=  0): max value of div(mf) (cv=2593) = 4.466054e-03
	norm_L2 of div(momentum) = 2.909217e-02.
nsd = 0 BC: AP Inlet occurs on 1817 w-faces
+----+----+----+--------------+--------------+--------------+--------------+--------------+------+----+-+-+--+------+
|Name|view| n_y| Initial res  | Initial resL1| Target res   | Final res    | Final res L1 |Visits|Iter|R|F|CL|Status|
+----+----+----+--------------+--------------+--------------+--------------+--------------+------+----+-+-+--+------+
| 3M |   0|   0|  4.155383e+05|  1.085571e+05|  1.091994e+00|  3.264166e-01|  2.750255e+01|     4|  12|0|n|29|  OK  |
Velocity (predicted):
        (local) sd   0: min(  20094)=0.39333711806372     , max(  20023)=73.022760844387      
Flow alg-view 0 is not Neumann (not for Phase Change + Nested Iters)
+----+----+--------------+--------------+--------------+--------------+--------------+------+----+-+-+--+------+
|Name|view| Initial res  | Initial resL1| Target res   | Final res    | Final res L1 |Visits|Iter|R|F|CL|Status|
|DVGR|   0|  1.011340e+03|  3.564532e+03|  1.619232e-02|  1.235193e-02|  6.510042e+00|    10|  30|0|n|30|  OK  |
PRESSURE SOLVER(geom_index=  0): sum_C_dp=-1.27086e-05
Face Momentum (sd=  0): max value of div(mf) (cv=45976) = 1.114667e-02
	norm_L2 of div(momentum) = 1.111394e-01.
nsd = 0 min_dtHy = 0.0379668 (nCV =	20023 ) max_dtHy = 0.44123 (nCV =	18425 ) 
+----+----+--------------+--------------+--------------+--------------+--------------+------+----+-+-+--+------+
|Name|view| Initial res  | Initial resL1| Target res   | Final res    | Final res L1 |Visits|Iter|R|F|CL|Status|
|CHT |   0|  3.291292e+07|  5.286171e+05|  2.057057e+03|  9.367197e+02|  2.385817e+03|     2|  18|0|n|30|  OK  |
nsd = 0 min_dtke = 0.000355409 (nCV =	23641 ) max_dtke = 0.180984 (nCV =	55403 ) 
+----+----+----+--------------+--------------+--------------+--------------+--------------+------+----+-+-+--+------+
|Name|view| n_y| Initial res  | Initial resL1| Target res   | Final res    | Final res L1 |Visits|Iter|R|F|CL|Status|
+----+----+----+--------------+--------------+--------------+--------------+--------------+------+----+-+-+--+------+
|turb|   0|   0|  7.681953e+06|  2.406512e+05|  1.902707e-03|  5.532404e-04|  6.154443e-01|     4|  24|0|n|30|  OK  |
|turb|   0|   1|  5.544474e+08|  1.767656e+06|  4.743589e-03|  3.084624e-04|  7.865166e-01|     4|  24|0|n|30|  OK  |
Filter: K,E,momentum: sd =   0 isolating K from zero=     20 E from zero=   1431 E from infinity=      9
slv : Fluid subdom(new) 0
slv : P static (new)                 : min(   5233) = 97659.737845574      , max(  18145) = 102924.46324034      
slv : Density (new)                  : min(   5233) = 1.1495907503658      , max(  19922) = 1.2227533822885      
slv : Velocity (new)                 : min(  20107) = 0.21938203291524     , max(  20023) = 72.859990758156      
slv : Mach number (new)              : min(  20107) = 0.00063734248208653  , max(  20023) = 0.21282033530974     
slv : Turbulent k (new)              : min(  17227) = 1e-40                , max(  47470) = 127.16853849004      
slv : Turbulent e (new)              : min(  57309) = 8.4042182880797e-48  , max(  20085) = 1947.8422329221      
slv : Temperature (new)              : min(  20023) = 291.8036317332       , max(   5393) = 297.25599651635      
slv : Total enthalpy, Y-shifted (new): min(  43372) = 1233.6145638997      , max(   5233) = 4254.134639194       
slv : MASS FLUXES AT OPENINGS: MF=-9027.79, AP=9027.87
slv : DvGr statistics: min alpha=0.146242(nfa=34939, geom_slice=0)
slv : +----------------------------------+------------+-------+------------+------------+
slv : |          Collector name          | Total Time | Count |  Avg Time  |  Max Time  |
slv : +----------------------------------+------------+-------+------------+------------+
slv : | Calculate_inc                    |      29.929|     54|       0.554|       0.923|
slv : | CollectEMT_Results               |       0.000|     55|       0.000|       0.000|
slv : | HeatPathCalculator_Dynamic       |       0.016|      1|       0.016|       0.016|
slv : | LiSy_make_portrait               |       0.714|    242|       0.003|       0.016|
slv : | Results_processing               |       5.943|     54|       0.110|       0.166|
slv : | build_sl_ordering_CHT            |       0.019|     55|       0.000|       0.009|
slv : | build_sl_ordering_MDS            |       0.127|     55|       0.002|       0.025|
slv : | build_sl_ordering_fluid          |       0.126|     55|       0.002|       0.025|
slv : | calc_Convolutions_MDS            |       0.946|     55|       0.017|       0.029|
slv : | calc_wall_dist                   |       0.502|      1|       0.502|       0.502|
slv : | create_Gr_operators_MDS          |       0.896|     55|       0.016|       0.030|
slv : | create_Gr_operators_portrait_MDS |       0.447|     55|       0.008|       0.015|
slv : | init_Hy_group_MDS                |       0.840|     55|       0.015|       0.027|
slv : | perform_stage_total              |      25.733|   1493|       0.017|       0.502|
slv : | precalc_at_start_MDS             |       0.663|      2|       0.332|       0.632|
slv : | solve_3M_MDS                     |       4.051|     55|       0.074|       0.164|
slv : | solve_3M_alg_MDS                 |       2.329|     55|       0.042|       0.115|
slv : | solve_BG_MDS                     |       2.310|     55|       0.042|       0.122|
slv : | solve_BG_alg_MDS                 |       1.630|     55|       0.030|       0.105|
slv : | solve_BL_MDS                     |       0.585|     55|       0.011|       0.027|
slv : | solve_CHT                        |       2.312|     55|       0.042|       0.073|
slv : | solve_CHT_MDS                    |       1.834|     55|       0.033|       0.065|
slv : | solve_CHT_alg_MDS                |       0.867|     55|       0.016|       0.048|
slv : | solve_DvGr_MDS                   |       6.547|     55|       0.119|       0.275|
slv : | solve_DvGr_alg_MDS               |       3.500|     55|       0.064|       0.185|
slv : | solve_INPR_MDS                   |       0.000|      1|       0.000|       0.000|
slv : | solve_PS+QJ                      |       0.000|      0|       0.000|       0.000|
slv : | solve_YLMA_MDS                   |       0.001|     55|       0.000|       0.000|
slv : | solve_YNOx_MDS                   |       0.000|     55|       0.000|       0.000|
slv : | solve_YTd_MDS                    |       0.001|     55|       0.000|       0.000|
slv : | solve_YTurb_MDS                  |       7.657|     55|       0.139|       0.308|
slv : | solve_YTurb_alg_MDS              |       3.565|    110|       0.032|       0.103|
slv : | update_BC_MDS                    |       0.000|     56|       0.000|       0.000|
slv : | update_Mf_after_DvGr             |       0.612|     55|       0.011|       0.021|
slv : | update_VelPressure_MDS           |       0.150|     55|       0.003|       0.005|
slv : +----------------------------------+------------+-------+------------+------------+
Interpolator cache: total calls 4856, optimised calls 439 (9.0 %)
-----------------------------------------------------------------------
Memory Working Set Current = 305.40 Mb, Memory Working Set Peak = 308.22 Mb
Memory Private Bytes Current = 315.62 Mb, Memory Private Bytes Peak = 347.54 Mb
Process Threads Number: 14
-----------------------------------------------------------------------
Iteration : time = 3.26877 , count = 5 , time/count = 0.653754
Calculate_inc() : time = 2.75615 , count = 5 , time/count = 0.55123
TreatFlowEvolution() : time = 0.280238 , count = 5 , time/count = 0.0560476
SolverPreview : time = 0.22341 , count = 5 , time/count = 0.044682
TreatGoals : time = 0.27526 , count = 5 , time/count = 0.055052
Algebra Pool      : mem_usage = 209.81 Mb, allocated count = 1356

================== Tstep=55 ===================
<Dynamic P> on nsd = 0 {openings (inlet / outlet)}:
  (SP = Static Pressure, EP = Environment Pressure, TP = Total Pressure, E = External)
  {#0, E, (1.511079e+03 / 0.000000e+00)}
  {#1, E, (0.000000e+00 / 1.310418e+03)}
  {#2, E, (2.338245e+00 / 1.524598e+03)}
  {#3, E, (3.180844e+00 / 1.525576e+03)}
  {#4, E, (6.196136e+01 / 1.501364e+03)}
  {#5, E, (0.000000e+00 / 1.511372e+03)}
  MWS[  0]=2.51741
tau_viscous_averaged = 63.7361 
dt(mass,momentum; nsd=  0): min dt/dtG(ncv=  20023)=1.00 , max dt/dtG(ncv=  39833)=12.0   , dtG=0.0380816
Flow alg-view 0 in phys-view 0 isn't Neumann (not Multi Phase treating)
Face Momentum (sd=  0): max value of div(mf) (cv=5130) = 2.328219e+00
Flow alg-view 0 is not Neumann (not for Phase Change + Nested Iters)
+----+----+--------------+--------------+--------------+--------------+--------------+------+----+-+-+--+------+
|Name|view| Initial res  | Initial resL1| Target res   | Final res    | Final res L1 |Visits|Iter|R|F|CL|Status|
| BG |   0|  8.779074e+00|  1.542152e+01|  5.486922e-04|  1.349326e-04|  9.858655e-01|     8|  24|0|n|30|  OK  |
Face Momentum (sd=  0): max value of div(mf) (cv=2596) = 1.285668e-03
	norm_L2 of div(momentum) = 1.161605e-02.
Flow alg-view 0 in phys-view 0 isn't Neumann (not Multi Phase treating)
LOG: number of a-faces with weighted approximations in 0 subdomain: 6.41449 percent
LOG: Rate of a-faces corrected to CUp1st in 0 subdomain: 0.0116036 %
slv : SolveBL stage
|nsd|Real WF|NormalF|Cycle F|CriticF| EdgeF |CyclBrF|ExtParF|RWFnumSt|StLvlNum|  nfw  |  alp_U_min  |  nfw  |  alp_U_max  |  nfw  |  alp_T_min  |  nfw  |  alp_T_max  |  nfw  |  BL_s_min   |  nfw  |   BL_s_max  |
|  0|    804|    691|      0|     25|     88|      0|      0|     804|      39|   1466|0            |   1121|4.00378      |   1046|0            |   2187|12186.4      |   2153|-121.959     |   1046|0            |
Face Momentum (sd=  0): max value of div(mf) (cv=2596) = 1.285668e-03
	norm_L2 of div(momentum) = 1.161605e-02.
nsd = 0 BC: AP Inlet occurs on 1805 w-faces
+----+----+----+--------------+--------------+--------------+--------------+--------------+------+----+-+-+--+------+
|Name|view| n_y| Initial res  | Initial resL1| Target res   | Final res    | Final res L1 |Visits|Iter|R|F|CL|Status|
+----+----+----+--------------+--------------+--------------+--------------+--------------+------+----+-+-+--+------+
| 3M |   0|   0|  2.935100e+05|  9.266870e+04|  1.092801e+00|  5.014573e-02|  1.915246e+01|     4|  12|0|n|29|  OK  |
Velocity (predicted):
        (local) sd   0: min(  25245)=0.38671883074969     , max(  20023)=72.878183641835      
Flow alg-view 0 is not Neumann (not for Phase Change + Nested Iters)
+----+----+--------------+--------------+--------------+--------------+--------------+------+----+-+-+--+------+
|Name|view| Initial res  | Initial resL1| Target res   | Final res    | Final res L1 |Visits|Iter|R|F|CL|Status|
|DVGR|   0|  7.310805e+02|  3.132386e+03|  1.601303e-02|  1.122406e-02|  6.132137e+00|    10|  30|0|n|30|  OK  |
PRESSURE SOLVER(geom_index=  0): sum_C_dp=-2.22285e-05
Face Momentum (sd=  0): max value of div(mf) (cv=46032) = 1.095873e-02
	norm_L2 of div(momentum) = 1.059438e-01.
nsd = 0 min_dtHy = 0.0380816 (nCV =	20023 ) max_dtHy = 0.455904 (nCV =	39833 ) 
+----+----+--------------+--------------+--------------+--------------+--------------+------+----+-+-+--+------+
|Name|view| Initial res  | Initial resL1| Target res   | Final res    | Final res L1 |Visits|Iter|R|F|CL|Status|
|CHT |   0|  2.758520e+07|  4.808666e+05|  1.724075e+03|  1.462316e+03|  2.868085e+03|     2|  18|0|n|30|  OK  |
nsd = 0 min_dtke = 0.000525666 (nCV =	23641 ) max_dtke = 0.179266 (nCV =	55403 ) 
+----+----+----+--------------+--------------+--------------+--------------+--------------+------+----+-+-+--+------+
|Name|view| n_y| Initial res  | Initial resL1| Target res   | Final res    | Final res L1 |Visits|Iter|R|F|CL|Status|
+----+----+----+--------------+--------------+--------------+--------------+--------------+------+----+-+-+--+------+
|turb|   0|   0|  7.552427e+06|  2.259619e+05|  1.879929e-03|  1.001660e-03|  6.678917e-01|     4|  24|0|n|30|  OK  |
|turb|   0|   1|  5.416588e+08|  1.613218e+06|  4.648400e-03|  1.069562e-03|  1.154997e+00|     4|  24|0|n|30|  OK  |
Filter: K,E,momentum: sd =   0 isolating K from zero=     12 E from zero=   1564 E from infinity=     11
slv : Fluid subdom(new) 0
slv : P static (new)                 : min(   5233) = 97666.317007512      , max(  18145) = 102924.56628289      
slv : Density (new)                  : min(   5233) = 1.1496603363858      , max(  19922) = 1.2226646608583      
slv : Velocity (new)                 : min(  20095) = 0.14728160958178     , max(  20023) = 72.770044545958      
slv : Mach number (new)              : min(  20095) = 0.00042793263912803  , max(  20023) = 0.21255525084365     
slv : Turbulent k (new)              : min(  17227) = 1e-40                , max(  38931) = 132.5259108349       
slv : Turbulent e (new)              : min(  57330) = 7.6361040996108e-48  , max(  20087) = 1942.2358023942      
slv : Temperature (new)              : min(  20023) = 291.81013245885      , max(   5393) = 297.25902195271      
slv : Total enthalpy, Y-shifted (new): min(  20848) = 1233.9296844514      , max(   5233) = 4255.6585627753      
slv : MASS FLUXES AT OPENINGS: MF=-9027.79, AP=9027.9
slv : DvGr statistics: min alpha=0.149267(nfa=34927, geom_slice=0)
slv : +----------------------------------+------------+-------+------------+------------+
slv : |          Collector name          | Total Time | Count |  Avg Time  |  Max Time  |
slv : +----------------------------------+------------+-------+------------+------------+
slv : | Calculate_inc                    |      30.506|     55|       0.555|       0.923|
slv : | CollectEMT_Results               |       0.000|     56|       0.000|       0.000|
slv : | HeatPathCalculator_Dynamic       |       0.016|      1|       0.016|       0.016|
slv : | LiSy_make_portrait               |       0.725|    246|       0.003|       0.016|
slv : | Results_processing               |       6.046|     55|       0.110|       0.166|
slv : | build_sl_ordering_CHT            |       0.019|     56|       0.000|       0.009|
slv : | build_sl_ordering_MDS            |       0.127|     56|       0.002|       0.025|
slv : | build_sl_ordering_fluid          |       0.126|     56|       0.002|       0.025|
slv : | calc_Convolutions_MDS            |       0.964|     56|       0.017|       0.029|
slv : | calc_wall_dist                   |       0.502|      1|       0.502|       0.502|
slv : | create_Gr_operators_MDS          |       0.915|     56|       0.016|       0.030|
slv : | create_Gr_operators_portrait_MDS |       0.456|     56|       0.008|       0.015|
slv : | init_Hy_group_MDS                |       0.853|     56|       0.015|       0.027|
slv : | perform_stage_total              |      26.170|   1520|       0.017|       0.502|
slv : | precalc_at_start_MDS             |       0.663|      2|       0.332|       0.632|
slv : | solve_3M_MDS                     |       4.126|     56|       0.074|       0.164|
slv : | solve_3M_alg_MDS                 |       2.376|     56|       0.042|       0.115|
slv : | solve_BG_MDS                     |       2.349|     56|       0.042|       0.122|
slv : | solve_BG_alg_MDS                 |       1.657|     56|       0.030|       0.105|
slv : | solve_BL_MDS                     |       0.600|     56|       0.011|       0.027|
slv : | solve_CHT                        |       2.353|     56|       0.042|       0.073|
slv : | solve_CHT_MDS                    |       1.867|     56|       0.033|       0.065|
slv : | solve_CHT_alg_MDS                |       0.885|     56|       0.016|       0.048|
slv : | solve_DvGr_MDS                   |       6.652|     56|       0.119|       0.275|
slv : | solve_DvGr_alg_MDS               |       3.556|     56|       0.063|       0.185|
slv : | solve_INPR_MDS                   |       0.000|      1|       0.000|       0.000|
slv : | solve_PS+QJ                      |       0.000|      0|       0.000|       0.000|
slv : | solve_YLMA_MDS                   |       0.001|     56|       0.000|       0.000|
slv : | solve_YNOx_MDS                   |       0.000|     56|       0.000|       0.000|
slv : | solve_YTd_MDS                    |       0.001|     56|       0.000|       0.000|
slv : | solve_YTurb_MDS                  |       7.786|     56|       0.139|       0.308|
slv : | solve_YTurb_alg_MDS              |       3.629|    112|       0.032|       0.103|
slv : | update_BC_MDS                    |       0.000|     57|       0.000|       0.000|
slv : | update_Mf_after_DvGr             |       0.623|     56|       0.011|       0.021|
slv : | update_VelPressure_MDS           |       0.153|     56|       0.003|       0.005|
slv : +----------------------------------+------------+-------+------------+------------+
-----------------------------------------------------------------------
Memory Working Set Current = 306.17 Mb, Memory Working Set Peak = 308.22 Mb
Memory Private Bytes Current = 316.46 Mb, Memory Private Bytes Peak = 347.54 Mb
Process Threads Number: 14
-----------------------------------------------------------------------
Algebra Pool      : mem_usage = 209.81 Mb, allocated count = 1349

================== Tstep=56 ===================
<Dynamic P> on nsd = 0 {openings (inlet / outlet)}:
  (SP = Static Pressure, EP = Environment Pressure, TP = Total Pressure, E = External)
  {#0, E, (1.511087e+03 / 0.000000e+00)}
  {#1, E, (0.000000e+00 / 1.304400e+03)}
  {#2, E, (2.512043e+00 / 1.524376e+03)}
  {#3, E, (3.348200e+00 / 1.525413e+03)}
  {#4, E, (6.321930e+01 / 1.501482e+03)}
  {#5, E, (0.000000e+00 / 1.507303e+03)}
  MWS[  0]=2.51438
tau_viscous_averaged = 61.8174 
dt(mass,momentum; nsd=  0): min dt/dtG(ncv=  20023)=1.00 , max dt/dtG(ncv=  40276)=11.7   , dtG=0.0381105
Flow alg-view 0 in phys-view 0 isn't Neumann (not Multi Phase treating)
Face Momentum (sd=  0): max value of div(mf) (cv=30160) = 1.157619e+00
Flow alg-view 0 is not Neumann (not for Phase Change + Nested Iters)
+----+----+--------------+--------------+--------------+--------------+--------------+------+----+-+-+--+------+
|Name|view| Initial res  | Initial resL1| Target res   | Final res    | Final res L1 |Visits|Iter|R|F|CL|Status|
| BG |   0|  3.706680e+00|  1.183791e+01|  2.316675e-04|  8.877891e-05|  4.844440e-01|     9|  27|0|n|30|  OK  |
Face Momentum (sd=  0): max value of div(mf) (cv=44000) = 1.265373e-03
	norm_L2 of div(momentum) = 9.422256e-03.
Flow alg-view 0 in phys-view 0 isn't Neumann (not Multi Phase treating)
LOG: number of a-faces with weighted approximations in 0 subdomain: 6.42585 percent
LOG: Rate of a-faces corrected to CUp1st in 0 subdomain: 0.00887469 %
slv : SolveBL stage
|nsd|Real WF|NormalF|Cycle F|CriticF| EdgeF |CyclBrF|ExtParF|RWFnumSt|StLvlNum|  nfw  |  alp_U_min  |  nfw  |  alp_U_max  |  nfw  |  alp_T_min  |  nfw  |  alp_T_max  |  nfw  |  BL_s_min   |  nfw  |   BL_s_max  |
|  0|    804|    692|      0|     26|     86|      0|      0|     804|      41|   1466|0            |   1121|4.00268      |   1046|0            |   2187|12224.1      |   1027|-122.025     |   1046|0            |
Face Momentum (sd=  0): max value of div(mf) (cv=44000) = 1.265373e-03
	norm_L2 of div(momentum) = 9.422256e-03.
nsd = 0 BC: AP Inlet occurs on 1798 w-faces
+----+----+----+--------------+--------------+--------------+--------------+--------------+------+----+-+-+--+------+
|Name|view| n_y| Initial res  | Initial resL1| Target res   | Final res    | Final res L1 |Visits|Iter|R|F|CL|Status|
+----+----+----+--------------+--------------+--------------+--------------+--------------+------+----+-+-+--+------+
| 3M |   0|   0|  2.316540e+05|  8.029543e+04|  1.101626e+00|  3.300257e-02|  1.741571e+01|     4|  12|0|n|29|  OK  |
Velocity (predicted):
        (local) sd   0: min(   7582)=0.72815064930699     , max(  20023)=72.838796957666      
Flow alg-view 0 is not Neumann (not for Phase Change + Nested Iters)
+----+----+--------------+--------------+--------------+--------------+--------------+------+----+-+-+--+------+
|Name|view| Initial res  | Initial resL1| Target res   | Final res    | Final res L1 |Visits|Iter|R|F|CL|Status|
|DVGR|   0|  6.066119e+02|  2.837805e+03|  1.588017e-02|  9.738006e-03|  5.567203e+00|    10|  30|0|n|30|  OK  |
PRESSURE SOLVER(geom_index=  0): sum_C_dp=-1.94781e-05
Face Momentum (sd=  0): max value of div(mf) (cv=46032) = 1.152298e-02
	norm_L2 of div(momentum) = 9.868139e-02.
nsd = 0 min_dtHy = 0.0381105 (nCV =	20023 ) max_dtHy = 0.444838 (nCV =	40276 ) 
+----+----+--------------+--------------+--------------+--------------+--------------+------+----+-+-+--+------+
|Name|view| Initial res  | Initial resL1| Target res   | Final res    | Final res L1 |Visits|Iter|R|F|CL|Status|
|CHT |   0|  2.635151e+07|  4.491971e+05|  1.646969e+03|  1.552243e+01|  2.806134e+02|     3|  27|0|n|30|  OK  |
nsd = 0 min_dtke = 0.000573906 (nCV =	23641 ) max_dtke = 0.183339 (nCV =	55585 ) 
+----+----+----+--------------+--------------+--------------+--------------+--------------+------+----+-+-+--+------+
|Name|view| n_y| Initial res  | Initial resL1| Target res   | Final res    | Final res L1 |Visits|Iter|R|F|CL|Status|
+----+----+----+--------------+--------------+--------------+--------------+--------------+------+----+-+-+--+------+
|turb|   0|   0|  7.267355e+06|  2.097833e+05|  1.889304e-03|  4.582124e-04|  5.363435e-01|     4|  24|0|n|30|  OK  |
|turb|   0|   1|  5.065145e+08|  1.463502e+06|  4.655197e-03|  1.089144e-03|  1.239292e+00|     4|  24|0|n|30|  OK  |
Filter: K,E,momentum: sd =   0 isolating K from zero=      9 E from zero=   1869 E from infinity=      9
slv : Fluid subdom(new) 0
slv : P static (new)                 : min(   5233) = 97673.498080008      , max(   7243) = 102925.14421518      
slv : Density (new)                  : min(   5233) = 1.1497516171733      , max(  19922) = 1.2226190700084      
slv : Velocity (new)                 : min(  20618) = 0.16995799730679     , max(  20023) = 72.736060916732      
slv : Mach number (new)              : min(  20618) = 0.00049383508580987  , max(  20023) = 0.21245509768043     
slv : Turbulent k (new)              : min(  17259) = 1e-40                , max(  38935) = 136.51120102175      
slv : Turbulent e (new)              : min(  55391) = 5.68624063912e-48    , max(  20087) = 1868.8820310121      
slv : Temperature (new)              : min(  20023) = 291.81258868656      , max(   5259) = 297.2638526079       
slv : Total enthalpy, Y-shifted (new): min(  20856) = 1232.4116297677      , max(   5259) = 4252.3751151808      
slv : MASS FLUXES AT OPENINGS: MF=-9027.79, AP=9027.89
slv : DvGr statistics: min alpha=0.143276(nfa=59564, geom_slice=0)
slv : +----------------------------------+------------+-------+------------+------------+
slv : |          Collector name          | Total Time | Count |  Avg Time  |  Max Time  |
slv : +----------------------------------+------------+-------+------------+------------+
slv : | Calculate_inc                    |      31.042|     56|       0.554|       0.923|
slv : | CollectEMT_Results               |       0.000|     57|       0.000|       0.000|
slv : | HeatPathCalculator_Dynamic       |       0.016|      1|       0.016|       0.016|
slv : | LiSy_make_portrait               |       0.734|    250|       0.003|       0.016|
slv : | Results_processing               |       6.150|     56|       0.110|       0.166|
slv : | build_sl_ordering_CHT            |       0.019|     57|       0.000|       0.009|
slv : | build_sl_ordering_MDS            |       0.128|     57|       0.002|       0.025|
slv : | build_sl_ordering_fluid          |       0.126|     57|       0.002|       0.025|
slv : | calc_Convolutions_MDS            |       0.980|     57|       0.017|       0.029|
slv : | calc_wall_dist                   |       0.502|      1|       0.502|       0.502|
slv : | create_Gr_operators_MDS          |       0.927|     57|       0.016|       0.030|
slv : | create_Gr_operators_portrait_MDS |       0.461|     57|       0.008|       0.015|
slv : | init_Hy_group_MDS                |       0.868|     57|       0.015|       0.027|
slv : | perform_stage_total              |      26.601|   1547|       0.017|       0.502|
slv : | precalc_at_start_MDS             |       0.663|      2|       0.332|       0.632|
slv : | solve_3M_MDS                     |       4.202|     57|       0.074|       0.164|
slv : | solve_3M_alg_MDS                 |       2.424|     57|       0.043|       0.115|
slv : | solve_BG_MDS                     |       2.390|     57|       0.042|       0.122|
slv : | solve_BG_alg_MDS                 |       1.687|     57|       0.030|       0.105|
slv : | solve_BL_MDS                     |       0.608|     57|       0.011|       0.027|
slv : | solve_CHT                        |       2.399|     57|       0.042|       0.073|
slv : | solve_CHT_MDS                    |       1.907|     57|       0.033|       0.065|
slv : | solve_CHT_alg_MDS                |       0.909|     57|       0.016|       0.048|
slv : | solve_DvGr_MDS                   |       6.760|     57|       0.119|       0.275|
slv : | solve_DvGr_alg_MDS               |       3.616|     57|       0.063|       0.185|
slv : | solve_INPR_MDS                   |       0.000|      1|       0.000|       0.000|
slv : | solve_PS+QJ                      |       0.000|      0|       0.000|       0.000|
slv : | solve_YLMA_MDS                   |       0.001|     57|       0.000|       0.000|
slv : | solve_YNOx_MDS                   |       0.000|     57|       0.000|       0.000|
slv : | solve_YTd_MDS                    |       0.001|     57|       0.000|       0.000|
slv : | solve_YTurb_MDS                  |       7.921|     57|       0.139|       0.308|
slv : | solve_YTurb_alg_MDS              |       3.697|    114|       0.032|       0.103|
slv : | update_BC_MDS                    |       0.000|     58|       0.000|       0.000|
slv : | update_Mf_after_DvGr             |       0.632|     57|       0.011|       0.021|
slv : | update_VelPressure_MDS           |       0.156|     57|       0.003|       0.005|
slv : +----------------------------------+------------+-------+------------+------------+
-----------------------------------------------------------------------
Memory Working Set Current = 306.10 Mb, Memory Working Set Peak = 308.22 Mb
Memory Private Bytes Current = 316.43 Mb, Memory Private Bytes Peak = 347.54 Mb
Process Threads Number: 14
-----------------------------------------------------------------------
Algebra Pool      : mem_usage = 209.81 Mb, allocated count = 1352

================== Tstep=57 ===================
<Dynamic P> on nsd = 0 {openings (inlet / outlet)}:
  (SP = Static Pressure, EP = Environment Pressure, TP = Total Pressure, E = External)
  {#0, E, (1.511092e+03 / 0.000000e+00)}
  {#1, E, (0.000000e+00 / 1.298600e+03)}
  {#2, E, (2.737027e+00 / 1.524328e+03)}
  {#3, E, (3.483564e+00 / 1.525229e+03)}
  {#4, E, (6.406633e+01 / 1.501791e+03)}
  {#5, E, (0.000000e+00 / 1.502491e+03)}
  MWS[  0]=2.51331
tau_viscous_averaged = 53.5267 
dt(mass,momentum; nsd=  0): min dt/dtG(ncv=  20023)=1.00 , max dt/dtG(ncv=  41738)=12.8   , dtG=0.0381545
Flow alg-view 0 in phys-view 0 isn't Neumann (not Multi Phase treating)
Face Momentum (sd=  0): max value of div(mf) (cv=45084) = 4.703577e-01
Flow alg-view 0 is not Neumann (not for Phase Change + Nested Iters)
+----+----+--------------+--------------+--------------+--------------+--------------+------+----+-+-+--+------+
|Name|view| Initial res  | Initial resL1| Target res   | Final res    | Final res L1 |Visits|Iter|R|F|CL|Status|
| BG |   0|  1.543763e+00|  1.078769e+01|  1.588017e-04|  6.673518e-05|  5.344624e-01|     9|  27|0|n|30|  OK  |
log10(resTarget_Lim / resTarget_Orig): 0.2 
Face Momentum (sd=  0): max value of div(mf) (cv=44000) = 9.594034e-04
	norm_L2 of div(momentum) = 8.169160e-03.
Flow alg-view 0 in phys-view 0 isn't Neumann (not Multi Phase treating)
LOG: number of a-faces with weighted approximations in 0 subdomain: 6.51438 percent
LOG: Rate of a-faces corrected to CUp1st in 0 subdomain: 0.0117288 %
slv : SolveBL stage
|nsd|Real WF|NormalF|Cycle F|CriticF| EdgeF |CyclBrF|ExtParF|RWFnumSt|StLvlNum|  nfw  |  alp_U_min  |  nfw  |  alp_U_max  |  nfw  |  alp_T_min  |  nfw  |  alp_T_max  |  nfw  |  BL_s_min   |  nfw  |   BL_s_max  |
|  0|    804|    692|      0|     28|     84|      0|      0|     804|      34|   1466|0            |   1121|3.99644      |   1046|0            |   2187|12263.7      |   1027|-122.089     |   1046|0            |
Face Momentum (sd=  0): max value of div(mf) (cv=44000) = 9.594034e-04
	norm_L2 of div(momentum) = 8.169160e-03.
nsd = 0 BC: AP Inlet occurs on 1785 w-faces
+----+----+----+--------------+--------------+--------------+--------------+--------------+------+----+-+-+--+------+
|Name|view| n_y| Initial res  | Initial resL1| Target res   | Final res    | Final res L1 |Visits|Iter|R|F|CL|Status|
+----+----+----+--------------+--------------+--------------+--------------+--------------+------+----+-+-+--+------+
| 3M |   0|   0|  2.062698e+05|  7.454718e+04|  1.125767e+00|  5.225423e-02|  1.916445e+01|     4|  12|0|n|29|  OK  |
Velocity (predicted):
        (local) sd   0: min(  25296)=0.54562657173908     , max(  20023)=72.704032648628      
Flow alg-view 0 is not Neumann (not for Phase Change + Nested Iters)
+----+----+--------------+--------------+--------------+--------------+--------------+------+----+-+-+--+------+
|Name|view| Initial res  | Initial resL1| Target res   | Final res    | Final res L1 |Visits|Iter|R|F|CL|Status|
|DVGR|   0|  5.162415e+02|  2.660906e+03|  1.571588e-02|  1.139589e-02|  6.431054e+00|     9|  27|0|n|30|  OK  |
PRESSURE SOLVER(geom_index=  0): sum_C_dp=-2.22258e-05
Face Momentum (sd=  0): max value of div(mf) (cv=46032) = 1.348173e-02
	norm_L2 of div(momentum) = 1.067516e-01.
nsd = 0 min_dtHy = 0.0381545 (nCV =	20023 ) max_dtHy = 0.487004 (nCV =	41738 ) 
+----+----+--------------+--------------+--------------+--------------+--------------+------+----+-+-+--+------+
|Name|view| Initial res  | Initial resL1| Target res   | Final res    | Final res L1 |Visits|Iter|R|F|CL|Status|
|CHT |   0|  2.422396e+07|  4.192104e+05|  1.513997e+03|  1.965428e+01|  3.312990e+02|     3|  27|0|n|30|  OK  |
nsd = 0 min_dtke = 0.00040421 (nCV =	24336 ) max_dtke = 0.191167 (nCV =	55585 ) 
+----+----+----+--------------+--------------+--------------+--------------+--------------+------+----+-+-+--+------+
|Name|view| n_y| Initial res  | Initial resL1| Target res   | Final res    | Final res L1 |Visits|Iter|R|F|CL|Status|
+----+----+----+--------------+--------------+--------------+--------------+--------------+------+----+-+-+--+------+
|turb|   0|   0|  6.589785e+06|  1.978347e+05|  1.928391e-03|  3.799878e-04|  5.483159e-01|     4|  24|0|n|30|  OK  |
|turb|   0|   1|  4.177481e+08|  1.332715e+06|  4.732250e-03|  2.083796e-03|  1.721735e+00|     4|  24|0|n|30|  OK  |
Filter: K,E,momentum: sd =   0 isolating K from zero=     25 E from zero=   1699 E from infinity=     19
slv : Fluid subdom(new) 0
slv : P static (new)                 : min(   5233) = 97681.533042319      , max(   7243) = 102926.27252628      
slv : Density (new)                  : min(   5233) = 1.1498618772392      , max(  19922) = 1.2226430327743      
slv : Velocity (new)                 : min(  24243) = 0.45940444140699     , max(  20023) = 72.657249195579      
slv : Mach number (new)              : min(  24243) = 0.0013347229987247   , max(  20023) = 0.21222283228808     
slv : Turbulent k (new)              : min(  17259) = 1e-40                , max(  40719) = 139.04245838906      
slv : Turbulent e (new)              : min(  55568) = 5.1535278634187e-48  , max(  20087) = 1792.3418336373      
slv : Temperature (new)              : min(  20023) = 291.81829210289      , max(   5259) = 297.25842996509      
slv : Total enthalpy, Y-shifted (new): min(  47330) = 1232.4933021612      , max(   5257) = 4245.4366449496      
slv : MASS FLUXES AT OPENINGS: MF=-9027.79, AP=9027.9
slv : DvGr statistics: min alpha=0.145851(nfa=34678, geom_slice=0)
slv : +----------------------------------+------------+-------+------------+------------+
slv : |          Collector name          | Total Time | Count |  Avg Time  |  Max Time  |
slv : +----------------------------------+------------+-------+------------+------------+
slv : | Calculate_inc                    |      31.567|     57|       0.554|       0.923|
slv : | CollectEMT_Results               |       0.000|     58|       0.000|       0.000|
slv : | HeatPathCalculator_Dynamic       |       0.016|      1|       0.016|       0.016|
slv : | LiSy_make_portrait               |       0.742|    254|       0.003|       0.016|
slv : | Results_processing               |       6.258|     57|       0.110|       0.166|
slv : | build_sl_ordering_CHT            |       0.019|     58|       0.000|       0.009|
slv : | build_sl_ordering_MDS            |       0.128|     58|       0.002|       0.025|
slv : | build_sl_ordering_fluid          |       0.126|     58|       0.002|       0.025|
slv : | calc_Convolutions_MDS            |       0.994|     58|       0.017|       0.029|
slv : | calc_wall_dist                   |       0.502|      1|       0.502|       0.502|
slv : | create_Gr_operators_MDS          |       0.940|     58|       0.016|       0.030|
slv : | create_Gr_operators_portrait_MDS |       0.467|     58|       0.008|       0.015|
slv : | init_Hy_group_MDS                |       0.884|     58|       0.015|       0.027|
slv : | perform_stage_total              |      27.040|   1574|       0.017|       0.502|
slv : | precalc_at_start_MDS             |       0.663|      2|       0.332|       0.632|
slv : | solve_3M_MDS                     |       4.278|     58|       0.074|       0.164|
slv : | solve_3M_alg_MDS                 |       2.473|     58|       0.043|       0.115|
slv : | solve_BG_MDS                     |       2.431|     58|       0.042|       0.122|
slv : | solve_BG_alg_MDS                 |       1.716|     58|       0.030|       0.105|
slv : | solve_BL_MDS                     |       0.619|     58|       0.011|       0.027|
slv : | solve_CHT                        |       2.449|     58|       0.042|       0.073|
slv : | solve_CHT_MDS                    |       1.950|     58|       0.034|       0.065|
slv : | solve_CHT_alg_MDS                |       0.932|     58|       0.016|       0.048|
slv : | solve_DvGr_MDS                   |       6.863|     58|       0.118|       0.275|
slv : | solve_DvGr_alg_MDS               |       3.672|     58|       0.063|       0.185|
slv : | solve_INPR_MDS                   |       0.000|      1|       0.000|       0.000|
slv : | solve_PS+QJ                      |       0.000|      0|       0.000|       0.000|
slv : | solve_YLMA_MDS                   |       0.001|     58|       0.000|       0.000|
slv : | solve_YNOx_MDS                   |       0.000|     58|       0.000|       0.000|
slv : | solve_YTd_MDS                    |       0.001|     58|       0.000|       0.000|
slv : | solve_YTurb_MDS                  |       8.066|     58|       0.139|       0.308|
slv : | solve_YTurb_alg_MDS              |       3.761|    116|       0.032|       0.103|
slv : | update_BC_MDS                    |       0.000|     59|       0.000|       0.000|
slv : | update_Mf_after_DvGr             |       0.640|     58|       0.011|       0.021|
slv : | update_VelPressure_MDS           |       0.158|     58|       0.003|       0.005|
slv : +----------------------------------+------------+-------+------------+------------+
-----------------------------------------------------------------------
Memory Working Set Current = 305.25 Mb, Memory Working Set Peak = 308.22 Mb
Memory Private Bytes Current = 315.52 Mb, Memory Private Bytes Peak = 347.54 Mb
Process Threads Number: 14
-----------------------------------------------------------------------
Algebra Pool      : mem_usage = 209.81 Mb, allocated count = 1355

================== Tstep=58 ===================
<Dynamic P> on nsd = 0 {openings (inlet / outlet)}:
  (SP = Static Pressure, EP = Environment Pressure, TP = Total Pressure, E = External)
  {#0, E, (1.511097e+03 / 0.000000e+00)}
  {#1, E, (0.000000e+00 / 1.294865e+03)}
  {#2, E, (2.918318e+00 / 1.524439e+03)}
  {#3, E, (3.619754e+00 / 1.525274e+03)}
  {#4, E, (6.509083e+01 / 1.501712e+03)}
  {#5, E, (0.000000e+00 / 1.497228e+03)}
  MWS[  0]=2.51066
tau_viscous_averaged = 49.1593 
dt(mass,momentum; nsd=  0): min dt/dtG(ncv=  20023)=1.00 , max dt/dtG(ncv=  41703)=11.9   , dtG=0.0381859
Flow alg-view 0 in phys-view 0 isn't Neumann (not Multi Phase treating)
Face Momentum (sd=  0): max value of div(mf) (cv=37171) = 2.236562e+00
Flow alg-view 0 is not Neumann (not for Phase Change + Nested Iters)
+----+----+--------------+--------------+--------------+--------------+--------------+------+----+-+-+--+------+
|Name|view| Initial res  | Initial resL1| Target res   | Final res    | Final res L1 |Visits|Iter|R|F|CL|Status|
| BG |   0|  1.260416e+01|  1.878995e+01|  7.877597e-04|  3.681869e-04|  1.332875e+00|     8|  24|0|n|30|  OK  |
Face Momentum (sd=  0): max value of div(mf) (cv=44202) = 2.198576e-03
	norm_L2 of div(momentum) = 1.918820e-02.
Flow alg-view 0 in phys-view 0 isn't Neumann (not Multi Phase treating)
LOG: number of a-faces with weighted approximations in 0 subdomain: 6.54249 percent
LOG: Rate of a-faces corrected to CUp1st in 0 subdomain: 0.0113366 %
slv : SolveBL stage
|nsd|Real WF|NormalF|Cycle F|CriticF| EdgeF |CyclBrF|ExtParF|RWFnumSt|StLvlNum|  nfw  |  alp_U_min  |  nfw  |  alp_U_max  |  nfw  |  alp_T_min  |  nfw  |  alp_T_max  |  nfw  |  BL_s_min   |  nfw  |   BL_s_max  |
|  0|    804|    698|      0|     28|     78|      0|      0|     804|      39|   1466|0            |   1121|3.98757      |   1046|0            |   3462|13051.3      |   1027|-122.418     |   1046|0            |
Face Momentum (sd=  0): max value of div(mf) (cv=44202) = 2.198576e-03
	norm_L2 of div(momentum) = 1.918820e-02.
nsd = 0 BC: AP Inlet occurs on 1776 w-faces
+----+----+----+--------------+--------------+--------------+--------------+--------------+------+----+-+-+--+------+
|Name|view| n_y| Initial res  | Initial resL1| Target res   | Final res    | Final res L1 |Visits|Iter|R|F|CL|Status|
+----+----+----+--------------+--------------+--------------+--------------+--------------+------+----+-+-+--+------+
| 3M |   0|   0|  1.909445e+05|  7.164392e+04|  1.139190e+00|  9.725102e-02|  2.188587e+01|     4|  12|0|n|29|  OK  |
Velocity (predicted):
        (local) sd   0: min(  20079)=0.69769730672755     , max(  20023)=72.659397796719      
Flow alg-view 0 is not Neumann (not for Phase Change + Nested Iters)
+----+----+--------------+--------------+--------------+--------------+--------------+------+----+-+-+--+------+
|Name|view| Initial res  | Initial resL1| Target res   | Final res    | Final res L1 |Visits|Iter|R|F|CL|Status|
|DVGR|   0|  4.833830e+02|  2.489982e+03|  1.552713e-02|  1.262140e-02|  7.929857e+00|     8|  24|0|n|30|  OK  |
PRESSURE SOLVER(geom_index=  0): sum_C_dp=-1.28954e-05
Face Momentum (sd=  0): max value of div(mf) (cv=46033) = 1.501350e-02
	norm_L2 of div(momentum) = 1.123451e-01.
nsd = 0 min_dtHy = 0.0381859 (nCV =	20023 ) max_dtHy = 0.456272 (nCV =	41703 ) 
+----+----+--------------+--------------+--------------+--------------+--------------+------+----+-+-+--+------+
|Name|view| Initial res  | Initial resL1| Target res   | Final res    | Final res L1 |Visits|Iter|R|F|CL|Status|
|CHT |   0|  2.252794e+07|  3.903943e+05|  1.407996e+03|  1.957877e+01|  3.424793e+02|     3|  27|0|n|30|  OK  |
nsd = 0 min_dtke = 0.000377152 (nCV =	17666 ) max_dtke = 0.192343 (nCV =	55585 ) 
+----+----+----+--------------+--------------+--------------+--------------+--------------+------+----+-+-+--+------+
|Name|view| n_y| Initial res  | Initial resL1| Target res   | Final res    | Final res L1 |Visits|Iter|R|F|CL|Status|
+----+----+----+--------------+--------------+--------------+--------------+--------------+------+----+-+-+--+------+
|turb|   0|   0|  5.846683e+06|  1.908533e+05|  1.949139e-03|  2.847880e-04|  5.326867e-01|     4|  24|0|n|30|  OK  |
|turb|   0|   1|  3.348994e+08|  1.243672e+06|  4.764239e-03|  4.064575e-03|  2.011751e+00|     4|  24|0|n|30|  OK  |
Filter: K,E,momentum: sd =   0 isolating K from zero=     47 E from zero=   1530 E from infinity=     20
slv : Fluid subdom(new) 0
slv : P static (new)                 : min(   5233) = 97690.369403276      , max(  18147) = 102923.41584401      
slv : Density (new)                  : min(   5233) = 1.1499835823846      , max(  19922) = 1.2225493086631      
slv : Velocity (new)                 : min(  20418) = 0.14458405449053     , max(  20023) = 72.706497545563      
slv : Mach number (new)              : min(  20418) = 0.00042022732010462  , max(  20023) = 0.21236796694828     
slv : Turbulent k (new)              : min(  17705) = 1e-40                , max(  40719) = 138.31489501913      
slv : Turbulent e (new)              : min(  41988) = 4.5488199620915e-47  , max(  20087) = 1740.6221359681      
slv : Temperature (new)              : min(  20023) = 291.81473978719      , max(   5259) = 297.25009122861      
slv : Total enthalpy, Y-shifted (new): min(  47338) = 1234.4452003904      , max(   5257) = 4235.550059416       
slv : MASS FLUXES AT OPENINGS: MF=-9027.79, AP=9027.84
slv : DvGr statistics: min alpha=0.142163(nfa=59741, geom_slice=0)
slv : +----------------------------------+------------+-------+------------+------------+
slv : |          Collector name          | Total Time | Count |  Avg Time  |  Max Time  |
slv : +----------------------------------+------------+-------+------------+------------+
slv : | Calculate_inc                    |      32.103|     58|       0.553|       0.923|
slv : | CollectEMT_Results               |       0.000|     59|       0.000|       0.000|
slv : | HeatPathCalculator_Dynamic       |       0.016|      1|       0.016|       0.016|
slv : | LiSy_make_portrait               |       0.755|    258|       0.003|       0.016|
slv : | Results_processing               |       6.369|     58|       0.110|       0.166|
slv : | build_sl_ordering_CHT            |       0.019|     59|       0.000|       0.009|
slv : | build_sl_ordering_MDS            |       0.128|     59|       0.002|       0.025|
slv : | build_sl_ordering_fluid          |       0.127|     59|       0.002|       0.025|
slv : | calc_Convolutions_MDS            |       1.010|     59|       0.017|       0.029|
slv : | calc_wall_dist                   |       0.502|      1|       0.502|       0.502|
slv : | create_Gr_operators_MDS          |       0.954|     59|       0.016|       0.030|
slv : | create_Gr_operators_portrait_MDS |       0.476|     59|       0.008|       0.015|
slv : | init_Hy_group_MDS                |       0.896|     59|       0.015|       0.027|
slv : | perform_stage_total              |      27.472|   1601|       0.017|       0.502|
slv : | precalc_at_start_MDS             |       0.663|      2|       0.332|       0.632|
slv : | solve_3M_MDS                     |       4.356|     59|       0.074|       0.164|
slv : | solve_3M_alg_MDS                 |       2.520|     59|       0.043|       0.115|
slv : | solve_BG_MDS                     |       2.471|     59|       0.042|       0.122|
slv : | solve_BG_alg_MDS                 |       1.742|     59|       0.030|       0.105|
slv : | solve_BL_MDS                     |       0.628|     59|       0.011|       0.027|
slv : | solve_CHT                        |       2.500|     59|       0.042|       0.073|
slv : | solve_CHT_MDS                    |       1.994|     59|       0.034|       0.065|
slv : | solve_CHT_alg_MDS                |       0.957|     59|       0.016|       0.048|
slv : | solve_DvGr_MDS                   |       6.963|     59|       0.118|       0.275|
slv : | solve_DvGr_alg_MDS               |       3.720|     59|       0.063|       0.185|
slv : | solve_INPR_MDS                   |       0.000|      1|       0.000|       0.000|
slv : | solve_PS+QJ                      |       0.000|      0|       0.000|       0.000|
slv : | solve_YLMA_MDS                   |       0.001|     59|       0.000|       0.000|
slv : | solve_YNOx_MDS                   |       0.000|     59|       0.000|       0.000|
slv : | solve_YTd_MDS                    |       0.001|     59|       0.000|       0.000|
slv : | solve_YTurb_MDS                  |       8.206|     59|       0.139|       0.308|
slv : | solve_YTurb_alg_MDS              |       3.833|    118|       0.032|       0.103|
slv : | update_BC_MDS                    |       0.000|     60|       0.000|       0.000|
slv : | update_Mf_after_DvGr             |       0.649|     59|       0.011|       0.021|
slv : | update_VelPressure_MDS           |       0.161|     59|       0.003|       0.005|
slv : +----------------------------------+------------+-------+------------+------------+
-----------------------------------------------------------------------
Memory Working Set Current = 305.29 Mb, Memory Working Set Peak = 308.22 Mb
Memory Private Bytes Current = 315.53 Mb, Memory Private Bytes Peak = 347.54 Mb
Process Threads Number: 14
-----------------------------------------------------------------------
Algebra Pool      : mem_usage = 209.81 Mb, allocated count = 1350

================== Tstep=59 ===================
<Dynamic P> on nsd = 0 {openings (inlet / outlet)}:
  (SP = Static Pressure, EP = Environment Pressure, TP = Total Pressure, E = External)
  {#0, E, (1.511099e+03 / 0.000000e+00)}
  {#1, E, (0.000000e+00 / 1.294073e+03)}
  {#2, E, (2.987279e+00 / 1.524742e+03)}
  {#3, E, (3.653776e+00 / 1.525275e+03)}
  {#4, E, (6.587863e+01 / 1.501776e+03)}
  {#5, E, (0.000000e+00 / 1.492686e+03)}
  MWS[  0]=2.51254
tau_viscous_averaged = 54.4498 
dt(mass,momentum; nsd=  0): min dt/dtG(ncv=  20023)=1.00 , max dt/dtG(ncv=  41737)=12.0   , dtG=0.0380843
Flow alg-view 0 in phys-view 0 isn't Neumann (not Multi Phase treating)
Face Momentum (sd=  0): max value of div(mf) (cv=37171) = 1.613642e+00
Flow alg-view 0 is not Neumann (not for Phase Change + Nested Iters)
+----+----+--------------+--------------+--------------+--------------+--------------+------+----+-+-+--+------+
|Name|view| Initial res  | Initial resL1| Target res   | Final res    | Final res L1 |Visits|Iter|R|F|CL|Status|
| BG |   0|  6.804406e+00|  1.707808e+01|  4.252754e-04|  1.826751e-04|  9.271505e-01|     8|  24|0|n|30|  OK  |
Face Momentum (sd=  0): max value of div(mf) (cv=44202) = 1.566328e-03
	norm_L2 of div(momentum) = 1.351573e-02.
Flow alg-view 0 in phys-view 0 isn't Neumann (not Multi Phase treating)
LOG: number of a-faces with weighted approximations in 0 subdomain: 6.52156 percent
LOG: Rate of a-faces corrected to CUp1st in 0 subdomain: 0.0132354 %
slv : SolveBL stage
|nsd|Real WF|NormalF|Cycle F|CriticF| EdgeF |CyclBrF|ExtParF|RWFnumSt|StLvlNum|  nfw  |  alp_U_min  |  nfw  |  alp_U_max  |  nfw  |  alp_T_min  |  nfw  |  alp_T_max  |  nfw  |  BL_s_min   |  nfw  |   BL_s_max  |
|  0|    804|    696|      0|     27|     81|      0|      0|     804|      32|   1465|0            |   3721|4.52092      |   1046|0            |   2187|12325        |   1027|-122.013     |   1046|0            |
Face Momentum (sd=  0): max value of div(mf) (cv=44202) = 1.566328e-03
	norm_L2 of div(momentum) = 1.351573e-02.
nsd = 0 BC: AP Inlet occurs on 1753 w-faces
+----+----+----+--------------+--------------+--------------+--------------+--------------+------+----+-+-+--+------+
|Name|view| n_y| Initial res  | Initial resL1| Target res   | Final res    | Final res L1 |Visits|Iter|R|F|CL|Status|
+----+----+----+--------------+--------------+--------------+--------------+--------------+------+----+-+-+--+------+
| 3M |   0|   0|  1.536717e+05|  6.729871e+04|  1.134970e+00|  1.316885e-01|  2.401794e+01|     4|  12|0|n|29|  OK  |
Velocity (predicted):
        (local) sd   0: min(  20079)=0.4313113872397      , max(  20023)=72.674627977652      
Flow alg-view 0 is not Neumann (not for Phase Change + Nested Iters)
+----+----+--------------+--------------+--------------+--------------+--------------+------+----+-+-+--+------+
|Name|view| Initial res  | Initial resL1| Target res   | Final res    | Final res L1 |Visits|Iter|R|F|CL|Status|
|DVGR|   0|  3.920047e+02|  2.273588e+03|  1.545822e-02|  1.123309e-02|  8.654131e+00|     8|  24|0|n|30|  OK  |
PRESSURE SOLVER(geom_index=  0): sum_C_dp=-4.93985e-06
Face Momentum (sd=  0): max value of div(mf) (cv=45976) = 1.311241e-02
	norm_L2 of div(momentum) = 1.059864e-01.
nsd = 0 min_dtHy = 0.0380843 (nCV =	20023 ) max_dtHy = 0.458501 (nCV =	41737 ) 
+----+----+--------------+--------------+--------------+--------------+--------------+------+----+-+-+--+------+
|Name|view| Initial res  | Initial resL1| Target res   | Final res    | Final res L1 |Visits|Iter|R|F|CL|Status|
|CHT |   0|  2.028599e+07|  3.487921e+05|  1.267874e+03|  1.707208e+01|  3.215556e+02|     3|  27|0|n|30|  OK  |
nsd = 0 min_dtke = 0.00029288 (nCV =	17698 ) max_dtke = 0.180432 (nCV =	55585 ) 
+----+----+----+--------------+--------------+--------------+--------------+--------------+------+----+-+-+--+------+
|Name|view| n_y| Initial res  | Initial resL1| Target res   | Final res    | Final res L1 |Visits|Iter|R|F|CL|Status|
+----+----+----+--------------+--------------+--------------+--------------+--------------+------+----+-+-+--+------+
|turb|   0|   0|  5.484144e+06|  1.902569e+05|  1.984673e-03|  8.264061e-05|  3.994243e-01|     4|  24|0|n|30|  OK  |
|turb|   0|   1|  3.166057e+08|  1.242767e+06|  4.869021e-03|  1.610831e-03|  1.631367e+00|     4|  24|0|n|30|  OK  |
Filter: K,E,momentum: sd =   0 isolating K from zero=     43 E from zero=   1599 E from infinity=     30
slv : Fluid subdom(new) 0
slv : P static (new)                 : min(   5233) = 97699.614384559      , max(   7243) = 102922.22124228      
slv : Density (new)                  : min(   5233) = 1.1501079459465      , max(  19922) = 1.2226072106051      
slv : Velocity (new)                 : min(  25232) = 0.4069122330445      , max(  20023) = 72.728219696612      
slv : Mach number (new)              : min(  25232) = 0.0011825685414795   , max(  20023) = 0.21243198823096     
slv : Turbulent k (new)              : min(  17705) = 1e-40                , max(  38942) = 133.21294941697      
slv : Turbulent e (new)              : min(  41989) = 4.1939247145436e-47  , max(  20087) = 1681.2616215027      
slv : Temperature (new)              : min(  20023) = 291.81315737693      , max(   5259) = 297.24189781751      
slv : Total enthalpy, Y-shifted (new): min(  39260) = 1237.3410695621      , max(   5257) = 4225.0554236942      
slv : MASS FLUXES AT OPENINGS: MF=-9027.79, AP=9027.78
slv : DvGr statistics: min alpha=0.146063(nfa=59747, geom_slice=0)
slv : +----------------------------------+------------+-------+------------+------------+
slv : |          Collector name          | Total Time | Count |  Avg Time  |  Max Time  |
slv : +----------------------------------+------------+-------+------------+------------+
slv : | Calculate_inc                    |      32.638|     59|       0.553|       0.923|
slv : | CollectEMT_Results               |       0.000|     60|       0.000|       0.000|
slv : | HeatPathCalculator_Dynamic       |       0.016|      1|       0.016|       0.016|
slv : | LiSy_make_portrait               |       0.765|    262|       0.003|       0.016|
slv : | Results_processing               |       6.471|     59|       0.110|       0.166|
slv : | build_sl_ordering_CHT            |       0.019|     60|       0.000|       0.009|
slv : | build_sl_ordering_MDS            |       0.129|     60|       0.002|       0.025|
slv : | build_sl_ordering_fluid          |       0.127|     60|       0.002|       0.025|
slv : | calc_Convolutions_MDS            |       1.029|     60|       0.017|       0.029|
slv : | calc_wall_dist                   |       0.502|      1|       0.502|       0.502|
slv : | create_Gr_operators_MDS          |       0.967|     60|       0.016|       0.030|
slv : | create_Gr_operators_portrait_MDS |       0.484|     60|       0.008|       0.015|
slv : | init_Hy_group_MDS                |       0.911|     60|       0.015|       0.027|
slv : | perform_stage_total              |      27.919|   1628|       0.017|       0.502|
slv : | precalc_at_start_MDS             |       0.663|      2|       0.332|       0.632|
slv : | solve_3M_MDS                     |       4.458|     60|       0.074|       0.164|
slv : | solve_3M_alg_MDS                 |       2.572|     60|       0.043|       0.115|
slv : | solve_BG_MDS                     |       2.506|     60|       0.042|       0.122|
slv : | solve_BG_alg_MDS                 |       1.766|     60|       0.029|       0.105|
slv : | solve_BL_MDS                     |       0.637|     60|       0.011|       0.027|
slv : | solve_CHT                        |       2.544|     60|       0.042|       0.073|
slv : | solve_CHT_MDS                    |       2.032|     60|       0.034|       0.065|
slv : | solve_CHT_alg_MDS                |       0.979|     60|       0.016|       0.048|
slv : | solve_DvGr_MDS                   |       7.059|     60|       0.118|       0.275|
slv : | solve_DvGr_alg_MDS               |       3.766|     60|       0.063|       0.185|
slv : | solve_INPR_MDS                   |       0.000|      1|       0.000|       0.000|
slv : | solve_PS+QJ                      |       0.000|      0|       0.000|       0.000|
slv : | solve_YLMA_MDS                   |       0.001|     60|       0.000|       0.000|
slv : | solve_YNOx_MDS                   |       0.000|     60|       0.000|       0.000|
slv : | solve_YTd_MDS                    |       0.001|     60|       0.000|       0.000|
slv : | solve_YTurb_MDS                  |       8.344|     60|       0.139|       0.308|
slv : | solve_YTurb_alg_MDS              |       3.905|    120|       0.033|       0.103|
slv : | update_BC_MDS                    |       0.000|     61|       0.000|       0.000|
slv : | update_Mf_after_DvGr             |       0.658|     60|       0.011|       0.021|
slv : | update_VelPressure_MDS           |       0.163|     60|       0.003|       0.005|
slv : +----------------------------------+------------+-------+------------+------------+
Interpolator cache: total calls 4852, optimised calls 448 (9.2 %)
-----------------------------------------------------------------------
Memory Working Set Current = 305.40 Mb, Memory Working Set Peak = 308.22 Mb
Memory Private Bytes Current = 316.59 Mb, Memory Private Bytes Peak = 347.54 Mb
Process Threads Number: 14
-----------------------------------------------------------------------
Iteration : time = 3.21366 , count = 5 , time/count = 0.642732
Calculate_inc() : time = 2.67585 , count = 5 , time/count = 0.535171
TreatFlowEvolution() : time = 0.291212 , count = 5 , time/count = 0.0582424
SolverPreview : time = 0.237384 , count = 5 , time/count = 0.0474768
TreatGoals : time = 0.287229 , count = 5 , time/count = 0.0574458
Algebra Pool      : mem_usage = 209.81 Mb, allocated count = 1350

================== Tstep=60 ===================
<Dynamic P> on nsd = 0 {openings (inlet / outlet)}:
  (SP = Static Pressure, EP = Environment Pressure, TP = Total Pressure, E = External)
  {#0, E, (1.511097e+03 / 0.000000e+00)}
  {#1, E, (0.000000e+00 / 1.295531e+03)}
  {#2, E, (2.922191e+00 / 1.524987e+03)}
  {#3, E, (3.651733e+00 / 1.525335e+03)}
  {#4, E, (6.684247e+01 / 1.501737e+03)}
  {#5, E, (0.000000e+00 / 1.489424e+03)}
  MWS[  0]=2.51339
tau_viscous_averaged = 53.4881 
dt(mass,momentum; nsd=  0): min dt/dtG(ncv=  20023)=1.00 , max dt/dtG(ncv=  41710)=11.6   , dtG=0.0380699
Flow alg-view 0 in phys-view 0 isn't Neumann (not Multi Phase treating)
Face Momentum (sd=  0): max value of div(mf) (cv=37144) = 1.083119e+00
Flow alg-view 0 is not Neumann (not for Phase Change + Nested Iters)
+----+----+--------------+--------------+--------------+--------------+--------------+------+----+-+-+--+------+
|Name|view| Initial res  | Initial resL1| Target res   | Final res    | Final res L1 |Visits|Iter|R|F|CL|Status|
| BG |   0|  2.077254e+00|  1.463074e+01|  1.545822e-04|  6.762742e-05|  7.299312e-01|     8|  24|0|n|30|  OK  |
log10(resTarget_Lim / resTarget_Orig): 0.1 
Face Momentum (sd=  0): max value of div(mf) (cv=44162) = 1.054335e-03
	norm_L2 of div(momentum) = 8.223590e-03.
Flow alg-view 0 in phys-view 0 isn't Neumann (not Multi Phase treating)
LOG: number of a-faces with weighted approximations in 0 subdomain: 6.53232 percent
LOG: Rate of a-faces corrected to CUp1st in 0 subdomain: 0.0158215 %
slv : SolveBL stage
|nsd|Real WF|NormalF|Cycle F|CriticF| EdgeF |CyclBrF|ExtParF|RWFnumSt|StLvlNum|  nfw  |  alp_U_min  |  nfw  |  alp_U_max  |  nfw  |  alp_T_min  |  nfw  |  alp_T_max  |  nfw  |  BL_s_min   |  nfw  |   BL_s_max  |
|  0|    804|    691|      0|     29|     84|      0|      0|     804|      28|   1466|0            |   3693|8.19474      |   1046|0            |   2187|12347.6      |   1027|-122.492     |   1046|0            |
Face Momentum (sd=  0): max value of div(mf) (cv=44162) = 1.054335e-03
	norm_L2 of div(momentum) = 8.223590e-03.
nsd = 0 BC: AP Inlet occurs on 1727 w-faces
+----+----+----+--------------+--------------+--------------+--------------+--------------+------+----+-+-+--+------+
|Name|view| n_y| Initial res  | Initial resL1| Target res   | Final res    | Final res L1 |Visits|Iter|R|F|CL|Status|
+----+----+----+--------------+--------------+--------------+--------------+--------------+------+----+-+-+--+------+
| 3M |   0|   0|  1.327637e+05|  6.418733e+04|  1.143444e+00|  1.406265e-01|  2.549948e+01|     4|  12|0|n|29|  OK  |
Velocity (predicted):
        (local) sd   0: min(  20079)=0.60649633619599     , max(  20023)=72.770015772712      
Flow alg-view 0 is not Neumann (not for Phase Change + Nested Iters)
+----+----+--------------+--------------+--------------+--------------+--------------+------+----+-+-+--+------+
|Name|view| Initial res  | Initial resL1| Target res   | Final res    | Final res L1 |Visits|Iter|R|F|CL|Status|
|DVGR|   0|  3.468092e+02|  2.172426e+03|  1.539382e-02|  9.042997e-03|  9.002959e+00|     8|  24|0|n|30|  OK  |
PRESSURE SOLVER(geom_index=  0): sum_C_dp=5.56016e-06
Face Momentum (sd=  0): max value of div(mf) (cv=45976) = 1.064393e-02
	norm_L2 of div(momentum) = 9.509480e-02.
nsd = 0 min_dtHy = 0.0380699 (nCV =	20023 ) max_dtHy = 0.440024 (nCV =	41710 ) 
+----+----+--------------+--------------+--------------+--------------+--------------+------+----+-+-+--+------+
|Name|view| Initial res  | Initial resL1| Target res   | Final res    | Final res L1 |Visits|Iter|R|F|CL|Status|
|CHT |   0|  1.989649e+07|  3.239807e+05|  1.243531e+03|  1.500446e+01|  2.980211e+02|     3|  27|0|n|30|  OK  |
nsd = 0 min_dtke = 0.000339713 (nCV =	24340 ) max_dtke = 0.153487 (nCV =	43105 ) 
+----+----+----+--------------+--------------+--------------+--------------+--------------+------+----+-+-+--+------+
|Name|view| n_y| Initial res  | Initial resL1| Target res   | Final res    | Final res L1 |Visits|Iter|R|F|CL|Status|
+----+----+----+--------------+--------------+--------------+--------------+--------------+------+----+-+-+--+------+
|turb|   0|   0|  5.427646e+06|  1.917445e+05|  1.995750e-03|  6.054418e-05|  3.885680e-01|     4|  24|0|n|30|  OK  |
|turb|   0|   1|  3.391631e+08|  1.273823e+06|  4.894791e-03|  9.813650e-04|  1.460182e+00|     4|  24|0|n|30|  OK  |
Filter: K,E,momentum: sd =   0 isolating K from zero=     66 E from zero=   1433 E from infinity=     36
slv : Fluid subdom(new) 0
slv : P static (new)                 : min(   5233) = 97708.752407821      , max(   7243) = 102922.39174166      
slv : Density (new)                  : min(   5233) = 1.1502251058553      , max(  19922) = 1.2226199375931      
slv : Velocity (new)                 : min(  25232) = 0.34584705009322     , max(  20023) = 72.853591998651      
slv : Mach number (new)              : min(  25232) = 0.0010051217053933   , max(  20023) = 0.21280148843618     
slv : Turbulent k (new)              : min(   6893) = 1e-40                , max(  38931) = 132.13038724448      
slv : Turbulent e (new)              : min(  20874) = 5.948875852603e-47   , max(  20087) = 1618.2079744528      
slv : Temperature (new)              : min(  20023) = 291.80406280728      , max(   5259) = 297.23356399384      
slv : Total enthalpy, Y-shifted (new): min(  11995) = 1232.80426958        , max(   5257) = 4216.4295746615      
slv : MASS FLUXES AT OPENINGS: MF=-9027.79, AP=9027.75
slv : DvGr statistics: min alpha=0.147471(nfa=59738, geom_slice=0)
slv : +----------------------------------+------------+-------+------------+------------+
slv : |          Collector name          | Total Time | Count |  Avg Time  |  Max Time  |
slv : +----------------------------------+------------+-------+------------+------------+
slv : | Calculate_inc                    |      33.183|     60|       0.553|       0.923|
slv : | CollectEMT_Results               |       0.000|     61|       0.000|       0.000|
slv : | HeatPathCalculator_Dynamic       |       0.016|      1|       0.016|       0.016|
slv : | LiSy_make_portrait               |       0.774|    266|       0.003|       0.016|
slv : | Results_processing               |       6.578|     60|       0.110|       0.166|
slv : | build_sl_ordering_CHT            |       0.019|     61|       0.000|       0.009|
slv : | build_sl_ordering_MDS            |       0.129|     61|       0.002|       0.025|
slv : | build_sl_ordering_fluid          |       0.127|     61|       0.002|       0.025|
slv : | calc_Convolutions_MDS            |       1.044|     61|       0.017|       0.029|
slv : | calc_wall_dist                   |       0.502|      1|       0.502|       0.502|
slv : | create_Gr_operators_MDS          |       0.983|     61|       0.016|       0.030|
slv : | create_Gr_operators_portrait_MDS |       0.489|     61|       0.008|       0.015|
slv : | init_Hy_group_MDS                |       0.925|     61|       0.015|       0.027|
slv : | perform_stage_total              |      28.337|   1655|       0.017|       0.502|
slv : | precalc_at_start_MDS             |       0.663|      2|       0.332|       0.632|
slv : | solve_3M_MDS                     |       4.531|     61|       0.074|       0.164|
slv : | solve_3M_alg_MDS                 |       2.621|     61|       0.043|       0.115|
slv : | solve_BG_MDS                     |       2.546|     61|       0.042|       0.122|
slv : | solve_BG_alg_MDS                 |       1.794|     61|       0.029|       0.105|
slv : | solve_BL_MDS                     |       0.648|     61|       0.011|       0.027|
slv : | solve_CHT                        |       2.592|     61|       0.042|       0.073|
slv : | solve_CHT_MDS                    |       2.073|     61|       0.034|       0.065|
slv : | solve_CHT_alg_MDS                |       1.007|     61|       0.017|       0.048|
slv : | solve_DvGr_MDS                   |       7.156|     61|       0.117|       0.275|
slv : | solve_DvGr_alg_MDS               |       3.816|     61|       0.063|       0.185|
slv : | solve_INPR_MDS                   |       0.000|      1|       0.000|       0.000|
slv : | solve_PS+QJ                      |       0.000|      0|       0.000|       0.000|
slv : | solve_YLMA_MDS                   |       0.001|     61|       0.000|       0.000|
slv : | solve_YNOx_MDS                   |       0.000|     61|       0.000|       0.000|
slv : | solve_YTd_MDS                    |       0.001|     61|       0.000|       0.000|
slv : | solve_YTurb_MDS                  |       8.477|     61|       0.139|       0.308|
slv : | solve_YTurb_alg_MDS              |       3.971|    122|       0.033|       0.103|
slv : | update_BC_MDS                    |       0.000|     62|       0.000|       0.000|
slv : | update_Mf_after_DvGr             |       0.667|     61|       0.011|       0.021|
slv : | update_VelPressure_MDS           |       0.165|     61|       0.003|       0.005|
slv : +----------------------------------+------------+-------+------------+------------+
-----------------------------------------------------------------------
Memory Working Set Current = 306.48 Mb, Memory Working Set Peak = 308.22 Mb
Memory Private Bytes Current = 316.74 Mb, Memory Private Bytes Peak = 347.54 Mb
Process Threads Number: 14
-----------------------------------------------------------------------
Algebra Pool      : mem_usage = 209.81 Mb, allocated count = 1355

================== Tstep=61 ===================
<Dynamic P> on nsd = 0 {openings (inlet / outlet)}:
  (SP = Static Pressure, EP = Environment Pressure, TP = Total Pressure, E = External)
  {#0, E, (1.511096e+03 / 0.000000e+00)}
  {#1, E, (0.000000e+00 / 1.297542e+03)}
  {#2, E, (2.742692e+00 / 1.525205e+03)}
  {#3, E, (3.597865e+00 / 1.525360e+03)}
  {#4, E, (6.776108e+01 / 1.501750e+03)}
  {#5, E, (0.000000e+00 / 1.487913e+03)}
  MWS[  0]=2.51786
tau_viscous_averaged = 48.6584 
dt(mass,momentum; nsd=  0): min dt/dtG(ncv=  20023)=1.00 , max dt/dtG(ncv=   7718)=11.3   , dtG=0.0379711
Flow alg-view 0 in phys-view 0 isn't Neumann (not Multi Phase treating)
Face Momentum (sd=  0): max value of div(mf) (cv=37144) = 7.361980e-01
Flow alg-view 0 is not Neumann (not for Phase Change + Nested Iters)
+----+----+--------------+--------------+--------------+--------------+--------------+------+----+-+-+--+------+
|Name|view| Initial res  | Initial resL1| Target res   | Final res    | Final res L1 |Visits|Iter|R|F|CL|Status|
| BG |   0|  2.189041e+00|  1.687725e+01|  1.539382e-04|  4.559493e-05|  5.603360e-01|     9|  27|0|n|30|  OK  |
log10(resTarget_Lim / resTarget_Orig): 0.1 
Face Momentum (sd=  0): max value of div(mf) (cv=31664) = 7.645029e-04
	norm_L2 of div(momentum) = 6.752402e-03.
Flow alg-view 0 in phys-view 0 isn't Neumann (not Multi Phase treating)
LOG: number of a-faces with weighted approximations in 0 subdomain: 6.54847 percent
LOG: Rate of a-faces corrected to CUp1st in 0 subdomain: 0.0147296 %
slv : SolveBL stage
|nsd|Real WF|NormalF|Cycle F|CriticF| EdgeF |CyclBrF|ExtParF|RWFnumSt|StLvlNum|  nfw  |  alp_U_min  |  nfw  |  alp_U_max  |  nfw  |  alp_T_min  |  nfw  |  alp_T_max  |  nfw  |  BL_s_min   |  nfw  |   BL_s_max  |
|  0|    804|    693|      0|     27|     84|      0|      0|     804|      30|   1466|0            |   1121|3.95606      |   1046|0            |   2187|12349.9      |   1027|-122.237     |   1046|0            |
Face Momentum (sd=  0): max value of div(mf) (cv=31664) = 7.645029e-04
	norm_L2 of div(momentum) = 6.752402e-03.
nsd = 0 BC: AP Inlet occurs on 1719 w-faces
+----+----+----+--------------+--------------+--------------+--------------+--------------+------+----+-+-+--+------+
|Name|view| n_y| Initial res  | Initial resL1| Target res   | Final res    | Final res L1 |Visits|Iter|R|F|CL|Status|
+----+----+----+--------------+--------------+--------------+--------------+--------------+------+----+-+-+--+------+
| 3M |   0|   0|  1.194984e+05|  6.277595e+04|  1.161763e+00|  1.282583e-01|  2.598939e+01|     4|  12|0|n|29|  OK  |
Velocity (predicted):
        (local) sd   0: min(  25232)=0.50206868641567     , max(  20023)=72.839748005077      
Flow alg-view 0 is not Neumann (not for Phase Change + Nested Iters)
+----+----+--------------+--------------+--------------+--------------+--------------+------+----+-+-+--+------+
|Name|view| Initial res  | Initial resL1| Target res   | Final res    | Final res L1 |Visits|Iter|R|F|CL|Status|
|DVGR|   0|  3.340978e+02|  2.115194e+03|  1.544359e-02|  7.092317e-03|  8.441338e+00|     8|  24|0|n|30|  OK  |
PRESSURE SOLVER(geom_index=  0): sum_C_dp=2.53177e-06
Face Momentum (sd=  0): max value of div(mf) (cv=45976) = 5.774021e-03
	norm_L2 of div(momentum) = 8.421604e-02.
nsd = 0 min_dtHy = 0.0379711 (nCV =	20023 ) max_dtHy = 0.42986 (nCV =	7718 ) 
+----+----+--------------+--------------+--------------+--------------+--------------+------+----+-+-+--+------+
|Name|view| Initial res  | Initial resL1| Target res   | Final res    | Final res L1 |Visits|Iter|R|F|CL|Status|
|CHT |   0|  1.983494e+07|  3.152432e+05|  1.239684e+03|  1.425166e+01|  2.808956e+02|     3|  27|0|n|30|  OK  |
nsd = 0 min_dtke = 0.0003514 (nCV =	17954 ) max_dtke = 0.164364 (nCV =	55585 ) 
+----+----+----+--------------+--------------+--------------+--------------+--------------+------+----+-+-+--+------+
|Name|view| n_y| Initial res  | Initial resL1| Target res   | Final res    | Final res L1 |Visits|Iter|R|F|CL|Status|
+----+----+----+--------------+--------------+--------------+--------------+--------------+------+----+-+-+--+------+
|turb|   0|   0|  5.430666e+06|  1.921139e+05|  2.034386e-03|  4.005230e-05|  3.782918e-01|     4|  24|0|n|30|  OK  |
|turb|   0|   1|  3.507330e+08|  1.288860e+06|  4.996431e-03|  4.391590e-04|  1.184171e+00|     4|  24|0|n|30|  OK  |
Filter: K,E,momentum: sd =   0 isolating K from zero=     67 E from zero=   1373 E from infinity=     37
slv : Fluid subdom(new) 0
slv : P static (new)                 : min(   5233) = 97717.249768761      , max(   7243) = 102922.24875438      
slv : Density (new)                  : min(   5233) = 1.1503278461199      , max(  19922) = 1.2226737536534      
slv : Velocity (new)                 : min(  20097) = 0.48274928586961     , max(  20023) = 72.892553268272      
slv : Mach number (new)              : min(  20097) = 0.0014031539657945   , max(  20023) = 0.21291632150604     
slv : Turbulent k (new)              : min(   6893) = 1e-40                , max(  38931) = 132.08675743567      
slv : Turbulent e (new)              : min(  20874) = 5.9490326726215e-47  , max(  20087) = 1522.6444057338      
slv : Temperature (new)              : min(  20023) = 291.80122785431      , max(   5259) = 297.22347478109      
slv : Total enthalpy, Y-shifted (new): min(  11995) = 1231.9299675848      , max(   5257) = 4211.059772097       
slv : MASS FLUXES AT OPENINGS: MF=-9027.79, AP=9027.76
slv : DvGr statistics: min alpha=0.148936(nfa=31763, geom_slice=0)
slv : +----------------------------------+------------+-------+------------+------------+
slv : |          Collector name          | Total Time | Count |  Avg Time  |  Max Time  |
slv : +----------------------------------+------------+-------+------------+------------+
slv : | Calculate_inc                    |      33.698|     61|       0.552|       0.923|
slv : | CollectEMT_Results               |       0.000|     62|       0.000|       0.000|
slv : | HeatPathCalculator_Dynamic       |       0.016|      1|       0.016|       0.016|
slv : | LiSy_make_portrait               |       0.784|    270|       0.003|       0.016|
slv : | Results_processing               |       6.674|     61|       0.109|       0.166|
slv : | build_sl_ordering_CHT            |       0.019|     62|       0.000|       0.009|
slv : | build_sl_ordering_MDS            |       0.129|     62|       0.002|       0.025|
slv : | build_sl_ordering_fluid          |       0.128|     62|       0.002|       0.025|
slv : | calc_Convolutions_MDS            |       1.063|     62|       0.017|       0.029|
slv : | calc_wall_dist                   |       0.502|      1|       0.502|       0.502|
slv : | create_Gr_operators_MDS          |       0.995|     62|       0.016|       0.030|
slv : | create_Gr_operators_portrait_MDS |       0.497|     62|       0.008|       0.015|
slv : | init_Hy_group_MDS                |       0.939|     62|       0.015|       0.027|
slv : | perform_stage_total              |      28.780|   1682|       0.017|       0.502|
slv : | precalc_at_start_MDS             |       0.663|      2|       0.332|       0.632|
slv : | solve_3M_MDS                     |       4.611|     62|       0.074|       0.164|
slv : | solve_3M_alg_MDS                 |       2.670|     62|       0.043|       0.115|
slv : | solve_BG_MDS                     |       2.586|     62|       0.042|       0.122|
slv : | solve_BG_alg_MDS                 |       1.821|     62|       0.029|       0.105|
slv : | solve_BL_MDS                     |       0.657|     62|       0.011|       0.027|
slv : | solve_CHT                        |       2.644|     62|       0.043|       0.073|
slv : | solve_CHT_MDS                    |       2.116|     62|       0.034|       0.065|
slv : | solve_CHT_alg_MDS                |       1.030|     62|       0.017|       0.048|
slv : | solve_DvGr_MDS                   |       7.262|     62|       0.117|       0.275|
slv : | solve_DvGr_alg_MDS               |       3.869|     62|       0.062|       0.185|
slv : | solve_INPR_MDS                   |       0.000|      1|       0.000|       0.000|
slv : | solve_PS+QJ                      |       0.000|      0|       0.000|       0.000|
slv : | solve_YLMA_MDS                   |       0.001|     62|       0.000|       0.000|
slv : | solve_YNOx_MDS                   |       0.000|     62|       0.000|       0.000|
slv : | solve_YTd_MDS                    |       0.001|     62|       0.000|       0.000|
slv : | solve_YTurb_MDS                  |       8.625|     62|       0.139|       0.308|
slv : | solve_YTurb_alg_MDS              |       4.036|    124|       0.033|       0.103|
slv : | update_BC_MDS                    |       0.000|     63|       0.000|       0.000|
slv : | update_Mf_after_DvGr             |       0.675|     62|       0.011|       0.021|
slv : | update_VelPressure_MDS           |       0.168|     62|       0.003|       0.005|
slv : +----------------------------------+------------+-------+------------+------------+
-----------------------------------------------------------------------
Memory Working Set Current = 305.28 Mb, Memory Working Set Peak = 308.22 Mb
Memory Private Bytes Current = 315.60 Mb, Memory Private Bytes Peak = 347.54 Mb
Process Threads Number: 14
-----------------------------------------------------------------------
Algebra Pool      : mem_usage = 209.81 Mb, allocated count = 1352

================== Tstep=62 ===================
<Dynamic P> on nsd = 0 {openings (inlet / outlet)}:
  (SP = Static Pressure, EP = Environment Pressure, TP = Total Pressure, E = External)
  {#0, E, (1.511096e+03 / 0.000000e+00)}
  {#1, E, (0.000000e+00 / 1.298370e+03)}
  {#2, E, (2.491289e+00 / 1.525317e+03)}
  {#3, E, (3.537761e+00 / 1.525439e+03)}
  {#4, E, (6.867511e+01 / 1.501802e+03)}
  {#5, E, (0.000000e+00 / 1.488320e+03)}
  MWS[  0]=2.5193
tau_viscous_averaged = 41.9013 
dt(mass,momentum; nsd=  0): min dt/dtG(ncv=  20023)=1.00 , max dt/dtG(ncv=   7718)=11.4   , dtG=0.0379779
Flow alg-view 0 in phys-view 0 isn't Neumann (not Multi Phase treating)
Face Momentum (sd=  0): max value of div(mf) (cv=50795) = 5.017020e-01
Flow alg-view 0 is not Neumann (not for Phase Change + Nested Iters)
+----+----+--------------+--------------+--------------+--------------+--------------+------+----+-+-+--+------+
|Name|view| Initial res  | Initial resL1| Target res   | Final res    | Final res L1 |Visits|Iter|R|F|CL|Status|
| BG |   0|  1.525259e+00|  1.472077e+01|  1.544359e-04|  7.606419e-05|  6.176856e-01|     9|  27|0|n|30|  OK  |
log10(resTarget_Lim / resTarget_Orig): 0.2 
Face Momentum (sd=  0): max value of div(mf) (cv=33584) = 8.680061e-04
	norm_L2 of div(momentum) = 8.721479e-03.
Flow alg-view 0 in phys-view 0 isn't Neumann (not Multi Phase treating)
LOG: number of a-faces with weighted approximations in 0 subdomain: 6.53651 percent
LOG: Rate of a-faces corrected to CUp1st in 0 subdomain: 0.0129797 %
slv : SolveBL stage
|nsd|Real WF|NormalF|Cycle F|CriticF| EdgeF |CyclBrF|ExtParF|RWFnumSt|StLvlNum|  nfw  |  alp_U_min  |  nfw  |  alp_U_max  |  nfw  |  alp_T_min  |  nfw  |  alp_T_max  |  nfw  |  BL_s_min   |  nfw  |   BL_s_max  |
|  0|    804|    694|      0|     26|     84|      0|      0|     804|      30|   1466|0            |   3458|5.35628      |   1046|0            |   2187|12343.8      |   3640|-136.53      |   1046|0            |
Face Momentum (sd=  0): max value of div(mf) (cv=33584) = 8.680061e-04
	norm_L2 of div(momentum) = 8.721479e-03.
nsd = 0 BC: AP Inlet occurs on 1707 w-faces
+----+----+----+--------------+--------------+--------------+--------------+--------------+------+----+-+-+--+------+
|Name|view| n_y| Initial res  | Initial resL1| Target res   | Final res    | Final res L1 |Visits|Iter|R|F|CL|Status|
+----+----+----+--------------+--------------+--------------+--------------+--------------+------+----+-+-+--+------+
| 3M |   0|   0|  1.250701e+05|  6.328302e+04|  1.184924e+00|  1.109125e-01|  2.627363e+01|     4|  12|0|n|29|  OK  |
Velocity (predicted):
        (local) sd   0: min(  25232)=0.29752467674246     , max(  20023)=72.957350748629      
Flow alg-view 0 is not Neumann (not for Phase Change + Nested Iters)
+----+----+--------------+--------------+--------------+--------------+--------------+------+----+-+-+--+------+
|Name|view| Initial res  | Initial resL1| Target res   | Final res    | Final res L1 |Visits|Iter|R|F|CL|Status|
|DVGR|   0|  3.588195e+02|  2.149745e+03|  1.544828e-02|  1.000945e-02|  9.295160e+00|     8|  24|0|n|30|  OK  |
PRESSURE SOLVER(geom_index=  0): sum_C_dp=2.23284e-06
Face Momentum (sd=  0): max value of div(mf) (cv=49432) = 5.453326e-03
	norm_L2 of div(momentum) = 1.000474e-01.
nsd = 0 min_dtHy = 0.0379779 (nCV =	20023 ) max_dtHy = 0.434642 (nCV =	7718 ) 
+----+----+--------------+--------------+--------------+--------------+--------------+------+----+-+-+--+------+
|Name|view| Initial res  | Initial resL1| Target res   | Final res    | Final res L1 |Visits|Iter|R|F|CL|Status|
|CHT |   0|  2.135737e+07|  3.183615e+05|  1.334836e+03|  1.523158e+01|  2.771586e+02|     3|  27|0|n|30|  OK  |
nsd = 0 min_dtke = 0.000439688 (nCV =	17670 ) max_dtke = 0.176075 (nCV =	55401 ) 
+----+----+----+--------------+--------------+--------------+--------------+--------------+------+----+-+-+--+------+
|Name|view| n_y| Initial res  | Initial resL1| Target res   | Final res    | Final res L1 |Visits|Iter|R|F|CL|Status|
+----+----+----+--------------+--------------+--------------+--------------+--------------+------+----+-+-+--+------+
|turb|   0|   0|  5.327237e+06|  1.915013e+05|  2.053525e-03|  1.103108e-04|  4.732471e-01|     4|  24|0|n|30|  OK  |
|turb|   0|   1|  3.352879e+08|  1.278619e+06|  5.030391e-03|  5.897250e-04|  1.256048e+00|     4|  24|0|n|30|  OK  |
Filter: K,E,momentum: sd =   0 isolating K from zero=     74 E from zero=   1025 E from infinity=     41
slv : Fluid subdom(new) 0
slv : P static (new)                 : min(   5233) = 97724.785360033      , max(   7242) = 102922.55931453      
slv : Density (new)                  : min(   5233) = 1.1504132935136      , max(  19922) = 1.2227155838962      
slv : Velocity (new)                 : min(   7728) = 0.3166380462205      , max(  20023) = 73.027096415575      
slv : Mach number (new)              : min(   7728) = 0.00091918085401053  , max(  20023) = 0.21331286355908     
slv : Turbulent k (new)              : min(   6889) = 1e-40                , max(  38931) = 134.029099818        
slv : Turbulent e (new)              : min(  46565) = 5.7023386994266e-47  , max(  20087) = 1427.3954152072      
slv : Temperature (new)              : min(  20023) = 291.79147719779      , max(   5259) = 297.22296597883      
slv : Total enthalpy, Y-shifted (new): min(  11775) = 1230.2964471767      , max(   5257) = 4208.8704127686      
slv : MASS FLUXES AT OPENINGS: MF=-9027.79, AP=9027.75
slv : DvGr statistics: min alpha=0.146751(nfa=59717, geom_slice=0)
slv : +----------------------------------+------------+-------+------------+------------+
slv : |          Collector name          | Total Time | Count |  Avg Time  |  Max Time  |
slv : +----------------------------------+------------+-------+------------+------------+
slv : | Calculate_inc                    |      34.247|     62|       0.552|       0.923|
slv : | CollectEMT_Results               |       0.000|     63|       0.000|       0.000|
slv : | HeatPathCalculator_Dynamic       |       0.016|      1|       0.016|       0.016|
slv : | LiSy_make_portrait               |       0.798|    274|       0.003|       0.016|
slv : | Results_processing               |       6.779|     62|       0.109|       0.166|
slv : | build_sl_ordering_CHT            |       0.019|     63|       0.000|       0.009|
slv : | build_sl_ordering_MDS            |       0.130|     63|       0.002|       0.025|
slv : | build_sl_ordering_fluid          |       0.128|     63|       0.002|       0.025|
slv : | calc_Convolutions_MDS            |       1.075|     63|       0.017|       0.029|
slv : | calc_wall_dist                   |       0.502|      1|       0.502|       0.502|
slv : | create_Gr_operators_MDS          |       1.012|     63|       0.016|       0.030|
slv : | create_Gr_operators_portrait_MDS |       0.507|     63|       0.008|       0.015|
slv : | init_Hy_group_MDS                |       0.954|     63|       0.015|       0.027|
slv : | perform_stage_total              |      29.282|   1709|       0.017|       0.502|
slv : | precalc_at_start_MDS             |       0.663|      2|       0.332|       0.632|
slv : | solve_3M_MDS                     |       4.688|     63|       0.074|       0.164|
slv : | solve_3M_alg_MDS                 |       2.719|     63|       0.043|       0.115|
slv : | solve_BG_MDS                     |       2.630|     63|       0.042|       0.122|
slv : | solve_BG_alg_MDS                 |       1.852|     63|       0.029|       0.105|
slv : | solve_BL_MDS                     |       0.666|     63|       0.011|       0.027|
slv : | solve_CHT                        |       2.695|     63|       0.043|       0.073|
slv : | solve_CHT_MDS                    |       2.161|     63|       0.034|       0.065|
slv : | solve_CHT_alg_MDS                |       1.054|     63|       0.017|       0.048|
slv : | solve_DvGr_MDS                   |       7.418|     63|       0.118|       0.275|
slv : | solve_DvGr_alg_MDS               |       3.960|     63|       0.063|       0.185|
slv : | solve_INPR_MDS                   |       0.000|      1|       0.000|       0.000|
slv : | solve_PS+QJ                      |       0.000|      0|       0.000|       0.000|
slv : | solve_YLMA_MDS                   |       0.001|     63|       0.000|       0.000|
slv : | solve_YNOx_MDS                   |       0.000|     63|       0.000|       0.000|
slv : | solve_YTd_MDS                    |       0.001|     63|       0.000|       0.000|
slv : | solve_YTurb_MDS                  |       8.771|     63|       0.139|       0.308|
slv : | solve_YTurb_alg_MDS              |       4.102|    126|       0.033|       0.103|
slv : | update_BC_MDS                    |       0.000|     64|       0.000|       0.000|
slv : | update_Mf_after_DvGr             |       0.684|     63|       0.011|       0.021|
slv : | update_VelPressure_MDS           |       0.170|     63|       0.003|       0.005|
slv : +----------------------------------+------------+-------+------------+------------+
-----------------------------------------------------------------------
Memory Working Set Current = 305.39 Mb, Memory Working Set Peak = 308.22 Mb
Memory Private Bytes Current = 315.62 Mb, Memory Private Bytes Peak = 347.54 Mb
Process Threads Number: 14
-----------------------------------------------------------------------
Algebra Pool      : mem_usage = 209.81 Mb, allocated count = 1356

================== Tstep=63 ===================
<Dynamic P> on nsd = 0 {openings (inlet / outlet)}:
  (SP = Static Pressure, EP = Environment Pressure, TP = Total Pressure, E = External)
  {#0, E, (1.511096e+03 / 0.000000e+00)}
  {#1, E, (0.000000e+00 / 1.298069e+03)}
  {#2, E, (2.227374e+00 / 1.525425e+03)}
  {#3, E, (3.441816e+00 / 1.525482e+03)}
  {#4, E, (6.967274e+01 / 1.501845e+03)}
  {#5, E, (0.000000e+00 / 1.490350e+03)}
  MWS[  0]=2.52407
tau_viscous_averaged = 45.298 
dt(mass,momentum; nsd=  0): min dt/dtG(ncv=  20023)=1.00 , max dt/dtG(ncv=   7732)=11.9   , dtG=0.0378855
Flow alg-view 0 in phys-view 0 isn't Neumann (not Multi Phase treating)
Face Momentum (sd=  0): max value of div(mf) (cv=50775) = 5.078108e-01
Flow alg-view 0 is not Neumann (not for Phase Change + Nested Iters)
+----+----+--------------+--------------+--------------+--------------+--------------+------+----+-+-+--+------+
|Name|view| Initial res  | Initial resL1| Target res   | Final res    | Final res L1 |Visits|Iter|R|F|CL|Status|
| BG |   0|  2.177949e+00|  1.715537e+01|  1.544828e-04|  1.081840e-04|  7.002278e-01|     9|  27|0|n|30|  OK  |
log10(resTarget_Lim / resTarget_Orig): 0.1 
Face Momentum (sd=  0): max value of div(mf) (cv=33008) = 9.680559e-04
	norm_L2 of div(momentum) = 1.040115e-02.
Flow alg-view 0 in phys-view 0 isn't Neumann (not Multi Phase treating)
LOG: number of a-faces with weighted approximations in 0 subdomain: 6.54608 percent
LOG: Rate of a-faces corrected to CUp1st in 0 subdomain: 0.0127117 %
slv : SolveBL stage
|nsd|Real WF|NormalF|Cycle F|CriticF| EdgeF |CyclBrF|ExtParF|RWFnumSt|StLvlNum|  nfw  |  alp_U_min  |  nfw  |  alp_U_max  |  nfw  |  alp_T_min  |  nfw  |  alp_T_max  |  nfw  |  BL_s_min   |  nfw  |   BL_s_max  |
|  0|    804|    694|      0|     26|     84|      0|      0|     804|      28|   1466|0            |   1121|3.95006      |   1046|0            |   2187|12314.8      |   1027|-122.37      |   1046|0            |
Face Momentum (sd=  0): max value of div(mf) (cv=33008) = 9.680559e-04
	norm_L2 of div(momentum) = 1.040115e-02.
nsd = 0 BC: AP Inlet occurs on 1692 w-faces
+----+----+----+--------------+--------------+--------------+--------------+--------------+------+----+-+-+--+------+
|Name|view| n_y| Initial res  | Initial resL1| Target res   | Final res    | Final res L1 |Visits|Iter|R|F|CL|Status|
+----+----+----+--------------+--------------+--------------+--------------+--------------+------+----+-+-+--+------+
| 3M |   0|   0|  1.127163e+05|  6.180133e+04|  1.182519e+00|  8.171967e-02|  2.451934e+01|     4|  12|0|n|29|  OK  |
Velocity (predicted):
        (local) sd   0: min(  18283)=0.37340163388453     , max(  20023)=73.04861201664       
Flow alg-view 0 is not Neumann (not for Phase Change + Nested Iters)
+----+----+--------------+--------------+--------------+--------------+--------------+------+----+-+-+--+------+
|Name|view| Initial res  | Initial resL1| Target res   | Final res    | Final res L1 |Visits|Iter|R|F|CL|Status|
|DVGR|   0|  3.673438e+02|  2.180364e+03|  1.553963e-02|  1.532280e-02|  1.046520e+01|     8|  24|0|n|30|  OK  |
PRESSURE SOLVER(geom_index=  0): sum_C_dp=-5.25938e-06
Face Momentum (sd=  0): max value of div(mf) (cv=44350) = 6.776854e-03
	norm_L2 of div(momentum) = 1.237854e-01.
nsd = 0 min_dtHy = 0.0378856 (nCV =	20023 ) max_dtHy = 0.451012 (nCV =	7732 ) 
+----+----+--------------+--------------+--------------+--------------+--------------+------+----+-+-+--+------+
|Name|view| Initial res  | Initial resL1| Target res   | Final res    | Final res L1 |Visits|Iter|R|F|CL|Status|
|CHT |   0|  2.154058e+07|  3.112975e+05|  1.346286e+03|  1.585929e+01|  2.694341e+02|     3|  27|0|n|30|  OK  |
nsd = 0 min_dtke = 0.000451161 (nCV =	24094 ) max_dtke = 0.163363 (nCV =	55584 ) 
+----+----+----+--------------+--------------+--------------+--------------+--------------+------+----+-+-+--+------+
|Name|view| n_y| Initial res  | Initial resL1| Target res   | Final res    | Final res L1 |Visits|Iter|R|F|CL|Status|
+----+----+----+--------------+--------------+--------------+--------------+--------------+------+----+-+-+--+------+
|turb|   0|   0|  5.085914e+06|  1.881845e+05|  2.060846e-03|  4.943383e-05|  4.118229e-01|     4|  24|0|n|30|  OK  |
|turb|   0|   1|  3.027752e+08|  1.243779e+06|  5.074072e-03|  3.456758e-04|  1.163505e+00|     4|  24|0|n|30|  OK  |
Filter: K,E,momentum: sd =   0 isolating K from zero=     64 E from zero=    719 E from infinity=     42
slv : Fluid subdom(new) 0
slv : P static (new)                 : min(   5233) = 97731.356064099      , max(   7242) = 102922.03497151      
slv : Density (new)                  : min(   5233) = 1.1504848996265      , max(  19922) = 1.2227518375647      
slv : Velocity (new)                 : min(  18283) = 0.36466393702121     , max(  20023) = 73.092239725454      
slv : Mach number (new)              : min(  18283) = 0.0010595957716686   , max(  20023) = 0.21350486177058     
slv : Turbulent k (new)              : min(   6889) = 1e-40                , max(  38931) = 138.92962175146      
slv : Turbulent e (new)              : min(  46593) = 5.5470647117472e-47  , max(  18045) = 1369.2734209119      
slv : Temperature (new)              : min(  20023) = 291.78676955425      , max(   5259) = 297.21875040075      
slv : Total enthalpy, Y-shifted (new): min(  11771) = 1231.7195345743      , max(   5233) = 4209.6301376633      
slv : MASS FLUXES AT OPENINGS: MF=-9027.79, AP=9027.77
slv : DvGr statistics: min alpha=0.146072(nfa=59540, geom_slice=0)
slv : +----------------------------------+------------+-------+------------+------------+
slv : |          Collector name          | Total Time | Count |  Avg Time  |  Max Time  |
slv : +----------------------------------+------------+-------+------------+------------+
slv : | Calculate_inc                    |      34.845|     63|       0.553|       0.923|
slv : | CollectEMT_Results               |       0.000|     64|       0.000|       0.000|
slv : | HeatPathCalculator_Dynamic       |       0.016|      1|       0.016|       0.016|
slv : | LiSy_make_portrait               |       0.807|    278|       0.003|       0.016|
slv : | Results_processing               |       6.880|     63|       0.109|       0.166|
slv : | build_sl_ordering_CHT            |       0.019|     64|       0.000|       0.009|
slv : | build_sl_ordering_MDS            |       0.130|     64|       0.002|       0.025|
slv : | build_sl_ordering_fluid          |       0.128|     64|       0.002|       0.025|
slv : | calc_Convolutions_MDS            |       1.090|     64|       0.017|       0.029|
slv : | calc_wall_dist                   |       0.502|      1|       0.502|       0.502|
slv : | create_Gr_operators_MDS          |       1.029|     64|       0.016|       0.030|
slv : | create_Gr_operators_portrait_MDS |       0.516|     64|       0.008|       0.015|
slv : | init_Hy_group_MDS                |       0.971|     64|       0.015|       0.027|
slv : | perform_stage_total              |      29.717|   1736|       0.017|       0.502|
slv : | precalc_at_start_MDS             |       0.663|      2|       0.332|       0.632|
slv : | solve_3M_MDS                     |       4.761|     64|       0.074|       0.164|
slv : | solve_3M_alg_MDS                 |       2.765|     64|       0.043|       0.115|
slv : | solve_BG_MDS                     |       2.673|     64|       0.042|       0.122|
slv : | solve_BG_alg_MDS                 |       1.882|     64|       0.029|       0.105|
slv : | solve_BL_MDS                     |       0.674|     64|       0.011|       0.027|
slv : | solve_CHT                        |       2.744|     64|       0.043|       0.073|
slv : | solve_CHT_MDS                    |       2.203|     64|       0.034|       0.065|
slv : | solve_CHT_alg_MDS                |       1.076|     64|       0.017|       0.048|
slv : | solve_DvGr_MDS                   |       7.513|     64|       0.117|       0.275|
slv : | solve_DvGr_alg_MDS               |       4.006|     64|       0.063|       0.185|
slv : | solve_INPR_MDS                   |       0.000|      1|       0.000|       0.000|
slv : | solve_PS+QJ                      |       0.000|      0|       0.000|       0.000|
slv : | solve_YLMA_MDS                   |       0.001|     64|       0.000|       0.000|
slv : | solve_YNOx_MDS                   |       0.000|     64|       0.000|       0.000|
slv : | solve_YTd_MDS                    |       0.001|     64|       0.000|       0.000|
slv : | solve_YTurb_MDS                  |       8.913|     64|       0.139|       0.308|
slv : | solve_YTurb_alg_MDS              |       4.167|    128|       0.033|       0.103|
slv : | update_BC_MDS                    |       0.000|     65|       0.000|       0.000|
slv : | update_Mf_after_DvGr             |       0.693|     64|       0.011|       0.021|
slv : | update_VelPressure_MDS           |       0.173|     64|       0.003|       0.005|
slv : +----------------------------------+------------+-------+------------+------------+
-----------------------------------------------------------------------
Memory Working Set Current = 305.23 Mb, Memory Working Set Peak = 308.22 Mb
Memory Private Bytes Current = 315.55 Mb, Memory Private Bytes Peak = 347.54 Mb
Process Threads Number: 14
-----------------------------------------------------------------------
Algebra Pool      : mem_usage = 209.81 Mb, allocated count = 1356

================== Tstep=64 ===================
<Dynamic P> on nsd = 0 {openings (inlet / outlet)}:
  (SP = Static Pressure, EP = Environment Pressure, TP = Total Pressure, E = External)
  {#0, E, (1.511098e+03 / 0.000000e+00)}
  {#1, E, (0.000000e+00 / 1.297561e+03)}
  {#2, E, (1.981915e+00 / 1.525272e+03)}
  {#3, E, (3.373990e+00 / 1.525528e+03)}
  {#4, E, (7.064592e+01 / 1.501981e+03)}
  {#5, E, (0.000000e+00 / 1.492961e+03)}
  MWS[  0]=2.52639
tau_viscous_averaged = 47.4619 
dt(mass,momentum; nsd=  0): min dt/dtG(ncv=  20023)=1.00 , max dt/dtG(ncv=   7732)=11.8   , dtG=0.0378765
Flow alg-view 0 in phys-view 0 isn't Neumann (not Multi Phase treating)
Face Momentum (sd=  0): max value of div(mf) (cv=50894) = 6.495784e-01
Flow alg-view 0 is not Neumann (not for Phase Change + Nested Iters)
+----+----+--------------+--------------+--------------+--------------+--------------+------+----+-+-+--+------+
|Name|view| Initial res  | Initial resL1| Target res   | Final res    | Final res L1 |Visits|Iter|R|F|CL|Status|
| BG |   0|  3.443074e+00|  1.965130e+01|  2.151921e-04|  2.148953e-04|  9.004425e-01|     9|  27|0|n|30|  OK  |
Face Momentum (sd=  0): max value of div(mf) (cv=44061) = 1.578029e-03
	norm_L2 of div(momentum) = 1.465931e-02.
Flow alg-view 0 in phys-view 0 isn't Neumann (not Multi Phase treating)
LOG: number of a-faces with weighted approximations in 0 subdomain: 6.58795 percent
LOG: Rate of a-faces corrected to CUp1st in 0 subdomain: 0.0143273 %
slv : SolveBL stage
|nsd|Real WF|NormalF|Cycle F|CriticF| EdgeF |CyclBrF|ExtParF|RWFnumSt|StLvlNum|  nfw  |  alp_U_min  |  nfw  |  alp_U_max  |  nfw  |  alp_T_min  |  nfw  |  alp_T_max  |  nfw  |  BL_s_min   |  nfw  |   BL_s_max  |
|  0|    804|    694|      0|     26|     84|      0|      0|     804|      26|   1466|0            |   1121|3.95089      |   1046|0            |   2187|12277.1      |   3659|-165.001     |   1046|0            |
Face Momentum (sd=  0): max value of div(mf) (cv=44061) = 1.578029e-03
	norm_L2 of div(momentum) = 1.465931e-02.
nsd = 0 BC: AP Inlet occurs on 1685 w-faces
+----+----+----+--------------+--------------+--------------+--------------+--------------+------+----+-+-+--+------+
|Name|view| n_y| Initial res  | Initial resL1| Target res   | Final res    | Final res L1 |Visits|Iter|R|F|CL|Status|
+----+----+----+--------------+--------------+--------------+--------------+--------------+------+----+-+-+--+------+
| 3M |   0|   0|  1.128665e+05|  6.075169e+04|  1.181523e+00|  6.372649e-02|  2.318334e+01|     4|  12|0|n|29|  OK  |
Velocity (predicted):
        (local) sd   0: min(  18254)=0.50299088991441     , max(  20023)=73.15827821697       
Flow alg-view 0 is not Neumann (not for Phase Change + Nested Iters)
+----+----+--------------+--------------+--------------+--------------+--------------+------+----+-+-+--+------+
|Name|view| Initial res  | Initial resL1| Target res   | Final res    | Final res L1 |Visits|Iter|R|F|CL|Status|
|DVGR|   0|  3.872413e+02|  2.206815e+03|  1.556108e-02|  9.513450e-03|  7.060786e+00|     9|  27|0|n|30|  OK  |
PRESSURE SOLVER(geom_index=  0): sum_C_dp=-1.14362e-05
Face Momentum (sd=  0): max value of div(mf) (cv=45976) = 7.604638e-03
	norm_L2 of div(momentum) = 9.753702e-02.
nsd = 0 min_dtHy = 0.0378765 (nCV =	20023 ) max_dtHy = 0.446618 (nCV =	7732 ) 
+----+----+--------------+--------------+--------------+--------------+--------------+------+----+-+-+--+------+
|Name|view| Initial res  | Initial resL1| Target res   | Final res    | Final res L1 |Visits|Iter|R|F|CL|Status|
|CHT |   0|  2.023460e+07|  2.974472e+05|  1.264662e+03|  1.633755e+01|  2.659344e+02|     3|  27|0|n|30|  OK  |
nsd = 0 min_dtke = 0.000314497 (nCV =	12544 ) max_dtke = 0.161628 (nCV =	55400 ) 
+----+----+----+--------------+--------------+--------------+--------------+--------------+------+----+-+-+--+------+
|Name|view| n_y| Initial res  | Initial resL1| Target res   | Final res    | Final res L1 |Visits|Iter|R|F|CL|Status|
+----+----+----+--------------+--------------+--------------+--------------+--------------+------+----+-+-+--+------+
|turb|   0|   0|  4.763877e+06|  1.838211e+05|  2.055622e-03|  5.088165e-05|  4.160148e-01|     4|  24|0|n|30|  OK  |
|turb|   0|   1|  2.657856e+08|  1.192207e+06|  5.074888e-03|  4.425839e-04|  1.215834e+00|     4|  24|0|n|30|  OK  |
Filter: K,E,momentum: sd =   0 isolating K from zero=     71 E from zero=   1162 E from infinity=     44
slv : Fluid subdom(new) 0
slv : P static (new)                 : min(   5233) = 97737.120153674      , max(   7242) = 102922.26152212      
slv : Density (new)                  : min(   5233) = 1.1505473814615      , max(  19922) = 1.222811297904       
slv : Velocity (new)                 : min(  18283) = 0.62015541614374     , max(  20023) = 73.223402910504      
slv : Mach number (new)              : min(  18283) = 0.0018020905890926   , max(  20023) = 0.21389146377604     
slv : Turbulent k (new)              : min(   6889) = 1e-40                , max(  38931) = 146.33010578758      
slv : Turbulent e (new)              : min(  29266) = 5.2619563573452e-47  , max(  18045) = 1448.1095745196      
slv : Temperature (new)              : min(  20023) = 291.77725618893      , max(   5259) = 297.2215346612       
slv : Total enthalpy, Y-shifted (new): min(  11743) = 1234.0508675042      , max(   5259) = 4211.4424364547      
slv : MASS FLUXES AT OPENINGS: MF=-9027.79, AP=9027.8
slv : DvGr statistics: min alpha=0.14449(nfa=59540, geom_slice=0)
slv : +----------------------------------+------------+-------+------------+------------+
slv : |          Collector name          | Total Time | Count |  Avg Time  |  Max Time  |
slv : +----------------------------------+------------+-------+------------+------------+
slv : | Calculate_inc                    |      35.376|     64|       0.553|       0.923|
slv : | CollectEMT_Results               |       0.000|     65|       0.000|       0.000|
slv : | HeatPathCalculator_Dynamic       |       0.016|      1|       0.016|       0.016|
slv : | LiSy_make_portrait               |       0.817|    282|       0.003|       0.016|
slv : | Results_processing               |       6.984|     64|       0.109|       0.166|
slv : | build_sl_ordering_CHT            |       0.019|     65|       0.000|       0.009|
slv : | build_sl_ordering_MDS            |       0.130|     65|       0.002|       0.025|
slv : | build_sl_ordering_fluid          |       0.128|     65|       0.002|       0.025|
slv : | calc_Convolutions_MDS            |       1.104|     65|       0.017|       0.029|
slv : | calc_wall_dist                   |       0.502|      1|       0.502|       0.502|
slv : | create_Gr_operators_MDS          |       1.046|     65|       0.016|       0.030|
slv : | create_Gr_operators_portrait_MDS |       0.522|     65|       0.008|       0.015|
slv : | init_Hy_group_MDS                |       0.984|     65|       0.015|       0.027|
slv : | perform_stage_total              |      30.142|   1763|       0.017|       0.502|
slv : | precalc_at_start_MDS             |       0.663|      2|       0.332|       0.632|
slv : | solve_3M_MDS                     |       4.833|     65|       0.074|       0.164|
slv : | solve_3M_alg_MDS                 |       2.813|     65|       0.043|       0.115|
slv : | solve_BG_MDS                     |       2.715|     65|       0.042|       0.122|
slv : | solve_BG_alg_MDS                 |       1.912|     65|       0.029|       0.105|
slv : | solve_BL_MDS                     |       0.686|     65|       0.011|       0.027|
slv : | solve_CHT                        |       2.791|     65|       0.043|       0.073|
slv : | solve_CHT_MDS                    |       2.244|     65|       0.035|       0.065|
slv : | solve_CHT_alg_MDS                |       1.098|     65|       0.017|       0.048|
slv : | solve_DvGr_MDS                   |       7.617|     65|       0.117|       0.275|
slv : | solve_DvGr_alg_MDS               |       4.059|     65|       0.062|       0.185|
slv : | solve_INPR_MDS                   |       0.000|      1|       0.000|       0.000|
slv : | solve_PS+QJ                      |       0.000|      0|       0.000|       0.000|
slv : | solve_YLMA_MDS                   |       0.001|     65|       0.000|       0.000|
slv : | solve_YNOx_MDS                   |       0.000|     65|       0.000|       0.000|
slv : | solve_YTd_MDS                    |       0.001|     65|       0.000|       0.000|
slv : | solve_YTurb_MDS                  |       9.045|     65|       0.139|       0.308|
slv : | solve_YTurb_alg_MDS              |       4.231|    130|       0.033|       0.103|
slv : | update_BC_MDS                    |       0.000|     66|       0.000|       0.000|
slv : | update_Mf_after_DvGr             |       0.702|     65|       0.011|       0.021|
slv : | update_VelPressure_MDS           |       0.175|     65|       0.003|       0.005|
slv : +----------------------------------+------------+-------+------------+------------+
Interpolator cache: total calls 4845, optimised calls 445 (9.2 %)
-----------------------------------------------------------------------
Memory Working Set Current = 305.26 Mb, Memory Working Set Peak = 308.22 Mb
Memory Private Bytes Current = 315.55 Mb, Memory Private Bytes Peak = 347.54 Mb
Process Threads Number: 14
-----------------------------------------------------------------------
Iteration : time = 3.22341 , count = 5 , time/count = 0.644681
Calculate_inc() : time = 2.71077 , count = 5 , time/count = 0.542154
TreatFlowEvolution() : time = 0.283238 , count = 5 , time/count = 0.0566476
SolverPreview : time = 0.21844 , count = 5 , time/count = 0.043688
TreatGoals : time = 0.278254 , count = 5 , time/count = 0.0556508
Algebra Pool      : mem_usage = 209.81 Mb, allocated count = 1355

================== Tstep=65 ===================
<Dynamic P> on nsd = 0 {openings (inlet / outlet)}:
  (SP = Static Pressure, EP = Environment Pressure, TP = Total Pressure, E = External)
  {#0, E, (1.511099e+03 / 0.000000e+00)}
  {#1, E, (0.000000e+00 / 1.297070e+03)}
  {#2, E, (1.767480e+00 / 1.525041e+03)}
  {#3, E, (3.305002e+00 / 1.525449e+03)}
  {#4, E, (7.201256e+01 / 1.501827e+03)}
  {#5, E, (0.000000e+00 / 1.496011e+03)}
  MWS[  0]=2.53094
tau_viscous_averaged = 43.2934 
dt(mass,momentum; nsd=  0): min dt/dtG(ncv=  20023)=1.00 , max dt/dtG(ncv=   7734)=11.9   , dtG=0.0377883
Flow alg-view 0 in phys-view 0 isn't Neumann (not Multi Phase treating)
Face Momentum (sd=  0): max value of div(mf) (cv=30168) = 1.461222e+00
Flow alg-view 0 is not Neumann (not for Phase Change + Nested Iters)
+----+----+--------------+--------------+--------------+--------------+--------------+------+----+-+-+--+------+
|Name|view| Initial res  | Initial resL1| Target res   | Final res    | Final res L1 |Visits|Iter|R|F|CL|Status|
| BG |   0|  7.951479e+00|  2.024808e+01|  4.969674e-04|  2.882692e-04|  1.001684e+00|     9|  27|0|n|30|  OK  |
Face Momentum (sd=  0): max value of div(mf) (cv=44028) = 2.155122e-03
	norm_L2 of div(momentum) = 1.697849e-02.
Flow alg-view 0 in phys-view 0 isn't Neumann (not Multi Phase treating)
LOG: number of a-faces with weighted approximations in 0 subdomain: 6.58915 percent
LOG: Rate of a-faces corrected to CUp1st in 0 subdomain: 0.0122649 %
slv : SolveBL stage
|nsd|Real WF|NormalF|Cycle F|CriticF| EdgeF |CyclBrF|ExtParF|RWFnumSt|StLvlNum|  nfw  |  alp_U_min  |  nfw  |  alp_U_max  |  nfw  |  alp_T_min  |  nfw  |  alp_T_max  |  nfw  |  BL_s_min   |  nfw  |   BL_s_max  |
|  0|    804|    691|      0|     28|     85|      0|      0|     804|      28|   1465|0            |   3693|6.74181      |   1046|0            |   2187|12368        |   4352|-122.589     |   1046|0            |
Face Momentum (sd=  0): max value of div(mf) (cv=44028) = 2.155122e-03
	norm_L2 of div(momentum) = 1.697849e-02.
nsd = 0 BC: AP Inlet occurs on 1672 w-faces
+----+----+----+--------------+--------------+--------------+--------------+--------------+------+----+-+-+--+------+
|Name|view| n_y| Initial res  | Initial resL1| Target res   | Final res    | Final res L1 |Visits|Iter|R|F|CL|Status|
+----+----+----+--------------+--------------+--------------+--------------+--------------+------+----+-+-+--+------+
| 3M |   0|   0|  1.125695e+05|  5.970395e+04|  1.204838e+00|  6.150157e-02|  2.281328e+01|     4|  12|0|n|29|  OK  |
Velocity (predicted):
        (local) sd   0: min(  20382)=0.44320269167243     , max(  20023)=73.216892378113      
Flow alg-view 0 is not Neumann (not for Phase Change + Nested Iters)
+----+----+--------------+--------------+--------------+--------------+--------------+------+----+-+-+--+------+
|Name|view| Initial res  | Initial resL1| Target res   | Final res    | Final res L1 |Visits|Iter|R|F|CL|Status|
|DVGR|   0|  4.137814e+02|  2.191753e+03|  1.562408e-02|  1.214773e-02|  7.251134e+00|     9|  27|0|n|30|  OK  |
PRESSURE SOLVER(geom_index=  0): sum_C_dp=-1.18464e-05
Face Momentum (sd=  0): max value of div(mf) (cv=45976) = 9.441086e-03
	norm_L2 of div(momentum) = 1.102168e-01.
nsd = 0 min_dtHy = 0.0377883 (nCV =	20023 ) max_dtHy = 0.448244 (nCV =	7734 ) 
+----+----+--------------+--------------+--------------+--------------+--------------+------+----+-+-+--+------+
|Name|view| Initial res  | Initial resL1| Target res   | Final res    | Final res L1 |Visits|Iter|R|F|CL|Status|
|CHT |   0|  1.909055e+07|  2.875090e+05|  1.193159e+03|  1.616937e+01|  2.582623e+02|     3|  27|0|n|30|  OK  |
nsd = 0 min_dtke = 0.000484929 (nCV =	24084 ) max_dtke = 0.173177 (nCV =	55401 ) 
+----+----+----+--------------+--------------+--------------+--------------+--------------+------+----+-+-+--+------+
|Name|view| n_y| Initial res  | Initial resL1| Target res   | Final res    | Final res L1 |Visits|Iter|R|F|CL|Status|
+----+----+----+--------------+--------------+--------------+--------------+--------------+------+----+-+-+--+------+
|turb|   0|   0|  4.536352e+06|  1.800057e+05|  2.066648e-03|  5.399246e-05|  4.337861e-01|     4|  24|0|n|30|  OK  |
|turb|   0|   1|  2.353293e+08|  1.138865e+06|  5.103558e-03|  5.756269e-04|  1.380680e+00|     4|  24|0|n|30|  OK  |
Filter: K,E,momentum: sd =   0 isolating K from zero=     86 E from zero=   1108 E from infinity=     42
slv : Fluid subdom(new) 0
slv : P static (new)                 : min(   5233) = 97742.330636277      , max(   7242) = 102922.74008155      
slv : Density (new)                  : min(   5233) = 1.1506056197982      , max(  19922) = 1.2228296484904      
slv : Velocity (new)                 : min(  12420) = 0.73372473168765     , max(  20023) = 73.251313826089      
slv : Mach number (new)              : min(  12420) = 0.002130908561084    , max(  20023) = 0.21397372809841     
slv : Turbulent k (new)              : min(   6889) = 1e-40                , max(  38931) = 155.02235353096      
slv : Turbulent e (new)              : min(  29278) = 3.9692733855451e-47  , max(  18045) = 1522.8221277207      
slv : Temperature (new)              : min(  20023) = 291.77524387983      , max(   5259) = 297.21721700393      
slv : Total enthalpy, Y-shifted (new): min(  12178) = 1235.9181674387      , max(   5233) = 4212.1110666876      
slv : MASS FLUXES AT OPENINGS: MF=-9027.79, AP=9027.8
slv : DvGr statistics: min alpha=0.144293(nfa=59540, geom_slice=0)
slv : +----------------------------------+------------+-------+------------+------------+
slv : |          Collector name          | Total Time | Count |  Avg Time  |  Max Time  |
slv : +----------------------------------+------------+-------+------------+------------+
slv : | Calculate_inc                    |      35.894|     65|       0.552|       0.923|
slv : | CollectEMT_Results               |       0.000|     66|       0.000|       0.000|
slv : | HeatPathCalculator_Dynamic       |       0.016|      1|       0.016|       0.016|
slv : | LiSy_make_portrait               |       0.827|    286|       0.003|       0.016|
slv : | Results_processing               |       7.084|     65|       0.109|       0.166|
slv : | build_sl_ordering_CHT            |       0.019|     66|       0.000|       0.009|
slv : | build_sl_ordering_MDS            |       0.130|     66|       0.002|       0.025|
slv : | build_sl_ordering_fluid          |       0.129|     66|       0.002|       0.025|
slv : | calc_Convolutions_MDS            |       1.123|     66|       0.017|       0.029|
slv : | calc_wall_dist                   |       0.502|      1|       0.502|       0.502|
slv : | create_Gr_operators_MDS          |       1.060|     66|       0.016|       0.030|
slv : | create_Gr_operators_portrait_MDS |       0.528|     66|       0.008|       0.015|
slv : | init_Hy_group_MDS                |       1.001|     66|       0.015|       0.027|
slv : | perform_stage_total              |      30.580|   1790|       0.017|       0.502|
slv : | precalc_at_start_MDS             |       0.663|      2|       0.332|       0.632|
slv : | solve_3M_MDS                     |       4.915|     66|       0.074|       0.164|
slv : | solve_3M_alg_MDS                 |       2.862|     66|       0.043|       0.115|
slv : | solve_BG_MDS                     |       2.753|     66|       0.042|       0.122|
slv : | solve_BG_alg_MDS                 |       1.938|     66|       0.029|       0.105|
slv : | solve_BL_MDS                     |       0.694|     66|       0.011|       0.027|
slv : | solve_CHT                        |       2.839|     66|       0.043|       0.073|
slv : | solve_CHT_MDS                    |       2.284|     66|       0.035|       0.065|
slv : | solve_CHT_alg_MDS                |       1.120|     66|       0.017|       0.048|
slv : | solve_DvGr_MDS                   |       7.722|     66|       0.117|       0.275|
slv : | solve_DvGr_alg_MDS               |       4.113|     66|       0.062|       0.185|
slv : | solve_INPR_MDS                   |       0.000|      1|       0.000|       0.000|
slv : | solve_PS+QJ                      |       0.000|      0|       0.000|       0.000|
slv : | solve_YLMA_MDS                   |       0.001|     66|       0.000|       0.000|
slv : | solve_YNOx_MDS                   |       0.000|     66|       0.000|       0.000|
slv : | solve_YTd_MDS                    |       0.001|     66|       0.000|       0.000|
slv : | solve_YTurb_MDS                  |       9.186|     66|       0.139|       0.308|
slv : | solve_YTurb_alg_MDS              |       4.294|    132|       0.033|       0.103|
slv : | update_BC_MDS                    |       0.000|     67|       0.000|       0.000|
slv : | update_Mf_after_DvGr             |       0.711|     66|       0.011|       0.021|
slv : | update_VelPressure_MDS           |       0.177|     66|       0.003|       0.005|
slv : +----------------------------------+------------+-------+------------+------------+
-----------------------------------------------------------------------
Memory Working Set Current = 306.10 Mb, Memory Working Set Peak = 308.22 Mb
Memory Private Bytes Current = 316.37 Mb, Memory Private Bytes Peak = 347.54 Mb
Process Threads Number: 14
-----------------------------------------------------------------------
Algebra Pool      : mem_usage = 209.81 Mb, allocated count = 1358

================== Tstep=66 ===================
<Dynamic P> on nsd = 0 {openings (inlet / outlet)}:
  (SP = Static Pressure, EP = Environment Pressure, TP = Total Pressure, E = External)
  {#0, E, (1.511101e+03 / 0.000000e+00)}
  {#1, E, (0.000000e+00 / 1.297261e+03)}
  {#2, E, (1.607772e+00 / 1.524978e+03)}
  {#3, E, (3.281007e+00 / 1.525477e+03)}
  {#4, E, (7.309994e+01 / 1.501886e+03)}
  {#5, E, (0.000000e+00 / 1.499256e+03)}
  MWS[  0]=2.53193
tau_viscous_averaged = 42.2529 
dt(mass,momentum; nsd=  0): min dt/dtG(ncv=  20023)=1.00 , max dt/dtG(ncv=  18518)=11.9   , dtG=0.037803
Flow alg-view 0 in phys-view 0 isn't Neumann (not Multi Phase treating)
Face Momentum (sd=  0): max value of div(mf) (cv=30168) = 1.097549e+00
Flow alg-view 0 is not Neumann (not for Phase Change + Nested Iters)
+----+----+--------------+--------------+--------------+--------------+--------------+------+----+-+-+--+------+
|Name|view| Initial res  | Initial resL1| Target res   | Final res    | Final res L1 |Visits|Iter|R|F|CL|Status|
| BG |   0|  7.352952e+00|  1.964819e+01|  4.595595e-04|  3.212142e-04|  9.305153e-01|     9|  27|0|n|30|  OK  |
Face Momentum (sd=  0): max value of div(mf) (cv=33592) = 2.488252e-03
	norm_L2 of div(momentum) = 1.792245e-02.
Flow alg-view 0 in phys-view 0 isn't Neumann (not Multi Phase treating)
LOG: number of a-faces with weighted approximations in 0 subdomain: 6.57778 percent
LOG: Rate of a-faces corrected to CUp1st in 0 subdomain: 0.00857164 %
slv : SolveBL stage
|nsd|Real WF|NormalF|Cycle F|CriticF| EdgeF |CyclBrF|ExtParF|RWFnumSt|StLvlNum|  nfw  |  alp_U_min  |  nfw  |  alp_U_max  |  nfw  |  alp_T_min  |  nfw  |  alp_T_max  |  nfw  |  BL_s_min   |  nfw  |   BL_s_max  |
|  0|    804|    693|      0|     28|     83|      0|      0|     804|      24|   1465|0            |   3693|8.82903      |   1046|0            |   4341|12239.5      |   4352|-123.051     |   1046|0            |
Face Momentum (sd=  0): max value of div(mf) (cv=33592) = 2.488252e-03
	norm_L2 of div(momentum) = 1.792245e-02.
nsd = 0 BC: AP Inlet occurs on 1656 w-faces
+----+----+----+--------------+--------------+--------------+--------------+--------------+------+----+-+-+--+------+
|Name|view| n_y| Initial res  | Initial resL1| Target res   | Final res    | Final res L1 |Visits|Iter|R|F|CL|Status|
+----+----+----+--------------+--------------+--------------+--------------+--------------+------+----+-+-+--+------+
| 3M |   0|   0|  1.114858e+05|  5.795704e+04|  1.212764e+00|  6.985594e-02|  2.248079e+01|     4|  12|0|n|29|  OK  |
Velocity (predicted):
        (local) sd   0: min(  20383)=0.75173278564749     , max(  20023)=73.281668290318      
Flow alg-view 0 is not Neumann (not for Phase Change + Nested Iters)
+----+----+--------------+--------------+--------------+--------------+--------------+------+----+-+-+--+------+
|Name|view| Initial res  | Initial resL1| Target res   | Final res    | Final res L1 |Visits|Iter|R|F|CL|Status|
|DVGR|   0|  4.122602e+02|  2.161079e+03|  1.559912e-02|  1.223967e-02|  6.880695e+00|     9|  27|0|n|30|  OK  |
PRESSURE SOLVER(geom_index=  0): sum_C_dp=-9.37641e-06
Face Momentum (sd=  0): max value of div(mf) (cv=45977) = 9.294764e-03
	norm_L2 of div(momentum) = 1.106331e-01.
nsd = 0 min_dtHy = 0.0378031 (nCV =	20023 ) max_dtHy = 0.449588 (nCV =	18518 ) 
+----+----+--------------+--------------+--------------+--------------+--------------+------+----+-+-+--+------+
|Name|view| Initial res  | Initial resL1| Target res   | Final res    | Final res L1 |Visits|Iter|R|F|CL|Status|
|CHT |   0|  1.586558e+07|  2.688185e+05|  9.915987e+02|  1.622898e+01|  2.560696e+02|     3|  27|0|n|30|  OK  |
nsd = 0 min_dtke = 0.000509036 (nCV =	12576 ) max_dtke = 0.169039 (nCV =	55584 ) 
+----+----+----+--------------+--------------+--------------+--------------+--------------+------+----+-+-+--+------+
|Name|view| n_y| Initial res  | Initial resL1| Target res   | Final res    | Final res L1 |Visits|Iter|R|F|CL|Status|
+----+----+----+--------------+--------------+--------------+--------------+--------------+------+----+-+-+--+------+
|turb|   0|   0|  4.213866e+06|  1.730717e+05|  2.062892e-03|  5.403279e-05|  4.393349e-01|     4|  24|0|n|30|  OK  |
|turb|   0|   1|  2.047089e+08|  1.071720e+06|  5.093372e-03|  5.649304e-04|  1.353122e+00|     4|  24|0|n|30|  OK  |
Filter: K,E,momentum: sd =   0 isolating K from zero=    106 E from zero=   1217 E from infinity=     43
slv : Fluid subdom(new) 0
slv : P static (new)                 : min(   5233) = 97747.110479706      , max(   7242) = 102923.23632042      
slv : Density (new)                  : min(   5233) = 1.150660877369       , max(  19922) = 1.2228795822461      
slv : Velocity (new)                 : min(  20438) = 0.39551393720214     , max(  20023) = 73.343636807698      
slv : Mach number (new)              : min(  20438) = 0.0011498432752044   , max(  20023) = 0.21424586412188     
slv : Turbulent k (new)              : min(   6889) = 1e-40                , max(  38930) = 163.37869951641      
slv : Turbulent e (new)              : min(  46346) = 5.343498330142e-47   , max(  18045) = 1589.8296600026      
slv : Temperature (new)              : min(  20023) = 291.76853218726      , max(   5259) = 297.21656365698      
slv : Total enthalpy, Y-shifted (new): min(  12178) = 1235.5951726662      , max(   5233) = 4212.3526242045      
slv : MASS FLUXES AT OPENINGS: MF=-9027.79, AP=9027.8
slv : DvGr statistics: min alpha=0.142673(nfa=59597, geom_slice=0)
slv : +----------------------------------+------------+-------+------------+------------+
slv : |          Collector name          | Total Time | Count |  Avg Time  |  Max Time  |
slv : +----------------------------------+------------+-------+------------+------------+
slv : | Calculate_inc                    |      36.435|     66|       0.552|       0.923|
slv : | CollectEMT_Results               |       0.000|     67|       0.000|       0.000|
slv : | HeatPathCalculator_Dynamic       |       0.016|      1|       0.016|       0.016|
slv : | LiSy_make_portrait               |       0.836|    290|       0.003|       0.016|
slv : | Results_processing               |       7.187|     66|       0.109|       0.166|
slv : | build_sl_ordering_CHT            |       0.019|     67|       0.000|       0.009|
slv : | build_sl_ordering_MDS            |       0.131|     67|       0.002|       0.025|
slv : | build_sl_ordering_fluid          |       0.129|     67|       0.002|       0.025|
slv : | calc_Convolutions_MDS            |       1.138|     67|       0.017|       0.029|
slv : | calc_wall_dist                   |       0.502|      1|       0.502|       0.502|
slv : | create_Gr_operators_MDS          |       1.076|     67|       0.016|       0.030|
slv : | create_Gr_operators_portrait_MDS |       0.535|     67|       0.008|       0.015|
slv : | init_Hy_group_MDS                |       1.016|     67|       0.015|       0.027|
slv : | perform_stage_total              |      31.032|   1817|       0.017|       0.502|
slv : | precalc_at_start_MDS             |       0.663|      2|       0.332|       0.632|
slv : | solve_3M_MDS                     |       4.988|     67|       0.074|       0.164|
slv : | solve_3M_alg_MDS                 |       2.910|     67|       0.043|       0.115|
slv : | solve_BG_MDS                     |       2.796|     67|       0.042|       0.122|
slv : | solve_BG_alg_MDS                 |       1.969|     67|       0.029|       0.105|
slv : | solve_BL_MDS                     |       0.706|     67|       0.011|       0.027|
slv : | solve_CHT                        |       2.896|     67|       0.043|       0.073|
slv : | solve_CHT_MDS                    |       2.333|     67|       0.035|       0.065|
slv : | solve_CHT_alg_MDS                |       1.149|     67|       0.017|       0.048|
slv : | solve_DvGr_MDS                   |       7.824|     67|       0.117|       0.275|
slv : | solve_DvGr_alg_MDS               |       4.169|     67|       0.062|       0.185|
slv : | solve_INPR_MDS                   |       0.000|      1|       0.000|       0.000|
slv : | solve_PS+QJ                      |       0.000|      0|       0.000|       0.000|
slv : | solve_YLMA_MDS                   |       0.001|     67|       0.000|       0.000|
slv : | solve_YNOx_MDS                   |       0.000|     67|       0.000|       0.000|
slv : | solve_YTd_MDS                    |       0.001|     67|       0.000|       0.000|
slv : | solve_YTurb_MDS                  |       9.343|     67|       0.139|       0.308|
slv : | solve_YTurb_alg_MDS              |       4.382|    134|       0.033|       0.103|
slv : | update_BC_MDS                    |       0.000|     68|       0.000|       0.000|
slv : | update_Mf_after_DvGr             |       0.723|     67|       0.011|       0.021|
slv : | update_VelPressure_MDS           |       0.180|     67|       0.003|       0.005|
slv : +----------------------------------+------------+-------+------------+------------+
-----------------------------------------------------------------------
Memory Working Set Current = 306.33 Mb, Memory Working Set Peak = 308.22 Mb
Memory Private Bytes Current = 316.54 Mb, Memory Private Bytes Peak = 347.54 Mb
Process Threads Number: 14
-----------------------------------------------------------------------
Algebra Pool      : mem_usage = 209.81 Mb, allocated count = 1356

================== Tstep=67 ===================
<Dynamic P> on nsd = 0 {openings (inlet / outlet)}:
  (SP = Static Pressure, EP = Environment Pressure, TP = Total Pressure, E = External)
  {#0, E, (1.511101e+03 / 0.000000e+00)}
  {#1, E, (0.000000e+00 / 1.298602e+03)}
  {#2, E, (1.474659e+00 / 1.524908e+03)}
  {#3, E, (3.321310e+00 / 1.525444e+03)}
  {#4, E, (7.413254e+01 / 1.501887e+03)}
  {#5, E, (0.000000e+00 / 1.502729e+03)}
  MWS[  0]=2.53527
tau_viscous_averaged = 40.8108 
dt(mass,momentum; nsd=  0): min dt/dtG(ncv=  20023)=1.00 , max dt/dtG(ncv=  18514)=11.6   , dtG=0.0377311
Flow alg-view 0 in phys-view 0 isn't Neumann (not Multi Phase treating)
Face Momentum (sd=  0): max value of div(mf) (cv=50910) = 9.892344e-01
Flow alg-view 0 is not Neumann (not for Phase Change + Nested Iters)
+----+----+--------------+--------------+--------------+--------------+--------------+------+----+-+-+--+------+
|Name|view| Initial res  | Initial resL1| Target res   | Final res    | Final res L1 |Visits|Iter|R|F|CL|Status|
| BG |   0|  7.434869e+00|  2.009554e+01|  4.646793e-04|  3.966804e-04|  1.078026e+00|     9|  27|0|n|30|  OK  |
Face Momentum (sd=  0): max value of div(mf) (cv=44070) = 2.362158e-03
	norm_L2 of div(momentum) = 1.991684e-02.
Flow alg-view 0 in phys-view 0 isn't Neumann (not Multi Phase treating)
LOG: number of a-faces with weighted approximations in 0 subdomain: 6.58795 percent
LOG: Rate of a-faces corrected to CUp1st in 0 subdomain: 0.0119136 %
slv : SolveBL stage
|nsd|Real WF|NormalF|Cycle F|CriticF| EdgeF |CyclBrF|ExtParF|RWFnumSt|StLvlNum|  nfw  |  alp_U_min  |  nfw  |  alp_U_max  |  nfw  |  alp_T_min  |  nfw  |  alp_T_max  |  nfw  |  BL_s_min   |  nfw  |   BL_s_max  |
|  0|    804|    697|      0|     25|     82|      0|      0|     804|      25|   1466|0            |   3693|6.89483      |   1046|0            |   4341|12250.3      |   4352|-123.778     |   1046|0            |
Face Momentum (sd=  0): max value of div(mf) (cv=44070) = 2.362158e-03
	norm_L2 of div(momentum) = 1.991684e-02.
nsd = 0 BC: AP Inlet occurs on 1630 w-faces
+----+----+----+--------------+--------------+--------------+--------------+--------------+------+----+-+-+--+------+
|Name|view| n_y| Initial res  | Initial resL1| Target res   | Final res    | Final res L1 |Visits|Iter|R|F|CL|Status|
+----+----+----+--------------+--------------+--------------+--------------+--------------+------+----+-+-+--+------+
| 3M |   0|   0|  1.036269e+05|  5.605104e+04|  1.227987e+00|  9.024678e-02|  2.282621e+01|     4|  12|0|n|29|  OK  |
Velocity (predicted):
        (local) sd   0: min(  18661)=0.68378070142813     , max(  20023)=73.34883504853       
Flow alg-view 0 is not Neumann (not for Phase Change + Nested Iters)
+----+----+--------------+--------------+--------------+--------------+--------------+------+----+-+-+--+------+
|Name|view| Initial res  | Initial resL1| Target res   | Final res    | Final res L1 |Visits|Iter|R|F|CL|Status|
|DVGR|   0|  3.709033e+02|  2.071150e+03|  1.561615e-02|  1.139954e-02|  6.476993e+00|     9|  27|0|n|30|  OK  |
PRESSURE SOLVER(geom_index=  0): sum_C_dp=-9.56968e-06
Face Momentum (sd=  0): max value of div(mf) (cv=45976) = 8.852534e-03
	norm_L2 of div(momentum) = 1.067687e-01.
nsd = 0 min_dtHy = 0.0377312 (nCV =	20023 ) max_dtHy = 0.437375 (nCV =	18514 ) 
+----+----+--------------+--------------+--------------+--------------+--------------+------+----+-+-+--+------+
|Name|view| Initial res  | Initial resL1| Target res   | Final res    | Final res L1 |Visits|Iter|R|F|CL|Status|
|CHT |   0|  1.252846e+07|  2.518700e+05|  7.830288e+02|  1.626111e+01|  2.551491e+02|     3|  27|0|n|30|  OK  |
nsd = 0 min_dtke = 0.000537928 (nCV =	17698 ) max_dtke = 0.17102 (nCV =	55584 ) 
+----+----+----+--------------+--------------+--------------+--------------+--------------+------+----+-+-+--+------+
|Name|view| n_y| Initial res  | Initial resL1| Target res   | Final res    | Final res L1 |Visits|Iter|R|F|CL|Status|
+----+----+----+--------------+--------------+--------------+--------------+--------------+------+----+-+-+--+------+
|turb|   0|   0|  3.905807e+06|  1.647735e+05|  2.093928e-03|  6.775132e-05|  4.811957e-01|     4|  24|0|n|30|  OK  |
|turb|   0|   1|  1.742004e+08|  9.947655e+05|  5.176477e-03|  6.806998e-04|  1.513496e+00|     4|  24|0|n|30|  OK  |
Filter: K,E,momentum: sd =   0 isolating K from zero=    117 E from zero=   1039 E from infinity=     45
slv : Fluid subdom(new) 0
slv : P static (new)                 : min(   5233) = 97751.503174607      , max(   7242) = 102923.69369217      
slv : Density (new)                  : min(   5233) = 1.1507126666282      , max(  19922) = 1.2228821261989      
slv : Velocity (new)                 : min(  23989) = 0.38877399643288     , max(  20023) = 73.389853070711      
slv : Mach number (new)              : min(  23989) = 0.001129771013833    , max(  20023) = 0.21438209250068     
slv : Turbulent k (new)              : min(   6889) = 1e-40                , max(  38930) = 170.23255254643      
slv : Turbulent e (new)              : min(  55391) = 5.686365750842e-48   , max(  38875) = 1661.8888078725      
slv : Temperature (new)              : min(  20023) = 291.76518174883      , max(   5259) = 297.21454899748      
slv : Total enthalpy, Y-shifted (new): min(  11190) = 1240.1268803315      , max(   5233) = 4212.3147876312      
slv : MASS FLUXES AT OPENINGS: MF=-9027.79, AP=9027.81
slv : DvGr statistics: min alpha=0.143953(nfa=72995, geom_slice=0)
slv : +----------------------------------+------------+-------+------------+------------+
slv : |          Collector name          | Total Time | Count |  Avg Time  |  Max Time  |
slv : +----------------------------------+------------+-------+------------+------------+
slv : | Calculate_inc                    |      36.996|     67|       0.552|       0.923|
slv : | CollectEMT_Results               |       0.000|     68|       0.000|       0.000|
slv : | HeatPathCalculator_Dynamic       |       0.016|      1|       0.016|       0.016|
slv : | LiSy_make_portrait               |       0.845|    294|       0.003|       0.016|
slv : | Results_processing               |       7.291|     67|       0.109|       0.166|
slv : | build_sl_ordering_CHT            |       0.019|     68|       0.000|       0.009|
slv : | build_sl_ordering_MDS            |       0.131|     68|       0.002|       0.025|
slv : | build_sl_ordering_fluid          |       0.129|     68|       0.002|       0.025|
slv : | calc_Convolutions_MDS            |       1.154|     68|       0.017|       0.029|
slv : | calc_wall_dist                   |       0.502|      1|       0.502|       0.502|
slv : | create_Gr_operators_MDS          |       1.089|     68|       0.016|       0.030|
slv : | create_Gr_operators_portrait_MDS |       0.540|     68|       0.008|       0.015|
slv : | init_Hy_group_MDS                |       1.032|     68|       0.015|       0.027|
slv : | perform_stage_total              |      31.488|   1844|       0.017|       0.502|
slv : | precalc_at_start_MDS             |       0.663|      2|       0.332|       0.632|
slv : | solve_3M_MDS                     |       5.069|     68|       0.075|       0.164|
slv : | solve_3M_alg_MDS                 |       2.960|     68|       0.044|       0.115|
slv : | solve_BG_MDS                     |       2.851|     68|       0.042|       0.122|
slv : | solve_BG_alg_MDS                 |       2.010|     68|       0.030|       0.105|
slv : | solve_BL_MDS                     |       0.714|     68|       0.010|       0.027|
slv : | solve_CHT                        |       2.945|     68|       0.043|       0.073|
slv : | solve_CHT_MDS                    |       2.376|     68|       0.035|       0.065|
slv : | solve_CHT_alg_MDS                |       1.172|     68|       0.017|       0.048|
slv : | solve_DvGr_MDS                   |       7.930|     68|       0.117|       0.275|
slv : | solve_DvGr_alg_MDS               |       4.225|     68|       0.062|       0.185|
slv : | solve_INPR_MDS                   |       0.000|      1|       0.000|       0.000|
slv : | solve_PS+QJ                      |       0.000|      0|       0.000|       0.000|
slv : | solve_YLMA_MDS                   |       0.001|     68|       0.000|       0.000|
slv : | solve_YNOx_MDS                   |       0.000|     68|       0.000|       0.000|
slv : | solve_YTd_MDS                    |       0.001|     68|       0.000|       0.000|
slv : | solve_YTurb_MDS                  |       9.479|     68|       0.139|       0.308|
slv : | solve_YTurb_alg_MDS              |       4.447|    136|       0.033|       0.103|
slv : | update_BC_MDS                    |       0.000|     69|       0.000|       0.000|
slv : | update_Mf_after_DvGr             |       0.732|     68|       0.011|       0.021|
slv : | update_VelPressure_MDS           |       0.182|     68|       0.003|       0.005|
slv : +----------------------------------+------------+-------+------------+------------+
-----------------------------------------------------------------------
Memory Working Set Current = 306.23 Mb, Memory Working Set Peak = 308.22 Mb
Memory Private Bytes Current = 316.46 Mb, Memory Private Bytes Peak = 347.54 Mb
Process Threads Number: 14
-----------------------------------------------------------------------
Algebra Pool      : mem_usage = 209.81 Mb, allocated count = 1353

================== Tstep=68 ===================
<Dynamic P> on nsd = 0 {openings (inlet / outlet)}:
  (SP = Static Pressure, EP = Environment Pressure, TP = Total Pressure, E = External)
  {#0, E, (1.511102e+03 / 0.000000e+00)}
  {#1, E, (0.000000e+00 / 1.300474e+03)}
  {#2, E, (1.407738e+00 / 1.524859e+03)}
  {#3, E, (3.326803e+00 / 1.525392e+03)}
  {#4, E, (7.513294e+01 / 1.501878e+03)}
  {#5, E, (0.000000e+00 / 1.505958e+03)}
  MWS[  0]=2.53693
tau_viscous_averaged = 40.8749 
dt(mass,momentum; nsd=  0): min dt/dtG(ncv=  20023)=1.00 , max dt/dtG(ncv=  23989)=11.6   , dtG=0.037729
Flow alg-view 0 in phys-view 0 isn't Neumann (not Multi Phase treating)
Face Momentum (sd=  0): max value of div(mf) (cv=50878) = 8.463437e-01
Flow alg-view 0 is not Neumann (not for Phase Change + Nested Iters)
+----+----+--------------+--------------+--------------+--------------+--------------+------+----+-+-+--+------+
|Name|view| Initial res  | Initial resL1| Target res   | Final res    | Final res L1 |Visits|Iter|R|F|CL|Status|
| BG |   0|  6.259091e+00|  1.818141e+01|  3.911932e-04|  2.976789e-04|  8.894443e-01|     9|  27|0|n|30|  OK  |
Face Momentum (sd=  0): max value of div(mf) (cv=33514) = 2.788457e-03
	norm_L2 of div(momentum) = 1.725337e-02.
Flow alg-view 0 in phys-view 0 isn't Neumann (not Multi Phase treating)
LOG: number of a-faces with weighted approximations in 0 subdomain: 6.58675 percent
LOG: Rate of a-faces corrected to CUp1st in 0 subdomain: 0.00864611 %
slv : SolveBL stage
|nsd|Real WF|NormalF|Cycle F|CriticF| EdgeF |CyclBrF|ExtParF|RWFnumSt|StLvlNum|  nfw  |  alp_U_min  |  nfw  |  alp_U_max  |  nfw  |  alp_T_min  |  nfw  |  alp_T_max  |  nfw  |  BL_s_min   |  nfw  |   BL_s_max  |
|  0|    804|    697|      0|     25|     82|      0|      0|     804|      24|   1466|0            |   3722|7.06057      |   1046|0            |   4205|18646.1      |   4352|-124.453     |   1046|0            |
Face Momentum (sd=  0): max value of div(mf) (cv=33514) = 2.788457e-03
	norm_L2 of div(momentum) = 1.725337e-02.
nsd = 0 BC: AP Inlet occurs on 1625 w-faces
+----+----+----+--------------+--------------+--------------+--------------+--------------+------+----+-+-+--+------+
|Name|view| n_y| Initial res  | Initial resL1| Target res   | Final res    | Final res L1 |Visits|Iter|R|F|CL|Status|
+----+----+----+--------------+--------------+--------------+--------------+--------------+------+----+-+-+--+------+
| 3M |   0|   0|  9.091602e+04|  5.313174e+04|  1.233884e+00|  1.097747e-01|  2.411513e+01|     4|  12|0|n|29|  OK  |
Velocity (predicted):
        (local) sd   0: min(  18656)=0.54944754413426     , max(  20023)=73.448133732027      
Flow alg-view 0 is not Neumann (not for Phase Change + Nested Iters)
+----+----+--------------+--------------+--------------+--------------+--------------+------+----+-+-+--+------+
|Name|view| Initial res  | Initial resL1| Target res   | Final res    | Final res L1 |Visits|Iter|R|F|CL|Status|
|DVGR|   0|  3.262765e+02|  1.968048e+03|  1.559534e-02|  8.736569e-03|  5.696447e+00|     9|  27|0|n|30|  OK  |
PRESSURE SOLVER(geom_index=  0): sum_C_dp=-7.92549e-06
Face Momentum (sd=  0): max value of div(mf) (cv=44350) = 8.740259e-03
	norm_L2 of div(momentum) = 9.346969e-02.
nsd = 0 min_dtHy = 0.037729 (nCV =	20023 ) max_dtHy = 0.437395 (nCV =	23989 ) 
+----+----+--------------+--------------+--------------+--------------+--------------+------+----+-+-+--+------+
|Name|view| Initial res  | Initial resL1| Target res   | Final res    | Final res L1 |Visits|Iter|R|F|CL|Status|
|CHT |   0|  9.227246e+06|  2.281604e+05|  5.767028e+02|  1.510587e+01|  2.462953e+02|     3|  27|0|n|30|  OK  |
nsd = 0 min_dtke = 0.000477531 (nCV =	11738 ) max_dtke = 0.164921 (nCV =	55584 ) 
+----+----+----+--------------+--------------+--------------+--------------+--------------+------+----+-+-+--+------+
|Name|view| n_y| Initial res  | Initial resL1| Target res   | Final res    | Final res L1 |Visits|Iter|R|F|CL|Status|
+----+----+----+--------------+--------------+--------------+--------------+--------------+------+----+-+-+--+------+
|turb|   0|   0|  3.499615e+06|  1.549361e+05|  2.098958e-03|  6.347658e-05|  4.643884e-01|     4|  24|0|n|30|  OK  |
|turb|   0|   1|  1.441822e+08|  9.180778e+05|  5.193664e-03|  5.552431e-04|  1.385215e+00|     4|  24|0|n|30|  OK  |
Filter: K,E,momentum: sd =   0 isolating K from zero=    122 E from zero=   1319 E from infinity=     52
slv : Fluid subdom(new) 0
slv : P static (new)                 : min(   5233) = 97755.455283477      , max(   7242) = 102924.14996955      
slv : Density (new)                  : min(   5233) = 1.1507589784355      , max(  19922) = 1.2229357449402      
slv : Velocity (new)                 : min(  23985) = 0.37716988409601     , max(  20023) = 73.516380838897      
slv : Mach number (new)              : min(  23985) = 0.0010959940205605   , max(  20023) = 0.21475507390024     
slv : Turbulent k (new)              : min(   6889) = 1e-40                , max(  38934) = 174.63853722502      
slv : Turbulent e (new)              : min(  57058) = 7.6356058990276e-48  , max(  38875) = 1717.3353387114      
slv : Temperature (new)              : min(  20023) = 291.75596401477      , max(   5259) = 297.21265934047      
slv : Total enthalpy, Y-shifted (new): min(  56070) = 1240.719991343       , max(   5233) = 4212.7457766643      
slv : MASS FLUXES AT OPENINGS: MF=-9027.79, AP=9027.82
slv : DvGr statistics: min alpha=0.143963(nfa=56139, geom_slice=0)
slv : +----------------------------------+------------+-------+------------+------------+
slv : |          Collector name          | Total Time | Count |  Avg Time  |  Max Time  |
slv : +----------------------------------+------------+-------+------------+------------+
slv : | Calculate_inc                    |      37.551|     68|       0.552|       0.923|
slv : | CollectEMT_Results               |       0.000|     69|       0.000|       0.000|
slv : | HeatPathCalculator_Dynamic       |       0.016|      1|       0.016|       0.016|
slv : | LiSy_make_portrait               |       0.854|    298|       0.003|       0.016|
slv : | Results_processing               |       7.390|     68|       0.109|       0.166|
slv : | build_sl_ordering_CHT            |       0.019|     69|       0.000|       0.009|
slv : | build_sl_ordering_MDS            |       0.131|     69|       0.002|       0.025|
slv : | build_sl_ordering_fluid          |       0.129|     69|       0.002|       0.025|
slv : | calc_Convolutions_MDS            |       1.172|     69|       0.017|       0.029|
slv : | calc_wall_dist                   |       0.502|      1|       0.502|       0.502|
slv : | create_Gr_operators_MDS          |       1.101|     69|       0.016|       0.030|
slv : | create_Gr_operators_portrait_MDS |       0.546|     69|       0.008|       0.015|
slv : | init_Hy_group_MDS                |       1.048|     69|       0.015|       0.027|
slv : | perform_stage_total              |      31.923|   1871|       0.017|       0.502|
slv : | precalc_at_start_MDS             |       0.663|      2|       0.332|       0.632|
slv : | solve_3M_MDS                     |       5.149|     69|       0.075|       0.164|
slv : | solve_3M_alg_MDS                 |       3.009|     69|       0.044|       0.115|
slv : | solve_BG_MDS                     |       2.892|     69|       0.042|       0.122|
slv : | solve_BG_alg_MDS                 |       2.035|     69|       0.029|       0.105|
slv : | solve_BL_MDS                     |       0.723|     69|       0.010|       0.027|
slv : | solve_CHT                        |       2.993|     69|       0.043|       0.073|
slv : | solve_CHT_MDS                    |       2.417|     69|       0.035|       0.065|
slv : | solve_CHT_alg_MDS                |       1.196|     69|       0.017|       0.048|
slv : | solve_DvGr_MDS                   |       8.037|     69|       0.116|       0.275|
slv : | solve_DvGr_alg_MDS               |       4.282|     69|       0.062|       0.185|
slv : | solve_INPR_MDS                   |       0.000|      1|       0.000|       0.000|
slv : | solve_PS+QJ                      |       0.000|      0|       0.000|       0.000|
slv : | solve_YLMA_MDS                   |       0.001|     69|       0.000|       0.000|
slv : | solve_YNOx_MDS                   |       0.000|     69|       0.000|       0.000|
slv : | solve_YTd_MDS                    |       0.001|     69|       0.000|       0.000|
slv : | solve_YTurb_MDS                  |       9.616|     69|       0.139|       0.308|
slv : | solve_YTurb_alg_MDS              |       4.510|    138|       0.033|       0.103|
slv : | update_BC_MDS                    |       0.000|     70|       0.000|       0.000|
slv : | update_Mf_after_DvGr             |       0.740|     69|       0.011|       0.021|
slv : | update_VelPressure_MDS           |       0.185|     69|       0.003|       0.005|
slv : +----------------------------------+------------+-------+------------+------------+
-----------------------------------------------------------------------
Memory Working Set Current = 306.26 Mb, Memory Working Set Peak = 308.22 Mb
Memory Private Bytes Current = 316.46 Mb, Memory Private Bytes Peak = 347.54 Mb
Process Threads Number: 14
-----------------------------------------------------------------------
Algebra Pool      : mem_usage = 209.81 Mb, allocated count = 1358

================== Tstep=69 ===================
<Dynamic P> on nsd = 0 {openings (inlet / outlet)}:
  (SP = Static Pressure, EP = Environment Pressure, TP = Total Pressure, E = External)
  {#0, E, (1.511101e+03 / 0.000000e+00)}
  {#1, E, (0.000000e+00 / 1.302902e+03)}
  {#2, E, (1.331482e+00 / 1.524853e+03)}
  {#3, E, (3.362274e+00 / 1.525359e+03)}
  {#4, E, (7.603139e+01 / 1.501947e+03)}
  {#5, E, (0.000000e+00 / 1.508749e+03)}
  MWS[  0]=2.54136
tau_viscous_averaged = 38.7308 
dt(mass,momentum; nsd=  0): min dt/dtG(ncv=  20023)=1.00 , max dt/dtG(ncv=   7730)=11.9   , dtG=0.037634
Flow alg-view 0 in phys-view 0 isn't Neumann (not Multi Phase treating)
Face Momentum (sd=  0): max value of div(mf) (cv=50906) = 9.693806e-01
Flow alg-view 0 is not Neumann (not for Phase Change + Nested Iters)
+----+----+--------------+--------------+--------------+--------------+--------------+------+----+-+-+--+------+
|Name|view| Initial res  | Initial resL1| Target res   | Final res    | Final res L1 |Visits|Iter|R|F|CL|Status|
| BG |   0|  5.173087e+00|  1.514516e+01|  3.233179e-04|  1.235763e-04|  5.731493e-01|    10|  30|0|n|30|  OK  |
Face Momentum (sd=  0): max value of div(mf) (cv=33560) = 1.429110e-03
	norm_L2 of div(momentum) = 1.111649e-02.
Flow alg-view 0 in phys-view 0 isn't Neumann (not Multi Phase treating)
LOG: number of a-faces with weighted approximations in 0 subdomain: 6.58376 percent
LOG: Rate of a-faces corrected to CUp1st in 0 subdomain: 0.00696689 %
slv : SolveBL stage
|nsd|Real WF|NormalF|Cycle F|CriticF| EdgeF |CyclBrF|ExtParF|RWFnumSt|StLvlNum|  nfw  |  alp_U_min  |  nfw  |  alp_U_max  |  nfw  |  alp_T_min  |  nfw  |  alp_T_max  |  nfw  |  BL_s_min   |  nfw  |   BL_s_max  |
|  0|    804|    693|      0|     24|     87|      0|      0|     804|      30|   1466|0            |   3693|5.31542      |   1046|0            |   4341|12235.6      |   4352|-124.685     |   1046|0            |
Face Momentum (sd=  0): max value of div(mf) (cv=33560) = 1.429110e-03
	norm_L2 of div(momentum) = 1.111649e-02.
nsd = 0 BC: AP Inlet occurs on 1590 w-faces
+----+----+----+--------------+--------------+--------------+--------------+--------------+------+----+-+-+--+------+
|Name|view| n_y| Initial res  | Initial resL1| Target res   | Final res    | Final res L1 |Visits|Iter|R|F|CL|Status|
+----+----+----+--------------+--------------+--------------+--------------+--------------+------+----+-+-+--+------+
| 3M |   0|   0|  7.906951e+04|  5.094729e+04|  1.253383e+00|  1.130209e-01|  2.547170e+01|     4|  12|0|n|29|  OK  |
Velocity (predicted):
        (local) sd   0: min(   5337)=0.68018936992449     , max(  20023)=73.507596223276      
Flow alg-view 0 is not Neumann (not for Phase Change + Nested Iters)
+----+----+--------------+--------------+--------------+--------------+--------------+------+----+-+-+--+------+
|Name|view| Initial res  | Initial resL1| Target res   | Final res    | Final res L1 |Visits|Iter|R|F|CL|Status|
|DVGR|   0|  2.969589e+02|  1.912402e+03|  1.564157e-02|  1.383739e-02|  7.915676e+00|     8|  24|0|n|30|  OK  |
PRESSURE SOLVER(geom_index=  0): sum_C_dp=-3.44104e-06
Face Momentum (sd=  0): max value of div(mf) (cv=44350) = 1.084453e-02
	norm_L2 of div(momentum) = 1.176325e-01.
nsd = 0 min_dtHy = 0.037634 (nCV =	20023 ) max_dtHy = 0.446774 (nCV =	7730 ) 
+----+----+--------------+--------------+--------------+--------------+--------------+------+----+-+-+--+------+
|Name|view| Initial res  | Initial resL1| Target res   | Final res    | Final res L1 |Visits|Iter|R|F|CL|Status|
|CHT |   0|  7.393439e+06|  2.081461e+05|  4.620899e+02|  1.212296e+01|  2.214569e+02|     3|  27|0|n|30|  OK  |
nsd = 0 min_dtke = 0.000414711 (nCV =	17263 ) max_dtke = 0.16644 (nCV =	55585 ) 
+----+----+----+--------------+--------------+--------------+--------------+--------------+------+----+-+-+--+------+
|Name|view| n_y| Initial res  | Initial resL1| Target res   | Final res    | Final res L1 |Visits|Iter|R|F|CL|Status|
+----+----+----+--------------+--------------+--------------+--------------+--------------+------+----+-+-+--+------+
|turb|   0|   0|  3.328395e+06|  1.500040e+05|  2.132563e-03|  1.066614e-04|  5.487585e-01|     4|  24|0|n|30|  OK  |
|turb|   0|   1|  1.260159e+08|  8.715411e+05|  5.284472e-03|  8.998158e-04|  1.656789e+00|     4|  24|0|n|30|  OK  |
Filter: K,E,momentum: sd =   0 isolating K from zero=    113 E from zero=    911 E from infinity=     57
slv : Fluid subdom(new) 0
slv : P static (new)                 : min(   5233) = 97758.749648205      , max(   7242) = 102924.54837245      
slv : Density (new)                  : min(   5233) = 1.1507953460345      , max(  19922) = 1.2229402823122      
slv : Velocity (new)                 : min(  23985) = 0.29945191679276     , max(  20023) = 73.544219372794      
slv : Mach number (new)              : min(  23985) = 0.00087015712400683  , max(  20023) = 0.21483713407222     
slv : Turbulent k (new)              : min(   6889) = 1e-40                , max(  38934) = 177.81204692442      
slv : Turbulent e (new)              : min(  55616) = 5.1503626148036e-48  , max(  38875) = 1739.5183099329      
slv : Temperature (new)              : min(  20023) = 291.75394812346      , max(   5259) = 297.20803659715      
slv : Total enthalpy, Y-shifted (new): min(  39256) = 1241.3044455311      , max(   5233) = 4214.6339869606      
slv : MASS FLUXES AT OPENINGS: MF=-9027.79, AP=9027.81
slv : DvGr statistics: min alpha=0.142315(nfa=72995, geom_slice=0)
slv : +----------------------------------+------------+-------+------------+------------+
slv : |          Collector name          | Total Time | Count |  Avg Time  |  Max Time  |
slv : +----------------------------------+------------+-------+------------+------------+
slv : | Calculate_inc                    |      38.086|     69|       0.552|       0.923|
slv : | CollectEMT_Results               |       0.000|     70|       0.000|       0.000|
slv : | HeatPathCalculator_Dynamic       |       0.016|      1|       0.016|       0.016|
slv : | LiSy_make_portrait               |       0.863|    302|       0.003|       0.016|
slv : | Results_processing               |       7.498|     69|       0.109|       0.166|
slv : | build_sl_ordering_CHT            |       0.019|     70|       0.000|       0.009|
slv : | build_sl_ordering_MDS            |       0.131|     70|       0.002|       0.025|
slv : | build_sl_ordering_fluid          |       0.129|     70|       0.002|       0.025|
slv : | calc_Convolutions_MDS            |       1.187|     70|       0.017|       0.029|
slv : | calc_wall_dist                   |       0.502|      1|       0.502|       0.502|
slv : | create_Gr_operators_MDS          |       1.119|     70|       0.016|       0.030|
slv : | create_Gr_operators_portrait_MDS |       0.553|     70|       0.008|       0.015|
slv : | init_Hy_group_MDS                |       1.070|     70|       0.015|       0.027|
slv : | perform_stage_total              |      32.363|   1898|       0.017|       0.502|
slv : | precalc_at_start_MDS             |       0.663|      2|       0.332|       0.632|
slv : | solve_3M_MDS                     |       5.222|     70|       0.075|       0.164|
slv : | solve_3M_alg_MDS                 |       3.055|     70|       0.044|       0.115|
slv : | solve_BG_MDS                     |       2.937|     70|       0.042|       0.122|
slv : | solve_BG_alg_MDS                 |       2.067|     70|       0.030|       0.105|
slv : | solve_BL_MDS                     |       0.733|     70|       0.010|       0.027|
slv : | solve_CHT                        |       3.060|     70|       0.044|       0.073|
slv : | solve_CHT_MDS                    |       2.477|     70|       0.035|       0.065|
slv : | solve_CHT_alg_MDS                |       1.237|     70|       0.018|       0.048|
slv : | solve_DvGr_MDS                   |       8.133|     70|       0.116|       0.275|
slv : | solve_DvGr_alg_MDS               |       4.330|     70|       0.062|       0.185|
slv : | solve_INPR_MDS                   |       0.000|      1|       0.000|       0.000|
slv : | solve_PS+QJ                      |       0.000|      0|       0.000|       0.000|
slv : | solve_YLMA_MDS                   |       0.001|     70|       0.000|       0.000|
slv : | solve_YNOx_MDS                   |       0.000|     70|       0.000|       0.000|
slv : | solve_YTd_MDS                    |       0.001|     70|       0.000|       0.000|
slv : | solve_YTurb_MDS                  |       9.755|     70|       0.139|       0.308|
slv : | solve_YTurb_alg_MDS              |       4.578|    140|       0.033|       0.103|
slv : | update_BC_MDS                    |       0.000|     71|       0.000|       0.000|
slv : | update_Mf_after_DvGr             |       0.755|     70|       0.011|       0.021|
slv : | update_VelPressure_MDS           |       0.187|     70|       0.003|       0.005|
slv : +----------------------------------+------------+-------+------------+------------+
Interpolator cache: total calls 4839, optimised calls 447 (9.2 %)
-----------------------------------------------------------------------
Memory Working Set Current = 305.15 Mb, Memory Working Set Peak = 308.22 Mb
Memory Private Bytes Current = 315.41 Mb, Memory Private Bytes Peak = 347.54 Mb
Process Threads Number: 14
-----------------------------------------------------------------------
Iteration : time = 3.27813 , count = 5 , time/count = 0.655627
Calculate_inc() : time = 2.75654 , count = 5 , time/count = 0.551307
TreatFlowEvolution() : time = 0.287223 , count = 5 , time/count = 0.0574446
SolverPreview : time = 0.226394 , count = 5 , time/count = 0.0452788
TreatGoals : time = 0.286215 , count = 5 , time/count = 0.057243
Algebra Pool      : mem_usage = 209.81 Mb, allocated count = 1353

================== Tstep=70 ===================
<Dynamic P> on nsd = 0 {openings (inlet / outlet)}:
  (SP = Static Pressure, EP = Environment Pressure, TP = Total Pressure, E = External)
  {#0, E, (1.511100e+03 / 0.000000e+00)}
  {#1, E, (0.000000e+00 / 1.305379e+03)}
  {#2, E, (1.262028e+00 / 1.524884e+03)}
  {#3, E, (3.383203e+00 / 1.525277e+03)}
  {#4, E, (7.696421e+01 / 1.501918e+03)}
  {#5, E, (0.000000e+00 / 1.510877e+03)}
  MWS[  0]=2.54237
tau_viscous_averaged = 40.1677 
dt(mass,momentum; nsd=  0): min dt/dtG(ncv=  20023)=1.00 , max dt/dtG(ncv=   7730)=12.2   , dtG=0.0376446
Flow alg-view 0 in phys-view 0 isn't Neumann (not Multi Phase treating)
Face Momentum (sd=  0): max value of div(mf) (cv=50879) = 8.028139e-01
Flow alg-view 0 is not Neumann (not for Phase Change + Nested Iters)
+----+----+--------------+--------------+--------------+--------------+--------------+------+----+-+-+--+------+
|Name|view| Initial res  | Initial resL1| Target res   | Final res    | Final res L1 |Visits|Iter|R|F|CL|Status|
| BG |   0|  4.544875e+00|  1.722952e+01|  2.840547e-04|  2.557721e-04|  8.553227e-01|     9|  27|0|n|30|  OK  |
Face Momentum (sd=  0): max value of div(mf) (cv=44240) = 2.006906e-03
	norm_L2 of div(momentum) = 1.599288e-02.
Flow alg-view 0 in phys-view 0 isn't Neumann (not Multi Phase treating)
LOG: number of a-faces with weighted approximations in 0 subdomain: 6.62504 percent
LOG: Rate of a-faces corrected to CUp1st in 0 subdomain: 0.00842269 %
slv : SolveBL stage
|nsd|Real WF|NormalF|Cycle F|CriticF| EdgeF |CyclBrF|ExtParF|RWFnumSt|StLvlNum|  nfw  |  alp_U_min  |  nfw  |  alp_U_max  |  nfw  |  alp_T_min  |  nfw  |  alp_T_max  |  nfw  |  BL_s_min   |  nfw  |   BL_s_max  |
|  0|    804|    696|      0|     26|     82|      0|      0|     804|      25|   1466|0            |   1121|3.9618       |   1046|0            |   3631|11871.2      |   3654|-125.547     |   1046|0            |
Face Momentum (sd=  0): max value of div(mf) (cv=44240) = 2.006906e-03
	norm_L2 of div(momentum) = 1.599288e-02.
nsd = 0 BC: AP Inlet occurs on 1573 w-faces
+----+----+----+--------------+--------------+--------------+--------------+--------------+------+----+-+-+--+------+
|Name|view| n_y| Initial res  | Initial resL1| Target res   | Final res    | Final res L1 |Visits|Iter|R|F|CL|Status|
+----+----+----+--------------+--------------+--------------+--------------+--------------+------+----+-+-+--+------+
| 3M |   0|   0|  6.843439e+04|  4.789502e+04|  1.250075e+00|  9.627984e-02|  2.508173e+01|     4|  12|0|n|29|  OK  |
Velocity (predicted):
        (local) sd   0: min(  24218)=0.36014887613972     , max(  20023)=73.583354863157      
Flow alg-view 0 is not Neumann (not for Phase Change + Nested Iters)
+----+----+--------------+--------------+--------------+--------------+--------------+------+----+-+-+--+------+
|Name|view| Initial res  | Initial resL1| Target res   | Final res    | Final res L1 |Visits|Iter|R|F|CL|Status|
|DVGR|   0|  2.493153e+02|  1.794210e+03|  1.558221e-02|  1.034167e-02|  6.847441e+00|     8|  24|0|n|30|  OK  |
PRESSURE SOLVER(geom_index=  0): sum_C_dp=2.84645e-07
Face Momentum (sd=  0): max value of div(mf) (cv=44350) = 1.069235e-02
	norm_L2 of div(momentum) = 1.016941e-01.
nsd = 0 min_dtHy = 0.0376446 (nCV =	20023 ) max_dtHy = 0.457535 (nCV =	7730 ) 
+----+----+--------------+--------------+--------------+--------------+--------------+------+----+-+-+--+------+
|Name|view| Initial res  | Initial resL1| Target res   | Final res    | Final res L1 |Visits|Iter|R|F|CL|Status|
|CHT |   0|  5.818339e+06|  1.899553e+05|  3.636462e+02|  8.130198e+00|  1.806121e+02|     3|  27|0|n|30|  OK  |
nsd = 0 min_dtke = 0.000459807 (nCV =	17263 ) max_dtke = 0.152198 (nCV =	44737 ) 
+----+----+----+--------------+--------------+--------------+--------------+--------------+------+----+-+-+--+------+
|Name|view| n_y| Initial res  | Initial resL1| Target res   | Final res    | Final res L1 |Visits|Iter|R|F|CL|Status|
+----+----+----+--------------+--------------+--------------+--------------+--------------+------+----+-+-+--+------+
|turb|   0|   0|  2.994817e+06|  1.430745e+05|  2.124664e-03|  7.368605e-05|  5.503258e-01|     4|  24|0|n|30|  OK  |
|turb|   0|   1|  1.148057e+08|  8.310635e+05|  5.273730e-03|  6.243600e-04|  1.523275e+00|     4|  24|0|n|30|  OK  |
Filter: K,E,momentum: sd =   0 isolating K from zero=     87 E from zero=   1003 E from infinity=     48
slv : Fluid subdom(new) 0
slv : P static (new)                 : min(   5233) = 97761.306075538      , max(   7242) = 102924.91143046      
slv : Density (new)                  : min(   5233) = 1.1508209329819      , max(  19922) = 1.2230092431453      
slv : Velocity (new)                 : min(  23985) = 0.51740563642323     , max(  20023) = 73.634902060488      
slv : Mach number (new)              : min(  23985) = 0.0015034602045116   , max(  20023) = 0.21510446444484     
slv : Turbulent k (new)              : min(   6893) = 1e-40                , max(  38934) = 179.318261581        
slv : Turbulent e (new)              : min(  55617) = 4.6651515228717e-48  , max(  38879) = 1741.2645285362      
slv : Temperature (new)              : min(  20023) = 291.74732865193      , max(   5259) = 297.20542396718      
slv : Total enthalpy, Y-shifted (new): min(  56069) = 1242.2862616961      , max(   5233) = 4217.8175478606      
slv : MASS FLUXES AT OPENINGS: MF=-9027.79, AP=9027.81
slv : DvGr statistics: min alpha=0.150208(nfa=81213, geom_slice=0)
slv : +----------------------------------+------------+-------+------------+------------+
slv : |          Collector name          | Total Time | Count |  Avg Time  |  Max Time  |
slv : +----------------------------------+------------+-------+------------+------------+
slv : | Calculate_inc                    |      38.649|     70|       0.552|       0.923|
slv : | CollectEMT_Results               |       0.000|     71|       0.000|       0.000|
slv : | HeatPathCalculator_Dynamic       |       0.016|      1|       0.016|       0.016|
slv : | LiSy_make_portrait               |       0.872|    306|       0.003|       0.016|
slv : | Results_processing               |       7.604|     70|       0.109|       0.166|
slv : | build_sl_ordering_CHT            |       0.019|     71|       0.000|       0.009|
slv : | build_sl_ordering_MDS            |       0.132|     71|       0.002|       0.025|
slv : | build_sl_ordering_fluid          |       0.130|     71|       0.002|       0.025|
slv : | calc_Convolutions_MDS            |       1.203|     71|       0.017|       0.029|
slv : | calc_wall_dist                   |       0.502|      1|       0.502|       0.502|
slv : | create_Gr_operators_MDS          |       1.133|     71|       0.016|       0.030|
slv : | create_Gr_operators_portrait_MDS |       0.565|     71|       0.008|       0.015|
slv : | init_Hy_group_MDS                |       1.084|     71|       0.015|       0.027|
slv : | perform_stage_total              |      32.819|   1925|       0.017|       0.502|
slv : | precalc_at_start_MDS             |       0.663|      2|       0.332|       0.632|
slv : | solve_3M_MDS                     |       5.306|     71|       0.075|       0.164|
slv : | solve_3M_alg_MDS                 |       3.111|     71|       0.044|       0.115|
slv : | solve_BG_MDS                     |       2.981|     71|       0.042|       0.122|
slv : | solve_BG_alg_MDS                 |       2.100|     71|       0.030|       0.105|
slv : | solve_BL_MDS                     |       0.742|     71|       0.010|       0.027|
slv : | solve_CHT                        |       3.110|     71|       0.044|       0.073|
slv : | solve_CHT_MDS                    |       2.520|     71|       0.035|       0.065|
slv : | solve_CHT_alg_MDS                |       1.261|     71|       0.018|       0.048|
slv : | solve_DvGr_MDS                   |       8.240|     71|       0.116|       0.275|
slv : | solve_DvGr_alg_MDS               |       4.380|     71|       0.062|       0.185|
slv : | solve_INPR_MDS                   |       0.000|      1|       0.000|       0.000|
slv : | solve_PS+QJ                      |       0.000|      0|       0.000|       0.000|
slv : | solve_YLMA_MDS                   |       0.001|     71|       0.000|       0.000|
slv : | solve_YNOx_MDS                   |       0.000|     71|       0.000|       0.000|
slv : | solve_YTd_MDS                    |       0.001|     71|       0.000|       0.000|
slv : | solve_YTurb_MDS                  |       9.897|     71|       0.139|       0.308|
slv : | solve_YTurb_alg_MDS              |       4.650|    142|       0.033|       0.103|
slv : | update_BC_MDS                    |       0.000|     72|       0.000|       0.000|
slv : | update_Mf_after_DvGr             |       0.765|     71|       0.011|       0.021|
slv : | update_VelPressure_MDS           |       0.190|     71|       0.003|       0.005|
slv : +----------------------------------+------------+-------+------------+------------+
-----------------------------------------------------------------------
Memory Working Set Current = 306.14 Mb, Memory Working Set Peak = 308.22 Mb
Memory Private Bytes Current = 316.39 Mb, Memory Private Bytes Peak = 347.54 Mb
Process Threads Number: 14
-----------------------------------------------------------------------
Algebra Pool      : mem_usage = 209.81 Mb, allocated count = 1355

================== Tstep=71 ===================
<Dynamic P> on nsd = 0 {openings (inlet / outlet)}:
  (SP = Static Pressure, EP = Environment Pressure, TP = Total Pressure, E = External)
  {#0, E, (1.511097e+03 / 0.000000e+00)}
  {#1, E, (0.000000e+00 / 1.307447e+03)}
  {#2, E, (1.163859e+00 / 1.524993e+03)}
  {#3, E, (3.384703e+00 / 1.525159e+03)}
  {#4, E, (7.789497e+01 / 1.501280e+03)}
  {#5, E, (0.000000e+00 / 1.512524e+03)}
  MWS[  0]=2.54549
tau_viscous_averaged = 37.9955 
dt(mass,momentum; nsd=  0): min dt/dtG(ncv=  20023)=1.00 , max dt/dtG(ncv=   7730)=12.2   , dtG=0.0375738
Flow alg-view 0 in phys-view 0 isn't Neumann (not Multi Phase treating)
Face Momentum (sd=  0): max value of div(mf) (cv=10376) = 2.300926e+00
Flow alg-view 0 is not Neumann (not for Phase Change + Nested Iters)
+----+----+--------------+--------------+--------------+--------------+--------------+------+----+-+-+--+------+
|Name|view| Initial res  | Initial resL1| Target res   | Final res    | Final res L1 |Visits|Iter|R|F|CL|Status|
| BG |   0|  7.486859e+00|  1.443013e+01|  4.679287e-04|  3.074970e-04|  1.078898e+00|     8|  24|0|n|30|  OK  |
Face Momentum (sd=  0): max value of div(mf) (cv=33438) = 2.331205e-03
	norm_L2 of div(momentum) = 1.753559e-02.
Flow alg-view 0 in phys-view 0 isn't Neumann (not Multi Phase treating)
LOG: number of a-faces with weighted approximations in 0 subdomain: 6.66033 percent
LOG: Rate of a-faces corrected to CUp1st in 0 subdomain: 0.0073988 %
slv : SolveBL stage
|nsd|Real WF|NormalF|Cycle F|CriticF| EdgeF |CyclBrF|ExtParF|RWFnumSt|StLvlNum|  nfw  |  alp_U_min  |  nfw  |  alp_U_max  |  nfw  |  alp_T_min  |  nfw  |  alp_T_max  |  nfw  |  BL_s_min   |  nfw  |   BL_s_max  |
|  0|    804|    697|      0|     26|     81|      0|      0|     804|      25|   1466|0            |   3693|11.1129      |   1046|0            |   3631|11927        |   3705|-125.885     |   1046|0            |
Face Momentum (sd=  0): max value of div(mf) (cv=33438) = 2.331205e-03
	norm_L2 of div(momentum) = 1.753559e-02.
nsd = 0 BC: AP Inlet occurs on 1552 w-faces
+----+----+----+--------------+--------------+--------------+--------------+--------------+------+----+-+-+--+------+
|Name|view| n_y| Initial res  | Initial resL1| Target res   | Final res    | Final res L1 |Visits|Iter|R|F|CL|Status|
+----+----+----+--------------+--------------+--------------+--------------+--------------+------+----+-+-+--+------+
| 3M |   0|   0|  6.598345e+04|  4.594890e+04|  1.267660e+00|  7.320712e-02|  2.400816e+01|     4|  12|0|n|29|  OK  |
Velocity (predicted):
        (local) sd   0: min(  12448)=0.54040814123862     , max(  20023)=73.61908790797       
Flow alg-view 0 is not Neumann (not for Phase Change + Nested Iters)
+----+----+--------------+--------------+--------------+--------------+--------------+------+----+-+-+--+------+
|Name|view| Initial res  | Initial resL1| Target res   | Final res    | Final res L1 |Visits|Iter|R|F|CL|Status|
|DVGR|   0|  2.258681e+02|  1.728496e+03|  1.411675e-02|  8.836122e-03|  6.294716e+00|     8|  24|0|n|30|  OK  |
PRESSURE SOLVER(geom_index=  0): sum_C_dp=2.26259e-06
Face Momentum (sd=  0): max value of div(mf) (cv=44350) = 9.203169e-03
	norm_L2 of div(momentum) = 9.400073e-02.
nsd = 0 min_dtHy = 0.0375738 (nCV =	20023 ) max_dtHy = 0.456817 (nCV =	7730 ) 
+----+----+--------------+--------------+--------------+--------------+--------------+------+----+-+-+--+------+
|Name|view| Initial res  | Initial resL1| Target res   | Final res    | Final res L1 |Visits|Iter|R|F|CL|Status|
|CHT |   0|  5.239861e+06|  1.807927e+05|  3.274913e+02|  6.117899e+00|  1.675756e+02|     3|  27|0|n|30|  OK  |
nsd = 0 min_dtke = 0.000475212 (nCV =	12288 ) max_dtke = 0.159269 (nCV =	55511 ) 
+----+----+----+--------------+--------------+--------------+--------------+--------------+------+----+-+-+--+------+
|Name|view| n_y| Initial res  | Initial resL1| Target res   | Final res    | Final res L1 |Visits|Iter|R|F|CL|Status|
+----+----+----+--------------+--------------+--------------+--------------+--------------+------+----+-+-+--+------+
|turb|   0|   0|  2.967365e+06|  1.404959e+05|  2.158953e-03|  1.497278e-04|  6.580671e-01|     4|  24|0|n|30|  OK  |
|turb|   0|   1|  1.123020e+08|  8.083191e+05|  5.361928e-03|  9.086715e-04|  1.674469e+00|     4|  24|0|n|30|  OK  |
Filter: K,E,momentum: sd =   0 isolating K from zero=     75 E from zero=    827 E from infinity=     43
slv : Fluid subdom(new) 0
slv : P static (new)                 : min(   5233) = 97762.965061521      , max(   7242) = 102925.14675205      
slv : Density (new)                  : min(   5233) = 1.1508336121037      , max(  19922) = 1.2230222513909      
slv : Velocity (new)                 : min(  23985) = 0.82760342418424     , max(  20023) = 73.628620013759      
slv : Mach number (new)              : min(  23985) = 0.0024047406967639   , max(  20023) = 0.21508594152899     
slv : Turbulent k (new)              : min(  12289) = 1e-40                , max(  38934) = 179.95438209438      
slv : Turbulent e (new)              : min(  55650) = 3.4637386847889e-48  , max(  38875) = 1729.1663963337      
slv : Temperature (new)              : min(  20023) = 291.74779648018      , max(   5259) = 297.20296517546      
slv : Total enthalpy, Y-shifted (new): min(  47367) = 1241.4661280079      , max(   5233) = 4222.6872296169      
slv : MASS FLUXES AT OPENINGS: MF=-9027.79, AP=9027.79
slv : DvGr statistics: min alpha=0.145267(nfa=70042, geom_slice=0)
slv : +----------------------------------+------------+-------+------------+------------+
slv : |          Collector name          | Total Time | Count |  Avg Time  |  Max Time  |
slv : +----------------------------------+------------+-------+------------+------------+
slv : | Calculate_inc                    |      39.208|     71|       0.552|       0.923|
slv : | CollectEMT_Results               |       0.000|     72|       0.000|       0.000|
slv : | HeatPathCalculator_Dynamic       |       0.016|      1|       0.016|       0.016|
slv : | LiSy_make_portrait               |       0.881|    310|       0.003|       0.016|
slv : | Results_processing               |       7.709|     71|       0.109|       0.166|
slv : | build_sl_ordering_CHT            |       0.019|     72|       0.000|       0.009|
slv : | build_sl_ordering_MDS            |       0.132|     72|       0.002|       0.025|
slv : | build_sl_ordering_fluid          |       0.130|     72|       0.002|       0.025|
slv : | calc_Convolutions_MDS            |       1.218|     72|       0.017|       0.029|
slv : | calc_wall_dist                   |       0.502|      1|       0.502|       0.502|
slv : | create_Gr_operators_MDS          |       1.148|     72|       0.016|       0.030|
slv : | create_Gr_operators_portrait_MDS |       0.572|     72|       0.008|       0.015|
slv : | init_Hy_group_MDS                |       1.100|     72|       0.015|       0.027|
slv : | perform_stage_total              |      33.249|   1952|       0.017|       0.502|
slv : | precalc_at_start_MDS             |       0.663|      2|       0.332|       0.632|
slv : | solve_3M_MDS                     |       5.381|     72|       0.075|       0.164|
slv : | solve_3M_alg_MDS                 |       3.161|     72|       0.044|       0.115|
slv : | solve_BG_MDS                     |       3.021|     72|       0.042|       0.122|
slv : | solve_BG_alg_MDS                 |       2.127|     72|       0.030|       0.105|
slv : | solve_BL_MDS                     |       0.753|     72|       0.010|       0.027|
slv : | solve_CHT                        |       3.156|     72|       0.044|       0.073|
slv : | solve_CHT_MDS                    |       2.560|     72|       0.036|       0.065|
slv : | solve_CHT_alg_MDS                |       1.287|     72|       0.018|       0.048|
slv : | solve_DvGr_MDS                   |       8.339|     72|       0.116|       0.275|
slv : | solve_DvGr_alg_MDS               |       4.428|     72|       0.061|       0.185|
slv : | solve_INPR_MDS                   |       0.000|      1|       0.000|       0.000|
slv : | solve_PS+QJ                      |       0.000|      0|       0.000|       0.000|
slv : | solve_YLMA_MDS                   |       0.001|     72|       0.000|       0.000|
slv : | solve_YNOx_MDS                   |       0.000|     72|       0.000|       0.000|
slv : | solve_YTd_MDS                    |       0.001|     72|       0.000|       0.000|
slv : | solve_YTurb_MDS                  |      10.034|     72|       0.139|       0.308|
slv : | solve_YTurb_alg_MDS              |       4.715|    144|       0.033|       0.103|
slv : | update_BC_MDS                    |       0.000|     73|       0.000|       0.000|
slv : | update_Mf_after_DvGr             |       0.774|     72|       0.011|       0.021|
slv : | update_VelPressure_MDS           |       0.192|     72|       0.003|       0.005|
slv : +----------------------------------+------------+-------+------------+------------+
-----------------------------------------------------------------------
Memory Working Set Current = 306.28 Mb, Memory Working Set Peak = 308.22 Mb
Memory Private Bytes Current = 316.61 Mb, Memory Private Bytes Peak = 347.54 Mb
Process Threads Number: 14
-----------------------------------------------------------------------
Algebra Pool      : mem_usage = 209.81 Mb, allocated count = 1353

================== Tstep=72 ===================
<Dynamic P> on nsd = 0 {openings (inlet / outlet)}:
  (SP = Static Pressure, EP = Environment Pressure, TP = Total Pressure, E = External)
  {#0, E, (1.511096e+03 / 0.000000e+00)}
  {#1, E, (0.000000e+00 / 1.309768e+03)}
  {#2, E, (1.042934e+00 / 1.525075e+03)}
  {#3, E, (3.391336e+00 / 1.525013e+03)}
  {#4, E, (7.872034e+01 / 1.501260e+03)}
  {#5, E, (0.000000e+00 / 1.513635e+03)}
  MWS[  0]=2.54519
tau_viscous_averaged = 37.9888 
dt(mass,momentum; nsd=  0): min dt/dtG(ncv=  20023)=1.00 , max dt/dtG(ncv=   7734)=12.0   , dtG=0.037606
Flow alg-view 0 in phys-view 0 isn't Neumann (not Multi Phase treating)
Face Momentum (sd=  0): max value of div(mf) (cv=10376) = 2.318016e+00
Flow alg-view 0 is not Neumann (not for Phase Change + Nested Iters)
+----+----+--------------+--------------+--------------+--------------+--------------+------+----+-+-+--+------+
|Name|view| Initial res  | Initial resL1| Target res   | Final res    | Final res L1 |Visits|Iter|R|F|CL|Status|
| BG |   0|  7.686189e+00|  1.413195e+01|  4.803868e-04|  3.169819e-04|  1.077283e+00|     8|  24|0|n|30|  OK  |
Face Momentum (sd=  0): max value of div(mf) (cv=33441) = 2.039134e-03
	norm_L2 of div(momentum) = 1.780399e-02.
Flow alg-view 0 in phys-view 0 isn't Neumann (not Multi Phase treating)
LOG: number of a-faces with weighted approximations in 0 subdomain: 6.74167 percent
LOG: Rate of a-faces corrected to CUp1st in 0 subdomain: 0.00804797 %
slv : SolveBL stage
|nsd|Real WF|NormalF|Cycle F|CriticF| EdgeF |CyclBrF|ExtParF|RWFnumSt|StLvlNum|  nfw  |  alp_U_min  |  nfw  |  alp_U_max  |  nfw  |  alp_T_min  |  nfw  |  alp_T_max  |  nfw  |  BL_s_min   |  nfw  |   BL_s_max  |
|  0|    804|    693|      0|     27|     84|      0|      0|     804|      25|   1466|0            |   3695|6.53792      |   1046|0            |   3631|11942.5      |   3705|-125.96      |   1046|0            |
Face Momentum (sd=  0): max value of div(mf) (cv=33441) = 2.039134e-03
	norm_L2 of div(momentum) = 1.780399e-02.
nsd = 0 BC: AP Inlet occurs on 1544 w-faces
+----+----+----+--------------+--------------+--------------+--------------+--------------+------+----+-+-+--+------+
|Name|view| n_y| Initial res  | Initial resL1| Target res   | Final res    | Final res L1 |Visits|Iter|R|F|CL|Status|
+----+----+----+--------------+--------------+--------------+--------------+--------------+------+----+-+-+--+------+
| 3M |   0|   0|  5.992591e+04|  4.441946e+04|  1.268527e+00|  6.231580e-02|  2.230847e+01|     4|  12|0|n|29|  OK  |
Velocity (predicted):
        (local) sd   0: min(  20452)=0.58053531028793     , max(  20023)=73.665039661845      
Flow alg-view 0 is not Neumann (not for Phase Change + Nested Iters)
+----+----+--------------+--------------+--------------+--------------+--------------+------+----+-+-+--+------+
|Name|view| Initial res  | Initial resL1| Target res   | Final res    | Final res L1 |Visits|Iter|R|F|CL|Status|
|DVGR|   0|  2.125370e+02|  1.664657e+03|  1.328356e-02|  7.745842e-03|  5.951253e+00|     8|  24|0|n|30|  OK  |
PRESSURE SOLVER(geom_index=  0): sum_C_dp=5.89465e-06
Face Momentum (sd=  0): max value of div(mf) (cv=44350) = 8.273271e-03
	norm_L2 of div(momentum) = 8.801054e-02.
nsd = 0 min_dtHy = 0.037606 (nCV =	20023 ) max_dtHy = 0.452021 (nCV =	7734 ) 
+----+----+--------------+--------------+--------------+--------------+--------------+------+----+-+-+--+------+
|Name|view| Initial res  | Initial resL1| Target res   | Final res    | Final res L1 |Visits|Iter|R|F|CL|Status|
|CHT |   0|  4.666086e+06|  1.771033e+05|  2.916304e+02|  7.569081e+00|  1.805043e+02|     3|  27|0|n|30|  OK  |
nsd = 0 min_dtke = 0.00049897 (nCV =	17263 ) max_dtke = 0.169499 (nCV =	55403 ) 
+----+----+----+--------------+--------------+--------------+--------------+--------------+------+----+-+-+--+------+
|Name|view| n_y| Initial res  | Initial resL1| Target res   | Final res    | Final res L1 |Visits|Iter|R|F|CL|Status|
+----+----+----+--------------+--------------+--------------+--------------+--------------+------+----+-+-+--+------+
|turb|   0|   0|  2.883224e+06|  1.360767e+05|  2.138977e-03|  1.943792e-04|  7.570725e-01|     4|  24|0|n|30|  OK  |
|turb|   0|   1|  1.056899e+08|  7.697512e+05|  5.309042e-03|  7.754858e-04|  1.604326e+00|     4|  24|0|n|30|  OK  |
Filter: K,E,momentum: sd =   0 isolating K from zero=     47 E from zero=    736 E from infinity=     28
slv : Fluid subdom(new) 0
slv : P static (new)                 : min(   5233) = 97763.98686352       , max(   7242) = 102925.271858        
slv : Density (new)                  : min(   5233) = 1.1508387502677      , max(  19922) = 1.2230945515754      
slv : Velocity (new)                 : min(  40068) = 0.56176191903362     , max(  20023) = 73.671369047096      
slv : Mach number (new)              : min(  40068) = 0.0016332575756777   , max(  20023) = 0.21521196704131     
slv : Turbulent k (new)              : min(  12289) = 1e-40                , max(  38930) = 181.22328963465      
slv : Turbulent e (new)              : min(  55618) = 5.1502719427447e-48  , max(  18040) = 1726.1782906267      
slv : Temperature (new)              : min(  20023) = 291.74467463307      , max(   5259) = 297.20294403902      
slv : Total enthalpy, Y-shifted (new): min(  47375) = 1240.2558782414      , max(   5233) = 4227.0856032124      
slv : MASS FLUXES AT OPENINGS: MF=-9027.79, AP=9027.78
slv : DvGr statistics: min alpha=0.144118(nfa=70042, geom_slice=0)
slv : +----------------------------------+------------+-------+------------+------------+
slv : |          Collector name          | Total Time | Count |  Avg Time  |  Max Time  |
slv : +----------------------------------+------------+-------+------------+------------+
slv : | Calculate_inc                    |      39.731|     72|       0.552|       0.923|
slv : | CollectEMT_Results               |       0.000|     73|       0.000|       0.000|
slv : | HeatPathCalculator_Dynamic       |       0.016|      1|       0.016|       0.016|
slv : | LiSy_make_portrait               |       0.890|    314|       0.003|       0.016|
slv : | Results_processing               |       7.814|     72|       0.109|       0.166|
slv : | build_sl_ordering_CHT            |       0.019|     73|       0.000|       0.009|
slv : | build_sl_ordering_MDS            |       0.132|     73|       0.002|       0.025|
slv : | build_sl_ordering_fluid          |       0.130|     73|       0.002|       0.025|
slv : | calc_Convolutions_MDS            |       1.232|     73|       0.017|       0.029|
slv : | calc_wall_dist                   |       0.502|      1|       0.502|       0.502|
slv : | create_Gr_operators_MDS          |       1.161|     73|       0.016|       0.030|
slv : | create_Gr_operators_portrait_MDS |       0.578|     73|       0.008|       0.015|
slv : | init_Hy_group_MDS                |       1.112|     73|       0.015|       0.027|
slv : | perform_stage_total              |      33.672|   1979|       0.017|       0.502|
slv : | precalc_at_start_MDS             |       0.663|      2|       0.332|       0.632|
slv : | solve_3M_MDS                     |       5.459|     73|       0.075|       0.164|
slv : | solve_3M_alg_MDS                 |       3.209|     73|       0.044|       0.115|
slv : | solve_BG_MDS                     |       3.062|     73|       0.042|       0.122|
slv : | solve_BG_alg_MDS                 |       2.155|     73|       0.030|       0.105|
slv : | solve_BL_MDS                     |       0.762|     73|       0.010|       0.027|
slv : | solve_CHT                        |       3.210|     73|       0.044|       0.073|
slv : | solve_CHT_MDS                    |       2.604|     73|       0.036|       0.065|
slv : | solve_CHT_alg_MDS                |       1.313|     73|       0.018|       0.048|
slv : | solve_DvGr_MDS                   |       8.437|     73|       0.116|       0.275|
slv : | solve_DvGr_alg_MDS               |       4.477|     73|       0.061|       0.185|
slv : | solve_INPR_MDS                   |       0.000|      1|       0.000|       0.000|
slv : | solve_PS+QJ                      |       0.000|      0|       0.000|       0.000|
slv : | solve_YLMA_MDS                   |       0.001|     73|       0.000|       0.000|
slv : | solve_YNOx_MDS                   |       0.000|     73|       0.000|       0.000|
slv : | solve_YTd_MDS                    |       0.001|     73|       0.000|       0.000|
slv : | solve_YTurb_MDS                  |      10.171|     73|       0.139|       0.308|
slv : | solve_YTurb_alg_MDS              |       4.781|    146|       0.033|       0.103|
slv : | update_BC_MDS                    |       0.000|     74|       0.000|       0.000|
slv : | update_Mf_after_DvGr             |       0.782|     73|       0.011|       0.021|
slv : | update_VelPressure_MDS           |       0.195|     73|       0.003|       0.005|
slv : +----------------------------------+------------+-------+------------+------------+
-----------------------------------------------------------------------
Memory Working Set Current = 306.36 Mb, Memory Working Set Peak = 308.22 Mb
Memory Private Bytes Current = 316.61 Mb, Memory Private Bytes Peak = 347.54 Mb
Process Threads Number: 14
-----------------------------------------------------------------------
Algebra Pool      : mem_usage = 209.81 Mb, allocated count = 1356

================== Tstep=73 ===================
<Dynamic P> on nsd = 0 {openings (inlet / outlet)}:
  (SP = Static Pressure, EP = Environment Pressure, TP = Total Pressure, E = External)
  {#0, E, (1.511094e+03 / 0.000000e+00)}
  {#1, E, (0.000000e+00 / 1.311948e+03)}
  {#2, E, (9.178369e-01 / 1.525088e+03)}
  {#3, E, (3.430640e+00 / 1.524710e+03)}
  {#4, E, (7.950238e+01 / 1.501215e+03)}
  {#5, E, (0.000000e+00 / 1.514541e+03)}
  MWS[  0]=2.54676
tau_viscous_averaged = 37.8363 
dt(mass,momentum; nsd=  0): min dt/dtG(ncv=  20023)=1.00 , max dt/dtG(ncv=   7734)=12.0   , dtG=0.0375602
Flow alg-view 0 in phys-view 0 isn't Neumann (not Multi Phase treating)
Face Momentum (sd=  0): max value of div(mf) (cv=50875) = 5.528398e-01
Flow alg-view 0 is not Neumann (not for Phase Change + Nested Iters)
+----+----+--------------+--------------+--------------+--------------+--------------+------+----+-+-+--+------+
|Name|view| Initial res  | Initial resL1| Target res   | Final res    | Final res L1 |Visits|Iter|R|F|CL|Status|
| BG |   0|  1.587507e+00|  1.081473e+01|  1.328356e-04|  1.019496e-04|  5.056378e-01|     9|  27|0|n|30|  OK  |
log10(resTarget_Lim / resTarget_Orig): 0.1 
Face Momentum (sd=  0): max value of div(mf) (cv=31665) = 1.389685e-03
	norm_L2 of div(momentum) = 1.009701e-02.
Flow alg-view 0 in phys-view 0 isn't Neumann (not Multi Phase treating)
LOG: number of a-faces with weighted approximations in 0 subdomain: 6.75902 percent
LOG: Rate of a-faces corrected to CUp1st in 0 subdomain: 0.00754775 %
slv : SolveBL stage
|nsd|Real WF|NormalF|Cycle F|CriticF| EdgeF |CyclBrF|ExtParF|RWFnumSt|StLvlNum|  nfw  |  alp_U_min  |  nfw  |  alp_U_max  |  nfw  |  alp_T_min  |  nfw  |  alp_T_max  |  nfw  |  BL_s_min   |  nfw  |   BL_s_max  |
|  0|    804|    694|      0|     27|     83|      0|      0|     804|      25|   1466|0            |   3695|11.822       |   1046|0            |   2187|11947        |   4351|-125.828     |   1046|0            |
Face Momentum (sd=  0): max value of div(mf) (cv=31665) = 1.389685e-03
	norm_L2 of div(momentum) = 1.009701e-02.
nsd = 0 BC: AP Inlet occurs on 1543 w-faces
+----+----+----+--------------+--------------+--------------+--------------+--------------+------+----+-+-+--+------+
|Name|view| n_y| Initial res  | Initial resL1| Target res   | Final res    | Final res L1 |Visits|Iter|R|F|CL|Status|
+----+----+----+--------------+--------------+--------------+--------------+--------------+------+----+-+-+--+------+
| 3M |   0|   0|  5.265440e+04|  4.248829e+04|  1.274067e+00|  6.609471e-02|  2.117260e+01|     4|  12|0|n|29|  OK  |
Velocity (predicted):
        (local) sd   0: min(  24310)=0.48844313858106     , max(  20023)=73.619755722927      
Flow alg-view 0 is not Neumann (not for Phase Change + Nested Iters)
+----+----+--------------+--------------+--------------+--------------+--------------+------+----+-+-+--+------+
|Name|view| Initial res  | Initial resL1| Target res   | Final res    | Final res L1 |Visits|Iter|R|F|CL|Status|
|DVGR|   0|  1.825810e+02|  1.562548e+03|  1.141131e-02|  7.294014e-03|  5.805254e+00|     8|  24|0|n|30|  OK  |
PRESSURE SOLVER(geom_index=  0): sum_C_dp=7.84953e-06
Face Momentum (sd=  0): max value of div(mf) (cv=44350) = 7.381035e-03
	norm_L2 of div(momentum) = 8.540508e-02.
nsd = 0 min_dtHy = 0.0375603 (nCV =	20023 ) max_dtHy = 0.449244 (nCV =	7734 ) 
+----+----+--------------+--------------+--------------+--------------+--------------+------+----+-+-+--+------+
|Name|view| Initial res  | Initial resL1| Target res   | Final res    | Final res L1 |Visits|Iter|R|F|CL|Status|
|CHT |   0|  4.224237e+06|  1.722826e+05|  2.640148e+02|  1.064847e+01|  1.963376e+02|     3|  27|0|n|30|  OK  |
nsd = 0 min_dtke = 0.000452263 (nCV =	12296 ) max_dtke = 0.161762 (nCV =	44744 ) 
+----+----+----+--------------+--------------+--------------+--------------+--------------+------+----+-+-+--+------+
|Name|view| n_y| Initial res  | Initial resL1| Target res   | Final res    | Final res L1 |Visits|Iter|R|F|CL|Status|
+----+----+----+--------------+--------------+--------------+--------------+--------------+------+----+-+-+--+------+
|turb|   0|   0|  2.648846e+06|  1.289560e+05|  2.145667e-03|  4.023426e-04|  9.547707e-01|     4|  24|0|n|30|  OK  |
|turb|   0|   1|  9.105761e+07|  7.117370e+05|  5.329077e-03|  1.161268e-03|  1.775535e+00|     4|  24|0|n|30|  OK  |
Filter: K,E,momentum: sd =   0 isolating K from zero=     28 E from zero=    702 E from infinity=     20
slv : Fluid subdom(new) 0
slv : P static (new)                 : min(   5233) = 97764.757754054      , max(  18144) = 102925.3853873       
slv : Density (new)                  : min(   5233) = 1.1508445946521      , max(  19922) = 1.2231111057409      
slv : Velocity (new)                 : min(  20452) = 0.4060857414649      , max(  20023) = 73.608021932651      
slv : Mach number (new)              : min(  20452) = 0.001180653819357    , max(  20023) = 0.21502521048425     
slv : Turbulent k (new)              : min(  12331) = 1e-40                , max(  38930) = 183.65516631534      
slv : Turbulent e (new)              : min(  32937) = 8.7909410894197e-48  , max(  38875) = 1738.8734793945      
slv : Temperature (new)              : min(  20023) = 291.74932177206      , max(   5259) = 297.20421581363      
slv : Total enthalpy, Y-shifted (new): min(  49639) = 1239.9270607296      , max(   5233) = 4229.490858203       
slv : MASS FLUXES AT OPENINGS: MF=-9027.79, AP=9027.77
slv : DvGr statistics: min alpha=0.143899(nfa=70042, geom_slice=0)
slv : +----------------------------------+------------+-------+------------+------------+
slv : |          Collector name          | Total Time | Count |  Avg Time  |  Max Time  |
slv : +----------------------------------+------------+-------+------------+------------+
slv : | Calculate_inc                    |      40.254|     73|       0.551|       0.923|
slv : | CollectEMT_Results               |       0.000|     74|       0.000|       0.000|
slv : | HeatPathCalculator_Dynamic       |       0.016|      1|       0.016|       0.016|
slv : | LiSy_make_portrait               |       0.898|    318|       0.003|       0.016|
slv : | Results_processing               |       7.917|     73|       0.108|       0.166|
slv : | build_sl_ordering_CHT            |       0.019|     74|       0.000|       0.009|
slv : | build_sl_ordering_MDS            |       0.133|     74|       0.002|       0.025|
slv : | build_sl_ordering_fluid          |       0.130|     74|       0.002|       0.025|
slv : | calc_Convolutions_MDS            |       1.247|     74|       0.017|       0.029|
slv : | calc_wall_dist                   |       0.502|      1|       0.502|       0.502|
slv : | create_Gr_operators_MDS          |       1.173|     74|       0.016|       0.030|
slv : | create_Gr_operators_portrait_MDS |       0.584|     74|       0.008|       0.015|
slv : | init_Hy_group_MDS                |       1.126|     74|       0.015|       0.027|
slv : | perform_stage_total              |      34.103|   2006|       0.017|       0.502|
slv : | precalc_at_start_MDS             |       0.663|      2|       0.332|       0.632|
slv : | solve_3M_MDS                     |       5.538|     74|       0.075|       0.164|
slv : | solve_3M_alg_MDS                 |       3.258|     74|       0.044|       0.115|
slv : | solve_BG_MDS                     |       3.110|     74|       0.042|       0.122|
slv : | solve_BG_alg_MDS                 |       2.191|     74|       0.030|       0.105|
slv : | solve_BL_MDS                     |       0.771|     74|       0.010|       0.027|
slv : | solve_CHT                        |       3.255|     74|       0.044|       0.073|
slv : | solve_CHT_MDS                    |       2.643|     74|       0.036|       0.065|
slv : | solve_CHT_alg_MDS                |       1.339|     74|       0.018|       0.048|
slv : | solve_DvGr_MDS                   |       8.542|     74|       0.115|       0.275|
slv : | solve_DvGr_alg_MDS               |       4.527|     74|       0.061|       0.185|
slv : | solve_INPR_MDS                   |       0.000|      1|       0.000|       0.000|
slv : | solve_PS+QJ                      |       0.000|      0|       0.000|       0.000|
slv : | solve_YLMA_MDS                   |       0.001|     74|       0.000|       0.000|
slv : | solve_YNOx_MDS                   |       0.000|     74|       0.000|       0.000|
slv : | solve_YTd_MDS                    |       0.001|     74|       0.000|       0.000|
slv : | solve_YTurb_MDS                  |      10.303|     74|       0.139|       0.308|
slv : | solve_YTurb_alg_MDS              |       4.844|    148|       0.033|       0.103|
slv : | update_BC_MDS                    |       0.000|     75|       0.000|       0.000|
slv : | update_Mf_after_DvGr             |       0.791|     74|       0.011|       0.021|
slv : | update_VelPressure_MDS           |       0.197|     74|       0.003|       0.005|
slv : +----------------------------------+------------+-------+------------+------------+
-----------------------------------------------------------------------
Memory Working Set Current = 306.15 Mb, Memory Working Set Peak = 308.22 Mb
Memory Private Bytes Current = 318.39 Mb, Memory Private Bytes Peak = 347.54 Mb
Process Threads Number: 14
-----------------------------------------------------------------------
Algebra Pool      : mem_usage = 209.81 Mb, allocated count = 1352

================== Tstep=74 ===================
<Dynamic P> on nsd = 0 {openings (inlet / outlet)}:
  (SP = Static Pressure, EP = Environment Pressure, TP = Total Pressure, E = External)
  {#0, E, (1.511092e+03 / 0.000000e+00)}
  {#1, E, (0.000000e+00 / 1.313977e+03)}
  {#2, E, (8.276859e-01 / 1.525068e+03)}
  {#3, E, (3.450194e+00 / 1.524387e+03)}
  {#4, E, (8.019340e+01 / 1.501286e+03)}
  {#5, E, (1.664669e-04 / 1.515221e+03)}
  MWS[  0]=2.54461
tau_viscous_averaged = 37.3552 
dt(mass,momentum; nsd=  0): min dt/dtG(ncv=  20023)=1.00 , max dt/dtG(ncv=   7734)=11.8   , dtG=0.0375796
Flow alg-view 0 in phys-view 0 isn't Neumann (not Multi Phase treating)
Face Momentum (sd=  0): max value of div(mf) (cv=44949) = 5.074880e-01
Flow alg-view 0 is not Neumann (not for Phase Change + Nested Iters)
+----+----+--------------+--------------+--------------+--------------+--------------+------+----+-+-+--+------+
|Name|view| Initial res  | Initial resL1| Target res   | Final res    | Final res L1 |Visits|Iter|R|F|CL|Status|
| BG |   0|  1.179452e+00|  9.597862e+00|  1.141131e-04|  8.970747e-05|  4.645338e-01|     8|  24|0|n|30|  OK  |
log10(resTarget_Lim / resTarget_Orig): 0.2 
Face Momentum (sd=  0): max value of div(mf) (cv=33439) = 1.179698e-03
	norm_L2 of div(momentum) = 9.471403e-03.
Flow alg-view 0 in phys-view 0 isn't Neumann (not Multi Phase treating)
LOG: number of a-faces with weighted approximations in 0 subdomain: 6.76141 percent
LOG: Rate of a-faces corrected to CUp1st in 0 subdomain: 0.00804797 %
slv : SolveBL stage
|nsd|Real WF|NormalF|Cycle F|CriticF| EdgeF |CyclBrF|ExtParF|RWFnumSt|StLvlNum|  nfw  |  alp_U_min  |  nfw  |  alp_U_max  |  nfw  |  alp_T_min  |  nfw  |  alp_T_max  |  nfw  |  BL_s_min   |  nfw  |   BL_s_max  |
|  0|    804|    694|      0|     26|     84|      0|      0|     804|      25|   1466|0            |   3695|14.3765      |   1046|0            |   3490|18747        |   4351|-125.827     |   1046|0            |
Face Momentum (sd=  0): max value of div(mf) (cv=33439) = 1.179698e-03
	norm_L2 of div(momentum) = 9.471403e-03.
nsd = 0 BC: AP Inlet occurs on 1549 w-faces
+----+----+----+--------------+--------------+--------------+--------------+--------------+------+----+-+-+--+------+
|Name|view| n_y| Initial res  | Initial resL1| Target res   | Final res    | Final res L1 |Visits|Iter|R|F|CL|Status|
+----+----+----+--------------+--------------+--------------+--------------+--------------+------+----+-+-+--+------+
| 3M |   0|   0|  4.972881e+04|  4.118111e+04|  1.275694e+00|  7.337018e-02|  2.104335e+01|     4|  12|0|n|29|  OK  |
Velocity (predicted):
        (local) sd   0: min(  24310)=0.86943994358988     , max(  19922)=71.682329501165      
Flow alg-view 0 is not Neumann (not for Phase Change + Nested Iters)
+----+----+--------------+--------------+--------------+--------------+--------------+------+----+-+-+--+------+
|Name|view| Initial res  | Initial resL1| Target res   | Final res    | Final res L1 |Visits|Iter|R|F|CL|Status|
|DVGR|   0|  1.694184e+02|  1.498825e+03|  1.058865e-02|  7.051913e-03|  5.669446e+00|     8|  24|0|n|30|  OK  |
PRESSURE SOLVER(geom_index=  0): sum_C_dp=6.8864e-06
Face Momentum (sd=  0): max value of div(mf) (cv=49600) = 6.982603e-03
	norm_L2 of div(momentum) = 8.397574e-02.
nsd = 0 min_dtHy = 0.0375796 (nCV =	20023 ) max_dtHy = 0.442674 (nCV =	7734 ) 
+----+----+--------------+--------------+--------------+--------------+--------------+------+----+-+-+--+------+
|Name|view| Initial res  | Initial resL1| Target res   | Final res    | Final res L1 |Visits|Iter|R|F|CL|Status|
|CHT |   0|  4.096323e+06|  1.670474e+05|  2.560202e+02|  1.160690e+01|  1.939115e+02|     3|  27|0|n|30|  OK  |
nsd = 0 min_dtke = 0.000574221 (nCV =	17483 ) max_dtke = 0.16699 (nCV =	55668 ) 
+----+----+----+--------------+--------------+--------------+--------------+--------------+------+----+-+-+--+------+
|Name|view| n_y| Initial res  | Initial resL1| Target res   | Final res    | Final res L1 |Visits|Iter|R|F|CL|Status|
+----+----+----+--------------+--------------+--------------+--------------+--------------+------+----+-+-+--+------+
|turb|   0|   0|  2.451085e+06|  1.223537e+05|  2.136631e-03|  1.930692e-04|  7.408262e-01|     4|  24|0|n|30|  OK  |
|turb|   0|   1|  7.390820e+07|  6.485875e+05|  5.295415e-03|  1.043477e-03|  1.660199e+00|     4|  24|0|n|30|  OK  |
Filter: K,E,momentum: sd =   0 isolating K from zero=     25 E from zero=    721 E from infinity=     19
slv : Fluid subdom(new) 0
slv : P static (new)                 : min(   5233) = 97765.19455168       , max(  18144) = 102925.37511078      
slv : Density (new)                  : min(   5233) = 1.1508470589312      , max(  19922) = 1.2231825302008      
slv : Velocity (new)                 : min(  24251) = 0.67141940060601     , max(  20023) = 71.598843844232      
slv : Mach number (new)              : min(  24251) = 0.0019516317491193   , max(  20023) = 0.20910438734851     
slv : Turbulent k (new)              : min(  12331) = 1e-40                , max(  38930) = 187.30645357896      
slv : Turbulent e (new)              : min(  55583) = 3.8258450767065e-48  , max(  38875) = 1768.08038978        
slv : Temperature (new)              : min(  20023) = 291.89395105702      , max(   5259) = 297.20583947688      
slv : Total enthalpy, Y-shifted (new): min(  49646) = 1240.2068283033      , max(   5233) = 4231.9496094624      
slv : MASS FLUXES AT OPENINGS: MF=-9027.79, AP=9027.78
slv : DvGr statistics: min alpha=0.140979(nfa=72998, geom_slice=0)
slv : +----------------------------------+------------+-------+------------+------------+
slv : |          Collector name          | Total Time | Count |  Avg Time  |  Max Time  |
slv : +----------------------------------+------------+-------+------------+------------+
slv : | Calculate_inc                    |      40.776|     74|       0.551|       0.923|
slv : | CollectEMT_Results               |       0.000|     75|       0.000|       0.000|
slv : | HeatPathCalculator_Dynamic       |       0.016|      1|       0.016|       0.016|
slv : | LiSy_make_portrait               |       0.912|    322|       0.003|       0.016|
slv : | Results_processing               |       8.022|     74|       0.108|       0.166|
slv : | build_sl_ordering_CHT            |       0.019|     75|       0.000|       0.009|
slv : | build_sl_ordering_MDS            |       0.133|     75|       0.002|       0.025|
slv : | build_sl_ordering_fluid          |       0.131|     75|       0.002|       0.025|
slv : | calc_Convolutions_MDS            |       1.264|     75|       0.017|       0.029|
slv : | calc_wall_dist                   |       0.502|      1|       0.502|       0.502|
slv : | create_Gr_operators_MDS          |       1.190|     75|       0.016|       0.030|
slv : | create_Gr_operators_portrait_MDS |       0.592|     75|       0.008|       0.015|
slv : | init_Hy_group_MDS                |       1.141|     75|       0.015|       0.027|
slv : | perform_stage_total              |      34.571|   2033|       0.017|       0.502|
slv : | precalc_at_start_MDS             |       0.663|      2|       0.332|       0.632|
slv : | solve_3M_MDS                     |       5.646|     75|       0.075|       0.164|
slv : | solve_3M_alg_MDS                 |       3.316|     75|       0.044|       0.115|
slv : | solve_BG_MDS                     |       3.148|     75|       0.042|       0.122|
slv : | solve_BG_alg_MDS                 |       2.218|     75|       0.030|       0.105|
slv : | solve_BL_MDS                     |       0.779|     75|       0.010|       0.027|
slv : | solve_CHT                        |       3.304|     75|       0.044|       0.073|
slv : | solve_CHT_MDS                    |       2.685|     75|       0.036|       0.065|
slv : | solve_CHT_alg_MDS                |       1.366|     75|       0.018|       0.048|
slv : | solve_DvGr_MDS                   |       8.652|     75|       0.115|       0.275|
slv : | solve_DvGr_alg_MDS               |       4.576|     75|       0.061|       0.185|
slv : | solve_INPR_MDS                   |       0.000|      1|       0.000|       0.000|
slv : | solve_PS+QJ                      |       0.000|      0|       0.000|       0.000|
slv : | solve_YLMA_MDS                   |       0.001|     75|       0.000|       0.000|
slv : | solve_YNOx_MDS                   |       0.000|     75|       0.000|       0.000|
slv : | solve_YTd_MDS                    |       0.001|     75|       0.000|       0.000|
slv : | solve_YTurb_MDS                  |      10.440|     75|       0.139|       0.308|
slv : | solve_YTurb_alg_MDS              |       4.910|    150|       0.033|       0.103|
slv : | update_BC_MDS                    |       0.000|     76|       0.000|       0.000|
slv : | update_Mf_after_DvGr             |       0.799|     75|       0.011|       0.021|
slv : | update_VelPressure_MDS           |       0.199|     75|       0.003|       0.005|
slv : +----------------------------------+------------+-------+------------+------------+
Interpolator cache: total calls 4845, optimised calls 459 (9.5 %)
-----------------------------------------------------------------------
Memory Working Set Current = 306.48 Mb, Memory Working Set Peak = 308.38 Mb
Memory Private Bytes Current = 318.62 Mb, Memory Private Bytes Peak = 347.54 Mb
Process Threads Number: 14
-----------------------------------------------------------------------
Iteration : time = 3.22139 , count = 5 , time/count = 0.644278
Calculate_inc() : time = 2.69579 , count = 5 , time/count = 0.539159
TreatFlowEvolution() : time = 0.299197 , count = 5 , time/count = 0.0598394
SolverPreview : time = 0.219415 , count = 5 , time/count = 0.043883
TreatGoals : time = 0.29621 , count = 5 , time/count = 0.059242
Algebra Pool      : mem_usage = 209.81 Mb, allocated count = 1359

================== Tstep=75 ===================
<Dynamic P> on nsd = 0 {openings (inlet / outlet)}:
  (SP = Static Pressure, EP = Environment Pressure, TP = Total Pressure, E = External)
  {#0, E, (1.511091e+03 / 0.000000e+00)}
  {#1, E, (0.000000e+00 / 1.316283e+03)}
  {#2, E, (7.647882e-01 / 1.525049e+03)}
  {#3, E, (3.516640e+00 / 1.523979e+03)}
  {#4, E, (8.077768e+01 / 1.501347e+03)}
  {#5, E, (7.110148e-04 / 1.515833e+03)}
  MWS[  0]=2.47509
tau_viscous_averaged = 37.0187 
dt(mass,momentum; nsd=  0): min dt/dtG(ncv=  20023)=1.00 , max dt/dtG(ncv=  23957)=11.5   , dtG=0.0386258
Flow alg-view 0 in phys-view 0 isn't Neumann (not Multi Phase treating)
Face Momentum (sd=  0): max value of div(mf) (cv=44944) = 4.893555e-01
Flow alg-view 0 is not Neumann (not for Phase Change + Nested Iters)
+----+----+--------------+--------------+--------------+--------------+--------------+------+----+-+-+--+------+
|Name|view| Initial res  | Initial resL1| Target res   | Final res    | Final res L1 |Visits|Iter|R|F|CL|Status|
| BG |   0|  1.277701e+00|  1.002642e+01|  1.058865e-04|  3.717785e-05|  3.516547e-01|     9|  27|0|n|30|  OK  |
log10(resTarget_Lim / resTarget_Orig): 0.1 
Face Momentum (sd=  0): max value of div(mf) (cv=31495) = 6.980152e-04
	norm_L2 of div(momentum) = 6.097364e-03.
Flow alg-view 0 in phys-view 0 isn't Neumann (not Multi Phase treating)
LOG: number of a-faces with weighted approximations in 0 subdomain: 6.76859 percent
LOG: Rate of a-faces corrected to CUp1st in 0 subdomain: 0.00934218 %
slv : SolveBL stage
|nsd|Real WF|NormalF|Cycle F|CriticF| EdgeF |CyclBrF|ExtParF|RWFnumSt|StLvlNum|  nfw  |  alp_U_min  |  nfw  |  alp_U_max  |  nfw  |  alp_T_min  |  nfw  |  alp_T_max  |  nfw  |  BL_s_min   |  nfw  |   BL_s_max  |
|  0|    804|    692|      0|     28|     84|      0|      0|     804|      22|   1466|0            |   3693|7.97368      |   1046|0            |   2187|12042.9      |   4351|-125.062     |   1046|0            |
Face Momentum (sd=  0): max value of div(mf) (cv=31495) = 6.980152e-04
	norm_L2 of div(momentum) = 6.097364e-03.
nsd = 0 BC: AP Inlet occurs on 1561 w-faces
+----+----+----+--------------+--------------+--------------+--------------+--------------+------+----+-+-+--+------+
|Name|view| n_y| Initial res  | Initial resL1| Target res   | Final res    | Final res L1 |Visits|Iter|R|F|CL|Status|
+----+----+----+--------------+--------------+--------------+--------------+--------------+------+----+-+-+--+------+
| 3M |   0|   0|  5.448519e+04|  4.023692e+04|  1.209895e+00|  7.814104e-02|  2.162943e+01|     4|  12|0|n|29|  OK  |
Velocity (predicted):
        (local) sd   0: min(  20439)=0.84668545034492     , max(  19922)=71.34387646215       
Flow alg-view 0 is not Neumann (not for Phase Change + Nested Iters)
+----+----+--------------+--------------+--------------+--------------+--------------+------+----+-+-+--+------+
|Name|view| Initial res  | Initial resL1| Target res   | Final res    | Final res L1 |Visits|Iter|R|F|CL|Status|
|DVGR|   0|  1.531628e+02|  1.430302e+03|  9.572676e-03|  6.236055e-03|  5.274764e+00|     8|  24|0|n|30|  OK  |
PRESSURE SOLVER(geom_index=  0): sum_C_dp=7.08834e-06
Face Momentum (sd=  0): max value of div(mf) (cv=46032) = 7.223628e-03
	norm_L2 of div(momentum) = 7.896876e-02.
nsd = 0 min_dtHy = 0.0386258 (nCV =	20023 ) max_dtHy = 0.445096 (nCV =	23957 ) 
+----+----+--------------+--------------+--------------+--------------+--------------+------+----+-+-+--+------+
|Name|view| Initial res  | Initial resL1| Target res   | Final res    | Final res L1 |Visits|Iter|R|F|CL|Status|
|CHT |   0|  3.926695e+06|  1.596350e+05|  2.454184e+02|  9.642834e+00|  1.736409e+02|     3|  27|0|n|30|  OK  |
nsd = 0 min_dtke = 0.000627329 (nCV =	12587 ) max_dtke = 0.161223 (nCV =	55587 ) 
+----+----+----+--------------+--------------+--------------+--------------+--------------+------+----+-+-+--+------+
|Name|view| n_y| Initial res  | Initial resL1| Target res   | Final res    | Final res L1 |Visits|Iter|R|F|CL|Status|
+----+----+----+--------------+--------------+--------------+--------------+--------------+------+----+-+-+--+------+
|turb|   0|   0|  2.147754e+06|  1.137517e+05|  1.973847e-03|  2.172184e-04|  7.369542e-01|     4|  24|0|n|30|  OK  |
|turb|   0|   1|  6.023892e+07|  5.944377e+05|  4.627208e-03|  8.509951e-04|  1.519582e+00|     4|  24|0|n|30|  OK  |
Filter: K,E,momentum: sd =   0 isolating K from zero=     18 E from zero=    636 E from infinity=     17
slv : Fluid subdom(new) 0
slv : P static (new)                 : min(   5233) = 97765.404750043      , max(  18144) = 102925.24605885      
slv : Density (new)                  : min(   5233) = 1.1508467581824      , max(  19922) = 1.2231917226934      
slv : Velocity (new)                 : min(  24310) = 0.56624506722898     , max(  20023) = 71.328097038433      
slv : Mach number (new)              : min(  24310) = 0.0016460429768543   , max(  20023) = 0.20830678448302     
slv : Turbulent k (new)              : min(  12331) = 1e-40                , max(  38930) = 191.54434729044      
slv : Turbulent e (new)              : min(  55638) = 3.4638625463531e-48  , max(  38875) = 1805.7015529847      
slv : Temperature (new)              : min(  20023) = 291.91334630864      , max(   5259) = 297.20782697569      
slv : Total enthalpy, Y-shifted (new): min(  49647) = 1240.9261860247      , max(   5233) = 4233.9749250454      
slv : MASS FLUXES AT OPENINGS: MF=-9027.79, AP=9027.78
slv : DvGr statistics: min alpha=0.14061(nfa=72998, geom_slice=0)
slv : +----------------------------------+------------+-------+------------+------------+
slv : |          Collector name          | Total Time | Count |  Avg Time  |  Max Time  |
slv : +----------------------------------+------------+-------+------------+------------+
slv : | Calculate_inc                    |      41.344|     75|       0.551|       0.923|
slv : | CollectEMT_Results               |       0.000|     76|       0.000|       0.000|
slv : | HeatPathCalculator_Dynamic       |       0.016|      1|       0.016|       0.016|
slv : | LiSy_make_portrait               |       0.920|    326|       0.003|       0.016|
slv : | Results_processing               |       8.125|     75|       0.108|       0.166|
slv : | build_sl_ordering_CHT            |       0.019|     76|       0.000|       0.009|
slv : | build_sl_ordering_MDS            |       0.133|     76|       0.002|       0.025|
slv : | build_sl_ordering_fluid          |       0.131|     76|       0.002|       0.025|
slv : | calc_Convolutions_MDS            |       1.280|     76|       0.017|       0.029|
slv : | calc_wall_dist                   |       0.502|      1|       0.502|       0.502|
slv : | create_Gr_operators_MDS          |       1.203|     76|       0.016|       0.030|
slv : | create_Gr_operators_portrait_MDS |       0.599|     76|       0.008|       0.015|
slv : | init_Hy_group_MDS                |       1.156|     76|       0.015|       0.027|
slv : | perform_stage_total              |      35.003|   2060|       0.017|       0.502|
slv : | precalc_at_start_MDS             |       0.663|      2|       0.332|       0.632|
slv : | solve_3M_MDS                     |       5.725|     76|       0.075|       0.164|
slv : | solve_3M_alg_MDS                 |       3.365|     76|       0.044|       0.115|
slv : | solve_BG_MDS                     |       3.195|     76|       0.042|       0.122|
slv : | solve_BG_alg_MDS                 |       2.253|     76|       0.030|       0.105|
slv : | solve_BL_MDS                     |       0.788|     76|       0.010|       0.027|
slv : | solve_CHT                        |       3.355|     76|       0.044|       0.073|
slv : | solve_CHT_MDS                    |       2.729|     76|       0.036|       0.065|
slv : | solve_CHT_alg_MDS                |       1.391|     76|       0.018|       0.048|
slv : | solve_DvGr_MDS                   |       8.751|     76|       0.115|       0.275|
slv : | solve_DvGr_alg_MDS               |       4.625|     76|       0.061|       0.185|
slv : | solve_INPR_MDS                   |       0.000|      1|       0.000|       0.000|
slv : | solve_PS+QJ                      |       0.000|      0|       0.000|       0.000|
slv : | solve_YLMA_MDS                   |       0.001|     76|       0.000|       0.000|
slv : | solve_YNOx_MDS                   |       0.000|     76|       0.000|       0.000|
slv : | solve_YTd_MDS                    |       0.001|     76|       0.000|       0.000|
slv : | solve_YTurb_MDS                  |      10.578|     76|       0.139|       0.308|
slv : | solve_YTurb_alg_MDS              |       4.973|    152|       0.033|       0.103|
slv : | update_BC_MDS                    |       0.000|     77|       0.000|       0.000|
slv : | update_Mf_after_DvGr             |       0.808|     76|       0.011|       0.021|
slv : | update_VelPressure_MDS           |       0.202|     76|       0.003|       0.005|
slv : +----------------------------------+------------+-------+------------+------------+
-----------------------------------------------------------------------
Memory Working Set Current = 306.45 Mb, Memory Working Set Peak = 308.38 Mb
Memory Private Bytes Current = 318.62 Mb, Memory Private Bytes Peak = 347.54 Mb
Process Threads Number: 14
-----------------------------------------------------------------------
Algebra Pool      : mem_usage = 209.81 Mb, allocated count = 1357

================== Tstep=76 ===================
<Dynamic P> on nsd = 0 {openings (inlet / outlet)}:
  (SP = Static Pressure, EP = Environment Pressure, TP = Total Pressure, E = External)
  {#0, E, (1.511091e+03 / 0.000000e+00)}
  {#1, E, (0.000000e+00 / 1.318668e+03)}
  {#2, E, (7.467862e-01 / 1.525038e+03)}
  {#3, E, (3.589537e+00 / 1.523450e+03)}
  {#4, E, (8.123223e+01 / 1.501384e+03)}
  {#5, E, (1.679281e-03 / 1.516312e+03)}
  MWS[  0]=2.46576
tau_viscous_averaged = 37.3597 
dt(mass,momentum; nsd=  0): min dt/dtG(ncv=  20023)=1.00 , max dt/dtG(ncv=  23957)=11.7   , dtG=0.0391288
Flow alg-view 0 in phys-view 0 isn't Neumann (not Multi Phase treating)
Face Momentum (sd=  0): max value of div(mf) (cv=44945) = 4.887993e-01
Flow alg-view 0 is not Neumann (not for Phase Change + Nested Iters)
+----+----+--------------+--------------+--------------+--------------+--------------+------+----+-+-+--+------+
|Name|view| Initial res  | Initial resL1| Target res   | Final res    | Final res L1 |Visits|Iter|R|F|CL|Status|
| BG |   0|  6.183410e-01|  7.717865e+00|  9.572676e-05|  3.927831e-05|  3.544950e-01|     7|  21|0|n|30|  OK  |
log10(resTarget_Lim / resTarget_Orig): 0.4 
Face Momentum (sd=  0): max value of div(mf) (cv=37443) = 9.203211e-04
	norm_L2 of div(momentum) = 6.267241e-03.
Flow alg-view 0 in phys-view 0 isn't Neumann (not Multi Phase treating)
LOG: number of a-faces with weighted approximations in 0 subdomain: 6.72253 percent
LOG: Rate of a-faces corrected to CUp1st in 0 subdomain: 0.00887188 %
slv : SolveBL stage
|nsd|Real WF|NormalF|Cycle F|CriticF| EdgeF |CyclBrF|ExtParF|RWFnumSt|StLvlNum|  nfw  |  alp_U_min  |  nfw  |  alp_U_max  |  nfw  |  alp_T_min  |  nfw  |  alp_T_max  |  nfw  |  BL_s_min   |  nfw  |   BL_s_max  |
|  0|    804|    692|      0|     28|     84|      0|      0|     804|      22|   1466|0            |   3693|5.84906      |   1046|0            |   2187|12072.2      |   1027|-124.248     |   1046|0            |
Face Momentum (sd=  0): max value of div(mf) (cv=37443) = 9.203211e-04
	norm_L2 of div(momentum) = 6.267241e-03.
nsd = 0 BC: AP Inlet occurs on 1553 w-faces
+----+----+----+--------------+--------------+--------------+--------------+--------------+------+----+-+-+--+------+
|Name|view| n_y| Initial res  | Initial resL1| Target res   | Final res    | Final res L1 |Visits|Iter|R|F|CL|Status|
+----+----+----+--------------+--------------+--------------+--------------+--------------+------+----+-+-+--+------+
| 3M |   0|   0|  4.073893e+04|  3.772670e+04|  1.200172e+00|  6.941742e-02|  2.090163e+01|     4|  12|0|n|29|  OK  |
Velocity (predicted):
        (local) sd   0: min(  23985)=0.68850469104221     , max(  19922)=71.667728488786      
Flow alg-view 0 is not Neumann (not for Phase Change + Nested Iters)
+----+----+--------------+--------------+--------------+--------------+--------------+------+----+-+-+--+------+
|Name|view| Initial res  | Initial resL1| Target res   | Final res    | Final res L1 |Visits|Iter|R|F|CL|Status|
|DVGR|   0|  1.408961e+02|  1.375085e+03|  8.806003e-03|  5.077702e-03|  4.756227e+00|     8|  24|0|n|30|  OK  |
PRESSURE SOLVER(geom_index=  0): sum_C_dp=6.55902e-06
Face Momentum (sd=  0): max value of div(mf) (cv=49600) = 7.155586e-03
	norm_L2 of div(momentum) = 7.125806e-02.
nsd = 0 min_dtHy = 0.0391288 (nCV =	20023 ) max_dtHy = 0.45808 (nCV =	23957 ) 
+----+----+--------------+--------------+--------------+--------------+--------------+------+----+-+-+--+------+
|Name|view| Initial res  | Initial resL1| Target res   | Final res    | Final res L1 |Visits|Iter|R|F|CL|Status|
|CHT |   0|  3.451890e+06|  1.472732e+05|  2.157431e+02|  5.745981e+00|  1.358403e+02|     3|  27|0|n|30|  OK  |
nsd = 0 min_dtke = 0.00103126 (nCV =	12358 ) max_dtke = 0.183127 (nCV =	55587 ) 
+----+----+----+--------------+--------------+--------------+--------------+--------------+------+----+-+-+--+------+
|Name|view| n_y| Initial res  | Initial resL1| Target res   | Final res    | Final res L1 |Visits|Iter|R|F|CL|Status|
+----+----+----+--------------+--------------+--------------+--------------+--------------+------+----+-+-+--+------+
|turb|   0|   0|  1.773181e+06|  1.037017e+05|  1.864236e-03|  3.762503e-04|  8.714579e-01|     4|  24|0|n|30|  OK  |
|turb|   0|   1|  5.327640e+07|  5.533538e+05|  4.334844e-03|  6.301359e-04|  1.405673e+00|     4|  24|0|n|30|  OK  |
Filter: K,E,momentum: sd =   0 isolating K from zero=     14 E from zero=    767 E from infinity=     12
slv : Fluid subdom(new) 0
slv : P static (new)                 : min(   5233) = 97765.495549261      , max(  18144) = 102925.02535632      
slv : Density (new)                  : min(   5233) = 1.1508461818483      , max(  19922) = 1.2232164295823      
slv : Velocity (new)                 : min(  24310) = 0.36169433158353     , max(  19922) = 71.565337746095      
slv : Mach number (new)              : min(  24310) = 0.0010514139193968   , max(  19922) = 0.20900565696132     
slv : Turbulent k (new)              : min(  12331) = 1e-40                , max(  38930) = 195.84041230794      
slv : Turbulent e (new)              : min(  35360) = 7.4668995153965e-47  , max(  38875) = 1846.4238849907      
slv : Temperature (new)              : min(  19922) = 291.89640935268      , max(   5259) = 297.20915473704      
slv : Total enthalpy, Y-shifted (new): min(  49666) = 1241.8030771436      , max(   5233) = 4235.369804388       
slv : MASS FLUXES AT OPENINGS: MF=-9027.79, AP=9027.8
slv : DvGr statistics: min alpha=0.14097(nfa=73010, geom_slice=0)
slv : +----------------------------------+------------+-------+------------+------------+
slv : |          Collector name          | Total Time | Count |  Avg Time  |  Max Time  |
slv : +----------------------------------+------------+-------+------------+------------+
slv : | Calculate_inc                    |      41.877|     76|       0.551|       0.923|
slv : | CollectEMT_Results               |       0.000|     77|       0.000|       0.000|
slv : | HeatPathCalculator_Dynamic       |       0.016|      1|       0.016|       0.016|
slv : | LiSy_make_portrait               |       0.930|    330|       0.003|       0.016|
slv : | Results_processing               |       8.229|     76|       0.108|       0.166|
slv : | build_sl_ordering_CHT            |       0.019|     77|       0.000|       0.009|
slv : | build_sl_ordering_MDS            |       0.134|     77|       0.002|       0.025|
slv : | build_sl_ordering_fluid          |       0.132|     77|       0.002|       0.025|
slv : | calc_Convolutions_MDS            |       1.299|     77|       0.017|       0.029|
slv : | calc_wall_dist                   |       0.502|      1|       0.502|       0.502|
slv : | create_Gr_operators_MDS          |       1.220|     77|       0.016|       0.030|
slv : | create_Gr_operators_portrait_MDS |       0.606|     77|       0.008|       0.015|
slv : | init_Hy_group_MDS                |       1.168|     77|       0.015|       0.027|
slv : | perform_stage_total              |      35.448|   2087|       0.017|       0.502|
slv : | precalc_at_start_MDS             |       0.663|      2|       0.332|       0.632|
slv : | solve_3M_MDS                     |       5.803|     77|       0.075|       0.164|
slv : | solve_3M_alg_MDS                 |       3.412|     77|       0.044|       0.115|
slv : | solve_BG_MDS                     |       3.227|     77|       0.042|       0.122|
slv : | solve_BG_alg_MDS                 |       2.273|     77|       0.030|       0.105|
slv : | solve_BL_MDS                     |       0.797|     77|       0.010|       0.027|
slv : | solve_CHT                        |       3.413|     77|       0.044|       0.073|
slv : | solve_CHT_MDS                    |       2.778|     77|       0.036|       0.065|
slv : | solve_CHT_alg_MDS                |       1.424|     77|       0.018|       0.048|
slv : | solve_DvGr_MDS                   |       8.853|     77|       0.115|       0.275|
slv : | solve_DvGr_alg_MDS               |       4.678|     77|       0.061|       0.185|
slv : | solve_INPR_MDS                   |       0.000|      1|       0.000|       0.000|
slv : | solve_PS+QJ                      |       0.000|      0|       0.000|       0.000|
slv : | solve_YLMA_MDS                   |       0.001|     77|       0.000|       0.000|
slv : | solve_YNOx_MDS                   |       0.000|     77|       0.000|       0.000|
slv : | solve_YTd_MDS                    |       0.001|     77|       0.000|       0.000|
slv : | solve_YTurb_MDS                  |      10.740|     77|       0.139|       0.308|
slv : | solve_YTurb_alg_MDS              |       5.056|    154|       0.033|       0.103|
slv : | update_BC_MDS                    |       0.000|     78|       0.000|       0.000|
slv : | update_Mf_after_DvGr             |       0.816|     77|       0.011|       0.021|
slv : | update_VelPressure_MDS           |       0.204|     77|       0.003|       0.005|
slv : +----------------------------------+------------+-------+------------+------------+
-----------------------------------------------------------------------
Memory Working Set Current = 306.38 Mb, Memory Working Set Peak = 308.38 Mb
Memory Private Bytes Current = 316.61 Mb, Memory Private Bytes Peak = 347.54 Mb
Process Threads Number: 14
-----------------------------------------------------------------------
Algebra Pool      : mem_usage = 209.81 Mb, allocated count = 1358

================== Tstep=77 ===================
<Dynamic P> on nsd = 0 {openings (inlet / outlet)}:
  (SP = Static Pressure, EP = Environment Pressure, TP = Total Pressure, E = External)
  {#0, E, (1.511092e+03 / 0.000000e+00)}
  {#1, E, (0.000000e+00 / 1.320881e+03)}
  {#2, E, (7.752687e-01 / 1.524979e+03)}
  {#3, E, (3.743279e+00 / 1.522814e+03)}
  {#4, E, (8.160847e+01 / 1.501317e+03)}
  {#5, E, (5.790288e-04 / 1.516696e+03)}
  MWS[  0]=2.47401
tau_viscous_averaged = 36.0009 
dt(mass,momentum; nsd=  0): min dt/dtG(ncv=  20023)=1.00 , max dt/dtG(ncv=  23957)=11.9   , dtG=0.0393654
Flow alg-view 0 in phys-view 0 isn't Neumann (not Multi Phase treating)
Face Momentum (sd=  0): max value of div(mf) (cv=43364) = 4.570873e-01
Flow alg-view 0 is not Neumann (not for Phase Change + Nested Iters)
+----+----+--------------+--------------+--------------+--------------+--------------+------+----+-+-+--+------+
|Name|view| Initial res  | Initial resL1| Target res   | Final res    | Final res L1 |Visits|Iter|R|F|CL|Status|
| BG |   0|  7.460187e-01|  8.141105e+00|  8.806003e-05|  3.022237e-05|  2.748412e-01|     8|  24|0|n|30|  OK  |
log10(resTarget_Lim / resTarget_Orig): 0.3 
Face Momentum (sd=  0): max value of div(mf) (cv=31196) = 1.467126e-03
	norm_L2 of div(momentum) = 5.497487e-03.
Flow alg-view 0 in phys-view 0 isn't Neumann (not Multi Phase treating)
LOG: number of a-faces with weighted approximations in 0 subdomain: 6.76321 percent
LOG: Rate of a-faces corrected to CUp1st in 0 subdomain: 0.0105385 %
slv : SolveBL stage
|nsd|Real WF|NormalF|Cycle F|CriticF| EdgeF |CyclBrF|ExtParF|RWFnumSt|StLvlNum|  nfw  |  alp_U_min  |  nfw  |  alp_U_max  |  nfw  |  alp_T_min  |  nfw  |  alp_T_max  |  nfw  |  BL_s_min   |  nfw  |   BL_s_max  |
|  0|    804|    696|      0|     26|     82|      0|      0|     804|      23|   1466|0            |   1121|3.98953      |   1046|0            |   2187|12091.9      |   1027|-124.033     |   1046|0            |
Face Momentum (sd=  0): max value of div(mf) (cv=31196) = 1.467126e-03
	norm_L2 of div(momentum) = 5.497487e-03.
nsd = 0 BC: AP Inlet occurs on 1562 w-faces
+----+----+----+--------------+--------------+--------------+--------------+--------------+------+----+-+-+--+------+
|Name|view| n_y| Initial res  | Initial resL1| Target res   | Final res    | Final res L1 |Visits|Iter|R|F|CL|Status|
+----+----+----+--------------+--------------+--------------+--------------+--------------+------+----+-+-+--+------+
| 3M |   0|   0|  4.568468e+04|  3.586392e+04|  1.216890e+00|  5.703438e-02|  1.900547e+01|     4|  12|0|n|29|  OK  |
Velocity (predicted):
        (local) sd   0: min(  23957)=0.47878319679163     , max(  19922)=71.304383063797      
Flow alg-view 0 is not Neumann (not for Phase Change + Nested Iters)
+----+----+--------------+--------------+--------------+--------------+--------------+------+----+-+-+--+------+
|Name|view| Initial res  | Initial resL1| Target res   | Final res    | Final res L1 |Visits|Iter|R|F|CL|Status|
|DVGR|   0|  1.291426e+02|  1.316249e+03|  8.071415e-03|  4.049875e-03|  4.335664e+00|     8|  24|0|n|30|  OK  |
PRESSURE SOLVER(geom_index=  0): sum_C_dp=6.72628e-06
Face Momentum (sd=  0): max value of div(mf) (cv=49600) = 6.678660e-03
	norm_L2 of div(momentum) = 6.363868e-02.
nsd = 0 min_dtHy = 0.0393654 (nCV =	20023 ) max_dtHy = 0.468109 (nCV =	23957 ) 
+----+----+--------------+--------------+--------------+--------------+--------------+------+----+-+-+--+------+
|Name|view| Initial res  | Initial resL1| Target res   | Final res    | Final res L1 |Visits|Iter|R|F|CL|Status|
|CHT |   0|  2.944036e+06|  1.340379e+05|  1.840023e+02|  2.764632e+00|  1.035014e+02|     3|  27|0|n|30|  OK  |
nsd = 0 min_dtke = 0.000952587 (nCV =	12321 ) max_dtke = 0.183356 (nCV =	55513 ) 
+----+----+----+--------------+--------------+--------------+--------------+--------------+------+----+-+-+--+------+
|Name|view| n_y| Initial res  | Initial resL1| Target res   | Final res    | Final res L1 |Visits|Iter|R|F|CL|Status|
+----+----+----+--------------+--------------+--------------+--------------+--------------+------+----+-+-+--+------+
|turb|   0|   0|  1.540589e+06|  9.549180e+04|  1.900440e-03|  3.951724e-04|  8.444892e-01|     4|  24|0|n|30|  OK  |
|turb|   0|   1|  5.095673e+07|  5.206519e+05|  4.443386e-03|  9.386284e-04|  1.493503e+00|     4|  24|0|n|30|  OK  |
Filter: K,E,momentum: sd =   0 isolating K from zero=     18 E from zero=    760 E from infinity=     15
slv : Fluid subdom(new) 0
slv : P static (new)                 : min(   5233) = 97765.63854526       , max(  18144) = 102924.76140827      
slv : Density (new)                  : min(   5233) = 1.1508482397294      , max(  19922) = 1.2232057468622      
slv : Velocity (new)                 : min(  23957) = 0.26797667880271     , max(  20023) = 71.344836877156      
slv : Mach number (new)              : min(  23957) = 0.00077857204315007  , max(  20023) = 0.20835605371433     
slv : Turbulent k (new)              : min(  12331) = 1e-40                , max(  38930) = 199.03191771851      
slv : Turbulent e (new)              : min(  55583) = 3.8258457110715e-48  , max(  38875) = 1876.0868921106      
slv : Temperature (new)              : min(  20023) = 291.91227026826      , max(   5259) = 297.21126627317      
slv : Total enthalpy, Y-shifted (new): min(  49666) = 1242.9526365531      , max(   5233) = 4235.6536969636      
slv : MASS FLUXES AT OPENINGS: MF=-9027.79, AP=9027.8
slv : DvGr statistics: min alpha=0.13982(nfa=73010, geom_slice=0)
slv : +----------------------------------+------------+-------+------------+------------+
slv : |          Collector name          | Total Time | Count |  Avg Time  |  Max Time  |
slv : +----------------------------------+------------+-------+------------+------------+
slv : | Calculate_inc                    |      42.430|     77|       0.551|       0.923|
slv : | CollectEMT_Results               |       0.000|     78|       0.000|       0.000|
slv : | HeatPathCalculator_Dynamic       |       0.016|      1|       0.016|       0.016|
slv : | LiSy_make_portrait               |       0.938|    334|       0.003|       0.016|
slv : | Results_processing               |       8.331|     77|       0.108|       0.166|
slv : | build_sl_ordering_CHT            |       0.019|     78|       0.000|       0.009|
slv : | build_sl_ordering_MDS            |       0.135|     78|       0.002|       0.025|
slv : | build_sl_ordering_fluid          |       0.132|     78|       0.002|       0.025|
slv : | calc_Convolutions_MDS            |       1.315|     78|       0.017|       0.029|
slv : | calc_wall_dist                   |       0.502|      1|       0.502|       0.502|
slv : | create_Gr_operators_MDS          |       1.235|     78|       0.016|       0.030|
slv : | create_Gr_operators_portrait_MDS |       0.614|     78|       0.008|       0.015|
slv : | init_Hy_group_MDS                |       1.182|     78|       0.015|       0.027|
slv : | perform_stage_total              |      35.893|   2114|       0.017|       0.502|
slv : | precalc_at_start_MDS             |       0.663|      2|       0.332|       0.632|
slv : | solve_3M_MDS                     |       5.904|     78|       0.076|       0.164|
slv : | solve_3M_alg_MDS                 |       3.484|     78|       0.045|       0.115|
slv : | solve_BG_MDS                     |       3.264|     78|       0.042|       0.122|
slv : | solve_BG_alg_MDS                 |       2.300|     78|       0.029|       0.105|
slv : | solve_BL_MDS                     |       0.805|     78|       0.010|       0.027|
slv : | solve_CHT                        |       3.460|     78|       0.044|       0.073|
slv : | solve_CHT_MDS                    |       2.818|     78|       0.036|       0.065|
slv : | solve_CHT_alg_MDS                |       1.446|     78|       0.019|       0.048|
slv : | solve_DvGr_MDS                   |       8.951|     78|       0.115|       0.275|
slv : | solve_DvGr_alg_MDS               |       4.725|     78|       0.061|       0.185|
slv : | solve_INPR_MDS                   |       0.000|      1|       0.000|       0.000|
slv : | solve_PS+QJ                      |       0.000|      0|       0.000|       0.000|
slv : | solve_YLMA_MDS                   |       0.001|     78|       0.000|       0.000|
slv : | solve_YNOx_MDS                   |       0.000|     78|       0.000|       0.000|
slv : | solve_YTd_MDS                    |       0.001|     78|       0.000|       0.000|
slv : | solve_YTurb_MDS                  |      10.873|     78|       0.139|       0.308|
slv : | solve_YTurb_alg_MDS              |       5.120|    156|       0.033|       0.103|
slv : | update_BC_MDS                    |       0.000|     79|       0.000|       0.000|
slv : | update_Mf_after_DvGr             |       0.825|     78|       0.011|       0.021|
slv : | update_VelPressure_MDS           |       0.206|     78|       0.003|       0.005|
slv : +----------------------------------+------------+-------+------------+------------+
-----------------------------------------------------------------------
Memory Working Set Current = 306.11 Mb, Memory Working Set Peak = 308.38 Mb
Memory Private Bytes Current = 316.59 Mb, Memory Private Bytes Peak = 347.54 Mb
Process Threads Number: 14
-----------------------------------------------------------------------
/************Goal values******************/
SG 力 (X) 1				24257.2233 N
/************End of Goal values******************/
/************	Min/Max Parameters	************/
圧力:		min = 97455.3124 Pa		max = 102928.749 Pa
密度（流体）:		min = 1.15084824 kg/m^3		max = 1.22320575 kg/m^3
流速:		min = 0 m/s		max = 71.3448369 m/s
流速 (X):		min = -12.8617167 m/s		max = 55.9036156 m/s
流速 (Y):		min = -68.6118179 m/s		max = 68.8271886 m/s
流速 (Z):		min = -55.5052299 m/s		max = 63.1559981 m/s
温度 (流体):		min = 291.91227 K		max = 297.380609 K
ﾏｯﾊ数:		min = 0		max = 0.208356054
/************	End of Min/Max Parameters	************/
Solver finished at	17.12.2025	15:24:41
ENDING PROGRAM...
Estimated fld size=5.76 Mb
Writing fld file "C:\Users\sinohara\Desktop\lesson16\1\fld30C1.tmp"...
**************   CHeatPathCalculator report ******************
Total Enthalpy Rate
	domain 0 (External: -7715.5; Inner: 0)
Temperatures
	0 (Vol 5960; Tmin 291.912; Tav 293.405; Tmax 297.381)
Total Energy Balance [W]
	-7715.5
**************   CHeatPathCalculator report end******************
store res: FILE RENAMED: "C:\Users\sinohara\Desktop\lesson16\1\fld30C1.tmp" -> "C:\Users\sinohara\Desktop\lesson16\1\1.fld"
store res: FILE SAVED: 1.fld. Total save fld took 0.53 sec.
real fld size=9.82 Mb
CPT size=1.831 MB (1919842 bytes).
OK
Depository creating ...
nb_bricks (0.000 s)
FS triangles count 12 
Face_aver_on (0.002 s)
wall_triangles (0.121 s)
size of cv_intrp_f = 4.53 Mb
size of cv_intrp_s = 0.00 Mb
size of cv_intrp_frw = 0.00 Mb
CCVInterp_DepEntry::Calculate duration = 0.371 s
cv_interp (0.486 s)
favorite_params (0.477 s)
Face_aver_off (0.000 s)
Depository creating ...OK (0.965 s)
GetFloMASTERData succeeded in (0.002 s)
Solver finished at	17.12.2025	15:24:42
Total CPU time 55 s
Free memory:
slv : +----------------------------------+------------+-------+------------+------------+
slv : |          Collector name          | Total Time | Count |  Avg Time  |  Max Time  |
slv : +----------------------------------+------------+-------+------------+------------+
slv : | Calculate_inc                    |      42.971|     78|       0.551|       0.923|
slv : | CollectEMT_Results               |       0.000|     79|       0.000|       0.000|
slv : | HeatPathCalculator_Dynamic       |       0.042|      2|       0.021|       0.026|
slv : | LiSy_make_portrait               |       0.938|    334|       0.003|       0.016|
slv : | Results_processing               |       8.437|     78|       0.108|       0.166|
slv : | build_sl_ordering_CHT            |       0.019|     78|       0.000|       0.009|
slv : | build_sl_ordering_MDS            |       0.135|     78|       0.002|       0.025|
slv : | build_sl_ordering_fluid          |       0.132|     78|       0.002|       0.025|
slv : | calc_Convolutions_MDS            |       1.315|     78|       0.017|       0.029|
slv : | calc_wall_dist                   |       0.502|      1|       0.502|       0.502|
slv : | create_Gr_operators_MDS          |       1.235|     78|       0.016|       0.030|
slv : | create_Gr_operators_portrait_MDS |       0.614|     78|       0.008|       0.015|
slv : | init_Hy_group_MDS                |       1.182|     78|       0.015|       0.027|
slv : | perform_stage_total              |      35.893|   2114|       0.017|       0.502|
slv : | precalc_at_start_MDS             |       0.663|      2|       0.332|       0.632|
slv : | solve_3M_MDS                     |       5.904|     78|       0.076|       0.164|
slv : | solve_3M_alg_MDS                 |       3.484|     78|       0.045|       0.115|
slv : | solve_BG_MDS                     |       3.264|     78|       0.042|       0.122|
slv : | solve_BG_alg_MDS                 |       2.300|     78|       0.029|       0.105|
slv : | solve_BL_MDS                     |       0.805|     78|       0.010|       0.027|
slv : | solve_CHT                        |       3.460|     78|       0.044|       0.073|
slv : | solve_CHT_MDS                    |       2.818|     78|       0.036|       0.065|
slv : | solve_CHT_alg_MDS                |       1.446|     78|       0.019|       0.048|
slv : | solve_DvGr_MDS                   |       8.951|     78|       0.115|       0.275|
slv : | solve_DvGr_alg_MDS               |       4.725|     78|       0.061|       0.185|
slv : | solve_INPR_MDS                   |       0.000|      1|       0.000|       0.000|
slv : | solve_PS+QJ                      |       0.000|      0|       0.000|       0.000|
slv : | solve_YLMA_MDS                   |       0.001|     78|       0.000|       0.000|
slv : | solve_YNOx_MDS                   |       0.000|     78|       0.000|       0.000|
slv : | solve_YTd_MDS                    |       0.001|     78|       0.000|       0.000|
slv : | solve_YTurb_MDS                  |      10.873|     78|       0.139|       0.308|
slv : | solve_YTurb_alg_MDS              |       5.120|    156|       0.033|       0.103|
slv : | update_BC_MDS                    |       0.000|     79|       0.000|       0.000|
slv : | update_Mf_after_DvGr             |       0.825|     78|       0.011|       0.021|
slv : | update_VelPressure_MDS           |       0.206|     78|       0.003|       0.005|
slv : +----------------------------------+------------+-------+------------+------------+
alg : 
alg :  size = 57408
alg :  assembling_nnz_PardisoLU        0.010  53
alg :  assembling_portrait_PardisoLU   0.000  1
alg :  build_coarse_select_omega       0.000  53
alg :  build_fine_select_omega         0.024  78
alg :  build_select_pivot_nonzeros     0.041  78
alg :  build_select_vectors            0.012  78
alg :  calc_residual_LU                0.074  232
alg :  call_MG_solver                  1.330  78
alg :  clean_coarse_levels             0.000  53
alg :  clean_fine_level                0.000  78
alg :  init_RB_coarse_nonzeros         0.000  53
alg :  init_RB_fine_nonzeros           0.000  78
alg :  init_coarse_EMT_solver          0.000  53
alg :  init_coarse_levels              0.600  53
alg :  init_fine_EMT_solver            0.000  78
alg :  init_fine_level                 0.078  78
alg :  mg_cycle                        1.300  78
alg :  numerical_PardisoLU             0.541  53
alg :  perform_prolongation            0.005  76
alg :  perform_restriction             0.007  76
alg :  prepare_MG                      0.078  78
alg :  run_smoothing                   0.628  154
alg :  smoother_fine                   0.586  1386
alg :  solve_MG                        1.330  78
alg :  solve_PardisoLU                 0.055  76
alg :  symbolic_PardisoLU              0.029  1
alg :  update_mg_status                0.002  230
alg : 
alg :  size = 57408
alg :  assembling_nnz_PardisoCholesky        0.016  78
alg :  assembling_portrait_PardisoCholesky   0.000  1
alg :  build_coarse_select_omega             0.000  78
alg :  build_fine_select_omega               0.006  78
alg :  build_select_pivot_nonzeros           0.145  78
alg :  build_select_vectors                  0.014  78
alg :  calc_residual_LU                      0.782  760
alg :  call_MG_solver                        4.453  78
alg :  clean_coarse_levels                   0.001  78
alg :  clean_fine_level                      0.000  78
alg :  init_RB_coarse_nonzeros               0.000  78
alg :  init_RB_fine_nonzeros                 0.000  78
alg :  init_coarse_EMT_solver                0.000  78
alg :  init_coarse_levels                    0.659  78
alg :  init_fine_EMT_solver                  0.000  78
alg :  init_fine_level                       0.166  78
alg :  mg_cycle                              4.375  78
alg :  numerical_PardisoCholesky             0.530  78
alg :  perform_prolongation                  0.040  604
alg :  perform_restriction                   0.045  604
alg :  prepare_MG                            0.166  78
alg :  run_smoothing                         3.193  682
alg :  smoother_fine                         2.499  2046
alg :  solve_MG                              4.453  78
alg :  solve_PardisoCholesky                 0.405  604
alg :  symbolic_PardisoCholesky              0.029  1
alg :  update_mg_status                      0.019  1286
alg : 
alg :  size = 57408
alg :  assembling_nnz_PardisoCholesky        0.031  79
alg :  assembling_portrait_PardisoCholesky   0.000  1
alg :  build_coarse_select_omega             0.000  79
alg :  build_fine_select_omega               0.007  79
alg :  build_select_pivot_nonzeros           0.052  79
alg :  build_select_vectors                  0.014  79
alg :  calc_residual_LU                      0.244  726
alg :  call_MG_solver                        2.656  79
alg :  clean_coarse_levels                   0.001  79
alg :  clean_fine_level                      0.000  79
alg :  init_RB_coarse_nonzeros               0.000  79
alg :  init_RB_fine_nonzeros                 0.000  79
alg :  init_coarse_EMT_solver                0.000  79
alg :  init_coarse_levels                    0.751  79
alg :  init_fine_EMT_solver                  0.000  79
alg :  init_fine_level                       0.073  79
alg :  mg_cycle                              2.621  81
alg :  numerical_PardisoCholesky             0.522  79
alg :  perform_prolongation                  0.038  566
alg :  perform_restriction                   0.041  566
alg :  prepare_MG                            0.073  79
alg :  run_smoothing                         1.370  647
alg :  smoother_fine                         1.159  2421
alg :  solve_MG                              2.656  79
alg :  solve_PardisoCholesky                 0.391  566
alg :  symbolic_PardisoCholesky              0.170  1
alg :  update_mg_status                      0.017  1213
alg : 
alg :  size = 57408
alg :  assembling_nnz_PardisoLU        0.022  139
alg :  assembling_portrait_PardisoLU   0.000  1
alg :  build_coarse_select_omega       0.000  139
alg :  build_fine_select_omega         0.075  156
alg :  build_select_pivot_nonzeros     0.151  156
alg :  build_select_vectors            0.026  156
alg :  calc_residual_LU                0.363  686
alg :  call_MG_solver                  4.748  156
alg :  clean_coarse_levels             0.001  139
alg :  clean_fine_level                0.001  156
alg :  init_RB_coarse_nonzeros         0.000  139
alg :  init_RB_fine_nonzeros           0.000  156
alg :  init_coarse_EMT_solver          0.000  139
alg :  init_coarse_levels              1.820  139
alg :  init_fine_EMT_solver            0.000  156
alg :  init_fine_level                 0.254  156
alg :  mg_cycle                        4.647  156
alg :  numerical_PardisoLU             1.618  139
alg :  perform_prolongation            0.023  374
alg :  perform_restriction             0.031  374
alg :  prepare_MG                      0.254  156
alg :  run_smoothing                   2.467  530
alg :  smoother_fine                   2.202  3180
alg :  solve_MG                        4.749  156
alg :  solve_PardisoLU                 0.287  374
alg :  symbolic_PardisoLU              0.030  1
alg :  update_mg_status                0.011  904
alg : 
alg :  size = 57408
alg :  assembling_nnz_PardisoLU        0.011  73
alg :  assembling_portrait_PardisoLU   0.000  1
alg :  build_coarse_select_omega       0.008  73
alg :  build_fine_select_omega         0.178  151
alg :  build_select_pivot_nonzeros     0.224  78
alg :  build_select_vectors            0.035  78
alg :  calc_residual_LU                0.495  797
alg :  call_MG_solver                  2.991  78
alg :  clean_coarse_levels             0.001  73
alg :  clean_fine_level                0.000  78
alg :  init_RB_coarse_nonzeros         0.000  73
alg :  init_RB_fine_nonzeros           0.000  78
alg :  init_coarse_EMT_solver          0.000  73
alg :  init_coarse_levels              0.718  73
alg :  init_fine_EMT_solver            0.000  78
alg :  init_fine_level                 0.355  78
alg :  mg_cycle                        2.874  78
alg :  numerical_PardisoLU             0.482  73
alg :  perform_prolongation            0.029  467
alg :  perform_restriction             0.034  467
alg :  prepare_MG                      0.355  78
alg :  run_smoothing                   1.952  719
alg :  smoother_coarse                 0.127  879
alg :  smoother_fine                   1.453  756
alg :  solve_MG                        2.992  78
alg :  solve_PardisoLU                 0.114  293
alg :  symbolic_PardisoLU              0.020  1
alg :  update_mg_status                0.020  1012
-----------------------------------------------------------------------
Start to free mesher data...
MMP (msh): locals=1, allc_sz=7.82 MB, used_sz=7.09 MB, blks-min-max=26/26
MMP (brx): locals=0, allc_sz=0.00 MB, used_sz=0.00 MB, blks-min-max=0/0
MMP (bcf): locals=4, allc_sz=24.52 MB, used_sz=23.96 MB, blks-min-max=5/43
MMP (xsl): locals=0, allc_sz=0.00 MB, used_sz=0.00 MB, blks-min-max=0/0
Free xsl...            OK	Time=0.001 s
Free ray collector...  OK	Time=0.000 s
Free ray intersector...OK	Time=0.000 s
Free body sets...      OK	Time=0.000 s
Free Geometry DB takes 0.000 s
Free mesh conn...      OK	Time=0.000 s
Free geomsd...         OK	Time=0.000 s
Free mbricks...        OK	Time=0.000 s
Free hash info...      OK	Time=0.000 s
Free bricks-x...       OK	Time=0.000 s
Free bcf...            OK	Time=0.003 s
Free mesh h...         OK	Time=0.000 s
Free bricks arr..      OK	Time=0.000 s
Free bricks tree...    OK	Time=0.000 s
Free mesh pools...     OK	Time=0.003 s
Free bodies mapper...  OK	Time=0.000 s
Free geom crits...     OK	Time=0.000 s
Free cpt regions...    OK	Time=0.000 s
Free peculiar surfs... OK	Time=0.000 s
Free sw-geometries...  OK	Time=0.000 s
Total free mesher data time: 0.011 s
-----------------------------------------------------------------------
Free memory: OK (0.038 s)
-----------------------------------------------------------------------
Memory Working Set Current = 246.77 Mb, Memory Working Set Peak = 340.57 Mb
Memory Private Bytes Current = 259.66 Mb, Memory Private Bytes Peak = 369.99 Mb
Process Threads Number: 14
Process Threads Number Peak: 14
-----------------------------------------------------------------------
Free memory:
-----------------------------------------------------------------------
Start to free mesher data...
MMP (msh): locals=0, allc_sz=0.00 MB, used_sz=0.00 MB, blks-min-max=0/0
MMP (brx): locals=0, allc_sz=0.00 MB, used_sz=0.00 MB, blks-min-max=0/0
MMP (bcf): locals=0, allc_sz=0.00 MB, used_sz=0.00 MB, blks-min-max=0/0
MMP (xsl): locals=0, allc_sz=0.00 MB, used_sz=0.00 MB, blks-min-max=0/0
Free xsl...            OK	Time=0.000 s
Free ray collector...  OK	Time=0.000 s
Free ray intersector...OK	Time=0.000 s
Free body sets...      OK	Time=0.000 s
Free Geometry DB takes 0.000 s
Free mesh conn...      OK	Time=0.000 s
Free geomsd...         OK	Time=0.000 s
Free mbricks...        OK	Time=0.000 s
Free hash info...      OK	Time=0.000 s
Free bricks-x...       OK	Time=0.000 s
Free mesh h...         OK	Time=0.000 s
Free bricks arr..      OK	Time=0.000 s
Free bricks tree...    OK	Time=0.000 s
Free mesh pools...     OK	Time=0.000 s
Free bodies mapper...  OK	Time=0.000 s
Free geom crits...     OK	Time=0.000 s
Free cpt regions...    OK	Time=0.000 s
Free peculiar surfs... OK	Time=0.000 s
Free sw-geometries...  OK	Time=0.000 s
Total free mesher data time: 0.002 s
-----------------------------------------------------------------------
Free memory: OK (0.003 s)
-----------------------------------------------------------------------
Memory Working Set Current = 246.77 Mb, Memory Working Set Peak = 340.57 Mb
Memory Private Bytes Current = 259.67 Mb, Memory Private Bytes Peak = 369.99 Mb
Process Threads Number: 14
Process Threads Number Peak: 14
-----------------------------------------------------------------------
Algebra Pool      : mem_usage = 209.81 Mb, allocated count = 0
finished solver summary thread
Log ended at 17.12.2025	15:24:42
