Iteration	CPUTime	PhysTime	Travels
1	1	0.00524655639	0.00736806302
2	2	0.00819179626	0.014736126
3	2	0.0111375805	0.0221041891
4	3	0.0140968006	0.0294722521
5	3	0.017117596	0.0368403151
6	3	0.0220268933	0.0442083781
7	4	0.027407794	0.0515764412
8	5	0.0329551885	0.0589445042
9	5	0.0385542927	0.0663125672
10	5	0.0441768009	0.0736806302
11	6	0.0526406142	0.0810486932
12	7	0.0611697506	0.0884167563
13	7	0.0697371403	0.0957848193
14	8	0.0783533982	0.103152882
15	8	0.087027957	0.110520945
16	8	0.100106698	0.117889008
17	8	0.113275352	0.125257071
18	9	0.126539678	0.132625134
19	9	0.139903985	0.139993197
20	9	0.153333442	0.14736126
21	10	0.173578756	0.154729323
22	10	0.193970753	0.162097386
23	10	0.21450771	0.169465449
24	10	0.235151372	0.176833513
25	11	0.255886144	0.184201576
26	11	0.287116271	0.191569639
27	11	0.318517817	0.198937702
28	11	0.350069321	0.206305765
29	12	0.381753984	0.213673828
30	12	0.413541371	0.221041891
31	12	0.455496367	0.228409954
32	13	0.497554264	0.235778017
33	13	0.539695954	0.24314608
34	13	0.581903554	0.250514143
35	13	0.624161703	0.257882206
36	14	0.66645503	0.265250269
37	14	0.70876898	0.272618332
38	14	0.751087391	0.279986395
39	15	0.793399075	0.287354458
40	15	0.835690411	0.294722521
41	15	0.877949757	0.302090584
42	16	0.92016601	0.309458647
43	16	0.96233063	0.31682671
44	17	1	0.324194773
45	18	1.04204501	0.331562836
46	18	1.08401898	0.338930899
47	18	1.12592006	0.346298962
48	18	1.16774677	0.353667025
49	19	1.2095012	0.361035088
50	19	1.25118507	0.368403151
51	19	1.29280226	0.375771214
52	20	1.33435701	0.383139277
53	20	1.37585572	0.39050734
54	20	1.41730404	0.397875403
55	21	1.45870982	0.405243466
56	21	1.50008051	0.412611529
57	21	1.54142413	0.419979592
58	22	1.58274792	0.427347655
59	22	1.62405894	0.434715718
60	22	1.6653636	0.442083781
61	22	1.70666953	0.449451844
62	23	1.74798054	0.456819907
63	23	1.78930341	0.46418797
64	23	1.83064273	0.471556033
65	24	1.87200236	0.478924096
66	24	1.91338513	0.486292159
67	24	1.95479502	0.493660222
68	25	1.99623364	0.501028285
69	25	2	0.508396348
70	25	2.04147292	0.515764412
71	26	2.08298019	0.523132475
72	26	2.12452091	0.530500538
73	26	2.16609436	0.537868601
74	27	2.20770186	0.545236664
75	27	2.24934335	0.552604727
76	27	2.29101964	0.55997279
77	28	2.33272977	0.567340853
78	28	2.37447342	0.574708916
79	28	2.41625013	0.582076979
80	29	2.45805913	0.589445042
81	29	2.4998993	0.596813105
82	29	2.54177123	0.604181168
83	30	2.58367198	0.611549231
84	30	2.62560254	0.618917294
85	30	2.66755981	0.626285357
86	31	2.70954532	0.63365342
87	31	2.75155701	0.641021483
88	31	2.79359444	0.648389546
89	31	2.83565579	0.655757609
90	32	2.87774097	0.663125672
91	32	2.91984969	0.670493735
92	32	2.96198004	0.677861798
93	33	3	0.685229861
94	33	3.04217171	0.692597924
95	33	3.0843639	0.699965987
96	34	3.12657627	0.70733405
97	34	3.16880713	0.714702113
98	34	3.21105778	0.722070176
99	35	3.25332628	0.729438239
100	35	3.29561364	0.736806302
101	36	3.33791839	0.744174365
102	36	3.38024047	0.751542428
103	36	3.42257978	0.758910491
104	37	3.46493629	0.766278554
105	37	3.50730928	0.773646617
106	37	3.54969867	0.78101468
107	37	3.59210435	0.788382743
108	38	3.63452603	0.795750806
109	38	3.67696314	0.803118869
110	38	3.7194163	0.810486932
111	39	3.76188456	0.817854995
112	39	3.8043682	0.825223058
113	39	3.84686712	0.832591121
114	40	3.88938098	0.839959184
115	40	3.93190949	0.847327247
116	40	3.97445323	0.854695311
117	41	4	0.862063374
118	41	4.04256738	0.869431437
119	42	4.085149	0.8767995
120	42	4.12774504	0.884167563
121	42	4.17035474	0.891535626
122	43	4.21297858	0.898903689
123	43	4.25561586	0.906271752
124	43	4.29826703	0.913639815
125	44	4.34093168	0.921007878
126	44	4.38360945	0.928375941
127	44	4.42630041	0.935744004
128	45	4.46900431	0.943112067
129	45	4.51172076	0.95048013
130	45	4.55445052	0.957848193
131	46	4.59719232	0.965216256
132	46	4.63994682	0.972584319
133	46	4.68271281	0.979952382
134	47	4.72549144	0.987320445
135	47	4.76828126	0.994688508
136	47	4.81108273	1.00205657
137	48	4.85389566	1.00942463
138	48	4.89672033	1.0167927
139	48	4.93955572	1.02416076
140	49	4.98240226	1.03152882
141	49	5	1.03889689
142	49	5.0428622	1.04626495
143	50	5.08573479	1.05363301
144	50	5.12861754	1.06100108
145	50	5.17151046	1.06836914
146	51	5.21441296	1.0757372
147	51	5.25732548	1.08310526
148	51	5.30024774	1.09047333
149	52	5.3431793	1.09784139
150	52	5.38612053	1.10520945
151	52	5.42907095	1.11257752
152	53	5.47203061	1.11994558
153	53	5.51499869	1.12731364
154	53	5.55797599	1.13468171
155	54	5.60096159	1.14204977
156	54	5.64395593	1.14941783
157	54	5.68695873	1.15678589
158	55	5.72997004	1.16415396
159	55	5.7729889	1.17152202
160	55	5.8160164	1.17889008
161	55	5.85905149	1.18625815
162	56	5.90209458	1.19362621
163	57	5.94514517	1.20099427
164	57	5.9882039	1.20836234
165	57	6	1.2157304
166	58	6.0430682	1.22309846
167	58	6.08614364	1.23046652
168	58	6.12922644	1.23783459
169	59	6.17231596	1.24520265
170	59	6.21541254	1.25257071
171	59	6.2585164	1.25993878
172	60	6.30162697	1.26730684
173	60	6.34474433	1.2746749
174	60	6.38786849	1.28204297
175	61	6.43099949	1.28941103
176	61	6.47413721	1.29677909
177	61	6.51728111	1.30414715
178	62	6.56043176	1.31151522
179	62	6.60358868	1.31888328
180	62	6.64675233	1.32625134
181	62	6.6899219	1.33361941
182	63	6.73309796	1.34098747
183	63	6.77627977	1.34835553
184	63	6.81946799	1.3557236
185	64	6.8626623	1.36309166
186	64	6.90586263	1.37045972
187	64	6.94906886	1.37782779
188	65	6.99228137	1.38519585
189	65	7	1.39256391
190	65	7.04321954	1.39993197
191	66	7.08644489	1.40730004
192	66	7.12967606	1.4146681
193	66	7.17291228	1.42203616
194	67	7.2161546	1.42940423
195	67	7.2594023	1.43677229
196	67	7.30265616	1.44414035
197	68	7.34591518	1.45150842
198	68	7.38918048	1.45887648
199	68	7.43245089	1.46624454
200	69	7.47572761	1.4736126
201	70	7.51900924	1.48098067
202	70	7.56229675	1.48834873
203	70	7.60558963	1.49571679
204	71	7.64888839	1.50308486
205	71	7.69219276	1.51045292
206	71	7.73550256	1.51782098
207	72	7.77881791	1.52518905
208	72	7.82213893	1.53255711
209	72	7.86546537	1.53992517
210	73	7.90879761	1.54729323
211	73	7.9521349	1.5546613
212	73	7.99547798	1.56202936
213	74	8	1.56939742
214	74	8.0433497	1.57676549
215	74	8.08670547	1.58413355
216	75	8.13006644	1.59150161
217	75	8.17343193	1.59886968
218	75	8.21680302	1.60623774
219	76	8.26017925	1.6136058
220	76	8.30356134	1.62097386
221	76	8.34694895	1.62834193
222	77	8.39034226	1.63570999
223	77	8.43374093	1.64307805
224	78	8.47714539	1.65044612
225	78	8.52055487	1.65781418
226	78	8.5639704	1.66518224
227	79	8.60739122	1.67255031
228	79	8.65081785	1.67991837
229	79	8.69424964	1.68728643
230	80	8.73768731	1.69465449
231	80	8.78113017	1.70202256
232	80	8.82457907	1.70939062
233	81	8.8680333	1.71675868
234	81	8.91149337	1.72412675
235	81	8.95495867	1.73149481
236	82	8.99842964	1.73886287
237	82	9	1.74623094
238	83	9.04347699	1.753599
239	83	9.08696053	1.76096706
240	83	9.13044956	1.76833513
241	84	9.17394229	1.77570319
242	84	9.21744097	1.78307125
243	84	9.26094352	1.79043931
244	85	9.30445199	1.79780738
245	85	9.34796521	1.80517544
246	85	9.39148475	1.8125435
247	86	9.43500911	1.81991157
248	86	9.47853984	1.82727963
249	86	9.52207544	1.83464769
250	87	9.56561699	1.84201576
251	87	9.60916339	1.84938382
252	88	9.65271556	1.85675188
253	88	9.69627264	1.86411994
254	89	9.73983542	1.87148801
255	89	9.7834032	1.87885607
256	89	9.82697643	1.88622413
257	90	9.87055459	1.8935922
258	90	9.91413822	1.90096026
259	90	9.95772671	1.90832832
260	91	10	1.91569639
261	91	10.0435985	1.92306445
262	92	10.087202	1.93043251
263	92	10.1308103	1.93780057
264	92	10.1744236	1.94516864
265	92	10.2180416	1.9525367
266	93	10.2616644	1.95990476
267	93	10.3052917	1.96727283
268	93	10.348924	1.97464089
269	94	10.3925606	1.98200895
270	94	10.4362019	1.98937702
271	94	10.4798473	1.99674508
272	102	10.5234973	2.00411314
273	102	10.5671515	2.0114812
274	103	10.6108103	2.01884927
275	103	10.654473	2.02621733
276	104	10.69814	2.03358539
277	104	10.7418109	2.04095346
278	105	10.7854859	2.04832152
279	105	10.8291644	2.05568958
280	106	10.8728471	2.06305765
281	106	10.9165331	2.07042571
282	107	10.9602232	2.07779377
283	107	11	2.08516184
284	108	11.043697	2.0925299
285	108	11.0873967	2.09989796
286	109	11.1311003	2.10726602
287	109	11.1748064	2.11463409
288	110	11.218515	2.12200215
289	110	11.2622252	2.12937021
290	111	11.3059379	2.13673828
291	111	11.349652	2.14410634
292	112	11.3933688	2.1514744
293	112	11.437087	2.15884247
294	113	11.4808079	2.16621053
295	114	11.5245303	2.17357859
296	114	11.5682555	2.18094665
297	115	11.6119822	2.18831472
298	116	11.6557119	2.19568278
299	117	11.6994434	2.20305084
300	117	11.7431779	2.21041891
301	118	11.7869143	2.21778697
302	118	11.8306536	2.22515503
303	120	11.8743949	2.2325231
304	120	11.9181392	2.23989116
305	121	11.9618857	2.24725922
306	121	12	2.25462728
307	122	12.0437511	2.26199535
308	122	12.0875053	2.26936341
309	123	12.1312606	2.27673147
310	123	12.1750174	2.28409954
311	124	12.2187753	2.2914676
312	124	12.2625345	2.29883566
313	124	12.3062944	2.30620373
314	125	12.3500554	2.31357179
315	125	12.393817	2.32093985
316	126	12.4375798	2.32830791
317	126	12.4813432	2.33567598
318	127	12.5251074	2.34304404
319	127	12.568872	2.3504121
320	128	12.6126373	2.35778017
321	128	12.6564028	2.36514823
322	129	12.700169	2.37251629
323	129	12.7439352	2.37988436
324	129	12.7877022	2.38725242
325	130	12.8314691	2.39462048
326	130	12.8752364	2.40198855
327	131	12.9190036	2.40935661
328	144	12.9627712	2.41672467
329	144	13	2.42409273
330	145	13.0437677	2.4314608
331	146	13.0875349	2.43882886
332	146	13.1313023	2.44619692
333	147	13.1750693	2.45356499
334	147	13.2188364	2.46093305
335	148	13.2626032	2.46830111
336	149	13.3063701	2.47566918
337	149	13.3501365	2.48303724
338	150	13.3939029	2.4904053
339	150	13.4376686	2.49777336
340	152	13.4814345	2.50514143
341	152	13.5251997	2.51250949
342	153	13.568965	2.51987755
343	154	13.6127295	2.52724562
344	154	13.6564942	2.53461368
345	155	13.700258	2.54198174
346	155	13.744022	2.54934981
347	156	13.7877852	2.55671787
348	156	13.8315484	2.56408593
349	157	13.875311	2.57145399
350	158	13.9190736	2.57882206
351	158	13.9628355	2.58619012
352	159	14	2.59355818
353	160	14.0437614	2.60092625
354	161	14.0875229	2.60829431
355	161	14.1312838	2.61566237
356	162	14.1750449	2.62303044
357	162	14.2188053	2.6303985
358	163	14.262566	2.63776656
359	163	14.306326	2.64513462
360	164	14.3500864	2.65250269
361	165	14.3938463	2.65987075
362	165	14.4376065	2.66723881
363	166	14.4813663	2.67460688
364	166	14.5251264	2.68197494
365	167	14.5688863	2.689343
366	168	14.6126466	2.69671107
367	168	14.6564068	2.70407913
368	169	14.7001675	2.71144719
369	169	14.7439282	2.71881525
370	170	14.7876895	2.72618332
371	171	14.831451	2.73355138
372	171	14.8752131	2.74091944
373	172	14.9189754	2.74828751
374	172	14.9627386	2.75565557
375	173	15	2.76302363
376	173	15.0437643	2.7703917
377	174	15.087529	2.77775976
378	174	15.1312948	2.78512782
379	175	15.1750611	2.79249589
380	176	15.2188286	2.79986395
381	176	15.2625966	2.80723201
382	177	15.306366	2.81460007
383	177	15.3501361	2.82196814
384	178	15.3939076	2.8293362
385	178	15.4376799	2.83670426
386	179	15.481454	2.84407233
387	179	15.5252288	2.85144039
388	180	15.5690053	2.85880845
389	181	15.6127829	2.86617652
390	181	15.6565622	2.87354458
391	182	15.7003427	2.88091264
392	182	15.7441252	2.8882807
393	183	15.7879089	2.89564877
394	184	15.8316946	2.90301683
395	184	15.8754817	2.91038489
396	185	15.9192709	2.91775296
397	185	15.9630614	2.92512102
398	186	16	2.93248908
399	187	16.0437941	2.93985715
400	187	16.0875906	2.94722521
401	188	16.1313887	2.95459327
402	188	16.1751892	2.96196133
403	189	16.2189914	2.9693294
404	190	16.2627961	2.97669746
405	190	16.3066026	2.98406552
406	191	16.3504117	2.99143359
407	191	16.3942226	2.99880165
408	192	16.438036	3.00616971
409	192	16.4818515	3.01353778
410	193	16.5256696	3.02090584
411	193	16.5694897	3.0282739
412	194	16.6133125	3.03564196
413	195	16.6571376	3.04301003
414	195	16.7009652	3.05037809
415	196	16.7447949	3.05774615
416	196	16.7886273	3.06511422
417	197	16.832462	3.07248228
418	197	16.8762993	3.07985034
419	198	16.9201388	3.08721841
420	199	16.9639809	3.09458647
421	199	17	3.10195453
422	200	17.0438468	3.1093226
423	201	17.0876955	3.11669066
424	201	17.1315469	3.12405872
425	202	17.1754005	3.13142678
426	202	17.2192568	3.13879485
427	203	17.2631151	3.14616291
428	204	17.3069761	3.15353097
429	204	17.350839	3.16089904
430	205	17.3947045	3.1682671
431	205	17.438572	3.17563516
432	206	17.4824421	3.18300323
433	207	17.526314	3.19037129
434	208	17.5701884	3.19773935
435	209	17.6140645	3.20510741
436	210	17.6579431	3.21247548
437	211	17.7018233	3.21984354
438	211	17.7457058	3.2272116
439	212	17.78959	3.23457967
440	213	17.8334762	3.24194773
441	213	17.877364	3.24931579
442	214	17.921254	3.25668386
443	214	17.9651429	3.26405192
444	215	18	3.27141998
445	215	18.0438873	3.27878804
446	216	18.0877744	3.28615611
447	217	18.1316605	3.29352417
448	217	18.1755464	3.30089223
449	218	18.2194313	3.3082603
450	218	18.2633163	3.31562836
451	219	18.3072004	3.32299642
452	219	18.3510846	3.33036449
453	220	18.3949681	3.33773255
454	221	18.4388519	3.34510061
455	221	18.4827351	3.35246867
456	222	18.5266188	3.35983674
457	222	18.5705019	3.3672048
458	223	18.6143857	3.37457286
459	223	18.6582693	3.38194093
460	224	18.7021536	3.38930899
461	224	18.7460378	3.39667705
462	225	18.7899227	3.40404512
463	226	18.8338078	3.41141318
464	226	18.877694	3.41878124
465	227	18.9215804	3.42614931
466	227	18.9654679	3.43351737
467	228	19	3.44088543
468	229	19.0438891	3.44825349
469	229	19.0877789	3.45562156
470	230	19.13167	3.46298962
471	230	19.1755618	3.47035768
472	231	19.2194552	3.47772575
473	231	19.2633495	3.48509381
474	232	19.3072456	3.49246187
475	233	19.3511427	3.49982994
476	233	19.3950417	3.507198
477	234	19.4389419	3.51456606
478	234	19.4828442	3.52193412
479	235	19.5267463	3.52930219
480	236	19.5706477	3.53667025
481	236	19.6145475	3.54403831
482	237	19.6584464	3.55140638
483	237	19.7023435	3.55877444
484	238	19.7462397	3.5661425
485	238	19.7901342	3.57351057
486	239	19.8340274	3.58087863
487	240	19.8779189	3.58824669
488	240	19.921809	3.59561475
489	241	19.9656972	3.60298282
490	241	20	3.61035088
491	242	20.0438851	3.61771894
492	243	20.0877688	3.62508701
493	243	20.1316506	3.63245507
494	244	20.1755309	3.63982313
495	245	20.219409	3.6471912
496	245	20.2632856	3.65455926
497	246	20.30716	3.66192732
498	246	20.3510329	3.66929538
499	247	20.3949034	3.67666345
500	248	20.4387724	3.68403151
501	249	20.4826392	3.69139957
502	249	20.5265044	3.69876764
503	250	20.5703673	3.7061357
504	251	20.6142287	3.71350376
505	252	20.6580878	3.72087183
506	252	20.7019454	3.72823989
507	253	20.7458009	3.73560795
508	253	20.7896547	3.74297601
509	254	20.8335065	3.75034408
510	254	20.8773568	3.75771214
511	255	20.9212049	3.7650802
512	256	20.9650518	3.77244827
513	256	21	3.77981633
514	257	21.0438438	3.78718439
515	258	21.0876855	3.79455246
516	258	21.1315259	3.80192052
517	259	21.1753645	3.80928858
518	260	21.2192019	3.81665665
519	260	21.2630376	3.82402471
520	261	21.3068723	3.83139277
521	262	21.3507053	3.83876083
522	262	21.3945374	3.8461289
523	263	21.4383679	3.85349696
524	264	21.4821977	3.86086502
525	264	21.526026	3.86823309
526	265	21.5698536	3.87560115
527	266	21.61368	3.88296921
528	266	21.6575059	3.89033728
529	267	21.7013307	3.89770534
530	267	21.7451551	3.9050734
531	268	21.7889785	3.91244146
532	269	21.8328018	3.91980953
533	269	21.8766243	3.92717759
534	270	21.9204468	3.93454565
535	271	21.9642686	3.94191372
536	271	22	3.94928178
537	272	22.0438215	3.95664984
538	273	22.0876434	3.96401791
539	273	22.1314651	3.97138597
540	274	22.1752874	3.97875403
541	274	22.2191096	3.98612209
542	275	22.2629324	3.99349016
543	276	22.3067552	4.00085822
544	276	22.3505789	4.00822628
545	277	22.3944031	4.01559435
546	277	22.4382282	4.02296241
547	278	22.482054	4.03033047
548	279	22.525881	4.03769854
549	279	22.5697087	4.0450666
550	280	22.6135379	4.05243466
551	280	22.657368	4.05980272
552	281	22.7011996	4.06717079
553	282	22.7450324	4.07453885
554	282	22.788867	4.08190691
555	283	22.8327029	4.08927498
556	283	22.8765407	4.09664304
557	284	22.9203801	4.1040111
558	285	22.9642216	4.11137917
559	285	23	4.11874723
560	286	23.0438451	4.12611529
561	286	23.0876918	4.13348336
562	287	23.131541	4.14085142
563	288	23.175392	4.14821948
564	288	23.2192457	4.15558754
565	289	23.2631013	4.16295561
566	290	23.3069598	4.17032367
567	290	23.3508203	4.17769173
568	291	23.3946838	4.1850598
569	291	23.4385495	4.19242786
570	292	23.4824181	4.19979592
571	293	23.526289	4.20716399
572	293	23.5701629	4.21453205
573	294	23.6140393	4.22190011
574	294	23.6579189	4.22926817
575	295	23.7018008	4.23663624
576	296	23.745686	4.2440043
577	296	23.7895737	4.25137236
578	297	23.8334646	4.25874043
579	298	23.8773582	4.26610849
580	298	23.921255	4.27347655
581	299	23.9651545	4.28084462
582	299	24	4.28821268
583	300	24.0439047	4.29558074
584	301	24.0878129	4.3029488
585	301	24.1317236	4.31031687
586	302	24.1756374	4.31768493
587	303	24.2195539	4.32505299
588	303	24.2634736	4.33242106
589	304	24.3073959	4.33978912
590	305	24.3513211	4.34715718
591	305	24.3952488	4.35452525
592	306	24.4391796	4.36189331
593	306	24.4831128	4.36926137
594	307	24.5270491	4.37662943
595	308	24.5709843	4.3839975
596	308	24.614918	4.39136556
597	309	24.6588494	4.39873362
598	309	24.7027794	4.40610169
599	310	24.7467073	4.41346975
600	311	24.7906337	4.42083781
601	311	24.8345582	4.42820588
602	312	24.8784814	4.43557394
603	313	24.9224028	4.442942
604	313	24.9663231	4.45031007
605	314	25	4.45767813
606	315	25.0439179	4.46504619
607	315	25.0878344	4.47241425
608	316	25.13175	4.47978232
609	317	25.1756643	4.48715038
610	317	25.2195779	4.49451844
611	318	25.2634904	4.50188651
612	319	25.3074026	4.50925457
613	319	25.3513137	4.51662263
614	320	25.3952249	4.5239907
615	320	25.4391351	4.53135876
616	321	25.4830455	4.53872682
617	322	25.5269551	4.54609488
618	322	25.5708652	4.55346295
619	323	25.6147749	4.56083101
620	324	25.6586852	4.56819907
621	324	25.7025952	4.57556714
622	325	25.7465061	4.5829352
623	325	25.790417	4.59030326
624	326	25.834329	4.59767133
625	327	25.8782414	4.60503939
626	327	25.9221549	4.61240745
627	328	25.966069	4.61977551
628	329	26	4.62714358
629	329	26.043916	4.63451164
630	330	26.0878336	4.6418797
631	331	26.1317524	4.64924777
632	331	26.1756729	4.65661583
633	332	26.2195948	4.66398389
634	332	26.2635186	4.67135196
635	333	26.3074439	4.67872002
636	334	26.3513713	4.68608808
637	334	26.3953005	4.69345614
638	335	26.4392321	4.70082421
639	335	26.4831656	4.70819227
640	336	26.5271018	4.71556033
641	337	26.57104	4.7229284
642	337	26.614981	4.73029646
643	338	26.6589242	4.73766452
644	339	26.7028704	4.74503259
645	339	26.7468191	4.75240065
646	340	26.7907669	4.75976871
647	340	26.8347121	4.76713677
648	341	26.8786552	4.77450484
649	342	26.9225954	4.7818729
650	342	26.9665334	4.78924096
651	343	27	4.79660903
652	343	27.0439332	4.80397709
653	344	27.0878634	4.81134515
654	345	27.1317912	4.81871322
655	345	27.1757159	4.82608128
656	346	27.2196381	4.83344934
657	347	27.2635572	4.84081741
658	347	27.3074737	4.84818547
659	348	27.3513871	4.85555353
660	348	27.3952979	4.86292159
661	349	27.4392055	4.87028966
662	350	27.4831105	4.87765772
663	350	27.5270124	4.88502578
664	351	27.5709117	4.89239385
665	351	27.6148078	4.89976191
666	352	27.6587014	4.90712997
667	353	27.7025918	4.91449804
668	353	27.7464797	4.9218661
669	354	27.7903644	4.92923416
670	354	27.8342467	4.93660222
671	355	27.878126	4.94397029
672	356	27.9220029	4.95133835
673	356	27.9658769	4.95870641
674	357	28	4.96607448
675	358	28.0438692	4.97344254
676	358	28.0877364	4.9808106
677	359	28.1316008	4.98817867
678	359	28.1754632	4.99554673
679	360	28.2193229	5.00291479
680	361	28.2631807	5.01028285
681	361	28.307036	5.01765092
682	362	28.3508895	5.02501898
683	363	28.3947407	5.03238704
684	363	28.4385903	5.03975511
685	364	28.4824378	5.04712317
686	364	28.526284	5.05449123
687	365	28.5701283	5.0618593
688	366	28.6139713	5.06922736
689	366	28.6578127	5.07659542
690	367	28.7016532	5.08396348
691	368	28.7454922	5.09133155
692	368	28.7893306	5.09869961
693	369	28.8331677	5.10606767
694	369	28.8770044	5.11343574
695	370	28.9208402	5.1208038
696	371	28.9646758	5.12817186
697	371	29	5.13553993
698	372	29.0438349	5.14290799
699	373	29.0876694	5.15027605
700	373	29.1315041	5.15764412
701	374	29.1753387	5.16501218
702	375	29.2191738	5.17238024
703	375	29.263009	5.1797483
704	376	29.3068451	5.18711637
705	377	29.3506815	5.19448443
706	377	29.394519	5.20185249
707	378	29.4383573	5.20922056
708	378	29.4821969	5.21658862
709	379	29.5260374	5.22395668
710	380	29.5698796	5.23132475
711	380	29.6137229	5.23869281
712	381	29.6575682	5.24606087
713	381	29.7014148	5.25342893
714	382	29.7452638	5.260797
715	383	29.7891144	5.26816506
716	383	29.8329674	5.27553312
717	384	29.8768224	5.28290119
718	385	29.92068	5.29026925
719	385	29.9645399	5.29763731
720	386	30	5.30500538
721	387	30.0438646	5.31237344
722	387	30.0877324	5.3197415
723	388	30.1316028	5.32710956
724	388	30.1754766	5.33447763
725	389	30.2193531	5.34184569
726	390	30.2632332	5.34921375
727	390	30.3071163	5.35658182
728	391	30.3510031	5.36394988
729	392	30.394893	5.37131794
730	392	30.4387868	5.37868601
731	393	30.4826838	5.38605407
732	393	30.526585	5.39342213
733	394	30.5704895	5.40079019
734	395	30.6143983	5.40815826
735	395	30.6583105	5.41552632
736	396	30.702227	5.42289438
737	397	30.7461471	5.43026245
738	397	30.7900715	5.43763051
739	398	30.8339997	5.44499857
740	399	30.8779321	5.45236664
741	399	30.9218682	5.4597347
742	400	30.9658087	5.46710276
743	400	31	5.47447083
744	401	31.0439478	5.48183889
745	402	31.0878992	5.48920695
746	402	31.1318549	5.49657501
747	403	31.1758144	5.50394308
748	404	31.2197781	5.51131114
749	404	31.2637455	5.5186792
750	405	31.3077145	5.52604727
751	406	31.3516798	5.53341533
752	406	31.3956419	5.54078339
753	407	31.4396003	5.54815146
754	407	31.4835555	5.55551952
755	408	31.5275071	5.56288758
756	409	31.5714558	5.57025564
757	409	31.6154009	5.57762371
758	410	31.6593431	5.58499177
759	411	31.703282	5.59235983
760	411	31.7472183	5.5997279
761	412	31.7911513	5.60709596
762	412	31.835082	5.61446402
763	413	31.8790096	5.62183209
764	414	31.9229351	5.62920015
765	414	31.9668577	5.63656821
766	415	32	5.64393627
767	416	32.0439186	5.65130434
768	416	32.0878355	5.6586724
769	417	32.1317501	5.66604046
770	417	32.1756634	5.67340853
771	418	32.2195744	5.68077659
772	419	32.2634842	5.68814465
773	419	32.3073923	5.69551272
774	420	32.3512995	5.70288078
775	421	32.3952052	5.71024884
776	421	32.4391104	5.7176169
777	422	32.4830142	5.72498497
778	422	32.5269179	5.73235303
779	423	32.5708206	5.73972109
780	424	32.6147234	5.74708916
781	424	32.6586256	5.75445722
782	425	32.7025282	5.76182528
783	426	32.7464306	5.76919335
784	426	32.7903336	5.77656141
785	427	32.8342368	5.78392947
786	427	32.878141	5.79129753
787	428	32.9220457	5.7986656
788	429	32.9659516	5.80603366
789	429	33	5.81340172
790	430	33.0439083	5.82076979
791	431	33.0878176	5.82813785
792	431	33.1317289	5.83550591
793	432	33.1756414	5.84287398
794	432	33.2195564	5.85024204
795	433	33.2634731	5.8576101
796	434	33.3073925	5.86497817
797	434	33.3513139	5.87234623
798	435	33.3952382	5.87971429
799	435	33.4391649	5.88708235
800	436	33.483095	5.89445042
801	437	33.5270276	5.90181848
802	438	33.5709637	5.90918654
803	438	33.6149026	5.91655461
804	439	33.6588455	5.92392267
805	439	33.7027915	5.93129073
806	440	33.7467416	5.9386588
807	441	33.790695	5.94602686
808	441	33.8346527	5.95339492
809	442	33.8786141	5.96076298
810	443	33.9225799	5.96813105
811	443	33.9665496	5.97549911
812	444	34	5.98286717
813	445	34.0439703	5.99023524
814	445	34.0879366	5.9976033
815	446	34.1318982	6.00497136
816	446	34.1758557	6.01233943
817	447	34.2198083	6.01970749
818	448	34.2637567	6.02707555
819	448	34.3077001	6.03444361
820	449	34.3516392	6.04181168
821	449	34.3955732	6.04917974
822	450	34.4395028	6.0565478
823	451	34.4834275	6.06391587
824	451	34.5273476	6.07128393
825	452	34.5712628	6.07865199
826	453	34.6151735	6.08602006
827	453	34.6590793	6.09338812
828	454	34.7029806	6.10075618
829	455	34.746877	6.10812424
830	455	34.7907691	6.11549231
831	456	34.8346562	6.12286037
832	456	34.8785393	6.13022843
833	457	34.9224174	6.1375965
834	458	34.9662915	6.14496456
835	458	35	6.15233262
836	459	35.0438664	6.15970069
837	460	35.0877281	6.16706875
838	460	35.1315861	6.17443681
839	461	35.1754396	6.18180488
840	461	35.2192895	6.18917294
841	462	35.2631352	6.196541
842	463	35.3069775	6.20390906
843	463	35.3508159	6.21127713
844	464	35.3946511	6.21864519
845	464	35.4384825	6.22601325
846	465	35.4823111	6.23338132
847	466	35.5261362	6.24074938
848	466	35.5699588	6.24811744
849	467	35.6137781	6.25548551
850	468	35.6575951	6.26285357
851	468	35.7014093	6.27022163
852	469	35.7452217	6.27758969
853	469	35.7890316	6.28495776
854	470	35.83284	6.29232582
855	471	35.8766462	6.29969388
856	471	35.920451	6.30706195
857	472	35.9642541	6.31443001
858	473	36	6.32179807
859	473	36.0438011	6.32916614
860	474	36.0876017	6.3365342
861	475	36.1314013	6.34390226
862	475	36.1752007	6.35127032
863	476	36.2189996	6.35863839
864	477	36.2627987	6.36600645
865	477	36.3065977	6.37337451
866	478	36.3503972	6.38074258
867	479	36.394197	6.38811064
868	479	36.4379978	6.3954787
869	480	36.4817992	6.40284677
870	481	36.5256021	6.41021483
871	481	36.5694062	6.41758289
872	482	36.6132121	6.42495095
873	482	36.6570194	6.43231902
874	483	36.7008289	6.43968708
875	484	36.7446404	6.44705514
876	484	36.7884546	6.45442321
877	485	36.8322711	6.46179127
878	486	36.8760907	6.46915933
879	486	36.9199128	6.4765274
880	487	36.9637383	6.48389546
881	487	37	6.49126352
882	488	37.043832	6.49863159
883	489	37.0876672	6.50599965
884	489	37.1315067	6.51336771
885	490	37.1753497	6.52073577
886	491	37.2191972	6.52810384
887	491	37.2630488	6.5354719
888	492	37.3069051	6.54283996
889	493	37.3507657	6.55020803
890	493	37.3946314	6.55757609
891	494	37.4385017	6.56494415
892	495	37.4823773	6.57231222
893	495	37.5262576	6.57968028
894	496	37.5701436	6.58704834
895	496	37.6140345	6.5944164
896	497	37.6579313	6.60178447
897	498	37.7018332	6.60915253
898	498	37.7457412	6.61652059
899	499	37.7896543	6.62388866
900	500	37.8335736	6.63125672
901	500	37.8774983	6.63862478
902	501	37.9214294	6.64599285
903	502	37.9653659	6.65336091
904	502	38	6.66072897
905	503	38.0439471	6.66809703
906	504	38.0879004	6.6754651
907	504	38.1318594	6.68283316
908	505	38.1758245	6.69020122
909	505	38.219792	6.69756929
910	506	38.263754	6.70493735
911	507	38.3077096	6.71230541
912	507	38.3516597	6.71967348
913	508	38.3956034	6.72704154
914	508	38.4395419	6.7344096
915	509	38.4834742	6.74177766
916	510	38.5274012	6.74914573
917	510	38.5713223	6.75651379
918	511	38.6152385	6.76388185
919	512	38.6591488	6.77124992
920	512	38.7030543	6.77861798
921	513	38.7469542	6.78598604
922	514	38.7908496	6.79335411
923	514	38.8347397	6.80072217
924	515	38.8786256	6.80809023
925	515	38.9225066	6.81545829
926	516	38.9663837	6.82282636
927	517	39	6.83019442
928	517	39.0438697	6.83756248
929	518	39.0877349	6.84493055
930	519	39.1315968	6.85229861
931	519	39.1754549	6.85966667
932	520	39.2193099	6.86703474
933	521	39.2631614	6.8744028
934	521	39.3070105	6.88177086
935	522	39.3508562	6.88913893
936	522	39.3947	6.89650699
937	523	39.438541	6.90387505
938	524	39.4823806	6.91124311
939	524	39.5262178	6.91861118
940	525	39.5700539	6.92597924
941	526	39.6138881	6.9333473
942	526	39.6577217	6.94071537
943	527	39.701554	6.94808343
944	527	39.745386	6.95545149
945	528	39.7892173	6.96281956
946	529	39.8330488	6.97018762
947	529	39.8768801	6.97755568
948	530	39.920712	6.98492374
949	531	39.9645442	6.99229181
950	531	40	6.99965987
951	532	40.0438339	7.00702793
952	533	40.0876696	7.014396
953	533	40.1315065	7.02176406
954	534	40.1753456	7.02913212
955	535	40.2191866	7.03650019
956	535	40.2630301	7.04386825
957	536	40.3068761	7.05123631
958	536	40.3507252	7.05860437
959	537	40.3945771	7.06597244
960	538	40.4384326	7.0733405
961	538	40.4822915	7.08070856
962	539	40.5261546	7.08807663
963	540	40.5700213	7.09544469
964	540	40.6138928	7.10281275
965	541	40.6577683	7.11018082
966	542	40.701649	7.11754888
967	542	40.7455344	7.12491694
968	543	40.7894253	7.132285
969	544	40.8333212	7.13965307
970	544	40.877223	7.14702113
971	545	40.9211303	7.15438919
972	546	40.9650438	7.16175726
973	546	41	7.16912532
974	547	41.0439247	7.17649338
975	548	41.0878552	7.18386145
976	548	41.1317927	7.19122951
977	549	41.1757363	7.19859757
978	550	41.2196871	7.20596564
979	550	41.263632	7.2133337
980	551	41.3075697	7.22070176
981	552	41.3514997	7.22806982
982	552	41.3954222	7.23543789
983	553	41.4393368	7.24280595
984	553	41.483244	7.25017401
985	554	41.5271432	7.25754208
986	555	41.571035	7.26491014
987	555	41.6149187	7.2722782
988	556	41.658795	7.27964627
989	557	41.7026633	7.28701433
990	557	41.7465243	7.29438239
991	558	41.7903773	7.30175045
992	558	41.834223	7.30911852
993	559	41.8780609	7.31648658
994	560	41.9218917	7.32385464
995	560	41.9657148	7.33122271
996	561	42	7.33859077
997	562	42.0438101	7.34595883
998	562	42.0876135	7.3533269
999	563	42.1314098	7.36069496
1000	564	42.1751995	7.36806302
1001	564	42.2189823	7.37543108
1002	565	42.2627588	7.38279915
1003	566	42.3065285	7.39016721
1004	566	42.3502923	7.39753527
1005	567	42.3940498	7.40490334
1006	568	42.4378017	7.4122714
1007	568	42.4815476	7.41963946
1008	569	42.5252882	7.42700753
1009	569	42.5690234	7.43437559
1010	570	42.6127537	7.44174365
1011	571	42.6564789	7.44911171
1012	571	42.7001998	7.45647978
1013	572	42.743916	7.46384784
1014	573	42.7876284	7.4712159
1015	573	42.8313366	7.47858397
1016	574	42.8750414	7.48595203
1017	575	42.9187427	7.49332009
1018	575	42.9624411	7.50068816
1019	576	43	7.50805622
1020	577	43.0436934	7.51542428
1021	577	43.0873841	7.52279235
1022	578	43.1310732	7.53016041
1023	579	43.1747602	7.53752847
1024	579	43.2184463	7.54489653
1025	580	43.2621308	7.5522646
1026	581	43.3058151	7.55963266
1027	581	43.3494983	7.56700072
1028	582	43.3931819	7.57436879
1029	583	43.4368651	7.58173685
1030	583	43.4805492	7.58910491
1031	584	43.5242337	7.59647298
1032	584	43.5679196	7.60384104
1033	585	43.6116067	7.6112091
1034	586	43.6552959	7.61857716
1035	586	43.6989867	7.62594523
1036	587	43.7426803	7.63331329
1037	588	43.7863763	7.64068135
1038	588	43.8300756	7.64804942
1039	589	43.873778	7.65541748
1040	590	43.9174844	7.66278554
1041	590	43.9611945	7.67015361
1042	591	44	7.67752167
1043	592	44.0437183	7.68488973
1044	592	44.0874419	7.69225779
1045	593	44.1311703	7.69962586
1046	594	44.1749046	7.70699392
1047	594	44.2186442	7.71436198
1048	595	44.2623901	7.72173005
1049	596	44.306142	7.72909811
1050	596	44.3499006	7.73646617
1051	597	44.3936658	7.74383424
1052	597	44.4374382	7.7512023
1053	598	44.4812176	7.75857036
1054	599	44.5250047	7.76593842
1055	599	44.5687991	7.77330649
1056	600	44.6126016	7.78067455
1057	601	44.6564119	7.78804261
1058	601	44.7002307	7.79541068
1059	602	44.7440575	7.80277874
1060	602	44.787893	7.8101468
1061	603	44.8317368	7.81751487
1062	604	44.8755896	7.82488293
1063	604	44.9194508	7.83225099
1064	605	44.9633214	7.83961905
1065	606	45	7.84698712
1066	606	45.0438872	7.85435518
1067	607	45.087783	7.86172324
1068	608	45.1316882	7.86909131
1069	608	45.1755945	7.87645937
1070	609	45.2194912	7.88382743
1071	609	45.2633776	7.8911955
1072	610	45.3072545	7.89856356
1073	611	45.351121	7.90593162
1074	611	45.3949782	7.91329969
1075	612	45.4388254	7.92066775
1076	613	45.4826634	7.92803581
1077	613	45.5264917	7.93540387
1078	614	45.570311	7.94277194
1079	615	45.6141211	7.95014
1080	615	45.6579226	7.95750806
1081	616	45.7017148	7.96487613
1082	616	45.7454988	7.97224419
1083	617	45.7892741	7.97961225
1084	618	45.8330416	7.98698032
1085	618	45.8768012	7.99434838
1086	619	45.9205534	8.00171644
1087	620	45.9642976	8.0090845
1088	620	46	8.01645257
1089	621	46.043731	8.02382063
1090	622	46.0874557	8.03118869
1091	622	46.1311736	8.03855676
1092	623	46.1748855	8.04592482
1093	624	46.2185912	8.05329288
1094	624	46.2622915	8.06066095
1095	625	46.305986	8.06802901
1096	626	46.3496757	8.07539707
1097	626	46.3933604	8.08276513
1098	627	46.4370411	8.0901332
1099	627	46.4807171	8.09750126
1100	628	46.5243898	8.10486932
1101	629	46.5680589	8.11223739
1102	630	46.6117253	8.11960545
1103	630	46.6553886	8.12697351
1104	631	46.6990501	8.13434158
1105	631	46.7427093	8.14170964
1106	632	46.7863673	8.1490777
1107	633	46.8300239	8.15644576
1108	633	46.8736802	8.16381383
1109	634	46.9173357	8.17118189
1110	635	46.9609918	8.17854995
1111	635	47	8.18591802
1112	636	47.0436574	8.19328608
1113	637	47.0873156	8.20065414
1114	637	47.1309761	8.20802221
1115	638	47.1746382	8.21539027
1116	639	47.2183032	8.22275833
1117	639	47.2619709	8.2301264
1118	640	47.3056424	8.23749446
1119	641	47.3493173	8.24486252
1120	641	47.3929969	8.25223058
1121	642	47.4366807	8.25959865
1122	643	47.4803701	8.26696671
1123	643	47.5240644	8.27433477
1124	644	47.5677651	8.28170284
1125	645	47.6114714	8.2890709
1126	645	47.6551848	8.29643896
1127	646	47.6989049	8.30380703
1128	646	47.7426328	8.31117509
1129	647	47.7863679	8.31854315
1130	648	47.8301114	8.32591121
1131	648	47.873863	8.33327928
1132	649	47.9176237	8.34064734
1133	650	47.9613929	8.3480154
1134	650	48	8.35538347
1135	651	48.0437868	8.36275153
1136	652	48.0875839	8.37011959
1137	652	48.1313904	8.37748766
1138	653	48.1752076	8.38485572
1139	654	48.2190349	8.39222378
1140	654	48.2628732	8.39959184
1141	655	48.3067218	8.40695991
1142	655	48.35056	8.41432797
1143	656	48.3943849	8.42169603
1144	657	48.4381969	8.4290641
1145	657	48.4819957	8.43643216
1146	658	48.5257816	8.44380022
1147	659	48.5695541	8.45116829
1148	659	48.6133137	8.45853635
1149	660	48.6570599	8.46590441
1150	660	48.7007932	8.47327247
1151	661	48.7445132	8.48064054
1152	662	48.7882205	8.4880086
1153	662	48.8319145	8.49537666
1154	663	48.8755961	8.50274473
1155	664	48.9192644	8.51011279
1156	664	48.9629207	8.51748085
1157	665	49	8.52484892
1158	666	49.0436337	8.53221698
1159	666	49.0872551	8.53958504
1160	667	49.1308653	8.54695311
1161	667	49.1744637	8.55432117
1162	668	49.2180514	8.56168923
1163	669	49.2616277	8.56905729
1164	669	49.3051937	8.57642536
1165	670	49.3487491	8.58379342
1166	670	49.3922951	8.59116148
1167	671	49.4358311	8.59852955
1168	672	49.4793581	8.60589761
1169	672	49.522876	8.61326567
1170	673	49.5663856	8.62063374
1171	674	49.6098869	8.6280018
1172	674	49.6533806	8.63536986
1173	675	49.6968668	8.64273792
1174	676	49.7403463	8.65010599
1175	676	49.783819	8.65747405
1176	677	49.827286	8.66484211
1177	678	49.8707465	8.67221018
1178	678	49.9142021	8.67957824
1179	679	49.9576523	8.6869463
1180	680	50	8.69431437
1181	680	50.0434416	8.70168243
1182	681	50.0868797	8.70905049
1183	682	50.1303144	8.71641855
1184	682	50.1737465	8.72378662
1185	683	50.2171761	8.73115468
1186	684	50.2606041	8.73852274
1187	684	50.3040306	8.74589081
1188	685	50.3474566	8.75325887
1189	685	50.3908821	8.76062693
1190	686	50.434308	8.767995
1191	687	50.4777346	8.77536306
1192	687	50.5211631	8.78273112
1193	688	50.5645931	8.79009918
1194	689	50.6080258	8.79746725
1195	689	50.6514612	8.80483531
1196	690	50.6949005	8.81220337
1197	691	50.7383438	8.81957144
1198	691	50.7817921	8.8269395
1199	692	50.8252453	8.83430756
1200	693	50.8687046	8.84167563
1201	693	50.9121698	8.84904369
1202	694	50.9556422	8.85641175
1203	695	50.9991215	8.86377981
1204	695	51	8.87114788
1205	696	51.0434856	8.87851594
1206	697	51.0869883	8.885884
1207	698	51.130514	8.89325207
1208	698	51.1740433	8.90062013
1209	699	51.2175849	8.90798819
1210	700	51.2611299	8.91535626
1211	700	51.3046833	8.92272432
1212	701	51.3482461	8.93009238
1213	702	51.3918176	8.93746045
1214	702	51.4354006	8.94482851
1215	703	51.4789941	8.95219657
1216	704	51.5226	8.95956463
1217	704	51.5662177	8.9669327
1218	705	51.6098485	8.97430076
1219	706	51.6534921	8.98166882
1220	706	51.6971493	8.98903689
1221	707	51.7408201	8.99640495
1222	708	51.7845051	9.00377301
1223	708	51.8282039	9.01114108
1224	709	51.8719174	9.01850914
1225	709	51.9156453	9.0258772
1226	710	51.959388	9.03324526
1227	711	52	9.04061333
1228	711	52.0437122	9.04798139
1229	712	52.0874072	9.05534945
1230	713	52.1310846	9.06271752
1231	713	52.174745	9.07008558
1232	714	52.2183883	9.07745364
1233	715	52.2620151	9.08482171
1234	715	52.3056251	9.09218977
1235	716	52.3492189	9.09955783
1236	716	52.3927964	9.10692589
1237	717	52.4363585	9.11429396
1238	718	52.4799048	9.12166202
1239	718	52.5234365	9.12903008
1240	719	52.5669523	9.13639815
1241	720	52.6104535	9.14376621
1242	720	52.6539406	9.15113427
1243	721	52.6974141	9.15850234
1244	722	52.7408741	9.1658704
1245	722	52.7843216	9.17323846
1246	723	52.827756	9.18060652
1247	723	52.871179	9.18797459
1248	724	52.9145902	9.19534265
1249	725	52.9579912	9.20271071
1250	725	53	9.21007878
1251	726	53.0433813	9.21744684
1252	727	53.0867528	9.2248149
1253	728	53.1301157	9.23218297
1254	728	53.1734702	9.23955103
1255	729	53.2168172	9.24691909
1256	729	53.2601569	9.25428716
1257	730	53.3034906	9.26165522
1258	731	53.3468175	9.26902328
1259	731	53.3901394	9.27639134
1260	732	53.4334561	9.28375941
1261	733	53.476769	9.29112747
1262	733	53.5200775	9.29849553
1263	734	53.5633833	9.3058636
1264	735	53.6066863	9.31323166
1265	735	53.6499881	9.32059972
1266	736	53.6932885	9.32796779
1267	737	53.736589	9.33533585
1268	737	53.7798896	9.34270391
1269	738	53.8231921	9.35007197
1270	739	53.8664959	9.35744004
1271	739	53.9098028	9.3648081
1272	740	53.9531126	9.37217616
1273	741	53.9964265	9.37954423
1274	741	54	9.38691229
1275	742	54.0433199	9.39428035
1276	743	54.0866426	9.40164842
1277	744	54.1299726	9.40901648
1278	744	54.1733104	9.41638454
1279	745	54.2166558	9.4237526
1280	746	54.2600086	9.43112067
1281	746	54.3033713	9.43848873
1282	747	54.3467433	9.44585679
1283	748	54.3901267	9.45322486
1284	748	54.4335204	9.46059292
1285	749	54.4769264	9.46796098
1286	750	54.5203442	9.47532905
1287	750	54.5637758	9.48269711
1288	751	54.6072201	9.49006517
1289	751	54.6506789	9.49743323
1290	752	54.6941516	9.5048013
1291	753	54.7376401	9.51216936
1292	753	54.781144	9.51953742
1293	754	54.8246644	9.52690549
1294	755	54.8682004	9.53427355
1295	755	54.9117538	9.54164161
1296	756	54.9553232	9.54900968
1297	757	54.9989108	9.55637774
1298	757	55	9.5637458
1299	758	55.0436069	9.57111387
1300	759	55.0871959	9.57848193
1301	760	55.1307714	9.58584999
1302	761	55.1743219	9.59321805
1303	761	55.2178653	9.60058612
1304	762	55.2613819	9.60795418
1305	763	55.3048886	9.61532224
1306	763	55.3483659	9.62269031
1307	764	55.391822	9.63005837
1308	765	55.4352557	9.63742643
1309	765	55.4786689	9.6447945
1310	766	55.5220598	9.65216256
1311	766	55.5654296	9.65953062
1312	767	55.6087783	9.66689868
1313	768	55.652107	9.67426675
1314	768	55.6954152	9.68163481
1315	769	55.7387036	9.68900287
1316	770	55.7819723	9.69637094
1317	770	55.8252228	9.703739
1318	771	55.8684544	9.71110706
1319	772	55.911669	9.71847513
1320	772	55.9548659	9.72584319
1321	773	55.9980463	9.73321125
1322	774	56	9.74057931
1323	775	56.0431632	9.74794738
1324	775	56.0862993	9.75531544
1325	776	56.1294299	9.7626835
1326	777	56.1725407	9.77005157
1327	777	56.2156501	9.77741963
1328	778	56.2587401	9.78478769
1329	779	56.3018192	9.79215576
1330	779	56.3448871	9.79952382
1331	780	56.387953	9.80689188
1332	781	56.430999	9.81425994
1333	781	56.474037	9.82162801
1334	782	56.5170664	9.82899607
1335	783	56.5600886	9.83636413
1336	783	56.6031031	9.8437322
1337	784	56.6461112	9.85110026
1338	785	56.6891128	9.85846832
1339	785	56.73211	9.86583639
1340	786	56.7751028	9.87320445
1341	787	56.8180929	9.88057251
1342	787	56.8610804	9.88794057
1343	788	56.904067	9.89530864
1344	789	56.947053	9.9026767
1345	789	56.9900398	9.91004476
1346	790	57	9.91741283
1347	791	57.0429879	9.92478089
1348	791	57.0859761	9.93214895
1349	792	57.128976	9.93951702
1350	793	57.171971	9.94688508
1351	793	57.2149733	9.95425314
1352	794	57.2579824	9.96162121
1353	795	57.3009993	9.96898927
1354	795	57.3440241	9.97635733
1355	796	57.3870584	9.98372539
1356	797	57.4301026	9.99109346
1357	797	57.4731579	9.99846152
1358	798	57.5162247	10.0058296
1359	799	57.5593043	10.0131976
1360	799	57.6023973	10.0205657
1361	800	57.6455046	10.0279338
1362	800	57.6886267	10.0353018
1363	801	57.7317646	10.0426699
1364	802	57.7749187	10.050038
1365	802	57.8180903	10.057406
1366	803	57.8612794	10.0647741
1367	804	57.9044869	10.0721422
1368	804	57.9477132	10.0795102
1369	805	57.990959	10.0868783
1370	806	58	10.0942463
1371	807	58.0432699	10.1016144
1372	807	58.0865591	10.1089825
1373	808	58.1298774	10.1163505
1374	809	58.1732077	10.1237186
1375	809	58.2165621	10.1310867
1376	810	58.2599392	10.1384547
1377	811	58.3033475	10.1458228
1378	811	58.3467692	10.1531908
1379	812	58.3902155	10.1605589
1380	812	58.4336659	10.167927
1381	813	58.4770893	10.175295
1382	814	58.5204851	10.1826631
1383	814	58.5638545	10.1900312
1384	815	58.6071964	10.1973992
1385	816	58.6505126	10.2047673
1386	816	58.6938019	10.2121353
1387	817	58.7370662	10.2195034
1388	818	58.7803046	10.2268715
1389	818	58.8235192	10.2342395
1390	819	58.8667078	10.2416076
1391	819	58.909873	10.2489757
1392	820	58.953015	10.2563437
1393	821	58.9961349	10.2637118
1394	822	59	10.2710799
1395	822	59.0430973	10.2784479
1396	823	59.0861705	10.285816
1397	824	59.1292237	10.293184
1398	824	59.1722565	10.3005521
1399	825	59.2152712	10.3079202
1400	826	59.2582676	10.3152882
1401	827	59.3012478	10.3226563
1402	827	59.3442114	10.3300244
1403	828	59.3871608	10.3373924
1404	829	59.4300939	10.3447605
1405	829	59.4730134	10.3521285
1406	830	59.5159192	10.3594966
1407	831	59.5588135	10.3668647
1408	831	59.6016959	10.3742327
1409	832	59.6445683	10.3816008
1410	833	59.6874307	10.3889689
1411	833	59.7302844	10.3963369
1412	834	59.7731297	10.403705
1413	835	59.815969	10.411073
1414	835	59.8588026	10.4184411
1415	836	59.9016325	10.4258092
1416	837	59.9444586	10.4331772
1417	837	59.9872832	10.4405453
1418	838	60	10.4479134
1419	839	60.0428245	10.4552814
1420	839	60.0856489	10.4626495
1421	840	60.1284756	10.4700176
1422	841	60.171304	10.4773856
1423	841	60.2141366	10.4847537
1424	842	60.256974	10.4921217
1425	843	60.2998187	10.4994898
1426	843	60.3426705	10.5068579
1427	844	60.3855314	10.5142259
1428	845	60.4284017	10.521594
1429	845	60.4712834	10.5289621
1430	846	60.5141768	10.5363301
1431	847	60.5570842	10.5436982
1432	847	60.6000053	10.5510662
1433	848	60.6429418	10.5584343
1434	848	60.6858941	10.5658024
1435	849	60.7288644	10.5731704
1436	850	60.7718525	10.5805385
1437	850	60.8148601	10.5879066
1438	851	60.8578871	10.5952746
1439	852	60.9009356	10.6026427
1440	852	60.944005	10.6100108
1441	853	60.9870969	10.6173788
1442	854	61	10.6247469
1443	854	61.0431223	10.6321149
1444	855	61.086268	10.639483
1445	856	61.1294389	10.6468511
1446	856	61.1726342	10.6542191
1447	857	61.215856	10.6615872
1448	858	61.2591038	10.6689553
1449	858	61.3023786	10.6763233
1450	859	61.3456805	10.6836914
1451	860	61.389003	10.6910594
1452	860	61.4322935	10.6984275
1453	861	61.4755522	10.7057956
1454	862	61.5187784	10.7131636
1455	862	61.5619734	10.7205317
1456	863	61.6051361	10.7278998
1457	864	61.6482678	10.7352678
1458	864	61.6913686	10.7426359
1459	865	61.7344389	10.7500039
1460	865	61.7774785	10.757372
1461	866	61.8204889	10.7647401
1462	867	61.8634699	10.7721081
1463	867	61.9064232	10.7794762
1464	868	61.9493484	10.7868443
1465	869	61.9922465	10.7942123
1466	869	62	10.8015804
1467	870	62.0428667	10.8089485
1468	871	62.085706	10.8163165
1469	872	62.1285279	10.8236846
1470	872	62.1713164	10.8310526
1471	873	62.214085	10.8384207
1472	874	62.2568327	10.8457888
1473	874	62.2995604	10.8531568
1474	875	62.3422683	10.8605249
1475	876	62.3849582	10.867893
1476	876	62.4276295	10.875261
1477	877	62.4702829	10.8826291
1478	878	62.5129196	10.8899971
1479	878	62.5555418	10.8973652
1480	879	62.5981498	10.9047333
1481	880	62.640745	10.9121013
1482	880	62.6833282	10.9194694
1483	881	62.7259012	10.9268375
1484	882	62.7684646	10.9342055
1485	882	62.8110192	10.9415736
1486	883	62.8535665	10.9489417
1487	883	62.8961086	10.9563097
1488	884	62.9386463	10.9636778
1489	885	62.9811814	10.9710458
1490	885	63	10.9784139
1491	886	63.042533	10.985782
1492	887	63.085066	10.99315
1493	888	63.1276089	11.0005181
1494	888	63.1701457	11.0078862
1495	889	63.2126886	11.0152542
1496	889	63.2552373	11.0226223
1497	890	63.2977934	11.0299903
1498	891	63.3403579	11.0373584
1499	891	63.3829326	11.0447265
1500	892	63.4255184	11.0520945
1501	893	63.4681173	11.0594626
1502	894	63.5107296	11.0668307
1503	894	63.553357	11.0741987
1504	895	63.5960003	11.0815668
1505	896	63.6386615	11.0889348
1506	896	63.6813411	11.0963029
1507	897	63.7240406	11.103671
1508	898	63.7667608	11.111039
1509	898	63.809503	11.1184071
1510	899	63.8522681	11.1257752
1511	900	63.8950573	11.1331432
1512	900	63.9378714	11.1405113
1513	901	63.980711	11.1478794
1514	902	64	11.1552474
1515	902	64.042878	11.1626155
1516	903	64.0857835	11.1699835
1517	904	64.1287258	11.1773516
1518	904	64.1716879	11.1847197
1519	905	64.2146813	11.1920877
1520	906	64.2577055	11.1994558
1521	906	64.3007612	11.2068239
1522	907	64.3438481	11.2141919
1523	908	64.3869669	11.22156
1524	908	64.4301177	11.228928
1525	909	64.473301	11.2362961
1526	910	64.5165024	11.2436642
1527	910	64.5596685	11.2510322
1528	911	64.6027986	11.2584003
1529	912	64.6458945	11.2657684
1530	912	64.688955	11.2731364
1531	913	64.7319816	11.2805045
1532	914	64.7749744	11.2878725
1533	914	64.8179343	11.2952406
1534	915	64.8608609	11.3026087
1535	916	64.9037568	11.3099767
1536	916	64.9466217	11.3173448
1537	917	64.9894565	11.3247129
1538	918	65	11.3320809
1539	918	65.0427991	11.339449
1540	919	65.0855689	11.3468171
1541	920	65.1283126	11.3541851
1542	920	65.1710299	11.3615532
1543	921	65.2137221	11.3689212
1544	922	65.2563897	11.3762893
1545	922	65.2990354	11.3836574
1546	923	65.3416587	11.3910254
1547	924	65.3842617	11.3983935
1548	924	65.4268444	11.4057616
1549	925	65.4694089	11.4131296
1550	926	65.5119547	11.4204977
1551	926	65.5544844	11.4278657
1552	927	65.5969988	11.4352338
1553	928	65.6395002	11.4426019
1554	928	65.6819892	11.4499699
1555	929	65.7244679	11.457338
1556	930	65.766937	11.4647061
1557	930	65.8093988	11.4720741
1558	931	65.8518531	11.4794422
1559	931	65.8943026	11.4868103
1560	932	65.9367484	11.4941783
1561	933	65.979193	11.5015464
1562	933	66	11.5089144
1563	934	66.0424451	11.5162825
1564	935	66.0848917	11.5236506
1565	936	66.1273432	11.5310186
1566	936	66.1697993	11.5383867
1567	937	66.2122626	11.5457548
1568	938	66.2547336	11.5531228
1569	938	66.297214	11.5604909
1570	939	66.339705	11.5678589
1571	940	66.382209	11.575227
1572	940	66.424727	11.5825951
1573	941	66.4672602	11.5899631
1574	942	66.50981	11.5973312
1575	942	66.5523787	11.6046993
1576	943	66.5949664	11.6120673
1577	944	66.6375754	11.6194354
1578	944	66.6802064	11.6268034
1579	945	66.7228609	11.6341715
1580	946	66.7655398	11.6415396
1581	946	66.8082448	11.6489076
1582	947	66.8509763	11.6562757
1583	948	66.8937362	11.6636438
1584	948	66.9365246	11.6710118
1585	949	66.9793429	11.6783799
1586	950	67	11.685748
1587	950	67.042864	11.693116
1588	951	67.0857597	11.7004841
1589	952	67.1286887	11.7078521
1590	952	67.1716502	11.7152202
1591	953	67.2146464	11.7225883
1592	954	67.2576768	11.7299563
1593	954	67.300743	11.7373244
1594	955	67.3438445	11.7446925
1595	956	67.3869636	11.7520605
1596	956	67.430044	11.7594286
1597	957	67.4730858	11.7667966
1598	958	67.5160891	11.7741647
1599	958	67.5590541	11.7815328
1600	959	67.6019815	11.7889008
1601	960	67.6448719	11.7962689
1602	960	67.6877245	11.803637
1603	961	67.7305414	11.811005
1604	962	67.7733232	11.8183731
1605	962	67.8160702	11.8257411
1606	963	67.8587827	11.8331092
1607	964	67.9014626	11.8404773
1608	964	67.9441096	11.8478453
1609	965	67.9867252	11.8552134
1610	966	68	11.8625815
1611	966	68.0425761	11.8699495
1612	967	68.0851224	11.8773176
1613	968	68.1276491	11.8846857
1614	968	68.1701398	11.8920537
1615	969	68.2126061	11.8994218
1616	970	68.2550482	11.9067898
1617	970	68.2974678	11.9141579
1618	971	68.3398651	11.921526
1619	972	68.3822419	11.928894
1620	972	68.4245986	11.9362621
1621	973	68.4669364	11.9436302
1622	974	68.5092567	11.9509982
1623	974	68.5515619	11.9583663
1624	975	68.5938533	11.9657343
1625	976	68.6361325	11.9731024
1626	976	68.6784006	11.9804705
1627	977	68.72066	11.9878385
1628	978	68.7629115	11.9952066
1629	978	68.8051564	12.0025747
1630	979	68.8473966	12.0099427
1631	980	68.8896341	12.0173108
1632	980	68.9318707	12.0246789
1633	981	68.9741082	12.0320469
1634	982	69	12.039415
1635	982	69.0422422	12.046783
1636	983	69.0844889	12.0541511
1637	984	69.1267431	12.0615192
1638	984	69.1690056	12.0688872
1639	985	69.2112783	12.0762553
1640	986	69.2535617	12.0836234
1641	986	69.2958581	12.0909914
1642	987	69.3381692	12.0983595
1643	988	69.380497	12.1057275
1644	988	69.4228422	12.1130956
1645	989	69.4652071	12.1204637
1646	990	69.5075922	12.1278317
1647	990	69.5499999	12.1351998
1648	991	69.5924308	12.1425679
1649	992	69.6348871	12.1499359
1650	992	69.6773687	12.157304
1651	993	69.719878	12.164672
1652	994	69.7624159	12.1720401
1653	994	69.8049838	12.1794082
1654	995	69.8475823	12.1867762
1655	996	69.8902126	12.1941443
1656	996	69.9328751	12.2015124
1657	997	69.9755714	12.2088804
1658	998	70	12.2162485
1659	998	70.0427506	12.2236166
1660	999	70.0855369	12.2309846
1661	1000	70.1283675	12.2383527
1662	1000	70.1712257	12.2457207
1663	1001	70.214123	12.2530888
1664	1002	70.2570586	12.2604569
1665	1002	70.3000333	12.2678249
1666	1003	70.3430471	12.275193
1667	1004	70.3861003	12.2825611
1668	1004	70.4291435	12.2899291
1669	1005	70.4721468	12.2972972
1670	1006	70.5151093	12.3046652
1671	1006	70.558032	12.3120333
1672	1007	70.6009154	12.3194014
1673	1008	70.6437602	12.3267694
1674	1008	70.6865666	12.3341375
1675	1009	70.7293366	12.3415056
1676	1010	70.7720697	12.3488736
1677	1010	70.814767	12.3562417
1678	1011	70.8574301	12.3636098
1679	1012	70.9000603	12.3709778
1680	1012	70.9426578	12.3783459
1681	1013	70.9852239	12.3857139
1682	1014	71	12.393082
1683	1015	71.0425263	12.4004501
1684	1015	71.0850236	12.4078181
1685	1016	71.127493	12.4151862
1686	1017	71.1699347	12.4225543
1687	1017	71.2123517	12.4299223
1688	1018	71.2547448	12.4372904
1689	1019	71.2971162	12.4446584
1690	1019	71.3394663	12.4520265
1691	1020	71.381797	12.4593946
1692	1021	71.4241083	12.4667626
1693	1021	71.4664032	12.4741307
1694	1022	71.5086828	12.4814988
1695	1022	71.5509498	12.4888668
1696	1023	71.5932051	12.4962349
1697	1024	71.635451	12.5036029
1698	1024	71.6776889	12.510971
1699	1025	71.7199208	12.5183391
1700	1026	71.7621466	12.5257071
1701	1027	71.8043697	12.5330752
1702	1027	71.8465914	12.5404433
1703	1028	71.8888144	12.5478113
1704	1028	71.9310396	12.5551794
1705	1029	71.9732696	12.5625475
1706	1030	72	12.5699155
1707	1031	72.0422411	12.5772836
1708	1031	72.084491	12.5846516
1709	1032	72.1267519	12.5920197
1710	1033	72.169024	12.5993878
1711	1033	72.21131	12.6067558
1712	1034	72.2536113	12.6141239
1713	1035	72.2959302	12.621492
1714	1035	72.3382677	12.62886
1715	1036	72.380626	12.6362281
1716	1037	72.4230061	12.6435961
1717	1037	72.4654099	12.6509642
1718	1038	72.5078385	12.6583323
1719	1039	72.5502938	12.6657003
1720	1039	72.5927763	12.6730684
1721	1040	72.6352884	12.6804365
1722	1041	72.6778304	12.6878045
1723	1041	72.7204045	12.6951726
1724	1042	72.7630106	12.7025406
1725	1043	72.8056509	12.7099087
1726	1043	72.8483253	12.7172768
1727	1044	72.891036	12.7246448
1728	1045	72.9337828	12.7320129
1729	1045	72.9765676	12.739381
1730	1046	73	12.746749
1731	1047	73.0428445	12.7541171
1732	1048	73.0857282	12.7614852
1733	1048	73.1286522	12.7688532
1734	1049	73.1716161	12.7762213
1735	1050	73.2146218	12.7835893
1736	1050	73.2576297	12.7909574
1737	1051	73.3005948	12.7983255
1738	1052	73.3435171	12.8056935
1739	1052	73.3863974	12.8130616
1740	1053	73.4292352	12.8204297
1741	1054	73.4720317	12.8277977
1742	1054	73.5147875	12.8351658
1743	1055	73.5575037	12.8425338
1744	1056	73.60018	12.8499019
1745	1056	73.6428182	12.85727
1746	1057	73.6854182	12.864638
1747	1058	73.727981	12.8720061
1748	1058	73.7705085	12.8793742
1749	1059	73.8130014	12.8867422
1750	1060	73.8554605	12.8941103
1751	1060	73.8978866	12.9014784
1752	1061	73.9402818	12.9088464
1753	1062	73.9826476	12.9162145
1754	1062	74	12.9235825
1755	1063	74.0423239	12.9309506
1756	1064	74.0846189	12.9383187
1757	1064	74.1268881	12.9456867
1758	1065	74.169133	12.9530548
1759	1066	74.2113553	12.9604229
1760	1066	74.2535561	12.9677909
1761	1067	74.2957374	12.975159
1762	1068	74.3379	12.982527
1763	1068	74.380045	12.9898951
1764	1069	74.4221746	12.9972632
1765	1070	74.4642908	13.0046312
1766	1070	74.5063954	13.0119993
1767	1071	74.5484905	13.0193674
1768	1072	74.5905776	13.0267354
1769	1072	74.6326585	13.0341035
1770	1073	74.6747337	13.0414715
1771	1074	74.7168064	13.0488396
1772	1074	74.758878	13.0562077
1773	1075	74.800951	13.0635757
1774	1076	74.8430268	13.0709438
1775	1076	74.8851078	13.0783119
1776	1077	74.9271954	13.0856799
1777	1078	74.9692916	13.093048
1778	1078	75	13.1004161
1779	1079	75.042115	13.1077841
1780	1080	75.0842423	13.1151522
1781	1081	75.1263845	13.1225202
1782	1081	75.1685433	13.1298883
1783	1082	75.2107208	13.1372564
1784	1083	75.2529186	13.1446244
1785	1083	75.295138	13.1519925
1786	1084	75.3373805	13.1593606
1787	1085	75.3796481	13.1667286
1788	1085	75.421942	13.1740967
1789	1086	75.4642637	13.1814647
1790	1087	75.5066144	13.1888328
1791	1087	75.5489958	13.1962009
1792	1088	75.5914088	13.2035689
1793	1089	75.6338556	13.210937
1794	1089	75.6763361	13.2183051
1795	1090	75.7188523	13.2256731
1796	1091	75.7614047	13.2330412
1797	1091	75.8039946	13.2404092
1798	1092	75.8466221	13.2477773
1799	1093	75.8892891	13.2551454
1800	1093	75.931996	13.2625134
1801	1094	75.9747434	13.2698815
1802	1095	76	13.2772496
1803	1095	76.0428132	13.2846176
1804	1096	76.0856685	13.2919857
1805	1097	76.128574	13.2993538
1806	1098	76.1715133	13.3067218
1807	1098	76.2144974	13.3140899
1808	1099	76.2574643	13.3214579
1809	1100	76.3003873	13.328826
1810	1100	76.3432669	13.3361941
1811	1101	76.3861042	13.3435621
1812	1102	76.428899	13.3509302
1813	1102	76.4716526	13.3582983
1814	1103	76.5143653	13.3656663
1815	1104	76.5570384	13.3730344
1816	1104	76.5996725	13.3804024
1817	1105	76.6422686	13.3877705
1818	1106	76.6848279	13.3951386
1819	1106	76.7273519	13.4025066
1820	1107	76.7698408	13.4098747
1821	1108	76.8122964	13.4172428
1822	1108	76.85472	13.4246108
1823	1109	76.8971127	13.4319789
1824	1110	76.9394753	13.439347
1825	1110	76.9818096	13.446715
1826	1111	77	13.4540831
1827	1112	77.0422953	13.4614511
1828	1113	77.0845648	13.4688192
1829	1113	77.1268116	13.4761873
1830	1114	77.1690362	13.4835553
1831	1115	77.2112409	13.4909234
1832	1115	77.2534258	13.4982915
1833	1116	77.2955939	13.5056595
1834	1117	77.3377469	13.5130276
1835	1117	77.3798873	13.5203956
1836	1118	77.4220162	13.5277637
1837	1119	77.4641363	13.5351318
1838	1119	77.5062485	13.5424998
1839	1120	77.5483553	13.5498679
1840	1121	77.5904571	13.557236
1841	1121	77.6325572	13.564604
1842	1122	77.6746568	13.5719721
1843	1123	77.7167588	13.5793401
1844	1123	77.7588643	13.5867082
1845	1124	77.8009762	13.5940763
1846	1125	77.8430952	13.6014443
1847	1125	77.8852244	13.6088124
1848	1126	77.9273647	13.6161805
1849	1127	77.9695189	13.6235485
1850	1127	78	13.6309166
1851	1128	78.0421803	13.6382847
1852	1129	78.0843781	13.6456527
1853	1129	78.1265962	13.6530208
1854	1130	78.168835	13.6603888
1855	1131	78.2110973	13.6677569
1856	1131	78.2533838	13.675125
1857	1132	78.2956973	13.682493
1858	1133	78.3380381	13.6898611
1859	1133	78.3804091	13.6972292
1860	1134	78.4228106	13.7045972
1861	1135	78.4652443	13.7119653
1862	1135	78.5077111	13.7193333
1863	1136	78.5502126	13.7267014
1864	1137	78.5927499	13.7340695
1865	1137	78.6353241	13.7414375
1866	1138	78.6779357	13.7488056
1867	1139	78.7205868	13.7561737
1868	1139	78.7632771	13.7635417
1869	1140	78.8060088	13.7709098
1870	1141	78.8487816	13.7782779
1871	1141	78.8915969	13.7856459
1872	1142	78.9344547	13.793014
1873	1143	78.9773563	13.800382
1874	1143	79	13.8077501
1875	1144	79.042969	13.8151182
1876	1145	79.085906	13.8224862
1877	1145	79.1287981	13.8298543
1878	1146	79.1716451	13.8372224
1879	1147	79.2144478	13.8445904
1880	1147	79.2572064	13.8519585
1881	1148	79.2999217	13.8593265
1882	1149	79.3425948	13.8666946
1883	1149	79.3852255	13.8740627
1884	1150	79.4278151	13.8814307
1885	1151	79.4703652	13.8887988
1886	1151	79.5128756	13.8961669
1887	1152	79.5553477	13.9035349
1888	1153	79.5977829	13.910903
1889	1154	79.6401816	13.918271
1890	1154	79.6825448	13.9256391
1891	1155	79.7248753	13.9330072
1892	1156	79.7671737	13.9403752
1893	1156	79.8094411	13.9477433
1894	1157	79.8516781	13.9551114
1895	1158	79.8938861	13.9624794
1896	1158	79.9360668	13.9698475
1897	1159	79.9782222	13.9772156
1898	1160	80	13.9845836
1899	1160	80.0421197	13.9919517
1900	1161	80.0842176	13.9993197
1901	1162	80.1262961	14.0066878
1902	1163	80.1683556	14.0140559
1903	1163	80.210399	14.0214239
1904	1164	80.252428	14.028792
1905	1165	80.2944449	14.0361601
1906	1165	80.3364514	14.0435281
1907	1166	80.3784495	14.0508962
1908	1167	80.4204406	14.0582642
1909	1167	80.462426	14.0656323
1910	1168	80.504408	14.0730004
1911	1168	80.546389	14.0803684
1912	1169	80.5883708	14.0877365
1913	1170	80.6303559	14.0951046
1914	1170	80.6723459	14.1024726
1915	1171	80.7143432	14.1098407
1916	1172	80.756349	14.1172087
1917	1172	80.798366	14.1245768
1918	1173	80.840395	14.1319449
1919	1174	80.882438	14.1393129
1920	1174	80.9244964	14.146681
1921	1175	80.9665729	14.1540491
1922	1176	81	14.1614171
1923	1177	81.042113	14.1687852
1924	1177	81.0842481	14.1761533
1925	1178	81.1264082	14.1835213
1926	1179	81.168594	14.1908894
1927	1179	81.2108079	14.1982574
1928	1180	81.2530506	14.2056255
1929	1181	81.2953243	14.2129936
1930	1181	81.3376301	14.2203616
1931	1182	81.3799692	14.2277297
1932	1183	81.4223426	14.2350978
1933	1183	81.4647524	14.2424658
1934	1184	81.5071993	14.2498339
1935	1185	81.5496838	14.2572019
1936	1185	81.5922078	14.26457
1937	1186	81.6347718	14.2719381
1938	1187	81.677377	14.2793061
1939	1187	81.7200244	14.2866742
1940	1188	81.762714	14.2940423
1941	1189	81.8054468	14.3014103
1942	1190	81.8482236	14.3087784
1943	1190	81.8910452	14.3161465
1944	1191	81.9339117	14.3235145
1945	1192	81.9768234	14.3308826
1946	1192	82	14.3382506
1947	1193	82.0429375	14.3456187
1948	1194	82.0858289	14.3529868
1949	1194	82.1286757	14.3603548
1950	1195	82.1714774	14.3677229
1951	1196	82.2142354	14.375091
1952	1197	82.2569498	14.382459
1953	1198	82.299622	14.3898271
1954	1199	82.3422526	14.3971951
1955	1199	82.384843	14.4045632
1956	1200	82.4273931	14.4119313
1957	1201	82.4699054	14.4192993
1958	1201	82.5123802	14.4266674
1959	1202	82.5548189	14.4340355
1960	1202	82.5972224	14.4414035
1961	1203	82.6395929	14.4487716
1962	1204	82.6819305	14.4561396
1963	1204	82.7242374	14.4635077
1964	1205	82.7665142	14.4708758
1965	1206	82.8087623	14.4782438
1966	1206	82.8509831	14.4856119
1967	1207	82.8931792	14.49298
1968	1207	82.9353519	14.500348
1969	1208	82.9775032	14.5077161
1970	1209	83	14.5150842
1971	1209	83.0421202	14.5224522
1972	1210	83.0842221	14.5298203
1973	1211	83.1263093	14.5371883
1974	1211	83.1683827	14.5445564
1975	1212	83.2104452	14.5519245
1976	1213	83.2524979	14.5592925
1977	1213	83.2945434	14.5666606
1978	1214	83.3365829	14.5740287
1979	1215	83.3786183	14.5813967
1980	1216	83.4206511	14.5887648
1981	1216	83.4626843	14.5961328
1982	1217	83.5047197	14.6035009
1983	1218	83.5467598	14.610869
1984	1218	83.5888058	14.618237
1985	1219	83.6308605	14.6256051
1986	1220	83.6729251	14.6329732
1987	1220	83.7150025	14.6403412
1988	1221	83.7570931	14.6477093
1989	1222	83.7991994	14.6550773
1990	1222	83.8413219	14.6624454
1991	1223	83.8834645	14.6698135
1992	1224	83.9256279	14.6771815
1993	1225	83.9678146	14.6845496
1994	1225	84	14.6919177
1995	1226	84.0422313	14.6992857
1996	1227	84.0844896	14.7066538
1997	1227	84.1267776	14.7140219
1998	1228	84.1690956	14.7213899
1999	1229	84.2114462	14.728758
2000	1229	84.2538296	14.736126
2001	1230	84.2962483	14.7434941
2002	1231	84.3387031	14.7508622
2003	1232	84.3811951	14.7582302
2004	1232	84.4237256	14.7655983
2005	1233	84.4662958	14.7729664
2006	1234	84.5089062	14.7803344
2007	1234	84.5515582	14.7877025
2008	1235	84.5942518	14.7950705
2009	1236	84.6369895	14.8024386
2010	1236	84.6797704	14.8098067
2011	1237	84.7225964	14.8171747
2012	1238	84.7654672	14.8245428
2013	1239	84.8083834	14.8319109
2014	1239	84.8513159	14.8392789
2015	1240	84.894202	14.846647
2016	1241	84.9370416	14.8540151
2017	1241	84.9798351	14.8613831
2018	1242	85	14.8687512
2019	1243	85.0427261	14.8761192
2020	1243	85.0854066	14.8834873
2021	1244	85.128044	14.8908554
2022	1245	85.1706385	14.8982234
2023	1245	85.2131906	14.9055915
2024	1246	85.2557021	14.9129596
2025	1247	85.298173	14.9203276
2026	1248	85.3406046	14.9276957
2027	1248	85.3829985	14.9350637
2028	1249	85.4253548	14.9424318
2029	1250	85.4676753	14.9497999
2030	1250	85.5099618	14.9571679
2031	1251	85.5522155	14.964536
2032	1252	85.5944371	14.9719041
2033	1252	85.636628	14.9792721
2034	1253	85.678789	14.9866402
2035	1254	85.7209223	14.9940082
2036	1254	85.7630297	15.0013763
2037	1255	85.8051128	15.0087444
2038	1256	85.8471734	15.0161124
2039	1256	85.8892129	15.0234805
2040	1257	85.9312321	15.0308486
2041	1257	85.9732339	15.0382166
2042	1258	86	15.0455847
2043	1259	86.0419775	15.0529528
2044	1260	86.0839425	15.0603208
2045	1260	86.1258976	15.0676889
2046	1261	86.1678445	15.0750569
2047	1262	86.2097852	15.082425
2048	1262	86.2517204	15.0897931
2049	1263	86.2936529	15.0971611
2050	1264	86.3355851	15.1045292
2051	1264	86.377519	15.1118973
2052	1265	86.4194565	15.1192653
2053	1266	86.4613996	15.1266334
2054	1266	86.5033507	15.1340014
2055	1267	86.5453111	15.1413695
2056	1268	86.5872833	15.1487376
2057	1268	86.6292689	15.1561056
2058	1269	86.6712689	15.1634737
2059	1270	86.7132855	15.1708418
2060	1270	86.755321	15.1782098
2061	1271	86.7973774	15.1855779
2062	1272	86.8394565	15.192946
2063	1272	86.8815594	15.200314
2064	1273	86.9236881	15.2076821
2065	1274	86.9658447	15.2150501
2066	1274	87	15.2224182
2067	1275	87.0422103	15.2297863
2068	1276	87.084453	15.2371543
2069	1277	87.126729	15.2445224
2070	1277	87.1690392	15.2518905
2071	1278	87.2113859	15.2592585
2072	1279	87.2537699	15.2666266
2073	1279	87.2961923	15.2739946
2074	1280	87.3386538	15.2813627
2075	1281	87.3811562	15.2887308
2076	1281	87.4236993	15.2960988
2077	1282	87.4662854	15.3034669
2078	1283	87.5089148	15.310835
2079	1283	87.5515882	15.318203
2080	1284	87.5943059	15.3255711
2081	1285	87.6370688	15.3329391
2082	1285	87.6798777	15.3403072
2083	1286	87.7227328	15.3476753
2084	1287	87.7656341	15.3550433
2085	1288	87.8085651	15.3624114
2086	1288	87.8514489	15.3697795
2087	1289	87.8942869	15.3771475
2088	1290	87.9370788	15.3845156
2089	1290	87.9798259	15.3918837
2090	1291	88	15.3992517
2091	1292	88.0426819	15.4066198
2092	1293	88.0853201	15.4139878
2093	1293	88.1279169	15.4213559
2094	1294	88.1704724	15.428724
2095	1295	88.2129871	15.436092
2096	1295	88.2554632	15.4434601
2097	1296	88.2979022	15.4508282
2098	1297	88.340304	15.4581962
2099	1298	88.3826708	15.4655643
2100	1298	88.4250031	15.4729323
2101	1299	88.467303	15.4803004
2102	1300	88.5095714	15.4876685
2103	1301	88.5518099	15.4950365
2104	1301	88.5940188	15.5024046
2105	1302	88.6362011	15.5097727
2106	1303	88.678358	15.5171407
2107	1303	88.720492	15.5245088
2108	1304	88.7626043	15.5318768
2109	1305	88.8046967	15.5392449
2110	1305	88.8467698	15.546613
2111	1306	88.8888268	15.553981
2112	1307	88.9308693	15.5613491
2113	1307	88.9728998	15.5687172
2114	1308	89	15.5760852
2115	1309	89.0420151	15.5834533
2116	1309	89.0840229	15.5908214
2117	1310	89.126026	15.5981894
2118	1311	89.1680248	15.6055575
2119	1311	89.2100225	15.6129255
2120	1312	89.2520211	15.6202936
2121	1312	89.2940232	15.6276617
2122	1313	89.3360303	15.6350297
2123	1314	89.3780448	15.6423978
2124	1314	89.4200681	15.6497659
2125	1315	89.4621029	15.6571339
2126	1316	89.5041505	15.664502
2127	1316	89.5462133	15.67187
2128	1317	89.5882921	15.6792381
2129	1317	89.6303893	15.6866062
2130	1318	89.6725069	15.6939742
2131	1319	89.714647	15.7013423
2132	1319	89.7568109	15.7087104
2133	1320	89.7990006	15.7160784
2134	1321	89.8412174	15.7234465
2135	1321	89.8834637	15.7308146
2136	1322	89.9257402	15.7381826
2137	1322	89.9680493	15.7455507
2138	1323	90	15.7529187
2139	1324	90.0423689	15.7602868
2140	1325	90.0847737	15.7676549
2141	1325	90.127216	15.7750229
2142	1326	90.1696964	15.782391
2143	1326	90.2122171	15.7897591
2144	1327	90.2547777	15.7971271
2145	1328	90.29738	15.8044952
2146	1328	90.3400246	15.8118632
2147	1329	90.3827132	15.8192313
2148	1330	90.4254456	15.8265994
2149	1330	90.4682235	15.8339674
2150	1331	90.5110464	15.8413355
2151	1331	90.5539157	15.8487036
2152	1332	90.5968313	15.8560716
2153	1333	90.6397344	15.8634397
2154	1333	90.6825903	15.8708077
2155	1334	90.7253995	15.8781758
2156	1335	90.7681614	15.8855439
2157	1335	90.8108773	15.8929119
2158	1336	90.8535479	15.90028
2159	1336	90.8961743	15.9076481
2160	1337	90.9387566	15.9150161
2161	1338	90.9812957	15.9223842
2162	1338	91	15.9297523
2163	1339	91.0424782	15.9371203
2164	1340	91.0849147	15.9444884
2165	1340	91.1273126	15.9518564
2166	1341	91.1696723	15.9592245
2167	1342	91.2119959	15.9665926
2168	1342	91.2542842	15.9739606
2169	1343	91.2965382	15.9813287
2170	1343	91.3387585	15.9886968
2171	1344	91.3809474	15.9960648
2172	1345	91.4231053	16.0034329
2173	1345	91.4652335	16.0108009
2174	1346	91.5073341	16.018169
2175	1347	91.5494091	16.0255371
2176	1347	91.5914601	16.0329051
2177	1348	91.633489	16.0402732
2178	1349	91.6754969	16.0476413
2179	1349	91.7174854	16.0550093
2180	1350	91.7594566	16.0623774
2181	1350	91.8014132	16.0697455
2182	1351	91.8433567	16.0771135
2183	1352	91.8852897	16.0844816
2184	1352	91.9272138	16.0918496
2185	1353	91.9691311	16.0992177
2186	1354	92	16.1065858
2187	1354	92.0419087	16.1139538
2188	1355	92.0838153	16.1213219
2189	1356	92.1257227	16.12869
2190	1356	92.1676326	16.136058
2191	1357	92.2095475	16.1434261
2192	1357	92.2514689	16.1507941
2193	1358	92.2933993	16.1581622
2194	1359	92.33534	16.1655303
2195	1359	92.3772939	16.1728983
2196	1360	92.419262	16.1802664
2197	1361	92.4612462	16.1876345
2198	1361	92.5032477	16.1950025
2199	1362	92.5452693	16.2023706
2200	1362	92.587313	16.2097386
2201	1363	92.6293804	16.2171067
2202	1364	92.6714727	16.2244748
2203	1364	92.7135922	16.2318428
2204	1365	92.7557404	16.2392109
2205	1366	92.7979192	16.246579
2206	1366	92.8401294	16.253947
2207	1367	92.8823729	16.2613151
2208	1367	92.9246513	16.2686832
2209	1368	92.9669654	16.2760512
2210	1369	93	16.2834193
2211	1370	93.0423815	16.2907873
2212	1370	93.0848025	16.2981554
2213	1371	93.1272636	16.3055235
2214	1371	93.1697662	16.3128915
2215	1372	93.2123119	16.3202596
2216	1373	93.2549007	16.3276277
2217	1373	93.2975336	16.3349957
2218	1374	93.3402111	16.3423638
2219	1375	93.3829348	16.3497318
2220	1375	93.4257042	16.3570999
2221	1376	93.46852	16.364468
2222	1377	93.5113827	16.371836
2223	1377	93.5542933	16.3792041
2224	1378	93.5971939	16.3865722
2225	1378	93.6400476	16.3939402
2226	1379	93.6828548	16.4013083
2227	1380	93.7256163	16.4086763
2228	1380	93.7683324	16.4160444
2229	1381	93.8110043	16.4234125
2230	1382	93.853632	16.4307805
2231	1382	93.8962174	16.4381486
2232	1383	93.9387608	16.4455167
2233	1384	93.9812637	16.4528847
2234	1384	94	16.4602528
2235	1385	94.0424464	16.4676209
2236	1386	94.084855	16.4749889
2237	1386	94.1272278	16.482357
2238	1387	94.1695645	16.489725
2239	1387	94.2118674	16.4970931
2240	1388	94.2541379	16.5044612
2241	1389	94.2963773	16.5118292
2242	1389	94.3385859	16.5191973
2243	1390	94.3807666	16.5265654
2244	1391	94.4229205	16.5339334
2245	1391	94.4650504	16.5413015
2246	1392	94.5071571	16.5486695
2247	1392	94.5492427	16.5560376
2248	1393	94.5913075	16.5634057
2249	1394	94.633355	16.5707737
2250	1394	94.6753869	16.5781418
2251	1395	94.7174057	16.5855099
2252	1395	94.7594129	16.5928779
2253	1396	94.801411	16.600246
2254	1397	94.8434015	16.6076141
2255	1397	94.8853868	16.6149821
2256	1398	94.9273674	16.6223502
2257	1399	94.9693464	16.6297182
2258	1399	95	16.6370863
2259	1400	95.0419814	16.6444544
2260	1401	95.0839672	16.6518224
2261	1401	95.1259591	16.6591905
2262	1402	95.1679593	16.6665586
2263	1403	95.20997	16.6739266
2264	1403	95.2519931	16.6812947
2265	1404	95.2940305	16.6886627
2266	1404	95.3360832	16.6960308
2267	1405	95.3781536	16.7033989
2268	1406	95.4202438	16.7107669
2269	1406	95.462356	16.718135
2270	1407	95.5044914	16.7255031
2271	1408	95.5466518	16.7328711
2272	1408	95.588839	16.7402392
2273	1409	95.6310554	16.7476072
2274	1410	95.6733015	16.7549753
2275	1410	95.7155793	16.7623434
2276	1411	95.7578904	16.7697114
2277	1412	95.8002362	16.7770795
2278	1412	95.8426178	16.7844476
2279	1413	95.8850373	16.7918156
2280	1414	95.9274947	16.7991837
2281	1414	95.9699927	16.8065518
2282	1415	96	16.8139198
2283	1416	96.0425679	16.8212879
2284	1416	96.0851775	16.8286559
2285	1417	96.1278316	16.836024
2286	1418	96.1705291	16.8433921
2287	1418	96.2132721	16.8507601
2288	1419	96.2560603	16.8581282
2289	1420	96.2988952	16.8654963
2290	1420	96.3417767	16.8728643
2291	1421	96.3846991	16.8802324
2292	1421	96.4275734	16.8876004
2293	1422	96.4704003	16.8949685
2294	1423	96.5131796	16.9023366
2295	1423	96.5559125	16.9097046
2296	1424	96.5985992	16.9170727
2297	1425	96.6412405	16.9244408
2298	1425	96.6838375	16.9318088
2299	1426	96.7263902	16.9391769
2300	1426	96.7688999	16.9465449
2301	1427	96.8113686	16.953913
2302	1428	96.8537951	16.9612811
2303	1429	96.8961826	16.9686491
2304	1429	96.9385313	16.9760172
2305	1430	96.9808438	16.9833853
2306	1430	97	16.9907533
2307	1431	97.0422598	16.9981214
2308	1432	97.0844845	17.0054895
2309	1432	97.1266767	17.0128575
2310	1433	97.1688376	17.0202256
2311	1434	97.2109687	17.0275936
2312	1434	97.2530707	17.0349617
2313	1435	97.295146	17.0423298
2314	1436	97.3371962	17.0496978
2315	1436	97.3792235	17.0570659
2316	1437	97.421229	17.064434
2317	1437	97.4632147	17.071802
2318	1438	97.5051816	17.0791701
2319	1439	97.5471323	17.0865381
2320	1439	97.5890687	17.0939062
2321	1440	97.6309934	17.1012743
2322	1441	97.6729084	17.1086423
2323	1441	97.7148154	17.1160104
2324	1442	97.7567161	17.1233785
2325	1442	97.7986118	17.1307465
2326	1443	97.8405052	17.1381146
2327	1444	97.8823987	17.1454827
2328	1444	97.9242944	17.1528507
2329	1445	97.9661945	17.1602188
2330	1446	98	17.1675868
2331	1446	98.0419128	17.1749549
2332	1447	98.0838353	17.182323
2333	1448	98.1257702	17.189691
2334	1448	98.1677186	17.1970591
2335	1449	98.2096827	17.2044272
2336	1449	98.2516634	17.2117952
2337	1450	98.2936635	17.2191633
2338	1451	98.3356847	17.2265313
2339	1451	98.3777292	17.2338994
2340	1452	98.4197984	17.2412675
2341	1453	98.4618943	17.2486355
2342	1453	98.504018	17.2560036
2343	1454	98.546172	17.2633717
2344	1455	98.588357	17.2707397
2345	1455	98.6305754	17.2781078
2346	1456	98.6728276	17.2854758
2347	1456	98.7151152	17.2928439
2348	1457	98.75744	17.300212
2349	1458	98.7998033	17.30758
2350	1458	98.8422063	17.3149481
2351	1459	98.8846496	17.3223162
2352	1460	98.9271343	17.3296842
2353	1460	98.9696615	17.3370523
2354	1461	99	17.3444204
2355	1462	99.0426022	17.3517884
2356	1462	99.0852492	17.3591565
2357	1463	99.127942	17.3665245
2358	1463	99.1706808	17.3738926
2359	1464	99.2134665	17.3812607
2360	1465	99.2562992	17.3886287
2361	1465	99.2991791	17.3959968
2362	1466	99.3420984	17.4033649
2363	1467	99.3849703	17.4107329
2364	1467	99.4277946	17.418101
2365	1468	99.4705727	17.425469
2366	1468	99.5133048	17.4328371
2367	1469	99.5559925	17.4402052
2368	1470	99.5986354	17.4475732
2369	1470	99.6412349	17.4549413
2370	1471	99.6837921	17.4623094
2371	1472	99.7263079	17.4696774
2372	1472	99.7687832	17.4770455
2373	1473	99.8112201	17.4844136
2374	1474	99.8536187	17.4917816
2375	1474	99.8959816	17.4991497
2376	1475	99.9383086	17.5065177
2377	1476	99.9806015	17.5138858
2378	1476	100	17.5212539
2379	1477	100.042246	17.5286219
2380	1478	100.08446	17.53599
2381	1478	100.126646	17.5433581
2382	1479	100.168803	17.5507261
2383	1480	100.210935	17.5580942
2384	1480	100.253043	17.5654622
2385	1481	100.29513	17.5728303
2386	1481	100.337195	17.5801984
2387	1482	100.379242	17.5875664
2388	1483	100.421272	17.5949345
2389	1483	100.463287	17.6023026
2390	1484	100.50529	17.6096706
2391	1485	100.547283	17.6170387
2392	1485	100.589267	17.6244067
2393	1486	100.631244	17.6317748
2394	1486	100.673217	17.6391429
2395	1487	100.715187	17.6465109
2396	1488	100.757157	17.653879
2397	1488	100.799128	17.6612471
2398	1489	100.841104	17.6686151
2399	1490	100.883085	17.6759832
2400	1490	100.925074	17.6833513
2401	1491	100.967073	17.6907193
2402	1492	101	17.6980874
2403	1492	101.042022	17.7054554
2404	1493	101.084059	17.7128235
2405	1494	101.126113	17.7201916
2406	1494	101.168186	17.7275596
2407	1495	101.210279	17.7349277
2408	1496	101.252396	17.7422958
2409	1496	101.294537	17.7496638
2410	1497	101.336705	17.7570319
2411	1498	101.3789	17.7643999
2412	1498	101.421125	17.771768
2413	1499	101.463382	17.7791361
2414	1500	101.505671	17.7865041
2415	1500	101.547994	17.7938722
2416	1501	101.590353	17.8012403
2417	1502	101.632749	17.8086083
2418	1502	101.675183	17.8159764
2419	1503	101.717657	17.8233444
2420	1504	101.760171	17.8307125
2421	1504	101.802728	17.8380806
2422	1505	101.845326	17.8454486
2423	1506	101.887967	17.8528167
2424	1506	101.930654	17.8601848
2425	1507	101.973385	17.8675528
2426	1508	102	17.8749209
2427	1508	102.042806	17.882289
2428	1509	102.085659	17.889657
2429	1510	102.12856	17.8970251
2430	1510	102.171454	17.9043931
2431	1511	102.2143	17.9117612
2432	1511	102.257099	17.9191293
2433	1512	102.29985	17.9264973
2434	1513	102.342555	17.9338654
2435	1513	102.385214	17.9412335
2436	1514	102.427828	17.9486015
2437	1515	102.470398	17.9559696
2438	1515	102.512923	17.9633376
2439	1516	102.555407	17.9707057
2440	1516	102.597849	17.9780738
2441	1517	102.64025	17.9854418
2442	1518	102.682613	17.9928099
2443	1518	102.724937	18.000178
2444	1519	102.767225	18.007546
2445	1520	102.809477	18.0149141
2446	1520	102.851695	18.0222822
2447	1521	102.89388	18.0296502
2448	1522	102.936034	18.0370183
2449	1522	102.978157	18.0443863
2450	1523	103	18.0517544
2451	1524	103.04208	18.0591225
2452	1524	103.084133	18.0664905
2453	1525	103.126163	18.0738586
2454	1526	103.16817	18.0812267
2455	1526	103.210157	18.0885947
2456	1527	103.252124	18.0959628
2457	1527	103.294074	18.1033308
2458	1528	103.336009	18.1106989
2459	1529	103.377931	18.118067
2460	1529	103.419843	18.125435
2461	1530	103.461746	18.1328031
2462	1531	103.503642	18.1401712
2463	1531	103.545534	18.1475392
2464	1532	103.587421	18.1549073
2465	1533	103.629308	18.1622753
2466	1533	103.671195	18.1696434
2467	1534	103.713087	18.1770115
2468	1534	103.754983	18.1843795
2469	1535	103.796887	18.1917476
2470	1536	103.838801	18.1991157
2471	1536	103.880726	18.2064837
2472	1537	103.922665	18.2138518
2473	1538	103.964619	18.2212199
2474	1538	104	18.2285879
2475	1539	104.041986	18.235956
2476	1540	104.083992	18.243324
2477	1540	104.126021	18.2506921
2478	1541	104.168074	18.2580602
2479	1541	104.210153	18.2654282
2480	1542	104.25226	18.2727963
2481	1543	104.294396	18.2801644
2482	1543	104.336563	18.2875324
2483	1544	104.378763	18.2949005
2484	1545	104.420996	18.3022685
2485	1545	104.463264	18.3096366
2486	1546	104.50557	18.3170047
2487	1547	104.547913	18.3243727
2488	1547	104.590295	18.3317408
2489	1548	104.632718	18.3391089
2490	1548	104.675182	18.3464769
2491	1549	104.717688	18.353845
2492	1550	104.760237	18.361213
2493	1550	104.802831	18.3685811
2494	1551	104.84547	18.3759492
2495	1552	104.888154	18.3833172
2496	1552	104.930885	18.3906853
2497	1553	104.973662	18.3980534
2498	1554	105	18.4054214
2499	1554	105.042853	18.4127895
2500	1555	105.085755	18.4201576
2501	1556	105.128647	18.4275256
2502	1556	105.171491	18.4348937
2503	1557	105.214288	18.4422617
2504	1558	105.257039	18.4496298
2505	1558	105.299745	18.4569979
2506	1559	105.342406	18.4643659
2507	1560	105.385022	18.471734
2508	1560	105.427596	18.4791021
2509	1561	105.470128	18.4864701
2510	1562	105.512618	18.4938382
2511	1562	105.555069	18.5012062
2512	1563	105.597481	18.5085743
2513	1564	105.639857	18.5159424
2514	1564	105.682196	18.5233104
2515	1565	105.7245	18.5306785
2516	1565	105.766771	18.5380466
2517	1566	105.80901	18.5454146
2518	1567	105.851218	18.5527827
2519	1567	105.893397	18.5601508
2520	1568	105.935548	18.5675188
2521	1569	105.977674	18.5748869
2522	1569	106	18.5822549
2523	1570	106.04209	18.589623
2524	1571	106.084158	18.5969911
2525	1571	106.126207	18.6043591
2526	1572	106.168238	18.6117272
2527	1573	106.210254	18.6190953
2528	1573	106.252256	18.6264633
2529	1574	106.294247	18.6338314
2530	1574	106.336229	18.6411994
2531	1575	106.378205	18.6485675
2532	1576	106.420175	18.6559356
2533	1576	106.462141	18.6633036
2534	1577	106.504104	18.6706717
2535	1578	106.54607	18.6780398
2536	1578	106.588038	18.6854078
2537	1579	106.630011	18.6927759
2538	1580	106.671991	18.7001439
2539	1580	106.713982	18.707512
2540	1581	106.755983	18.7148801
2541	1581	106.797997	18.7222481
2542	1582	106.840027	18.7296162
2543	1583	106.882073	18.7369843
2544	1583	106.924137	18.7443523
2545	1584	106.966222	18.7517204
2546	1585	107	18.7590885
2547	1585	107.042127	18.7664565
2548	1586	107.084279	18.7738246
2549	1587	107.126459	18.7811926
2550	1587	107.168668	18.7885607
2551	1588	107.210908	18.7959288
2552	1589	107.25318	18.8032968
2553	1589	107.295487	18.8106649
2554	1590	107.337827	18.818033
2555	1591	107.380206	18.825401
2556	1591	107.422621	18.8327691
2557	1592	107.465076	18.8401371
2558	1592	107.507571	18.8475052
2559	1593	107.550108	18.8548733
2560	1594	107.592686	18.8622413
2561	1594	107.635308	18.8696094
2562	1595	107.677974	18.8769775
2563	1596	107.720685	18.8843455
2564	1596	107.763442	18.8917136
2565	1597	107.806245	18.8990817
2566	1598	107.849095	18.9064497
2567	1598	107.891993	18.9138178
2568	1599	107.934886	18.9211858
2569	1600	107.977732	18.9285539
2570	1600	108	18.935922
2571	1601	108.042772	18.94329
2572	1602	108.085497	18.9506581
2573	1602	108.128176	18.9580262
2574	1603	108.17081	18.9653942
2575	1604	108.213398	18.9727623
2576	1604	108.255942	18.9801303
2577	1605	108.298444	18.9874984
2578	1605	108.340903	18.9948665
2579	1606	108.383321	19.0022345
2580	1607	108.425699	19.0096026
2581	1607	108.468039	19.0169707
2582	1608	108.510341	19.0243387
2583	1609	108.552607	19.0317068
2584	1609	108.594838	19.0390748
2585	1610	108.637036	19.0464429
2586	1611	108.679201	19.053811
2587	1611	108.721336	19.061179
2588	1612	108.76344	19.0685471
2589	1613	108.805517	19.0759152
2590	1613	108.847568	19.0832832
2591	1614	108.889594	19.0906513
2592	1614	108.931599	19.0980194
2593	1615	108.973582	19.1053874
2594	1616	109	19.1127555
2595	1616	109.041953	19.1201235
2596	1617	109.083889	19.1274916
2597	1618	109.125812	19.1348597
2598	1618	109.167724	19.1422277
2599	1619	109.209626	19.1495958
2600	1620	109.25152	19.1569639
2601	1620	109.293409	19.1643319
2602	1621	109.335294	19.1717
2603	1622	109.377177	19.179068
2604	1622	109.41906	19.1864361
2605	1623	109.460946	19.1938042
2606	1624	109.502837	19.2011722
2607	1624	109.544734	19.2085403
2608	1625	109.58664	19.2159084
2609	1625	109.628557	19.2232764
2610	1626	109.670487	19.2306445
2611	1627	109.712432	19.2380125
2612	1627	109.754392	19.2453806
2613	1628	109.79637	19.2527487
2614	1629	109.838368	19.2601167
2615	1629	109.880389	19.2674848
2616	1630	109.922434	19.2748529
2617	1630	109.964504	19.2822209
2618	1631	110	19.289589
2619	1632	110.042122	19.2969571
2620	1633	110.084274	19.3043251
2621	1633	110.126459	19.3116932
2622	1634	110.168676	19.3190612
2623	1634	110.210929	19.3264293
2624	1635	110.253217	19.3337974
2625	1636	110.295543	19.3411654
2626	1636	110.337908	19.3485335
2627	1637	110.380314	19.3559016
2628	1638	110.42276	19.3632696
2629	1638	110.465248	19.3706377
2630	1639	110.507779	19.3780057
2631	1640	110.550355	19.3853738
2632	1640	110.592974	19.3927419
2633	1641	110.63564	19.4001099
2634	1642	110.678351	19.407478
2635	1642	110.72111	19.4148461
2636	1643	110.763914	19.4222141
2637	1643	110.806767	19.4295822
2638	1644	110.849668	19.4369503
2639	1645	110.892558	19.4443183
2640	1645	110.9354	19.4516864
2641	1646	110.978196	19.4590544
2642	1647	111	19.4664225
2643	1647	111.042726	19.4737906
2644	1648	111.085406	19.4811586
2645	1649	111.128043	19.4885267
2646	1649	111.170635	19.4958948
2647	1650	111.213185	19.5032628
2648	1651	111.255693	19.5106309
2649	1651	111.298161	19.5179989
2650	1652	111.34059	19.525367
2651	1653	111.382981	19.5327351
2652	1653	111.425336	19.5401031
2653	1654	111.467655	19.5474712
2654	1655	111.50994	19.5548393
2655	1655	111.552192	19.5622073
2656	1656	111.594413	19.5695754
2657	1657	111.636605	19.5769434
2658	1657	111.678767	19.5843115
2659	1658	111.720903	19.5916796
2660	1658	111.763013	19.5990476
2661	1659	111.805102	19.6064157
2662	1660	111.847169	19.6137838
2663	1660	111.889217	19.6211518
2664	1661	111.931247	19.6285199
2665	1662	111.973261	19.635888
2666	1662	112	19.643256
2667	1663	112.041993	19.6506241
2668	1664	112.083976	19.6579921
2669	1664	112.125952	19.6653602
2670	1665	112.167922	19.6727283
2671	1665	112.209887	19.6800963
2672	1666	112.251849	19.6874644
2673	1667	112.293812	19.6948325
2674	1667	112.335776	19.7022005
2675	1668	112.377746	19.7095686
2676	1669	112.419721	19.7169366
2677	1669	112.461705	19.7243047
2678	1670	112.5037	19.7316728
2679	1671	112.545707	19.7390408
2680	1671	112.587729	19.7464089
2681	1672	112.629766	19.753777
2682	1672	112.671821	19.761145
2683	1673	112.713896	19.7685131
2684	1674	112.755993	19.7758811
2685	1674	112.798113	19.7832492
2686	1675	112.840259	19.7906173
2687	1676	112.882432	19.7979853
2688	1676	112.924634	19.8053534
2689	1677	112.966867	19.8127215
2690	1678	113	19.8200895
2691	1678	113.042291	19.8274576
2692	1679	113.084617	19.8348257
2693	1680	113.126978	19.8421937
2694	1680	113.169377	19.8495618
2695	1681	113.211815	19.8569298
2696	1682	113.254293	19.8642979
2697	1682	113.296812	19.871666
2698	1683	113.339372	19.879034
2699	1683	113.381976	19.8864021
2700	1684	113.424623	19.8937702
2701	1685	113.467315	19.9011382
2702	1686	113.510052	19.9085063
2703	1686	113.552836	19.9158743
2704	1687	113.595666	19.9232424
2705	1687	113.638543	19.9306105
2706	1688	113.681455	19.9379785
2707	1689	113.724319	19.9453466
2708	1689	113.767134	19.9527147
2709	1690	113.809902	19.9600827
2710	1691	113.852623	19.9674508
2711	1691	113.895297	19.9748189
2712	1692	113.937926	19.9821869
2713	1693	113.98051	19.989555
2714	1693	114	19.996923
2715	1694	114.042519	20.0042911
2716	1695	114.084996	20.0116592
2717	1695	114.127431	20.0190272
2718	1696	114.169825	20.0263953
2719	1697	114.212181	20.0337634
2720	1697	114.254497	20.0411314
2721	1698	114.296778	20.0484995
2722	1698	114.339023	20.0558675
2723	1699	114.381234	20.0632356
2724	1700	114.423412	20.0706037
2725	1700	114.465558	20.0779717
2726	1701	114.507674	20.0853398
2727	1702	114.549761	20.0927079
2728	1702	114.591821	20.1000759
2729	1703	114.633857	20.107444
2730	1704	114.675869	20.114812
2731	1704	114.71786	20.1221801
2732	1705	114.759829	20.1295482
2733	1705	114.801781	20.1369162
2734	1706	114.843717	20.1442843
2735	1707	114.885639	20.1516524
2736	1707	114.92755	20.1590204
2737	1708	114.96945	20.1663885
2738	1709	115	20.1737566
2739	1709	115.041888	20.1811246
2740	1710	115.083772	20.1884927
2741	1711	115.125652	20.1958607
2742	1711	115.167532	20.2032288
2743	1712	115.209415	20.2105969
2744	1712	115.251301	20.2179649
2745	1713	115.293194	20.225333
2746	1714	115.335095	20.2327011
2747	1714	115.377005	20.2400691
2748	1715	115.418928	20.2474372
2749	1716	115.460865	20.2548052
2750	1716	115.502817	20.2621733
2751	1717	115.544786	20.2695414
2752	1718	115.586775	20.2769094
2753	1718	115.628786	20.2842775
2754	1719	115.67082	20.2916456
2755	1719	115.712879	20.2990136
2756	1720	115.754964	20.3063817
2757	1721	115.797079	20.3137498
2758	1721	115.839223	20.3211178
2759	1722	115.881399	20.3284859
2760	1723	115.923608	20.3358539
2761	1723	115.965851	20.343222
2762	1724	116	20.3505901
2763	1725	116.04231	20.3579581
2764	1725	116.084658	20.3653262
2765	1726	116.127046	20.3726943
2766	1727	116.169474	20.3800623
2767	1727	116.211944	20.3874304
2768	1728	116.254456	20.3947984
2769	1728	116.297013	20.4021665
2770	1729	116.339614	20.4095346
2771	1730	116.38226	20.4169026
2772	1730	116.424952	20.4242707
2773	1731	116.467691	20.4316388
2774	1732	116.510476	20.4390068
2775	1732	116.55331	20.4463749
2776	1733	116.59619	20.4537429
2777	1734	116.639098	20.461111
2778	1734	116.681958	20.4684791
2779	1735	116.72477	20.4758471
2780	1736	116.767535	20.4832152
2781	1736	116.810255	20.4905833
2782	1737	116.85293	20.4979513
2783	1738	116.895561	20.5053194
2784	1738	116.938147	20.5126875
2785	1739	116.980692	20.5200555
2786	1739	117	20.5274236
2787	1740	117.042484	20.5347916
2788	1741	117.084928	20.5421597
2789	1742	117.127335	20.5495278
2790	1742	117.169703	20.5568958
2791	1743	117.212036	20.5642639
2792	1743	117.254333	20.571632
2793	1744	117.296598	20.579
2794	1745	117.338831	20.5863681
2795	1745	117.381033	20.5937361
2796	1746	117.423205	20.6011042
2797	1747	117.465351	20.6084723
2798	1747	117.50747	20.6158403
2799	1748	117.549567	20.6232084
2800	1749	117.591641	20.6305765
2801	1749	117.633695	20.6379445
2802	1750	117.67573	20.6453126
2803	1751	117.717748	20.6526806
2804	1751	117.759752	20.6600487
2805	1752	117.801744	20.6674168
2806	1753	117.843726	20.6747848
2807	1753	117.885701	20.6821529
2808	1754	117.927668	20.689521
2809	1754	117.969632	20.696889
2810	1755	118	20.7042571
2811	1756	118.041961	20.7116252
2812	1756	118.083922	20.7189932
2813	1757	118.125888	20.7263613
2814	1758	118.167859	20.7337293
2815	1758	118.209838	20.7410974
2816	1759	118.251827	20.7484655
2817	1760	118.293828	20.7558335
2818	1760	118.335842	20.7632016
2819	1761	118.377872	20.7705697
2820	1762	118.419919	20.7779377
2821	1762	118.461985	20.7853058
2822	1763	118.504072	20.7926738
2823	1764	118.546183	20.8000419
2824	1764	118.588318	20.80741
2825	1765	118.63048	20.814778
2826	1766	118.67267	20.8221461
2827	1766	118.714891	20.8295142
2828	1767	118.757142	20.8368822
2829	1767	118.799427	20.8442503
2830	1768	118.841746	20.8516184
2831	1769	118.884102	20.8589864
2832	1770	118.926495	20.8663545
2833	1770	118.968926	20.8737225
2834	1771	119	20.8810906
2835	1772	119.042501	20.8884587
2836	1772	119.085043	20.8958267
2837	1773	119.127629	20.9031948
2838	1774	119.170257	20.9105629
2839	1774	119.21293	20.9179309
2840	1775	119.255648	20.925299
2841	1776	119.298412	20.932667
2842	1776	119.341223	20.9400351
2843	1777	119.384081	20.9474032
2844	1778	119.426986	20.9547712
2845	1778	119.469867	20.9621393
2846	1779	119.512701	20.9695074
2847	1779	119.555486	20.9768754
2848	1780	119.598224	20.9842435
2849	1781	119.640916	20.9916115
2850	1781	119.683561	20.9989796
2851	1782	119.726162	21.0063477
2852	1783	119.768717	21.0137157
2853	1783	119.811229	21.0210838
2854	1784	119.8537	21.0284519
2855	1785	119.896129	21.0358199
2856	1785	119.938517	21.043188
2857	1786	119.980866	21.0505561
2858	1787	120	21.0579241
2859	1787	120.042293	21.0652922
2860	1788	120.08455	21.0726602
2861	1789	120.126773	21.0800283
2862	1789	120.168962	21.0873964
2863	1790	120.21112	21.0947644
2864	1791	120.253248	21.1021325
2865	1791	120.295345	21.1095006
2866	1792	120.337415	21.1168686
2867	1792	120.379459	21.1242367
2868	1793	120.421479	21.1316047
2869	1794	120.463478	21.1389728
2870	1794	120.505455	21.1463409
2871	1795	120.547414	21.1537089
2872	1796	120.589355	21.161077
2873	1796	120.631282	21.1684451
2874	1797	120.673196	21.1758131
2875	1798	120.7151	21.1831812
2876	1798	120.756995	21.1905493
2877	1799	120.798884	21.1979173
2878	1800	120.840767	21.2052854
2879	1800	120.882648	21.2126534
2880	1801	120.924528	21.2200215
2881	1801	120.966409	21.2273896
2882	1802	121	21.2347576
2883	1803	121.041889	21.2421257
2884	1803	121.083787	21.2494938
2885	1804	121.125693	21.2568618
2886	1805	121.167611	21.2642299
2887	1805	121.209542	21.2715979
2888	1806	121.251489	21.278966
2889	1807	121.293452	21.2863341
2890	1807	121.335434	21.2937021
2891	1808	121.377436	21.3010702
2892	1809	121.419462	21.3084383
2893	1809	121.461512	21.3158063
2894	1810	121.503589	21.3231744
2895	1811	121.545693	21.3305424
2896	1811	121.587827	21.3379105
2897	1812	121.629992	21.3452786
2898	1812	121.67219	21.3526466
2899	1813	121.714422	21.3600147
2900	1814	121.756689	21.3673828
2901	1815	121.798994	21.3747508
2902	1815	121.841336	21.3821189
2903	1816	121.883718	21.389487
2904	1816	121.92614	21.396855
2905	1817	121.968605	21.4042231
2906	1818	122	21.4115911
2907	1818	122.042538	21.4189592
2908	1819	122.085121	21.4263273
2909	1820	122.127749	21.4336953
2910	1821	122.170423	21.4410634
2911	1821	122.213142	21.4484315
2912	1822	122.255909	21.4557995
2913	1822	122.298723	21.4631676
2914	1823	122.341585	21.4705356
2915	1824	122.384494	21.4779037
2916	1824	122.427373	21.4852718
2917	1825	122.470204	21.4926398
2918	1826	122.512988	21.5000079
2919	1826	122.555725	21.507376
2920	1827	122.598418	21.514744
2921	1828	122.641065	21.5221121
2922	1828	122.683668	21.5294801
2923	1829	122.726229	21.5368482
2924	1830	122.768748	21.5442163
2925	1830	122.811226	21.5515843
2926	1831	122.853664	21.5589524
2927	1832	122.896064	21.5663205
2928	1832	122.938427	21.5736885
2929	1833	122.980755	21.5810566
2930	1834	123	21.5884247
2931	1834	123.042277	21.5957927
2932	1835	123.084522	21.6031608
2933	1836	123.126735	21.6105288
2934	1836	123.168918	21.6178969
2935	1837	123.211073	21.625265
2936	1838	123.253201	21.632633
2937	1838	123.295306	21.6400011
2938	1839	123.337388	21.6473692
2939	1840	123.379449	21.6547372
2940	1840	123.42149	21.6621053
2941	1841	123.463514	21.6694733
2942	1842	123.505523	21.6768414
2943	1842	123.547519	21.6842095
2944	1843	123.589503	21.6915775
2945	1844	123.63148	21.6989456
2946	1844	123.673449	21.7063137
2947	1845	123.715414	21.7136817
2948	1846	123.757374	21.7210498
2949	1846	123.799334	21.7284179
2950	1847	123.841294	21.7357859
2951	1847	123.883259	21.743154
2952	1848	123.925228	21.750522
2953	1849	123.967206	21.7578901
2954	1849	124	21.7652582
2955	1850	124.041996	21.7726262
2956	1851	124.084005	21.7799943
2957	1851	124.126029	21.7873624
2958	1852	124.168069	21.7947304
2959	1853	124.210128	21.8020985
2960	1854	124.252207	21.8094665
2961	1855	124.294309	21.8168346
2962	1856	124.336435	21.8242027
2963	1856	124.378587	21.8315707
2964	1857	124.420767	21.8389388
2965	1858	124.462977	21.8463069
2966	1858	124.505217	21.8536749
2967	1859	124.54749	21.861043
2968	1859	124.589797	21.868411
2969	1860	124.632139	21.8757791
2970	1861	124.674518	21.8831472
2971	1861	124.716936	21.8905152
2972	1862	124.759393	21.8978833
2973	1863	124.801891	21.9052514
2974	1863	124.84443	21.9126194
2975	1864	124.887011	21.9199875
2976	1865	124.929636	21.9273556
2977	1865	124.972306	21.9347236
2978	1866	125	21.9420917
2979	1867	125.042745	21.9494597
2980	1868	125.085536	21.9568278
2981	1868	125.128375	21.9641959
2982	1869	125.17126	21.9715639
2983	1869	125.214162	21.978932
2984	1870	125.257016	21.9863001
2985	1871	125.299821	21.9936681
2986	1871	125.342579	22.0010362
2987	1872	125.38529	22.0084042
2988	1873	125.427956	22.0157723
2989	1873	125.470575	22.0231404
2990	1874	125.51315	22.0305084
2991	1875	125.55568	22.0378765
2992	1875	125.598168	22.0452446
2993	1876	125.640614	22.0526126
2994	1877	125.683019	22.0599807
2995	1877	125.725384	22.0673487
2996	1878	125.767711	22.0747168
2997	1879	125.810001	22.0820849
2998	1879	125.852254	22.0894529
2999	1880	125.894473	22.096821
3000	1881	125.936659	22.1041891
3001	1881	125.978813	22.1115571
3002	1882	126	22.1189252
3003	1883	126.042107	22.1262933
3004	1883	126.084186	22.1336613
3005	1884	126.126238	22.1410294
3006	1885	126.168267	22.1483974
3007	1885	126.210272	22.1557655
3008	1886	126.252257	22.1631336
3009	1887	126.294221	22.1705016
3010	1887	126.336168	22.1778697
3011	1888	126.378099	22.1852378
3012	1889	126.420016	22.1926058
3013	1889	126.461923	22.1999739
3014	1890	126.503821	22.2073419
3015	1890	126.545711	22.21471
3016	1891	126.587596	22.2220781
3017	1892	126.629477	22.2294461
3018	1892	126.671356	22.2368142
3019	1893	126.713236	22.2441823
3020	1894	126.755119	22.2515503
3021	1894	126.797008	22.2589184
3022	1895	126.838902	22.2662865
3023	1896	126.880807	22.2736545
3024	1896	126.922722	22.2810226
3025	1897	126.964651	22.2883906
3026	1898	127	22.2957587
3027	1898	127.041957	22.3031268
3028	1899	127.083932	22.3104948
3029	1900	127.125927	22.3178629
3030	1900	127.167944	22.325231
3031	1901	127.209985	22.332599
3032	1901	127.252052	22.3399671
3033	1902	127.294146	22.3473351
3034	1903	127.33627	22.3547032
3035	1903	127.378424	22.3620713
3036	1904	127.420611	22.3694393
3037	1905	127.462831	22.3768074
3038	1905	127.505086	22.3841755
3039	1906	127.547378	22.3915435
3040	1907	127.589707	22.3989116
3041	1907	127.632075	22.4062796
3042	1908	127.674484	22.4136477
3043	1909	127.716935	22.4210158
3044	1909	127.759427	22.4283838
3045	1910	127.801962	22.4357519
3046	1911	127.844542	22.44312
3047	1911	127.887166	22.450488
3048	1912	127.929837	22.4578561
3049	1913	127.972553	22.4652242
3050	1913	128	22.4725922
3051	1914	128.042793	22.4799603
3052	1915	128.085634	22.4873283
3053	1915	128.128523	22.4946964
3054	1916	128.171422	22.5020645
3055	1917	128.214272	22.5094325
3056	1917	128.257076	22.5168006
3057	1918	128.299833	22.5241687
3058	1919	128.342544	22.5315367
3059	1919	128.385211	22.5389048
3060	1920	128.427833	22.5462728
3061	1921	128.470412	22.5536409
3062	1921	128.512949	22.561009
3063	1922	128.555444	22.568377
3064	1923	128.597899	22.5757451
3065	1923	128.640316	22.5831132
3066	1924	128.682694	22.5904812
3067	1925	128.725036	22.5978493
3068	1925	128.767343	22.6052174
3069	1926	128.809616	22.6125854
3070	1927	128.851857	22.6199535
3071	1927	128.894067	22.6273215
3072	1928	128.936246	22.6346896
3073	1928	128.978398	22.6420577
3074	1929	129	22.6494257
3075	1930	129.042113	22.6567938
3076	1931	129.084203	22.6641619
3077	1931	129.126271	22.6715299
3078	1932	129.16832	22.678898
3079	1933	129.21035	22.686266
3080	1933	129.252364	22.6936341
3081	1934	129.294364	22.7010022
3082	1934	129.336352	22.7083702
3083	1935	129.378332	22.7157383
3084	1936	129.420303	22.7231064
3085	1936	129.462269	22.7304744
3086	1937	129.50423	22.7378425
3087	1938	129.546189	22.7452105
3088	1938	129.588149	22.7525786
3089	1939	129.630111	22.7599467
3090	1940	129.672078	22.7673147
3091	1940	129.714052	22.7746828
3092	1941	129.756035	22.7820509
3093	1942	129.798029	22.7894189
3094	1942	129.840035	22.796787
3095	1943	129.882057	22.8041551
3096	1944	129.924094	22.8115231
3097	1944	129.96615	22.8188912
3098	1945	130	22.8262592
3099	1946	130.042094	22.8336273
3100	1946	130.084211	22.8409954
3101	1947	130.126354	22.8483634
3102	1948	130.168523	22.8557315
3103	1948	130.210722	22.8630996
3104	1949	130.252951	22.8704676
3105	1950	130.295213	22.8778357
3106	1950	130.337508	22.8852037
3107	1951	130.379838	22.8925718
3108	1952	130.422203	22.8999399
3109	1952	130.464608	22.9073079
3110	1953	130.50705	22.914676
3111	1954	130.549534	22.9220441
3112	1954	130.592058	22.9294121
3113	1955	130.634625	22.9367802
3114	1955	130.677234	22.9441482
3115	1956	130.719888	22.9515163
3116	1957	130.762586	22.9588844
3117	1957	130.805331	22.9662524
3118	1958	130.848121	22.9736205
3119	1959	130.890959	22.9809886
3120	1959	130.933843	22.9883566
3121	1960	130.976746	22.9957247
3122	1961	131	23.0030928
3123	1962	131.042827	23.0104608
3124	1962	131.085606	23.0178289
3125	1963	131.128338	23.0251969
3126	1963	131.171024	23.032565
3127	1964	131.213663	23.0399331
3128	1965	131.256258	23.0473011
3129	1965	131.298808	23.0546692
3130	1966	131.341315	23.0620373
3131	1967	131.38378	23.0694053
3132	1967	131.426203	23.0767734
3133	1968	131.468587	23.0841414
3134	1969	131.510931	23.0915095
3135	1969	131.553236	23.0988776
3136	1970	131.595506	23.1062456
3137	1971	131.637741	23.1136137
3138	1971	131.679941	23.1209818
3139	1972	131.722109	23.1283498
3140	1973	131.764246	23.1357179
3141	1973	131.806352	23.143086
3142	1974	131.84843	23.150454
3143	1975	131.890482	23.1578221
3144	1975	131.932509	23.1651901
3145	1976	131.974514	23.1725582
3146	1977	132	23.1799263
3147	1977	132.04197	23.1872943
3148	1978	132.083922	23.1946624
3149	1979	132.125857	23.2020305
3150	1979	132.167779	23.2093985
3151	1980	132.209689	23.2167666
3152	1981	132.251589	23.2241346
3153	1981	132.293482	23.2315027
3154	1982	132.335368	23.2388708
3155	1983	132.377249	23.2462388
3156	1983	132.419128	23.2536069
3157	1984	132.461007	23.260975
3158	1985	132.502888	23.268343
3159	1985	132.544774	23.2757111
3160	1986	132.586666	23.2830791
3161	1986	132.628566	23.2904472
3162	1987	132.670477	23.2978153
3163	1988	132.7124	23.3051833
3164	1988	132.754338	23.3125514
3165	1989	132.796291	23.3199195
3166	1990	132.838261	23.3272875
3167	1990	132.880252	23.3346556
3168	1991	132.922264	23.3420237
3169	1992	132.9643	23.3493917
3170	1992	133	23.3567598
3171	1993	133.042084	23.3641278
3172	1994	133.084197	23.3714959
3173	1994	133.12634	23.378864
3174	1995	133.168514	23.386232
3175	1996	133.210722	23.3936001
3176	1996	133.252964	23.4009682
3177	1997	133.295242	23.4083362
3178	1998	133.337558	23.4157043
3179	1998	133.379913	23.4230723
3180	1999	133.422307	23.4304404
3181	2000	133.464742	23.4378085
3182	2000	133.507219	23.4451765
3183	2001	133.549739	23.4525446
3184	2002	133.592302	23.4599127
3185	2002	133.63491	23.4672807
3186	2003	133.677564	23.4746488
3187	2004	133.720264	23.4820168
3188	2004	133.763011	23.4893849
3189	2005	133.805804	23.496753
3190	2006	133.848646	23.504121
3191	2006	133.891535	23.5114891
3192	2007	133.934433	23.5188572
3193	2007	133.977283	23.5262252
3194	2008	134	23.5335933
3195	2009	134.042778	23.5409614
3196	2010	134.085509	23.5483294
3197	2010	134.128196	23.5556975
3198	2011	134.170837	23.5630655
3199	2012	134.213435	23.5704336
3200	2012	134.25599	23.5778017
3201	2013	134.298503	23.5851697
3202	2014	134.340975	23.5925378
3203	2014	134.383409	23.5999059
3204	2015	134.425804	23.6072739
3205	2016	134.468163	23.614642
3206	2016	134.510485	23.62201
3207	2017	134.552773	23.6293781
3208	2018	134.595028	23.6367462
3209	2018	134.637252	23.6441142
3210	2019	134.679445	23.6514823
3211	2020	134.72161	23.6588504
3212	2020	134.763747	23.6662184
3213	2021	134.805859	23.6735865
3214	2022	134.847948	23.6809546
3215	2022	134.890017	23.6883226
3216	2023	134.932065	23.6956907
3217	2024	134.974094	23.7030587
3218	2024	135	23.7104268
3219	2025	135.042005	23.7177949
3220	2026	135.083997	23.7251629
3221	2026	135.12598	23.732531
3222	2027	135.167953	23.7398991
3223	2028	135.209921	23.7472671
3224	2028	135.251884	23.7546352
3225	2029	135.293843	23.7620032
3226	2030	135.335802	23.7693713
3227	2030	135.377764	23.7767394
3228	2031	135.419729	23.7841074
3229	2032	135.4617	23.7914755
3230	2032	135.503679	23.7988436
3231	2033	135.545668	23.8062116
3232	2034	135.58767	23.8135797
3233	2034	135.629686	23.8209477
3234	2035	135.671717	23.8283158
3235	2035	135.713766	23.8356839
3236	2036	135.755833	23.8430519
3237	2037	135.797923	23.85042
3238	2037	135.840036	23.8577881
3239	2038	135.882174	23.8651561
3240	2039	135.924339	23.8725242
3241	2039	135.966533	23.8798923
3242	2040	136	23.8872603
3243	2041	136.042249	23.8946284
3244	2042	136.084532	23.9019964
3245	2042	136.126849	23.9093645
3246	2043	136.169201	23.9167326
3247	2043	136.211592	23.9241006
3248	2044	136.254021	23.9314687
3249	2045	136.296489	23.9388368
3250	2046	136.338998	23.9462048
3251	2046	136.38155	23.9535729
3252	2047	136.424143	23.9609409
3253	2048	136.466781	23.968309
3254	2048	136.509463	23.9756771
3255	2049	136.552191	23.9830451
3256	2049	136.594964	23.9904132
3257	2050	136.637785	23.9977813
3258	2051	136.680652	24.0051493
3259	2051	136.723567	24.0125174
3260	2052	136.766439	24.0198855
3261	2053	136.809262	24.0272535
3262	2053	136.852037	24.0346216
3263	2054	136.894765	24.0419896
3264	2055	136.937447	24.0493577
3265	2055	136.980083	24.0567258
3266	2056	137	24.0640938
3267	2057	137.042569	24.0714619
3268	2057	137.085094	24.07883
3269	2058	137.127576	24.086198
3270	2059	137.170017	24.0935661
3271	2059	137.212417	24.1009341
3272	2060	137.254777	24.1083022
3273	2061	137.2971	24.1156703
3274	2061	137.339386	24.1230383
3275	2062	137.381635	24.1304064
3276	2063	137.423851	24.1377745
3277	2063	137.466033	24.1451425
3278	2064	137.508183	24.1525106
3279	2065	137.550303	24.1598786
3280	2065	137.592393	24.1672467
3281	2066	137.634457	24.1746148
3282	2067	137.676494	24.1819828
3283	2067	137.718509	24.1893509
3284	2068	137.760501	24.196719
3285	2069	137.802474	24.204087
3286	2069	137.844427	24.2114551
3287	2070	137.886364	24.2188232
3288	2071	137.928287	24.2261912
3289	2071	137.970198	24.2335593
3290	2072	138	24.2409273
3291	2073	138.041895	24.2482954
3292	2073	138.083783	24.2556635
3293	2074	138.125666	24.2630315
3294	2075	138.167546	24.2703996
3295	2075	138.209425	24.2777677
3296	2076	138.251305	24.2851357
3297	2077	138.293189	24.2925038
3298	2077	138.335078	24.2998718
3299	2078	138.376976	24.3072399
3300	2079	138.418882	24.314608
3301	2079	138.460802	24.321976
3302	2080	138.502734	24.3293441
3303	2081	138.544682	24.3367122
3304	2081	138.586646	24.3440802
3305	2082	138.62863	24.3514483
3306	2083	138.670635	24.3588163
3307	2083	138.712663	24.3661844
3308	2084	138.754715	24.3735525
3309	2085	138.796794	24.3809205
3310	2085	138.838901	24.3882886
3311	2086	138.881039	24.3956567
3312	2087	138.923207	24.4030247
3313	2087	138.965409	24.4103928
3314	2088	139	24.4177609
3315	2089	139.042265	24.4251289
3316	2089	139.084566	24.432497
3317	2090	139.126906	24.439865
3318	2091	139.169286	24.4472331
3319	2092	139.211706	24.4546012
3320	2092	139.254167	24.4619692
3321	2093	139.296671	24.4693373
3322	2094	139.339218	24.4767054
3323	2094	139.38181	24.4840734
3324	2095	139.424447	24.4914415
3325	2096	139.46713	24.4988095
3326	2096	139.509859	24.5061776
3327	2097	139.552636	24.5135457
3328	2098	139.595459	24.5209137
3329	2098	139.638331	24.5282818
3330	2099	139.681246	24.5356499
3331	2099	139.724114	24.5430179
3332	2100	139.766935	24.550386
3333	2101	139.809708	24.5577541
3334	2101	139.852435	24.5651221
3335	2102	139.895118	24.5724902
3336	2103	139.937755	24.5798582
3337	2103	139.980349	24.5872263
3338	2104	140	24.5945944
3339	2105	140.042531	24.6019624
3340	2106	140.08502	24.6093305
3341	2106	140.127471	24.6166986
3342	2107	140.169882	24.6240666
3343	2107	140.212256	24.6314347
3344	2108	140.254594	24.6388027
3345	2109	140.296898	24.6461708
3346	2109	140.339167	24.6535389
3347	2110	140.381404	24.6609069
3348	2111	140.42361	24.668275
3349	2111	140.465786	24.6756431
3350	2112	140.507935	24.6830111
3351	2113	140.550057	24.6903792
3352	2113	140.592156	24.6977472
3353	2114	140.634233	24.7051153
3354	2115	140.676289	24.7124834
3355	2115	140.718325	24.7198514
3356	2116	140.760345	24.7272195
3357	2117	140.80235	24.7345876
3358	2117	140.844342	24.7419556
3359	2118	140.886324	24.7493237
3360	2119	140.928298	24.7566918
3361	2119	140.970265	24.7640598
3362	2120	141	24.7714279
3363	2121	141.04196	24.7787959
3364	2121	141.083918	24.786164
3365	2122	141.125878	24.7935321
3366	2123	141.167841	24.8009001
3367	2123	141.209809	24.8082682
3368	2124	141.251785	24.8156363
3369	2125	141.29377	24.8230043
3370	2125	141.335767	24.8303724
3371	2126	141.377777	24.8377404
3372	2127	141.419802	24.8451085
3373	2127	141.461844	24.8524766
3374	2128	141.503905	24.8598446
3375	2129	141.545986	24.8672127
3376	2129	141.58809	24.8745808
3377	2130	141.63022	24.8819488
3378	2131	141.672375	24.8893169
3379	2131	141.714558	24.896685
3380	2132	141.756771	24.904053
3381	2133	141.799016	24.9114211
3382	2133	141.841292	24.9187891
3383	2134	141.883604	24.9261572
3384	2135	141.925951	24.9335253
3385	2135	141.968335	24.9408933
3386	2136	142	24.9482614
3387	2137	142.042453	24.9556295
3388	2137	142.084945	24.9629975
3389	2138	142.127479	24.9703656
3390	2139	142.170055	24.9777336
3391	2139	142.212675	24.9851017
3392	2140	142.255339	24.9924698
3393	2141	142.298048	24.9998378
3394	2141	142.340803	25.0072059
3395	2142	142.383605	25.014574
3396	2143	142.426453	25.021942
3397	2143	142.46935	25.0293101
3398	2144	142.51224	25.0366781
3399	2145	142.555081	25.0440462
3400	2145	142.597875	25.0514143
3401	2146	142.640621	25.0587823
3402	2147	142.68332	25.0661504
3403	2148	142.725974	25.0735185
3404	2148	142.768582	25.0808865
3405	2149	142.811145	25.0882546
3406	2149	142.853665	25.0956227
3407	2150	142.896142	25.1029907
3408	2151	142.938577	25.1103588
3409	2151	142.980972	25.1177268
3410	2152	143	25.1250949
3411	2153	143.042337	25.132463
3412	2154	143.084636	25.139831
3413	2154	143.126899	25.1471991
3414	2155	143.169127	25.1545672
3415	2156	143.211322	25.1619352
3416	2156	143.253484	25.1693033
3417	2157	143.295616	25.1766713
3418	2158	143.337717	25.1840394
3419	2158	143.379791	25.1914075
3420	2159	143.421838	25.1987755
3421	2160	143.463862	25.2061436
3422	2160	143.505863	25.2135117
3423	2161	143.547843	25.2208797
3424	2162	143.589803	25.2282478
3425	2162	143.631746	25.2356158
3426	2163	143.673673	25.2429839
3427	2163	143.715588	25.250352
3428	2164	143.757492	25.25772
3429	2165	143.799387	25.2650881
3430	2165	143.841275	25.2724562
3431	2166	143.883159	25.2798242
3432	2167	143.925038	25.2871923
3433	2167	143.966917	25.2945604
3434	2168	144	25.3019284
3435	2169	144.041882	25.3092965
3436	2169	144.083769	25.3166645
3437	2170	144.125663	25.3240326
3438	2171	144.167566	25.3314007
3439	2171	144.20948	25.3387687
3440	2172	144.251408	25.3461368
3441	2173	144.29335	25.3535049
3442	2173	144.335308	25.3608729
3443	2174	144.377285	25.368241
3444	2175	144.419282	25.375609
3445	2175	144.461302	25.3829771
3446	2176	144.503345	25.3903452
3447	2177	144.545415	25.3977132
3448	2177	144.587512	25.4050813
3449	2178	144.629639	25.4124494
3450	2179	144.671797	25.4198174
3451	2179	144.713987	25.4271855
3452	2180	144.756211	25.4345536
3453	2181	144.79847	25.4419216
3454	2182	144.840765	25.4492897
3455	2182	144.883099	25.4566577
3456	2183	144.925473	25.4640258
3457	2184	144.967886	25.4713939
3458	2184	145	25.4787619
3459	2185	145.042487	25.48613
3460	2186	145.085017	25.4934981
3461	2186	145.127591	25.5008661
3462	2187	145.17021	25.5082342
3463	2188	145.212875	25.5156022
3464	2188	145.255586	25.5229703
3465	2189	145.298344	25.5303384
3466	2190	145.341148	25.5377064
3467	2190	145.384001	25.5450745
3468	2191	145.426902	25.5524426
3469	2192	145.469788	25.5598106
3470	2192	145.512627	25.5671787
3471	2193	145.555419	25.5745467
3472	2194	145.598164	25.5819148
3473	2194	145.640864	25.5892829
3474	2195	145.683518	25.5966509
3475	2196	145.726128	25.604019
3476	2196	145.768696	25.6113871
3477	2197	145.811221	25.6187551
3478	2198	145.853705	25.6261232
3479	2199	145.896149	25.6334913
3480	2199	145.938555	25.6408593
3481	2200	145.980924	25.6482274
3482	2201	146	25.6555954
3483	2201	146.042316	25.6629635
3484	2202	146.084598	25.6703316
3485	2203	146.126847	25.6776996
3486	2203	146.169065	25.6850677
3487	2204	146.211251	25.6924358
3488	2205	146.25341	25.6998038
3489	2205	146.295542	25.7071719
3490	2206	146.337649	25.7145399
3491	2207	146.379734	25.721908
3492	2207	146.421797	25.7292761
3493	2208	146.463841	25.7366441
3494	2209	146.505866	25.7440122
3495	2209	146.547876	25.7513803
3496	2210	146.589873	25.7587483
3497	2211	146.631858	25.7661164
3498	2211	146.673834	25.7734844
3499	2212	146.715804	25.7808525
3500	2213	146.757767	25.7882206
3501	2213	146.799727	25.7955886
3502	2214	146.841685	25.8029567
3503	2215	146.883644	25.8103248
3504	2215	146.925606	25.8176928
3505	2216	146.967573	25.8250609
3506	2217	147	25.832429
3507	2218	147.041982	25.839797
3508	2218	147.083974	25.8471651
3509	2219	147.125979	25.8545331
3510	2220	147.167999	25.8619012
3511	2220	147.210034	25.8692693
3512	2221	147.252088	25.8766373
3513	2222	147.294162	25.8840054
3514	2222	147.336259	25.8913735
3515	2223	147.378379	25.8987415
3516	2224	147.420525	25.9061096
3517	2224	147.462698	25.9134776
3518	2225	147.504901	25.9208457
3519	2226	147.547135	25.9282138
3520	2226	147.5894	25.9355818
3521	2227	147.6317	25.9429499
3522	2228	147.674035	25.950318
3523	2228	147.716406	25.957686
3524	2229	147.758815	25.9650541
3525	2230	147.801265	25.9724222
3526	2230	147.843753	25.9797902
3527	2231	147.886284	25.9871583
3528	2232	147.928857	25.9945263
3529	2233	147.971473	26.0018944
3530	2233	148	26.0092625
3531	2234	148.042691	26.0166305
3532	2235	148.085427	26.0239986
3533	2235	148.12821	26.0313667
3534	2236	148.171039	26.0387347
3535	2237	148.213916	26.0461028
3536	2237	148.256825	26.0534708
3537	2238	148.299686	26.0608389
3538	2239	148.3425	26.068207
3539	2239	148.385265	26.075575
3540	2240	148.427984	26.0829431
3541	2241	148.470656	26.0903112
3542	2241	148.513282	26.0976792
3543	2242	148.555864	26.1050473
3544	2243	148.598401	26.1124153
3545	2243	148.640895	26.1197834
3546	2244	148.683347	26.1271515
3547	2245	148.725758	26.1345195
3548	2245	148.768129	26.1418876
3549	2246	148.810461	26.1492557
3550	2247	148.852756	26.1566237
3551	2247	148.895014	26.1639918
3552	2248	148.937238	26.1713599
3553	2249	148.979429	26.1787279
3554	2249	149	26.186096
3555	2250	149.042142	26.193464
3556	2251	149.084253	26.2008321
3557	2251	149.126336	26.2082002
3558	2252	149.168392	26.2155682
3559	2253	149.210424	26.2229363
3560	2253	149.252432	26.2303044
3561	2254	149.29442	26.2376724
3562	2255	149.336388	26.2450405
3563	2255	149.378337	26.2524085
3564	2256	149.42027	26.2597766
3565	2257	149.46219	26.2671447
3566	2257	149.504098	26.2745127
3567	2258	149.545996	26.2818808
3568	2259	149.587887	26.2892489
3569	2259	149.629772	26.2966169
3570	2260	149.671653	26.303985
3571	2261	149.713531	26.3113531
3572	2261	149.75541	26.3187211
3573	2262	149.797292	26.3260892
3574	2263	149.839178	26.3334572
3575	2263	149.881071	26.3408253
3576	2264	149.922972	26.3481934
3577	2265	149.964885	26.3555614
3578	2265	150	26.3629295
3579	2266	150.041937	26.3702976
3580	2267	150.08389	26.3776656
3581	2267	150.12586	26.3850337
3582	2268	150.167851	26.3924017
3583	2269	150.209863	26.3997698
3584	2269	150.251899	26.4071379
3585	2270	150.29396	26.4145059
3586	2271	150.336048	26.421874
3587	2271	150.378165	26.4292421
3588	2272	150.420313	26.4366101
3589	2273	150.462492	26.4439782
3590	2273	150.504705	26.4513462
3591	2274	150.546953	26.4587143
3592	2275	150.589236	26.4660824
3593	2275	150.631558	26.4734504
3594	2276	150.673918	26.4808185
3595	2277	150.716319	26.4881866
3596	2278	150.75876	26.4955546
3597	2278	150.801244	26.5029227
3598	2279	150.84377	26.5102908
3599	2280	150.886341	26.5176588
3600	2280	150.928956	26.5250269
3601	2281	150.971617	26.5323949
3602	2282	151	26.539763
3603	2282	151.042738	26.5471311
3604	2283	151.085523	26.5544991
3605	2284	151.128356	26.5618672
3606	2284	151.171237	26.5692353
3607	2285	151.214142	26.5766033
3608	2286	151.257	26.5839714
3609	2286	151.29981	26.5913394
3610	2287	151.342574	26.5987075
3611	2288	151.385292	26.6060756
3612	2288	151.427965	26.6134436
3613	2289	151.470593	26.6208117
3614	2290	151.513177	26.6281798
3615	2290	151.55572	26.6355478
3616	2291	151.598221	26.6429159
3617	2292	151.640682	26.6502839
3618	2292	151.683104	26.657652
3619	2293	151.725487	26.6650201
3620	2294	151.767834	26.6723881
3621	2295	151.810146	26.6797562
3622	2295	151.852424	26.6871243
3623	2296	151.894669	26.6944923
3624	2297	151.936883	26.7018604
3625	2297	151.979066	26.7092285
3626	2298	152	26.7165965
3627	2299	152.042142	26.7239646
3628	2299	152.084258	26.7313326
3629	2300	152.126352	26.7387007
3630	2301	152.168423	26.7460688
3631	2301	152.210474	26.7534368
3632	2302	152.252506	26.7608049
3633	2303	152.294522	26.768173
3634	2303	152.336524	26.775541
3635	2304	152.378514	26.7829091
3636	2305	152.420494	26.7902771
3637	2305	152.462466	26.7976452
3638	2306	152.504431	26.8050133
3639	2307	152.546392	26.8123813
3640	2307	152.588351	26.8197494
3641	2308	152.63031	26.8271175
3642	2308	152.67227	26.8344855
3643	2309	152.714236	26.8418536
3644	2310	152.756207	26.8492217
3645	2310	152.798188	26.8565897
3646	2311	152.840179	26.8639578
3647	2312	152.882182	26.8713258
3648	2313	152.9242	26.8786939
3649	2313	152.966233	26.886062
3650	2314	153	26.89343
3651	2315	153.042067	26.9007981
3652	2315	153.084156	26.9081662
3653	2316	153.126269	26.9155342
3654	2317	153.168406	26.9229023
3655	2317	153.21057	26.9302703
3656	2318	153.252763	26.9376384
3657	2319	153.294986	26.9450065
3658	2319	153.337241	26.9523745
3659	2320	153.37953	26.9597426
3660	2321	153.421853	26.9671107
3661	2322	153.464212	26.9744787
3662	2322	153.506609	26.9818468
3663	2323	153.549045	26.9892148
3664	2324	153.591521	26.9965829
3665	2324	153.634038	27.003951
3666	2325	153.676597	27.011319
3667	2326	153.719199	27.0186871
3668	2326	153.761844	27.0260552
3669	2327	153.804535	27.0334232
3670	2328	153.84727	27.0407913
3671	2328	153.890053	27.0481594
3672	2329	153.932882	27.0555274
3673	2330	153.975759	27.0628955
3674	2330	154	27.0702635
3675	2331	154.042882	27.0776316
3676	2332	154.085716	27.0849997
3677	2332	154.128502	27.0923677
3678	2333	154.171241	27.0997358
3679	2334	154.213933	27.1071039
3680	2334	154.256579	27.1144719
3681	2335	154.299181	27.12184
3682	2336	154.341738	27.129208
3683	2336	154.384251	27.1365761
3684	2337	154.426723	27.1439442
3685	2338	154.469152	27.1513122
3686	2338	154.511541	27.1586803
3687	2339	154.553891	27.1660484
3688	2340	154.596202	27.1734164
3689	2340	154.638477	27.1807845
3690	2341	154.680716	27.1881525
3691	2342	154.722922	27.1955206
3692	2342	154.765095	27.2028887
3693	2343	154.807236	27.2102567
3694	2344	154.849346	27.2176248
3695	2344	154.891428	27.2249929
3696	2345	154.933484	27.2323609
3697	2346	154.975514	27.239729
3698	2346	155	27.2470971
3699	2347	155.041994	27.2544651
3700	2348	155.083967	27.2618332
3701	2349	155.125922	27.2692012
3702	2349	155.16786	27.2765693
3703	2350	155.209784	27.2839374
3704	2351	155.251696	27.2913054
3705	2351	155.293598	27.2986735
3706	2352	155.335491	27.3060416
3707	2353	155.377378	27.3134096
3708	2353	155.419259	27.3207777
3709	2354	155.461138	27.3281457
3710	2355	155.503017	27.3355138
3711	2355	155.544897	27.3428819
3712	2356	155.586782	27.3502499
3713	2357	155.628672	27.357618
3714	2357	155.67057	27.3649861
3715	2358	155.712478	27.3723541
3716	2359	155.754399	27.3797222
3717	2359	155.796333	27.3870903
3718	2360	155.838283	27.3944583
3719	2361	155.88025	27.4018264
3720	2361	155.922237	27.4091944
3721	2362	155.964244	27.4165625
3722	2363	156	27.4239306
3723	2363	156.042052	27.4312986
3724	2364	156.084131	27.4386667
3725	2365	156.126238	27.4460348
3726	2365	156.168375	27.4534028
3727	2366	156.210544	27.4607709
3728	2367	156.252745	27.4681389
3729	2368	156.294981	27.475507
3730	2368	156.337253	27.4828751
3731	2369	156.379562	27.4902431
3732	2370	156.421909	27.4976112
3733	2370	156.464296	27.5049793
3734	2371	156.506723	27.5123473
3735	2372	156.549193	27.5197154
3736	2372	156.591705	27.5270834
3737	2373	156.634261	27.5344515
3738	2374	156.676861	27.5418196
3739	2375	156.719506	27.5491876
3740	2375	156.762198	27.5565557
3741	2376	156.804936	27.5639238
3742	2377	156.847722	27.5712918
3743	2377	156.890554	27.5786599
3744	2378	156.933435	27.586028
3745	2379	156.976341	27.593396
3746	2379	157	27.6007641
3747	2380	157.042832	27.6081321
3748	2381	157.085617	27.6155002
3749	2381	157.128355	27.6228683
3750	2382	157.171048	27.6302363
3751	2383	157.213696	27.6376044
3752	2383	157.256299	27.6449725
3753	2384	157.298861	27.6523405
3754	2385	157.34138	27.6597086
3755	2385	157.383859	27.6670766
3756	2386	157.426297	27.6744447
3757	2387	157.468698	27.6818128
3758	2387	157.511062	27.6891808
3759	2388	157.55339	27.6965489
3760	2389	157.595682	27.703917
3761	2389	157.637942	27.711285
3762	2390	157.68017	27.7186531
3763	2391	157.722368	27.7260212
3764	2391	157.764536	27.7333892
3765	2392	157.806677	27.7407573
3766	2393	157.848792	27.7481253
3767	2393	157.890885	27.7554934
3768	2394	157.932955	27.7628615
3769	2395	157.975006	27.7702295
3770	2395	158	27.7775976
3771	2396	158.042022	27.7849657
3772	2397	158.084028	27.7923337
3773	2398	158.126022	27.7997018
3774	2398	158.168006	27.8070698
3775	2399	158.20998	27.8144379
3776	2400	158.251948	27.821806
3777	2400	158.293912	27.829174
3778	2401	158.335872	27.8365421
3779	2401	158.377831	27.8439102
3780	2402	158.41979	27.8512782
3781	2403	158.461755	27.8586463
3782	2403	158.503724	27.8660143
3783	2404	158.545702	27.8733824
3784	2405	158.587689	27.8807505
3785	2406	158.629689	27.8881185
3786	2406	158.671701	27.8954866
3787	2407	158.713729	27.9028547
3788	2408	158.755774	27.9102227
3789	2408	158.797839	27.9175908
3790	2409	158.839924	27.9249589
3791	2410	158.882033	27.9323269
3792	2410	158.924166	27.939695
3793	2411	158.966327	27.947063
3794	2412	159	27.9544311
3795	2412	159.042213	27.9617992
3796	2413	159.084456	27.9691672
3797	2414	159.126733	27.9765353
3798	2414	159.169043	27.9839034
3799	2415	159.21139	27.9912714
3800	2416	159.253772	27.9986395
3801	2416	159.296194	28.0060075
3802	2417	159.338655	28.0133756
3803	2418	159.381157	28.0207437
3804	2418	159.423701	28.0281117
3805	2419	159.466287	28.0354798
3806	2420	159.508916	28.0428479
3807	2420	159.551591	28.0502159
3808	2421	159.59431	28.057584
3809	2422	159.637076	28.064952
3810	2422	159.679888	28.0723201
3811	2423	159.722748	28.0796882
3812	2424	159.765654	28.0870562
3813	2424	159.808533	28.0944243
3814	2425	159.851364	28.1017924
3815	2426	159.894146	28.1091604
3816	2427	159.936882	28.1165285
3817	2427	159.979571	28.1238966
3818	2428	160	28.1312646
