Iteration	CPUTime	PhysTime	Travels	Value	AvValue	MinValue	MaxValue	Delta	Criteria	Progress	dGMaxMin	CriteriaType	CriteriaVarType	CriteriaPercentage
1	1	0.00524655639	0.00736806302	101324.993	101324.993	101324.993	101324.993	0	0	0	0	0.524654	0	0	3
2	2	0.00819179626	0.014736126	101324.999	101324.996	101324.993	101324.999	0.00218404272	0	0	0	0.408421	0	0	3
3	2	0.0111375805	0.0221041891	101325	101324.997	101324.993	101325	0.00340466449	0	0	0	0.371821	0	0	3
4	3	0.0140968006	0.0294722521	101325	101324.998	101324.993	101325	0.00417318888	0	0	0	0.343961	0	0	3
5	3	0.017117596	0.0368403151	101325	101324.998	101324.993	101325	0.00469140362	0	0	0	0.318372	0	0	3
6	3	0.0220268933	0.0442083781	101325.001	101324.999	101324.993	101325.001	0.00524626576	0	0	0	0.311899	0	0	3
7	4	0.027407794	0.0515764412	101325.001	101324.999	101324.993	101325.001	0.00563639848	0	0	0	0.278053	0	0	3
8	5	0.0329551885	0.0589445042	101325.001	101324.999	101324.993	101325.001	0.00591655575	0	0	0	0.268147	0	0	3
9	5	0.0385542927	0.0663125672	101325.001	101324.999	101324.993	101325.001	0.00611887408	0	0	0	0.250023	0	0	3
10	5	0.0441768009	0.0736806302	101325.001	101325	101324.993	101325.001	0.00627468791	0	0	0	0.243287	0	0	3
11	6	0.0526406142	0.0810486932	101325.001	101325	101324.993	101325.001	0.00644692709	0	0	0	0.235758	0	0	3
12	7	0.0611697506	0.0884167563	101325.001	101325	101324.993	101325.001	0.00657377578	0	0	0	0.229306	0	0	3
13	7	0.0697371403	0.0957848193	101325.001	101325	101324.993	101325.001	0.0066732017	0	0	0	0.22369	0	0	3
14	8	0.0783533982	0.103152882	101325.001	101325	101324.993	101325.001	0.00675240123	0	0	0	0.219183	0	0	3
15	8	0.087027957	0.110520945	101325.001	101325	101324.993	101325.001	0.00681690028	0	0	0	0.215337	0	0	3
16	8	0.100106698	0.117889008	101325.001	101325	101324.993	101325.001	0.00689270181	0	0	0	0.211116	0	0	3
17	8	0.113275352	0.125257071	101325.001	101325	101324.993	101325.001	0.00694920596	0	0	0	0.207297	0	0	3
18	9	0.126539678	0.132625134	101325.001	101325	101324.993	101325.001	0.00699647785	0	0	0	0.204214	0	0	3
19	9	0.139903985	0.139993197	101325.001	101325	101324.993	101325.001	0.00703411951	0	0	0	0.201573	0	0	3
20	9	0.153333442	0.14736126	101325.001	101325	101324.993	101325.001	0.00706580865	0	0	0	0.199154	0	0	3
21	10	0.173578756	0.154729323	101325.001	101325	101324.993	101325.001	0.00710065878	0	0	0	0.196641	0	0	3
22	10	0.193970753	0.162097386	101325.001	101325	101324.993	101325.001	0.00713000797	0	0	0	0.194039	0	0	3
23	10	0.21450771	0.169465449	101325.001	101325.001	101324.993	101325.001	0.00715270377	0	0	0	0.191764	0	0	3
24	10	0.235151372	0.176833513	101325.001	101325.001	101324.993	101325.001	0.00716895176	0	0	0	0.189773	0	0	3
25	11	0.255886144	0.184201576	101325.001	101325.001	101324.993	101325.001	0.00718450535	0	0	0	0.188039	0	0	3
26	11	0.287116271	0.191569639	101325.001	101325.001	101324.993	101325.001	0.00719975273	0	0	0	0.186196	0	0	3
27	11	0.318517817	0.198937702	101325.001	101325.001	101324.993	101325.001	0.00721375573	0	0	0	0.1842	0	0	3
28	11	0.350069321	0.206305765	101325.001	101325.001	101324.993	101325.001	0.00722099474	0	0	0	0.182521	0	0	3
29	12	0.381753984	0.213673828	101325.001	101325.001	101324.993	101325.001	0.0072258586	0	0	0	0.181046	0	0	3
30	12	0.413541371	0.221041891	101325.001	101325.001	101324.993	101325.001	0.00723113336	0	0	0	0.179621	0	0	3
31	12	0.455496367	0.228409954	101325.001	101325.001	101324.993	101325.001	0.00723340978	0	0	0	0.178413	0	0	3
32	13	0.497554264	0.235778017	101325.001	101325.001	101324.993	101325.001	0.00723353293	0	0	0	0.177086	0	0	3
33	13	0.539695954	0.24314608	101325.001	101325.001	101324.993	101325.001	0.00723353293	0	0	0	0.175838	0	0	3
34	13	0.581903554	0.250514143	101325.001	101325.001	101324.993	101325.001	0.00723353293	0	0	0	0.174751	0	0	3
35	13	0.624161703	0.257882206	101325.001	101325.001	101324.993	101325.001	0.00723353293	0	0	0	0.173738	0	0	3
36	14	0.66645503	0.265250269	101325.001	101325.001	101324.993	101325.001	0.00723353293	0	0	0	0.172872	0	0	3
37	14	0.70876898	0.272618332	101325	101325.001	101324.993	101325.001	0.00723353293	0	0	0	0.172142	0	0	3
38	14	0.751087391	0.279986395	101325	101325.001	101324.993	101325.001	0.00723353293	0	0	0	0.171364	0	0	3
39	15	0.793399075	0.287354458	101325	101325.001	101324.993	101325.001	0.00723353293	0	0	0	0.170766	0	0	3
40	15	0.835690411	0.294722521	101325	101325.001	101324.993	101325.001	0.00723353293	0	0	0	0.170231	0	0	3
41	15	0.877949757	0.302090584	101325	101325.001	101324.993	101325.001	0.00723353293	0	0	0	0.169673	0	0	3
42	16	0.92016601	0.309458647	101325	101325.001	101324.993	101325.001	0.00723353293	0	0	0	0.169204	0	0	3
43	16	0.96233063	0.31682671	101325	101325.001	101324.993	101325.001	0.00723353293	0	0	0	0.168977	0	0	3
44	17	1	0.324194773	101325	101325.001	101324.993	101325.001	0.00723353293	0	0	0	0.168522	0	0	3
45	18	1.04204501	0.331562836	101325	101325.001	101324.993	101325.001	0.00723353293	0	0	0	0.168398	0	0	3
46	18	1.08401898	0.338930899	101325	101325.001	101324.993	101325.001	0.00723353293	0	0	0	0.168155	0	0	3
47	18	1.12592006	0.346298962	101325	101325	101324.993	101325.001	0.00723353293	0	0	0	0.167951	0	0	3
48	18	1.16774677	0.353667025	101325	101325	101324.993	101325.001	0.00723353293	0	0	0	0.167686	0	0	3
49	19	1.2095012	0.361035088	101325	101325	101324.993	101325.001	0.00723353293	0	0	0	0.167475	0	0	3
50	19	1.25118507	0.368403151	101325	101325	101324.993	101325.001	0.00723353293	0	0	0	0.167277	0	0	3
51	19	1.29280226	0.375771214	101325	101325	101324.993	101325.001	0.00723353293	0	0	0	0.167072	0	0	3
52	20	1.33435701	0.383139277	101325	101325	101324.993	101325.001	0.00723353293	0	0	0	0.166839	0	0	3
53	20	1.37585572	0.39050734	101325	101325	101324.993	101325.001	0.00723353293	0	0	0	0.16663	0	0	3
54	20	1.41730404	0.397875403	101325	101325	101324.993	101325.001	0.00723353293	0	0	0	0.166334	0	0	3
55	21	1.45870982	0.405243466	101325	101325	101324.993	101325.001	0.00723353293	0	0	0	0.166091	0	0	3
56	21	1.50008051	0.412611529	101325	101325	101324.993	101325.001	0.00723353293	0	0	0	0.165759	0	0	3
57	21	1.54142413	0.419979592	101325	101325	101324.993	101325.001	0.00723353293	0	0	0	0.165465	0	0	3
58	22	1.58274792	0.427347655	101325	101325	101324.993	101325.001	0.00723353293	0	0	0	0.165111	0	0	3
59	22	1.62405894	0.434715718	101325	101325	101324.993	101325.001	0.00723353293	0	0	0	0.164761	0	0	3
60	22	1.6653636	0.442083781	101325	101325	101324.993	101325.001	0.00723353293	0	0	0	0.164356	0	0	3
61	22	1.70666953	0.449451844	101325	101325	101324.993	101325.001	0.00723353293	0	0	0	0.164034	0	0	3
62	23	1.74798054	0.456819907	101325	101325	101324.993	101325.001	0.00723353293	0	0	0	0.163589	0	0	3
63	23	1.78930341	0.46418797	101325	101325	101324.993	101325.001	0.00723353293	0	0	0	0.163214	0	0	3
64	23	1.83064273	0.471556033	101325	101325	101324.993	101325.001	0.00723353293	0	0	0	0.162794	0	0	3
65	24	1.87200236	0.478924096	101325	101325	101324.993	101325.001	0.00723353293	0	0	0	0.162384	0	0	3
66	24	1.91338513	0.486292159	101325	101325	101324.993	101325.001	0.00723353293	0	0	0	0.161926	0	0	3
67	24	1.95479502	0.493660222	101325	101325	101324.993	101325.001	0.00723353293	0	0	0	0.161539	0	0	3
68	25	1.99623364	0.501028285	101325	101325	101324.993	101325.001	0.00723353293	0	0	0	0.161053	0	0	3
69	25	2	0.508396348	101325	101325	101324.999	101325.001	0.00132554609	0	0	0	0.161075	0	0	3
70	25	2.04147292	0.515764412	101325	101325	101325	101325.001	0.00118869798	0	0	0	0.160445	0	0	3
71	26	2.08298019	0.523132475	101325	101325	101325	101325.001	0.00118869798	0	0	0	0.160116	0	0	3
72	26	2.12452091	0.530500538	101325	101325	101325	101325.001	0.00118869798	0	0	0	0.159647	0	0	3
73	26	2.16609436	0.537868601	101325	101325	101325	101325.001	0.00118869798	0	0	0	0.159307	0	0	3
74	27	2.20770186	0.545236664	101325	101325	101325	101325.001	0.00118869798	0	0	0	0.158926	0	0	3
75	27	2.24934335	0.552604727	101325	101325	101325	101325.001	0.00118869798	0	0	0	0.158494	0	0	3
76	27	2.29101964	0.55997279	101325	101325	101325	101325.001	0.00111465885	0	0	0	0.158087	0	0	3
77	28	2.33272977	0.567340853	101325	101325	101325	101325.001	0.000958845019	0	0	0	0.157827	0	0	3
78	28	2.37447342	0.574708916	101325	101325	101325	101325.001	0.000786605844	0	0	0	0.157322	0	0	3
79	28	2.41625013	0.582076979	101325	101325	101325	101325.001	0.000659757148	0	0	0	0.157068	0	0	3
80	29	2.45805913	0.589445042	101325	101325	101325	101325.001	0.000560331231	0	0	0	0.156609	0	0	3
81	29	2.4998993	0.596813105	101325	101325	101325	101325.001	0.000481131705	0	0	0	0.156283	0	0	3
82	29	2.54177123	0.604181168	101325	101325	101325	101325.001	0.000416632654	0	0	0	0.155927	0	0	3
83	30	2.58367198	0.611549231	101325	101325	101325	101325.001	0.000408470063	0	0	0	0.155638	0	0	3
84	30	2.62560254	0.618917294	101325	101325	101325	101325.001	0.00042206081	0	0	0	0.155273	0	0	3
85	30	2.66755981	0.626285357	101325	101325	101325	101325.001	0.00043489653	0	0	0	0.154987	0	0	3
86	31	2.70954532	0.63365342	101324.999	101325	101324.999	101325.001	0.000448746243	0	0	0	0.154723	0	0	3
87	31	2.75155701	0.641021483	101325	101325	101324.999	101325.001	0.000462118565	0	0	0	0.154355	0	0	3
88	31	2.79359444	0.648389546	101324.999	101325	101324.999	101325.001	0.000476410933	0	0	0	0.1541	0	0	3
89	31	2.83565579	0.655757609	101324.999	101325	101324.999	101325.001	0.00049252811	0	0	0	0.153863	0	0	3
90	32	2.87774097	0.663125672	101324.999	101325	101324.999	101325.001	0.00050848184	0	0	0	0.153542	0	0	3
91	32	2.91984969	0.670493735	101324.999	101325	101324.999	101325.001	0.000525494921	0	0	0	0.153342	0	0	3
92	32	2.96198004	0.677861798	101324.999	101325	101324.999	101325.001	0.00054089418	0	0	0	0.153032	0	0	3
93	33	3	0.685229861	101324.999	101325	101324.999	101325.001	0.000557257692	0	0	0	0.152833	0	0	3
94	33	3.04217171	0.692597924	101324.999	101325	101324.999	101325.001	0.000576377191	0	0	0	0.152512	0	0	3
95	33	3.0843639	0.699965987	101324.999	101325	101324.999	101325.001	0.000596525933	0	0	0	0.152373	0	0	3
96	34	3.12657627	0.70733405	101324.999	101325	101324.999	101325.001	0.000616260499	0	0	0	0.152035	0	0	3
97	34	3.16880713	0.714702113	101324.999	101325	101324.999	101325.001	0.00063606129	0	0	0	0.151919	0	0	3
98	34	3.21105778	0.722070176	101324.999	101325	101324.999	101325.001	0.000656605655	0	0	0	0.151662	0	0	3
99	35	3.25332628	0.729438239	101324.999	101325	101324.999	101325.001	0.000678885379	0	0	0	0.151448	0	0	3
100	35	3.29561364	0.736806302	101324.999	101325	101324.999	101325.001	0.000700241595	0	0	0	0.151258	0	0	3
101	36	3.33791839	0.744174365	101324.999	101325	101324.999	101325.001	0.000720283962	0	0	0	0.151106	0	0	3
102	36	3.38024047	0.751542428	101324.999	101325	101324.999	101325.001	0.000740249947	0	0	0	0.150836	0	0	3
103	36	3.42257978	0.758910491	101324.999	101325	101324.999	101325.001	0.00075844604	0	0	0	0.150694	0	0	3
104	37	3.46493629	0.766278554	101324.999	101325	101324.999	101325	0.000774827218	0	0	0	0.150464	0	0	3
105	37	3.50730928	0.773646617	101324.999	101325	101324.999	101325	0.000791216531	0	0	0	0.150328	0	0	3
106	37	3.54969867	0.78101468	101324.999	101325	101324.999	101325	0.000807176097	0	0	0	0.150091	0	0	3
107	37	3.59210435	0.788382743	101324.999	101325	101324.999	101325	0.000822272195	0	0	0	0.149921	0	0	3
108	38	3.63452603	0.795750806	101324.999	101325	101324.999	101325	0.000837516855	0	0	0	0.149708	0	0	3
109	38	3.67696314	0.803118869	101324.999	101325	101324.999	101325	0.000852815778	0	0	0	0.149579	0	0	3
110	38	3.7194163	0.810486932	101324.999	101325	101324.999	101325	0.000866646355	0	0	0	0.149402	0	0	3
111	39	3.76188456	0.817854995	101324.999	101325	101324.999	101325	0.000881933753	0	0	0	0.149203	0	0	3
112	39	3.8043682	0.825223058	101324.999	101325	101324.999	101325	0.00089609962	0	0	0	0.149022	0	0	3
113	39	3.84686712	0.832591121	101324.999	101325	101324.999	101325	0.000909994007	0	0	0	0.148854	0	0	3
114	40	3.88938098	0.839959184	101324.999	101325	101324.999	101325	0.000923949076	0	0	0	0.14869	0	0	3
115	40	3.93190949	0.847327247	101324.999	101325	101324.999	101325	0.00093810563	0	0	0	0.14854	0	0	3
116	40	3.97445323	0.854695311	101324.999	101325	101324.999	101325	0.000953145311	0	0	0	0.148356	0	0	3
117	41	4	0.862063374	101324.999	101325	101324.999	101325	0.000962114835	0	0	0	0.148211	0	0	3
118	41	4.04256738	0.869431437	101324.999	101324.999	101324.999	101325	0.00097511214	0	0	0	0.148052	0	0	3
119	42	4.085149	0.8767995	101324.999	101324.999	101324.999	101325	0.000988327403	0	0	0	0.147964	0	0	3
120	42	4.12774504	0.884167563	101324.999	101324.999	101324.999	101325	0.00100121333	0	0	0	0.147717	0	0	3
121	42	4.17035474	0.891535626	101324.999	101324.999	101324.999	101325	0.00101499975	0	0	0	0.147639	0	0	3
122	43	4.21297858	0.898903689	101324.999	101324.999	101324.999	101325	0.00102812365	0	0	0	0.147438	0	0	3
123	43	4.25561586	0.906271752	101324.999	101324.999	101324.999	101325	0.00104153797	0	0	0	0.147297	0	0	3
124	43	4.29826703	0.913639815	101324.999	101324.999	101324.999	101325	0.00105486624	0	0	0	0.147152	0	0	3
125	44	4.34093168	0.921007878	101324.999	101324.999	101324.999	101325	0.00106782767	0	0	0	0.146989	0	0	3
126	44	4.38360945	0.928375941	101324.999	101324.999	101324.999	101325	0.00108084096	0	0	0	0.146838	0	0	3
127	44	4.42630041	0.935744004	101324.999	101324.999	101324.999	101325	0.00109491276	0	0	0	0.146725	0	0	3
128	45	4.46900431	0.943112067	101324.999	101324.999	101324.999	101325	0.00110709091	0	0	0	0.146488	0	0	3
129	45	4.51172076	0.95048013	101324.999	101324.999	101324.999	101325	0.00111989731	0	0	0	0.146439	0	0	3
130	45	4.55445052	0.957848193	101324.999	101324.999	101324.999	101325	0.001132876	0	0	0	0.146228	0	0	3
131	46	4.59719232	0.965216256	101324.999	101324.999	101324.999	101325	0.00114528093	0	0	0	0.146112	0	0	3
132	46	4.63994682	0.972584319	101324.998	101324.999	101324.998	101325	0.00115783798	0	0	0	0.145964	0	0	3
133	46	4.68271281	0.979952382	101324.999	101324.999	101324.998	101325	0.00117019501	0	0	0	0.145821	0	0	3
134	47	4.72549144	0.987320445	101324.998	101324.999	101324.998	101325	0.0011915772	0	0	0	0.145667	0	0	3
135	47	4.76828126	0.994688508	101324.998	101324.999	101324.998	101325	0.00121277096	0	0	0	0.145549	0	0	3
136	47	4.81108273	1.00205657	101324.998	101324.999	101324.998	101325	0.0012346549	0.00101324998	0	0	0.145411	0	0	3
137	48	4.85389566	1.00942463	101324.998	101324.999	101324.998	101325	0.00123829194	0.00101324998	0	0	0.14528	0	0	3
138	48	4.89672033	1.0167927	101324.998	101324.999	101324.998	101325	0.00125140001	0.00101324998	0	0	0.145132	0	0	3
139	48	4.93955572	1.02416076	101324.998	101324.999	101324.998	101325	0.001262602	0.00101324998	0	0	0.145021	0	0	3
140	49	4.98240226	1.03152882	101324.998	101324.999	101324.998	101325	0.00127299914	0.00101324998	0	0	0.144846	0	0	3
141	49	5	1.03889689	101324.998	101324.999	101324.998	101325	0.00127800943	0.00101324998	0	0	0.144828	0	0	3
142	49	5.0428622	1.04626495	101324.998	101324.999	101324.998	101325	0.00128856572	0.00101324998	0	0	0.144652	0	0	3
143	50	5.08573479	1.05363301	101324.998	101324.999	101324.998	101325	0.00129937992	0.00101324998	0	0	0.144558	0	0	3
144	50	5.12861754	1.06100108	101324.998	101324.999	101324.998	101325	0.00130817662	0.00101324998	0	0	0.144409	0	0	3
145	50	5.17151046	1.06836914	101324.998	101324.999	101324.998	101325	0.00131822018	0.00101324998	0	0	0.144303	0	0	3
146	51	5.21441296	1.0757372	101324.998	101324.999	101324.998	101325	0.00132686668	0.00101324998	0	0	0.144174	0	0	3
147	51	5.25732548	1.08310526	101324.998	101324.999	101324.998	101325	0.00133525699	0.00101324998	0	0	0.144057	0	0	3
148	51	5.30024774	1.09047333	101324.998	101324.999	101324.998	101325	0.00134459128	0.00101324998	0	0	0.143954	0	0	3
149	52	5.3431793	1.09784139	101324.998	101324.999	101324.998	101325	0.00132803385	0.00101324998	0	0	0.143826	0	0	3
150	52	5.38612053	1.10520945	101324.998	101324.999	101324.998	101325	0.00132557131	0.00101324998	0	0	0.143693	0	0	3
151	52	5.42907095	1.11257752	101324.998	101324.999	101324.998	101325	0.00131812038	0.00101324998	0	0	0.143599	0	0	3
152	53	5.47203061	1.11994558	101324.998	101324.999	101324.998	101325	0.00133213933	0.00101324998	0	0	0.143455	0	0	3
153	53	5.51499869	1.12731364	101324.998	101324.999	101324.998	101325	0.00127022895	0.00101324998	0	0	0.143356	0	0	3
154	53	5.55797599	1.13468171	101324.998	101324.999	101324.998	101325	0.00128430608	0.00101324998	0	0	0.143211	0	0	3
155	54	5.60096159	1.14204977	101324.998	101324.999	101324.998	101324.999	0.0012450705	0.00101324998	0	0	0.143158	0	0	3
156	54	5.64395593	1.14941783	101324.998	101324.999	101324.998	101324.999	0.00120498163	0.00101324998	0	0	0.142983	0	0	3
157	54	5.68695873	1.15678589	101324.998	101324.999	101324.998	101324.999	0.0012253079	0.00101324998	0	0	0.142922	0	0	3
158	55	5.72997004	1.16415396	101324.998	101324.999	101324.998	101324.999	0.00121600047	0.00101324998	0	0	0.142768	0	0	3
159	55	5.7729889	1.17152202	101324.998	101324.999	101324.998	101324.999	0.00122020952	0.00101324998	0	0	0.142712	0	0	3
160	55	5.8160164	1.17889008	101324.998	101324.999	101324.998	101324.999	0.00113478312	0.00101324998	0	0	0.142572	0	0	3
161	55	5.85905149	1.18625815	101324.998	101324.999	101324.998	101324.999	0.00113852846	0.00101324998	0	0	0.142482	0	0	3
162	56	5.90209458	1.19362621	101324.998	101324.999	101324.998	101324.999	0.00107701392	0.00101324998	0	0	0.14233	0	0	3
163	57	5.94514517	1.20099427	101324.998	101324.999	101324.998	101324.999	0.00107089763	0.00101324998	0	0	0.14227	0	0	3
164	57	5.9882039	1.20836234	101324.998	101324.999	101324.998	101324.999	0.00109050417	0.00101324998	0	0	0.142144	0	0	3
165	57	6	1.2157304	101324.998	101324.999	101324.998	101324.999	0.00105915101	0.00101324998	0	0	0.142076	0	0	3
166	58	6.0430682	1.22309846	101324.998	101324.999	101324.998	101324.999	0.00105915101	0.00101324998	0	0	0.141976	0	0	3
167	58	6.08614364	1.23046652	101324.998	101324.999	101324.998	101324.999	0.00100140784	0.00101324998	0	0	0.141932	0	0	3
168	58	6.12922644	1.23783459	101324.998	101324.999	101324.998	101324.999	0.00100877162	0.00101324998	0	0	0.141837	0	0	3
169	59	6.17231596	1.24520265	101324.998	101324.998	101324.998	101324.999	0.00103517534	0.00101324998	0	0	0.141808	0	0	3
170	59	6.21541254	1.25257071	101324.998	101324.998	101324.998	101324.999	0.000997826661	0.00101324998	0	0	0.141666	0	0	3
171	59	6.2585164	1.25993878	101324.998	101324.998	101324.998	101324.999	0.00102057261	0.00101324998	0	0	0.141666	0	0	3
172	60	6.30162697	1.26730684	101324.998	101324.998	101324.998	101324.999	0.000989665146	0.00101324998	0	0	0.141536	0	0	3
173	60	6.34474433	1.2746749	101324.998	101324.998	101324.998	101324.999	0.000989665146	0.00101324998	0	0	0.141513	0	0	3
174	60	6.38786849	1.28204297	101324.998	101324.998	101324.998	101324.999	0.000961226004	0.00101324998	0	0	0.141378	0	0	3
175	61	6.43099949	1.28941103	101324.998	101324.998	101324.998	101324.999	0.000948003857	0.00101324998	0	0	0.14136	0	0	3
176	61	6.47413721	1.29677909	101324.998	101324.998	101324.998	101324.999	0.000958634555	0.00101324998	0	0	0.141255	0	0	3
177	61	6.51728111	1.30414715	101324.998	101324.998	101324.998	101324.999	0.000929687609	0.00101324998	0	0	0.14121	0	0	3
178	62	6.56043176	1.31151522	101324.998	101324.998	101324.998	101324.999	0.000932318828	0.00101324998	0	0	0.141103	0	0	3
179	62	6.60358868	1.31888328	101324.998	101324.998	101324.998	101324.999	0.000913097945	0.00101324998	0	0	0.141062	0	0	3
180	62	6.64675233	1.32625134	101324.998	101324.998	101324.998	101324.999	0.000926159453	0.00101324998	0	0	0.140971	0	0	3
181	62	6.6899219	1.33361941	101324.998	101324.998	101324.998	101324.999	0.000896229234	0.00101324998	0	0	0.140928	0	0	3
182	63	6.73309796	1.34098747	101324.998	101324.998	101324.998	101324.999	0.000919041442	0.00101324998	0	0	0.140838	0	0	3
183	63	6.77627977	1.34835553	101324.998	101324.998	101324.998	101324.999	0.000894921162	0.00101324998	0	0	0.140792	0	0	3
184	63	6.81946799	1.3557236	101324.998	101324.998	101324.998	101324.999	0.000894921162	0.00101324998	0	0	0.140682	0	0	3
185	64	6.8626623	1.36309166	101324.998	101324.998	101324.998	101324.999	0.000899288512	0.00101324998	0	0	0.140667	0	0	3
186	64	6.90586263	1.37045972	101324.998	101324.998	101324.998	101324.999	0.000874782083	0.00101324998	0	0	0.140554	0	0	3
187	64	6.94906886	1.37782779	101324.998	101324.998	101324.998	101324.999	0.000885657922	0.00101324998	0	0	0.140517	0	0	3
188	65	6.99228137	1.38519585	101324.998	101324.998	101324.998	101324.999	0.000862136454	0.00101324998	0	0	0.140431	0	0	3
189	65	7	1.39256391	101324.998	101324.998	101324.998	101324.999	0.000931706949	0.00101324998	0	0	0.140454	0	0	3
190	65	7.04321954	1.39993197	101324.998	101324.998	101324.998	101324.999	0.000931706949	0.00101324998	0	0	0.140308	0	0	3
191	66	7.08644489	1.40730004	101324.998	101324.998	101324.998	101324.999	0.000900074199	0.00101324998	0	0	0.140272	0	0	3
192	66	7.12967606	1.4146681	101324.998	101324.998	101324.998	101324.999	0.000884662324	0.00101324998	0	0	0.140207	0	0	3
193	66	7.17291228	1.42203616	101324.998	101324.998	101324.998	101324.999	0.000876374048	0.00101324998	0	0	0.140171	0	0	3
194	67	7.2161546	1.42940423	101324.998	101324.998	101324.998	101324.999	0.00087294374	0.00101324998	0	0	0.140094	0	0	3
195	67	7.2594023	1.43677229	101324.998	101324.998	101324.998	101324.999	0.00087294374	0.00101324998	0	0	0.140055	0	0	3
196	67	7.30265616	1.44414035	101324.998	101324.998	101324.998	101324.999	0.000816213389	0.00101324998	0	0	0.139986	0	0	3
197	68	7.34591518	1.45150842	101324.998	101324.998	101324.998	101324.999	0.000813141101	0.00101324998	0	0	0.139929	0	0	3
198	68	7.38918048	1.45887648	101324.998	101324.998	101324.998	101324.999	0.000819036635	0.00101324998	0	0	0.139865	0	0	3
199	68	7.43245089	1.46624454	101324.998	101324.998	101324.998	101324.999	0.000808745128	0.00101324998	0	0	0.139802	0	0	3
200	69	7.47572761	1.4736126	101324.998	101324.998	101324.998	101324.999	0.00084411136	0.00101324998	0	0	0.139749	0	0	3
201	70	7.51900924	1.48098067	101324.998	101324.998	101324.998	101324.998	0.000783522584	0.00101324998	0	0	0.139699	0	0	3
202	70	7.56229675	1.48834873	101324.998	101324.998	101324.998	101324.998	0.000778785921	0.00101324998	0	0	0.139611	0	0	3
203	70	7.60558963	1.49571679	101324.998	101324.998	101324.998	101324.998	0.000779459559	0.00101324998	0	0	0.139574	0	0	3
204	71	7.64888839	1.50308486	101324.998	101324.998	101324.998	101324.998	0.000779459559	0.00101324998	0	0	0.139475	0	0	3
205	71	7.69219276	1.51045292	101324.998	101324.998	101324.998	101324.998	0.000783716125	0.00101324998	0	0	0.139471	0	0	3
206	71	7.73550256	1.51782098	101324.998	101324.998	101324.998	101324.998	0.000783716125	0.00101324998	0	0	0.139359	0	0	3
207	72	7.77881791	1.52518905	101324.998	101324.998	101324.998	101324.998	0.000790306818	0.00101324998	0	0	0.139339	0	0	3
208	72	7.82213893	1.53255711	101324.998	101324.998	101324.998	101324.998	0.000752802822	0.00101324998	0	0	0.139244	0	0	3
209	72	7.86546537	1.53992517	101324.998	101324.998	101324.998	101324.998	0.000752802822	0.00101324998	0	0	0.139215	0	0	3
210	73	7.90879761	1.54729323	101324.998	101324.998	101324.998	101324.998	0.000772877116	0.00101324998	0	0	0.139143	0	0	3
211	73	7.9521349	1.5546613	101324.998	101324.998	101324.998	101324.998	0.000772877116	0.00101324998	0	0	0.139101	0	0	3
212	73	7.99547798	1.56202936	101324.998	101324.998	101324.998	101324.998	0.000744456891	0.00101324998	0	0	0.139011	0	0	3
213	74	8	1.56939742	101324.998	101324.998	101324.998	101324.998	0.000762809417	0.00101324998	0	0	0.13898	0	0	3
214	74	8.0433497	1.57676549	101324.998	101324.998	101324.998	101324.998	0.00074005338	0.00101324998	0	0	0.138839	0	0	3
215	74	8.08670547	1.58413355	101324.998	101324.998	101324.998	101324.998	0.000715142989	0.00101324998	0	0	0.138834	0	0	3
216	75	8.13006644	1.59150161	101324.998	101324.998	101324.998	101324.998	0.000737821741	0.00101324998	0	0	0.138793	0	0	3
217	75	8.17343193	1.59886968	101324.998	101324.998	101324.998	101324.998	0.000723920122	0.00101324998	0	0	0.138782	0	0	3
218	75	8.21680302	1.60623774	101324.998	101324.998	101324.998	101324.998	0.000702648656	0.00101324998	0	0	0.138708	0	0	3
219	76	8.26017925	1.6136058	101324.998	101324.998	101324.998	101324.998	0.000700544508	0.00101324998	0	0	0.13869	0	0	3
220	76	8.30356134	1.62097386	101324.998	101324.998	101324.998	101324.998	0.000714566908	0.00101324998	0	0	0.138595	0	0	3
221	76	8.34694895	1.62834193	101324.998	101324.998	101324.998	101324.998	0.000703236932	0.00101324998	0	0	0.138589	0	0	3
222	77	8.39034226	1.63570999	101324.998	101324.998	101324.998	101324.998	0.000715880247	0.00101324998	0	0	0.138496	0	0	3
223	77	8.43374093	1.64307805	101324.997	101324.998	101324.997	101324.998	0.000721807388	0.00101324997	0	0	0.138473	0	0	3
224	78	8.47714539	1.65044612	101324.997	101324.998	101324.997	101324.998	0.000706899882	0.00101324997	0	0	0.138398	0	0	3
225	78	8.52055487	1.65781418	101324.997	101324.998	101324.997	101324.998	0.000702949474	0.00101324997	0	0	0.138351	0	0	3
226	78	8.5639704	1.66518224	101324.997	101324.998	101324.997	101324.998	0.000698740419	0.00101324997	0	0	0.138275	0	0	3
227	79	8.60739122	1.67255031	101324.997	101324.998	101324.997	101324.998	0.00068286297	0.00101324997	0	0	0.138246	0	0	3
228	79	8.65081785	1.67991837	101324.997	101324.998	101324.997	101324.998	0.000700724166	0.00101324997	0	0	0.138169	0	0	3
229	79	8.69424964	1.68728643	101324.997	101324.998	101324.997	101324.998	0.000700724166	0.00101324997	0	0	0.138132	0	0	3
230	80	8.73768731	1.69465449	101324.997	101324.998	101324.997	101324.998	0.000695246461	0.00101324997	0	0	0.138057	0	0	3
231	80	8.78113017	1.70202256	101324.997	101324.998	101324.997	101324.998	0.000687887441	0.00101324997	0	0	0.138013	0	0	3
232	80	8.82457907	1.70939062	101324.997	101324.998	101324.997	101324.998	0.000709757936	0.00101324997	0	0	0.137939	0	0	3
233	81	8.8680333	1.71675868	101324.997	101324.998	101324.997	101324.998	0.000685646126	0.00101324997	0	0	0.137911	0	0	3
234	81	8.91149337	1.72412675	101324.997	101324.998	101324.997	101324.998	0.000684611994	0.00101324997	0	0	0.137836	0	0	3
235	81	8.95495867	1.73149481	101324.997	101324.998	101324.997	101324.998	0.000705254992	0.00101324997	0	0	0.137812	0	0	3
236	82	8.99842964	1.73886287	101324.997	101324.998	101324.997	101324.998	0.000705254992	0.00101324997	0	0	0.137718	0	0	3
237	82	9	1.74623094	101324.997	101324.998	101324.997	101324.998	0.000789233542	0.00101324997	0	0	0.151269	0	0	3
238	83	9.04347699	1.753599	101324.997	101324.998	101324.997	101324.998	0.000783038908	0.00101324997	0	0	0.146848	0	0	3
239	83	9.08696053	1.76096706	101324.997	101324.998	101324.997	101324.998	0.000778536079	0.00101324997	0	0	0.144903	0	0	3
240	83	9.13044956	1.76833513	101324.997	101324.998	101324.997	101324.998	0.000774684144	0.00101324997	0	0	0.143193	0	0	3
241	84	9.17394229	1.77570319	101324.997	101324.998	101324.997	101324.998	0.0007706779	0.00101324997	0	0	0.142295	0	0	3
242	84	9.21744097	1.78307125	101324.997	101324.998	101324.997	101324.998	0.000766950936	0.00101324997	0	0	0.141063	0	0	3
243	84	9.26094352	1.79043931	101324.997	101324.998	101324.997	101324.998	0.000762770724	0.00101324997	0	0	0.140467	0	0	3
244	85	9.30445199	1.79780738	101324.997	101324.998	101324.997	101324.998	0.00075865617	0.00101324997	0	0	0.139394	0	0	3
245	85	9.34796521	1.80517544	101324.997	101324.998	101324.997	101324.998	0.000755139816	0.00101324997	0	0	0.138904	0	0	3
246	85	9.39148475	1.8125435	101324.997	101324.998	101324.997	101324.998	0.000751781321	0.00101324997	0	0	0.137944	0	0	3
247	86	9.43500911	1.81991157	101324.997	101324.998	101324.997	101324.998	0.00074789222	0.00101324997	0	0	0.137569	0	0	3
248	86	9.47853984	1.82727963	101324.997	101324.998	101324.997	101324.998	0.000744231598	0.00101324997	0	0	0.137334	0	0	3
249	86	9.52207544	1.83464769	101324.997	101324.998	101324.997	101324.998	0.000741034455	0.00101324997	0	0	0.137354	0	0	3
250	87	9.56561699	1.84201576	101324.997	101324.998	101324.997	101324.998	0.000737633687	0.00101324997	0	0	0.137283	0	0	3
251	87	9.60916339	1.84938382	101324.997	101324.998	101324.997	101324.998	0.000735184251	0.00101324997	0	0	0.137295	0	0	3
252	88	9.65271556	1.85675188	101324.997	101324.998	101324.997	101324.998	0.000734912363	0.00101324997	0	0	0.137231	0	0	3
253	88	9.69627264	1.86411994	101324.997	101324.998	101324.997	101324.998	0.000731743188	0.00101324997	0	0	0.137236	0	0	3
254	89	9.73983542	1.87148801	101324.997	101324.998	101324.997	101324.998	0.000728972853	0.00101324997	0	0	0.137169	0	0	3
255	89	9.7834032	1.87885607	101324.997	101324.998	101324.997	101324.998	0.000726106475	0.00101324997	0	0	0.137194	0	0	3
256	89	9.82697643	1.88622413	101324.997	101324.997	101324.997	101324.998	0.000728004859	0.00101324997	0	0	0.137127	0	0	3
257	90	9.87055459	1.8935922	101324.997	101324.997	101324.997	101324.998	0.000721686374	0.00101324997	0	0	0.137135	0	0	3
258	90	9.91413822	1.90096026	101324.997	101324.997	101324.997	101324.998	0.000719055068	0.00101324997	0	0	0.137066	0	0	3
259	90	9.95772671	1.90832832	101324.997	101324.997	101324.997	101324.998	0.000716408191	0.00101324997	0	0	0.137078	0	0	3
260	91	10	1.91569639	101324.997	101324.997	101324.997	101324.998	0.000713680944	0.00101324997	0	0	0.137024	0	0	3
261	91	10.0435985	1.92306445	101324.997	101324.997	101324.997	101324.998	0.000711712535	0.00101324997	0	0	0.137045	0	0	3
262	92	10.087202	1.93043251	101324.997	101324.997	101324.997	101324.998	0.000709720058	0.00101324997	0	0	0.136975	0	0	3
263	92	10.1308103	1.93780057	101324.997	101324.997	101324.997	101324.998	0.000707169136	0.00101324997	0	0	0.136995	0	0	3
264	92	10.1744236	1.94516864	101324.997	101324.997	101324.997	101324.998	0.000705359227	0.00101324997	0	0	0.136937	0	0	3
265	92	10.2180416	1.9525367	101324.997	101324.997	101324.997	101324.998	0.00070359715	0.00101324997	0	0	0.136948	0	0	3
266	93	10.2616644	1.95990476	101324.997	101324.997	101324.997	101324.998	0.000701433819	0.00101324997	0	0	0.136877	0	0	3
267	93	10.3052917	1.96727283	101324.997	101324.997	101324.997	101324.998	0.000700109827	0.00101324997	0	0	0.136903	0	0	3
268	93	10.348924	1.97464089	101324.997	101324.997	101324.997	101324.998	0.000697367155	0.00101324997	0	0	0.13684	0	0	3
269	94	10.3925606	1.98200895	101324.997	101324.997	101324.997	101324.998	0.000696345945	0.00101324997	0	0	0.13687	0	0	3
270	94	10.4362019	1.98937702	101324.997	101324.997	101324.997	101324.998	0.000694997085	0.00101324997	0	0	0.136802	0	0	3
271	94	10.4798473	1.99674508	101324.997	101324.997	101324.997	101324.998	0.000693956041	0.00101324997	0	0	0.13681	0	0	3
272	102	10.5234973	2.00411314	101324.997	101324.997	101324.997	101324.998	0.000692039685	0.00101324997	0	0	0.13675	0	0	3
273	102	10.5671515	2.0114812	101324.997	101324.997	101324.997	101324.998	0.000690965913	0.00101324997	0	0	0.136772	0	0	3
274	103	10.6108103	2.01884927	101324.997	101324.997	101324.997	101324.998	0.000689703447	0.00101324997	0	0	0.136712	0	0	3
275	103	10.654473	2.02621733	101324.997	101324.997	101324.997	101324.998	0.000688144282	0.00101324997	0	0	0.136726	0	0	3
276	104	10.69814	2.03358539	101324.997	101324.997	101324.997	101324.998	0.000691035923	0.00101324997	0	0	0.136667	0	0	3
277	104	10.7418109	2.04095346	101324.997	101324.997	101324.997	101324.998	0.000689849287	0.00101324997	0	0	0.136685	0	0	3
278	105	10.7854859	2.04832152	101324.997	101324.997	101324.997	101324.998	0.000688933302	0.00101324997	0	0	0.136625	0	0	3
279	105	10.8291644	2.05568958	101324.997	101324.997	101324.997	101324.998	0.000687733482	0.00101324997	0	0	0.136633	0	0	3
280	106	10.8728471	2.06305765	101324.997	101324.997	101324.997	101324.998	0.000691973517	0.00101324997	0	0	0.136587	0	0	3
281	106	10.9165331	2.07042571	101324.997	101324.997	101324.997	101324.998	0.000686073807	0.00101324997	0	0	0.136586	0	0	3
282	107	10.9602232	2.07779377	101324.997	101324.997	101324.997	101324.998	0.000685803228	0.00101324997	0	0	0.136544	0	0	3
283	107	11	2.08516184	101324.997	101324.997	101324.997	101324.998	0.000684206258	0.00101324997	0	0	0.136538	0	0	3
284	108	11.043697	2.0925299	101324.997	101324.997	101324.997	101324.998	0.000683538849	0.00101324997	0	0	0.136499	0	0	3
285	108	11.0873967	2.09989796	101324.997	101324.997	101324.997	101324.998	0.000682131023	0.00101324997	0	0	0.136494	0	0	3
286	109	11.1311003	2.10726602	101324.997	101324.997	101324.997	101324.998	0.000682441518	0.00101324997	0	0	0.13646	0	0	3
287	109	11.1748064	2.11463409	101324.997	101324.997	101324.997	101324.998	0.000681955949	0.00101324997	0	0	0.136456	0	0	3
288	110	11.218515	2.12200215	101324.997	101324.997	101324.997	101324.998	0.000680999656	0.00101324997	0	0	0.1364	0	0	3
289	110	11.2622252	2.12937021	101324.997	101324.997	101324.997	101324.998	0.000680405268	0.00101324997	0	0	0.13641	0	0	3
290	111	11.3059379	2.13673828	101324.997	101324.997	101324.997	101324.997	0.000680184414	0.00101324997	0	0	0.136362	0	0	3
291	111	11.349652	2.14410634	101324.997	101324.997	101324.997	101324.997	0.00067878791	0.00101324997	0	0	0.136359	0	0	3
292	112	11.3933688	2.1514744	101324.997	101324.997	101324.997	101324.997	0.000678554381	0.00101324997	0	0	0.136316	0	0	3
293	112	11.437087	2.15884247	101324.997	101324.997	101324.997	101324.997	0.000678541153	0.00101324997	0	0	0.136315	0	0	3
294	113	11.4808079	2.16621053	101324.997	101324.997	101324.997	101324.997	0.000678163531	0.00101324997	0	0	0.136268	0	0	3
295	114	11.5245303	2.17357859	101324.997	101324.997	101324.997	101324.997	0.000677613891	0.00101324997	0	0	0.136263	0	0	3
296	114	11.5682555	2.18094665	101324.997	101324.997	101324.997	101324.997	0.000677222881	0.00101324997	0	0	0.136221	0	0	3
297	115	11.6119822	2.18831472	101324.997	101324.997	101324.997	101324.997	0.000676314245	0.00101324997	0	0	0.136214	0	0	3
298	116	11.6557119	2.19568278	101324.997	101324.997	101324.997	101324.997	0.00067574362	0.00101324997	0	0	0.136162	0	0	3
299	117	11.6994434	2.20305084	101324.997	101324.997	101324.997	101324.997	0.000675399773	0.00101324997	0	0	0.136158	0	0	3
300	117	11.7431779	2.21041891	101324.997	101324.997	101324.997	101324.997	0.000678767814	0.00101324997	0	0	0.136116	0	0	3
301	118	11.7869143	2.21778697	101324.997	101324.997	101324.997	101324.997	0.000678254	0.00101324997	0	0	0.136111	0	0	3
302	118	11.8306536	2.22515503	101324.997	101324.997	101324.997	101324.997	0.000677545468	0.00101324997	0	0	0.136058	0	0	3
303	120	11.8743949	2.2325231	101324.997	101324.997	101324.997	101324.997	0.000676913231	0.00101324997	0	0	0.136065	0	0	3
304	120	11.9181392	2.23989116	101324.997	101324.997	101324.997	101324.997	0.000681478297	0.00101324997	0	0	0.136006	0	0	3
305	121	11.9618857	2.24725922	101324.997	101324.997	101324.997	101324.997	0.000676630327	0.00101324997	0	0	0.136014	0	0	3
306	121	12	2.25462728	101324.997	101324.997	101324.997	101324.997	0.000636426426	0.00101324997	0	0	0.13596	0	0	3
307	122	12.0437511	2.26199535	101324.997	101324.997	101324.997	101324.997	0.000649192298	0.00101324997	0	0	0.135963	0	0	3
308	122	12.0875053	2.26936341	101324.997	101324.997	101324.997	101324.997	0.000649192298	0.00101324997	0	0	0.135901	0	0	3
309	123	12.1312606	2.27673147	101324.997	101324.997	101324.997	101324.997	0.000659196987	0.00101324997	0	0	0.135913	0	0	3
310	123	12.1750174	2.28409954	101324.997	101324.997	101324.997	101324.997	0.000639257763	0.00101324997	0	0	0.135846	0	0	3
311	124	12.2187753	2.2914676	101324.997	101324.997	101324.997	101324.997	0.0006519444	0.00101324997	0	0	0.135855	0	0	3
312	124	12.2625345	2.29883566	101324.997	101324.997	101324.997	101324.997	0.0006519444	0.00101324997	0	0	0.135794	0	0	3
313	124	12.3062944	2.30620373	101324.997	101324.997	101324.997	101324.997	0.000670210327	0.00101324997	0	0	0.135807	0	0	3
314	125	12.3500554	2.31357179	101324.997	101324.997	101324.997	101324.997	0.000669133078	0.00101324997	0	0	0.13574	0	0	3
315	125	12.393817	2.32093985	101324.997	101324.997	101324.997	101324.997	0.000639560341	0.00101324997	0	0	0.135742	0	0	3
316	126	12.4375798	2.32830791	101324.997	101324.997	101324.997	101324.997	0.000620639577	0.00101324997	0	0	0.135682	0	0	3
317	126	12.4813432	2.33567598	101324.997	101324.997	101324.997	101324.997	0.000630032169	0.00101324997	0	0	0.135691	0	0	3
318	127	12.5251074	2.34304404	101324.997	101324.997	101324.997	101324.997	0.000619029379	0.00101324997	0	0	0.13563	0	0	3
319	127	12.568872	2.3504121	101324.997	101324.997	101324.997	101324.997	0.000635929362	0.00101324997	0	0	0.13564	0	0	3
320	128	12.6126373	2.35778017	101324.997	101324.997	101324.997	101324.997	0.000630111244	0.00101324997	0	0	0.135576	0	0	3
321	128	12.6564028	2.36514823	101324.997	101324.997	101324.997	101324.997	0.0006406061	0.00101324997	0	0	0.135582	0	0	3
322	129	12.700169	2.37251629	101324.997	101324.997	101324.997	101324.997	0.000608459522	0.00101324997	0	0	0.135516	0	0	3
323	129	12.7439352	2.37988436	101324.997	101324.997	101324.997	101324.997	0.000608459522	0.00101324997	0	0	0.135524	0	0	3
324	129	12.7877022	2.38725242	101324.997	101324.997	101324.997	101324.997	0.000614072545	0.00101324997	0	0	0.135464	0	0	3
325	130	12.8314691	2.39462048	101324.997	101324.997	101324.997	101324.997	0.000634413809	0.00101324997	0	0	0.135481	0	0	3
326	130	12.8752364	2.40198855	101324.997	101324.997	101324.997	101324.997	0.000606038579	0.00101324997	0	0	0.135411	0	0	3
327	131	12.9190036	2.40935661	101324.997	101324.997	101324.997	101324.997	0.000603386448	0.00101324997	0	0	0.135417	0	0	3
328	144	12.9627712	2.41672467	101324.997	101324.997	101324.997	101324.997	0.000605350971	0.00101324997	0	0	0.135358	0	0	3
329	144	13	2.42409273	101324.996	101324.997	101324.996	101324.997	0.000611954572	0.00101324996	0	0	0.135378	0	0	3
330	145	13.0437677	2.4314608	101324.997	101324.997	101324.996	101324.997	0.000579925108	0.00101324997	0	0	0.135294	0	0	3
331	146	13.0875349	2.43882886	101324.996	101324.997	101324.996	101324.997	0.000599855819	0.00101324996	0	0	0.135319	0	0	3
332	146	13.1313023	2.44619692	101324.996	101324.997	101324.996	101324.997	0.000597154431	0.00101324996	0	0	0.135254	0	0	3
333	147	13.1750693	2.45356499	101324.996	101324.997	101324.996	101324.997	0.000606529968	0.00101324996	0	0	0.135271	0	0	3
334	147	13.2188364	2.46093305	101324.996	101324.997	101324.996	101324.997	0.000570580509	0.00101324996	0	0	0.135194	0	0	3
335	148	13.2626032	2.46830111	101324.996	101324.997	101324.996	101324.997	0.000579549131	0.00101324996	0	0	0.135214	0	0	3
336	149	13.3063701	2.47566918	101324.996	101324.997	101324.996	101324.997	0.000551195146	0.00101324996	0	0	0.135157	0	0	3
337	149	13.3501365	2.48303724	101324.996	101324.997	101324.996	101324.997	0.000575659986	0.00101324996	0	0	0.135198	0	0	3
338	150	13.3939029	2.4904053	101324.996	101324.997	101324.996	101324.997	0.000575659986	0.00101324996	0	0	0.135157	0	0	3
339	150	13.4376686	2.49777336	101324.996	101324.997	101324.996	101324.997	0.000575659986	0.00101324996	0	0	0.13519	0	0	3
340	152	13.4814345	2.50514143	101324.996	101324.997	101324.996	101324.997	0.000550470751	0.00101324996	0	0	0.135152	0	0	3
341	152	13.5251997	2.51250949	101324.996	101324.997	101324.996	101324.997	0.000550470751	0.00101324996	0	0	0.135186	0	0	3
342	153	13.568965	2.51987755	101324.996	101324.997	101324.996	101324.997	0.000552525395	0.00101324996	0	0	0.135152	0	0	3
343	154	13.6127295	2.52724562	101324.996	101324.997	101324.996	101324.997	0.000552525395	0.00101324996	0	0	0.135181	0	0	3
344	154	13.6564942	2.53461368	101324.996	101324.997	101324.996	101324.997	0.000541258167	0.00101324996	0	0	0.135148	0	0	3
345	155	13.700258	2.54198174	101324.996	101324.997	101324.996	101324.997	0.000541258167	0.00101324996	0	0	0.13518	0	0	3
346	155	13.744022	2.54934981	101324.996	101324.997	101324.996	101324.997	0.000548145268	0.00101324996	0	0	0.135144	0	0	3
347	156	13.7877852	2.55671787	101324.996	101324.997	101324.996	101324.997	0.000542783382	0.00101324996	0	0	0.135177	0	0	3
348	156	13.8315484	2.56408593	101324.996	101324.997	101324.996	101324.997	0.000548147436	0.00101324996	0	0	0.135136	0	0	3
349	157	13.875311	2.57145399	101324.996	101324.997	101324.996	101324.997	0.000548147436	0.00101324996	0	0	0.135172	0	0	3
350	158	13.9190736	2.57882206	101324.996	101324.997	101324.996	101324.997	0.000575188853	0.00101324996	0	0	0.135136	0	0	3
351	158	13.9628355	2.58619012	101324.996	101324.997	101324.996	101324.997	0.000550153738	0.00101324996	0	0	0.135166	0	0	3
352	159	14	2.59355818	101324.996	101324.997	101324.996	101324.997	0.000557023843	0.00101324996	0	0	0.135128	0	0	3
353	160	14.0437614	2.60092625	101324.996	101324.997	101324.996	101324.997	0.000518297675	0.00101324996	0	0	0.135164	0	0	3
354	161	14.0875229	2.60829431	101324.996	101324.997	101324.996	101324.997	0.000530987309	0.00101324996	0	0	0.135124	0	0	3
355	161	14.1312838	2.61566237	101324.996	101324.997	101324.996	101324.997	0.000520158821	0.00101324996	0	0	0.135155	0	0	3
356	162	14.1750449	2.62303044	101324.996	101324.997	101324.996	101324.997	0.000515467458	0.00101324996	0	0	0.135117	0	0	3
357	162	14.2188053	2.6303985	101324.996	101324.997	101324.996	101324.997	0.000505360847	0.00101324996	0	0	0.135149	0	0	3
358	163	14.262566	2.63776656	101324.996	101324.997	101324.996	101324.997	0.000507346194	0.00101324996	0	0	0.135109	0	0	3
359	163	14.306326	2.64513462	101324.996	101324.997	101324.996	101324.997	0.000487596189	0.00101324996	0	0	0.135138	0	0	3
360	164	14.3500864	2.65250269	101324.996	101324.997	101324.996	101324.997	0.000492388659	0.00101324996	0	0	0.135099	0	0	3
361	165	14.3938463	2.65987075	101324.996	101324.997	101324.996	101324.997	0.00047439996	0.00101324996	0	0	0.135131	0	0	3
362	165	14.4376065	2.66723881	101324.996	101324.997	101324.996	101324.997	0.000486642632	0.00101324996	0	0	0.13509	0	0	3
363	166	14.4813663	2.67460688	101324.996	101324.997	101324.996	101324.997	0.000480710238	0.00101324996	0	0	0.135122	0	0	3
364	166	14.5251264	2.68197494	101324.996	101324.997	101324.996	101324.997	0.000480710238	0.00101324996	0	0	0.135075	0	0	3
365	167	14.5688863	2.689343	101324.996	101324.996	101324.996	101324.997	0.000469722669	0.00101324996	0	0	0.135108	0	0	3
366	168	14.6126466	2.69671107	101324.996	101324.996	101324.996	101324.997	0.00047362865	0.00101324996	0	0	0.135062	0	0	3
367	168	14.6564068	2.70407913	101324.996	101324.996	101324.996	101324.997	0.00044888437	0.00101324996	0	0	0.135096	0	0	3
368	169	14.7001675	2.71144719	101324.996	101324.996	101324.996	101324.997	0.00044888437	0.00101324996	0	0	0.135044	0	0	3
369	169	14.7439282	2.71881525	101324.996	101324.996	101324.996	101324.997	0.000438363291	0.00101324996	0	0	0.135076	0	0	3
370	170	14.7876895	2.72618332	101324.996	101324.996	101324.996	101324.997	0.000446206337	0.00101324996	0	0	0.13503	0	0	3
371	171	14.831451	2.73355138	101324.996	101324.996	101324.996	101324.997	0.000429283929	0.00101324996	0	0	0.135062	0	0	3
372	171	14.8752131	2.74091944	101324.996	101324.996	101324.996	101324.997	0.000418250391	0.00101324996	0	0	0.135015	0	0	3
373	172	14.9189754	2.74828751	101324.996	101324.996	101324.996	101324.997	0.000421171004	0.00101324996	0	0	0.135041	0	0	3
374	172	14.9627386	2.75565557	101324.996	101324.996	101324.996	101324.997	0.000434673988	0.00101324996	0	0	0.134995	0	0	3
375	173	15	2.76302363	101324.996	101324.996	101324.996	101324.997	0.000434673988	0.00101324996	0	0	0.135023	0	0	3
376	173	15.0437643	2.7703917	101324.996	101324.996	101324.996	101324.997	0.000421333258	0.00101324996	0	0	0.13497	0	0	3
377	174	15.087529	2.77775976	101324.996	101324.996	101324.996	101324.997	0.000426109313	0.00101324996	0	0	0.134998	0	0	3
378	174	15.1312948	2.78512782	101324.996	101324.996	101324.996	101324.997	0.000398917691	0.00101324996	0	0	0.13495	0	0	3
379	175	15.1750611	2.79249589	101324.996	101324.996	101324.996	101324.997	0.000414082533	0.00101324996	0	0	0.134977	0	0	3
380	176	15.2188286	2.79986395	101324.996	101324.996	101324.996	101324.997	0.000410968016	0.00101324996	0	0	0.13493	0	0	3
381	176	15.2625966	2.80723201	101324.996	101324.996	101324.996	101324.997	0.000410968016	0.00101324996	0	0	0.134951	0	0	3
382	177	15.306366	2.81460007	101324.996	101324.996	101324.996	101324.997	0.000405862302	0.00101324996	0	0	0.134906	0	0	3
383	177	15.3501361	2.82196814	101324.996	101324.996	101324.996	101324.997	0.000405768282	0.00101324996	0	0	0.134928	0	0	3
384	178	15.3939076	2.8293362	101324.996	101324.996	101324.996	101324.997	0.000380705111	0.00101324996	0	0	0.134876	0	0	3
385	178	15.4376799	2.83670426	101324.996	101324.996	101324.996	101324.997	0.000376607655	0.00101324996	0	0	0.134896	0	0	3
386	179	15.481454	2.84407233	101324.996	101324.996	101324.996	101324.997	0.00040217847	0.00101324996	0	0	0.134853	0	0	3
387	179	15.5252288	2.85144039	101324.996	101324.996	101324.996	101324.997	0.00040217847	0.00101324996	0	0	0.134871	0	0	3
388	180	15.5690053	2.85880845	101324.996	101324.996	101324.996	101324.997	0.000387082182	0.00101324996	0	0	0.134821	0	0	3
389	181	15.6127829	2.86617652	101324.996	101324.996	101324.996	101324.997	0.000387082182	0.00101324996	0	0	0.13484	0	0	3
390	181	15.6565622	2.87354458	101324.996	101324.996	101324.996	101324.997	0.0003875455	0.00101324996	0	0	0.134791	0	0	3
391	182	15.7003427	2.88091264	101324.996	101324.996	101324.996	101324.997	0.000368535955	0.00101324996	0	0	0.134806	0	0	3
392	182	15.7441252	2.8882807	101324.996	101324.996	101324.996	101324.997	0.000363230094	0.00101324996	0	0	0.134759	0	0	3
393	183	15.7879089	2.89564877	101324.996	101324.996	101324.996	101324.997	0.000363230094	0.00101324996	0	0	0.134777	0	0	3
394	184	15.8316946	2.90301683	101324.996	101324.996	101324.996	101324.997	0.000363315849	0.00101324996	0	0	0.134727	0	0	3
395	184	15.8754817	2.91038489	101324.996	101324.996	101324.996	101324.997	0.000351157054	0.00101324996	0	0	0.134743	0	0	3
396	185	15.9192709	2.91775296	101324.996	101324.996	101324.996	101324.997	0.000363100989	0.00101324996	0	0	0.134693	0	0	3
397	185	15.9630614	2.92512102	101324.996	101324.996	101324.996	101324.997	0.000363100989	0.00101324996	0	0	0.134715	0	0	3
398	186	16	2.93248908	101324.996	101324.996	101324.996	101324.996	0.000343509717	0.00101324996	0	0	0.134651	0	0	3
399	187	16.0437941	2.93985715	101324.996	101324.996	101324.996	101324.996	0.000343509717	0.00101324996	0	0	0.134678	0	0	3
400	187	16.0875906	2.94722521	101324.996	101324.996	101324.996	101324.996	0.000353643874	0.00101324996	0	0	0.134623	0	0	3
401	188	16.1313887	2.95459327	101324.996	101324.996	101324.996	101324.996	0.000353643874	0.00101324996	0	0	0.134646	0	0	3
402	188	16.1751892	2.96196133	101324.996	101324.996	101324.996	101324.996	0.000335939883	0.00101324996	0	0	0.134586	0	0	3
403	189	16.2189914	2.9693294	101324.996	101324.996	101324.996	101324.996	0.000335939883	0.00101324996	0	0	0.134607	0	0	3
404	190	16.2627961	2.97669746	101324.996	101324.996	101324.996	101324.996	0.000312968565	0.00101324996	0	0	0.134545	0	0	3
405	190	16.3066026	2.98406552	101324.996	101324.996	101324.996	101324.996	0.000312968565	0.00101324996	0	0	0.134573	0	0	3
406	191	16.3504117	2.99143359	101324.996	101324.996	101324.996	101324.996	0.000307096809	0.00101324996	0	0	0.134546	0	0	3
407	191	16.3942226	2.99880165	101324.996	101324.996	101324.996	101324.996	0.00030150071	0.00101324996	0	0	0.134577	0	0	3
408	192	16.438036	3.00616971	101324.996	101324.996	101324.996	101324.996	0.000301526132	0.00101324996	0	0	0.134556	0	0	3
409	192	16.4818515	3.01353778	101324.996	101324.996	101324.996	101324.996	0.000290124939	0.00101324996	0	0	0.134594	0	0	3
410	193	16.5256696	3.02090584	101324.996	101324.996	101324.996	101324.996	0.000290124939	0.00101324996	0	0	0.134571	0	0	3
411	193	16.5694897	3.0282739	101324.996	101324.996	101324.996	101324.996	0.00027497219	0.00101324996	0	0	0.134607	0	0	3
412	194	16.6133125	3.03564196	101324.996	101324.996	101324.996	101324.996	0.00027497219	0.00101324996	0	0	0.134584	0	0	3
413	195	16.6571376	3.04301003	101324.996	101324.996	101324.996	101324.996	0.000283278016	0.00101324996	0	0	0.134627	0	0	3
414	195	16.7009652	3.05037809	101324.996	101324.996	101324.996	101324.996	0.000283278016	0.00101324996	0	0	0.134603	0	0	3
415	196	16.7447949	3.05774615	101324.996	101324.996	101324.996	101324.996	0.000264485061	0.00101324996	0	0	0.134642	0	0	3
416	196	16.7886273	3.06511422	101324.996	101324.996	101324.996	101324.996	0.000264485061	0.00101324996	0	0	0.134616	0	0	3
417	197	16.832462	3.07248228	101324.996	101324.996	101324.996	101324.996	0.000270107907	0.00101324996	0	0	0.134657	0	0	3
418	197	16.8762993	3.07985034	101324.996	101324.996	101324.996	101324.996	0.000270107907	0.00101324996	0	0	0.134636	0	0	3
419	198	16.9201388	3.08721841	101324.996	101324.996	101324.996	101324.996	0.000257138221	0.00101324996	0	0	0.134676	0	0	3
420	199	16.9639809	3.09458647	101324.996	101324.996	101324.996	101324.996	0.000257138221	0.00101324996	0	0	0.134643	0	0	3
421	199	17	3.10195453	101324.996	101324.996	101324.996	101324.996	0.000252010243	0.00101324996	0	0	0.134689	0	0	3
422	200	17.0438468	3.1093226	101324.996	101324.996	101324.996	101324.996	0.000258327302	0.00101324996	0	0	0.134664	0	0	3
423	201	17.0876955	3.11669066	101324.996	101324.996	101324.996	101324.996	0.000250257566	0.00101324996	0	0	0.134703	0	0	3
424	201	17.1315469	3.12405872	101324.996	101324.996	101324.996	101324.996	0.000250257566	0.00101324996	0	0	0.134679	0	0	3
425	202	17.1754005	3.13142678	101324.996	101324.996	101324.996	101324.996	0.000251283825	0.00101324996	0	0	0.134719	0	0	3
426	202	17.2192568	3.13879485	101324.996	101324.996	101324.996	101324.996	0.000251283825	0.00101324996	0	0	0.13469	0	0	3
427	203	17.2631151	3.14616291	101324.996	101324.996	101324.996	101324.996	0.000243852584	0.00101324996	0	0	0.134735	0	0	3
428	204	17.3069761	3.15353097	101324.996	101324.996	101324.996	101324.996	0.000243852584	0.00101324996	0	0	0.134711	0	0	3
429	204	17.350839	3.16089904	101324.996	101324.996	101324.996	101324.996	0.000239672008	0.00101324996	0	0	0.134746	0	0	3
430	205	17.3947045	3.1682671	101324.996	101324.996	101324.996	101324.996	0.000239672008	0.00101324996	0	0	0.134721	0	0	3
431	205	17.438572	3.17563516	101324.996	101324.996	101324.996	101324.996	0.000226191143	0.00101324996	0	0	0.134757	0	0	3
432	206	17.4824421	3.18300323	101324.996	101324.996	101324.996	101324.996	0.000226191143	0.00101324996	0	0	0.134732	0	0	3
433	207	17.526314	3.19037129	101324.996	101324.996	101324.996	101324.996	0.000222987161	0.00101324996	0	0	0.134769	0	0	3
434	208	17.5701884	3.19773935	101324.996	101324.996	101324.996	101324.996	0.000222987161	0.00101324996	0	0	0.134743	0	0	3
435	209	17.6140645	3.20510741	101324.996	101324.996	101324.996	101324.996	0.000222987161	0.00101324996	0	0	0.134774	0	0	3
436	210	17.6579431	3.21247548	101324.996	101324.996	101324.996	101324.996	0.000207768331	0.00101324996	0	0	0.134756	0	0	3
437	211	17.7018233	3.21984354	101324.996	101324.996	101324.996	101324.996	0.000197868692	0.00101324996	0	0	0.134783	0	0	3
438	211	17.7457058	3.2272116	101324.996	101324.996	101324.996	101324.996	0.000194079141	0.00101324996	0	0	0.134758	0	0	3
439	212	17.78959	3.23457967	101324.996	101324.996	101324.996	101324.996	0.000191856627	0.00101324996	0	0	0.134792	0	0	3
440	213	17.8334762	3.24194773	101324.996	101324.996	101324.996	101324.996	0.000188520411	0.00101324996	0	0	0.134764	0	0	3
441	213	17.877364	3.24931579	101324.996	101324.996	101324.996	101324.996	0.000186250603	0.00101324996	0	0	0.134793	0	0	3
442	214	17.921254	3.25668386	101324.996	101324.996	101324.996	101324.996	0.000186250603	0.00101324996	0	0	0.134766	0	0	3
443	214	17.9651429	3.26405192	101324.996	101324.996	101324.996	101324.996	0.000186250603	0.00101324996	0	0	0.134797	0	0	3
444	215	18	3.27141998	101324.996	101324.996	101324.996	101324.996	0.000171590393	0.00101324996	0	0	0.134775	0	0	3
445	215	18.0438873	3.27878804	101324.996	101324.996	101324.996	101324.996	0.000171590393	0.00101324996	0	0	0.134801	0	0	3
446	216	18.0877744	3.28615611	101324.996	101324.996	101324.996	101324.996	0.000155038782	0.00101324996	0	0	0.13477	0	0	3
447	217	18.1316605	3.29352417	101324.996	101324.996	101324.996	101324.996	0.000155038782	0.00101324996	0	0	0.134798	0	0	3
448	217	18.1755464	3.30089223	101324.996	101324.996	101324.996	101324.996	0.000155038782	0.00101324996	0	0	0.134769	0	0	3
449	218	18.2194313	3.3082603	101324.996	101324.996	101324.996	101324.996	0.000155038782	0.00101324996	0	0	0.134793	0	0	3
450	218	18.2633163	3.31562836	101324.996	101324.996	101324.996	101324.996	0.000162771626	0.00101324996	0	0	0.134765	0	0	3
451	219	18.3072004	3.32299642	101324.996	101324.996	101324.996	101324.996	0.000162771626	0.00101324996	0	0	0.134787	0	0	3
452	219	18.3510846	3.33036449	101324.996	101324.996	101324.996	101324.996	0.000162771626	0.00101324996	0	0	0.13476	0	0	3
453	220	18.3949681	3.33773255	101324.996	101324.996	101324.996	101324.996	0.000156961178	0.00101324996	0	0	0.134776	0	0	3
454	221	18.4388519	3.34510061	101324.996	101324.996	101324.996	101324.996	0.000172413696	0.00101324996	0	0	0.134753	0	0	3
455	221	18.4827351	3.35246867	101324.996	101324.996	101324.996	101324.996	0.000172413696	0.00101324996	0	0	0.134771	0	0	3
456	222	18.5266188	3.35983674	101324.996	101324.996	101324.996	101324.996	0.000172413696	0.00101324996	0	0	0.134741	0	0	3
457	222	18.5705019	3.3672048	101324.996	101324.996	101324.996	101324.996	0.000172413696	0.00101324996	0	0	0.13476	0	0	3
458	223	18.6143857	3.37457286	101324.996	101324.996	101324.996	101324.996	0.000172413696	0.00101324996	0	0	0.134725	0	0	3
459	223	18.6582693	3.38194093	101324.996	101324.996	101324.996	101324.996	0.000145328493	0.00101324996	0	0	0.134746	0	0	3
460	224	18.7021536	3.38930899	101324.996	101324.996	101324.996	101324.996	0.000145328493	0.00101324996	0	0	0.134715	0	0	3
461	224	18.7460378	3.39667705	101324.996	101324.996	101324.996	101324.996	0.000145328493	0.00101324996	0	0	0.134736	0	0	3
462	225	18.7899227	3.40404512	101324.996	101324.996	101324.996	101324.996	0.000145328493	0.00101324996	0	0	0.134692	0	0	3
463	226	18.8338078	3.41141318	101324.996	101324.996	101324.996	101324.996	0.000145328493	0.00101324996	0	0	0.134712	0	0	3
464	226	18.877694	3.41878124	101324.996	101324.996	101324.996	101324.996	0.000145328493	0.00101324996	0	0	0.134674	0	0	3
465	227	18.9215804	3.42614931	101324.996	101324.996	101324.996	101324.996	0.000145328493	0.00101324996	0	0	0.134699	0	0	3
466	227	18.9654679	3.43351737	101324.996	101324.996	101324.996	101324.996	0.000145328493	0.00101324996	0	0	0.134652	0	0	3
467	228	19	3.44088543	101324.996	101324.996	101324.996	101324.996	0.000113395945	0.00101324996	0	0	0.134675	0	0	3
468	229	19.0438891	3.44825349	101324.996	101324.996	101324.996	101324.996	0.000113395945	0.00101324996	0	0	0.134625	0	0	3
469	229	19.0877789	3.45562156	101324.996	101324.996	101324.996	101324.996	0.000110737557	0.00101324996	0	0	0.134653	0	0	3
470	230	19.13167	3.46298962	101324.996	101324.996	101324.996	101324.996	0.000110737557	0.00101324996	0	0	0.134607	0	0	3
471	230	19.1755618	3.47035768	101324.996	101324.996	101324.996	101324.996	0.000110737557	0.00101324996	0	0	0.134627	0	0	3
472	231	19.2194552	3.47772575	101324.996	101324.996	101324.996	101324.996	0.000110737557	0.00101324996	0	0	0.134581	0	0	3
473	231	19.2633495	3.48509381	101324.996	101324.996	101324.996	101324.996	0.000110737557	0.00101324996	0	0	0.1346	0	0	3
474	232	19.3072456	3.49246187	101324.996	101324.996	101324.996	101324.996	0.000110737557	0.00101324996	0	0	0.134553	0	0	3
475	233	19.3511427	3.49982994	101324.996	101324.996	101324.996	101324.996	0.000110737557	0.00101324996	0	0	0.134571	0	0	3
476	233	19.3950417	3.507198	101324.996	101324.996	101324.996	101324.996	0.000110737557	0.00101324996	0	0	0.134524	0	0	3
477	234	19.4389419	3.51456606	101324.996	101324.996	101324.996	101324.996	0.000110737557	0.00101324996	0	0	0.134541	0	0	3
478	234	19.4828442	3.52193412	101324.996	101324.996	101324.996	101324.996	0.000110737557	0.00101324996	0	0	0.134493	0	0	3
479	235	19.5267463	3.52930219	101324.996	101324.996	101324.996	101324.996	0.000110737557	0.00101324996	0	0	0.134507	0	0	3
480	236	19.5706477	3.53667025	101324.996	101324.996	101324.996	101324.996	0.000110737557	0.00101324996	0	0	0.134463	0	0	3
481	236	19.6145475	3.54403831	101324.996	101324.996	101324.996	101324.996	0.000110737557	0.00101324996	0	0	0.134477	0	0	3
482	237	19.6584464	3.55140638	101324.996	101324.996	101324.996	101324.996	0.000110737557	0.00101324996	0	0	0.134428	0	0	3
483	237	19.7023435	3.55877444	101324.996	101324.996	101324.996	101324.996	0.000110737557	0.00101324996	0	0	0.134441	0	0	3
484	238	19.7462397	3.5661425	101324.996	101324.996	101324.996	101324.996	0.000110737557	0.00101324996	0	0	0.134392	0	0	3
485	238	19.7901342	3.57351057	101324.996	101324.996	101324.996	101324.996	0.000110737557	0.00101324996	0	0	0.134411	0	0	3
486	239	19.8340274	3.58087863	101324.996	101324.996	101324.996	101324.996	0.000108873908	0.00101324996	0	0	0.134354	0	0	3
487	240	19.8779189	3.58824669	101324.996	101324.996	101324.996	101324.996	0.000106211723	0.00101324996	0	0	0.134376	0	0	3
488	240	19.921809	3.59561475	101324.996	101324.996	101324.996	101324.996	0.000102653197	0.00101324996	0	0	0.134322	0	0	3
489	241	19.9656972	3.60298282	101324.996	101324.996	101324.996	101324.996	9.93290741e-05	0.00101324996	0	0	0.13434	0	0	3
490	241	20	3.61035088	101324.996	101324.996	101324.996	101324.996	9.53810959e-05	0.00101324996	0	0	0.134287	0	0	3
491	242	20.0438851	3.61771894	101324.996	101324.996	101324.996	101324.996	9.29327362e-05	0.00101324996	0	0	0.134308	0	0	3
492	243	20.0877688	3.62508701	101324.996	101324.996	101324.996	101324.996	8.91354284e-05	0.00101324996	0	0	0.134254	0	0	3
493	243	20.1316506	3.63245507	101324.996	101324.996	101324.996	101324.996	8.66233459e-05	0.00101324996	0	0	0.134268	0	0	3
494	244	20.1755309	3.63982313	101324.996	101324.996	101324.996	101324.996	8.25770112e-05	0.00101324996	0	0	0.134216	0	0	3
495	245	20.219409	3.6471912	101324.996	101324.996	101324.996	101324.996	7.98514811e-05	0.00101324996	0	0	0.134229	0	0	3
496	245	20.2632856	3.65455926	101324.996	101324.996	101324.996	101324.996	7.67636957e-05	0.00101324996	0	0	0.13419	0	0	3
497	246	20.30716	3.66192732	101324.996	101324.996	101324.996	101324.996	7.4073323e-05	0.00101324996	0	0	0.134246	0	0	3
498	246	20.3510329	3.66929538	101324.996	101324.996	101324.996	101324.996	7.11423927e-05	0.00101324996	0	0	0.134217	0	0	3
499	247	20.3949034	3.67666345	101324.996	101324.996	101324.996	101324.996	6.83171093e-05	0.00101324996	0	0	0.13427	0	0	3
500	248	20.4387724	3.68403151	101324.996	101324.996	101324.996	101324.996	6.5338987e-05	0.00101324996	0	0	0.134237	0	0	3
501	249	20.4826392	3.69139957	101324.996	101324.996	101324.996	101324.996	6.25720859e-05	0.00101324996	0	0	0.134295	0	0	3
502	249	20.5265044	3.69876764	101324.996	101324.996	101324.996	101324.996	6.01916836e-05	0.00101324996	0	0	0.134263	0	0	3
503	250	20.5703673	3.7061357	101324.996	101324.996	101324.996	101324.996	5.71940473e-05	0.00101324996	0	0	0.134317	0	0	3
504	251	20.6142287	3.71350376	101324.996	101324.996	101324.996	101324.996	5.46903175e-05	0.00101324996	0	0	0.134286	0	0	3
505	252	20.6580878	3.72087183	101324.996	101324.996	101324.996	101324.996	5.22201008e-05	0.00101324996	0	0	0.134339	0	0	3
506	252	20.7019454	3.72823989	101324.996	101324.996	101324.996	101324.996	4.94985288e-05	0.00101324996	0	0	0.134306	0	0	3
507	253	20.7458009	3.73560795	101324.996	101324.996	101324.996	101324.996	4.74025728e-05	0.00101324996	0	0	0.134364	0	0	3
508	253	20.7896547	3.74297601	101324.996	101324.996	101324.996	101324.996	4.50451043e-05	0.00101324996	0	0	0.134325	0	0	3
509	254	20.8335065	3.75034408	101324.996	101324.996	101324.996	101324.996	4.30889049e-05	0.00101324996	0	0	0.134383	0	0	3
510	254	20.8773568	3.75771214	101324.996	101324.996	101324.996	101324.996	4.10088251e-05	0.00101324996	0	0	0.134348	0	0	3
511	255	20.9212049	3.7650802	101324.996	101324.996	101324.996	101324.996	3.85948515e-05	0.00101324996	0	0	0.134396	0	0	3
512	256	20.9650518	3.77244827	101324.996	101324.996	101324.996	101324.996	3.66779277e-05	0.00101324996	0	0	0.134366	0	0	3
513	256	21	3.77981633	101324.996	101324.996	101324.996	101324.996	3.45019944e-05	0.00101324996	0	0	0.134416	0	0	3
514	257	21.0438438	3.78718439	101324.996	101324.996	101324.996	101324.996	3.28260794e-05	0.00101324996	0	0	0.134379	0	0	3
515	258	21.0876855	3.79455246	101324.996	101324.996	101324.996	101324.996	3.09506577e-05	0.00101324996	0	0	0.134427	0	0	3
516	258	21.1315259	3.80192052	101324.996	101324.996	101324.996	101324.996	2.93712801e-05	0.00101324996	0	0	0.134394	0	0	3
517	259	21.1753645	3.80928858	101324.996	101324.996	101324.996	101324.996	2.72244652e-05	0.00101324996	0	0	0.134442	0	0	3
518	260	21.2192019	3.81665665	101324.996	101324.996	101324.996	101324.996	2.59440858e-05	0.00101324996	0	0	0.134408	0	0	3
519	260	21.2630376	3.82402471	101324.996	101324.996	101324.996	101324.996	2.39353394e-05	0.00101324996	0	0	0.134448	0	0	3
520	261	21.3068723	3.83139277	101324.996	101324.996	101324.996	101324.996	2.29374418e-05	0.00101324996	0	0	0.134421	0	0	3
521	262	21.3507053	3.83876083	101324.996	101324.996	101324.996	101324.996	2.30996229e-05	0.00101324996	0	0	0.134461	0	0	3
522	262	21.3945374	3.8461289	101324.996	101324.996	101324.996	101324.996	2.46971758e-05	0.00101324996	0	0	0.134429	0	0	3
523	263	21.4383679	3.85349696	101324.996	101324.996	101324.996	101324.996	2.54863844e-05	0.00101324996	0	0	0.134469	0	0	3
524	264	21.4821977	3.86086502	101324.996	101324.996	101324.996	101324.996	2.67777068e-05	0.00101324996	0	0	0.134433	0	0	3
525	264	21.526026	3.86823309	101324.996	101324.996	101324.996	101324.996	2.76478677e-05	0.00101324996	0	0	0.134475	0	0	3
526	265	21.5698536	3.87560115	101324.996	101324.996	101324.996	101324.996	2.90394382e-05	0.00101324996	0	0	0.134436	0	0	3
527	266	21.61368	3.88296921	101324.996	101324.996	101324.996	101324.996	2.98228551e-05	0.00101324996	0	0	0.134477	0	0	3
528	266	21.6575059	3.89033728	101324.996	101324.996	101324.996	101324.996	3.1259915e-05	0.00101324996	0	0	0.134437	0	0	3
529	267	21.7013307	3.89770534	101324.996	101324.996	101324.996	101324.996	3.22041014e-05	0.00101324996	0	0	0.134479	0	0	3
530	267	21.7451551	3.9050734	101324.996	101324.996	101324.996	101324.996	3.35647201e-05	0.00101324996	0	0	0.134434	0	0	3
531	268	21.7889785	3.91244146	101324.996	101324.996	101324.996	101324.996	3.43713036e-05	0.00101324996	0	0	0.134474	0	0	3
532	269	21.8328018	3.91980953	101324.996	101324.996	101324.996	101324.996	3.56954115e-05	0.00101324996	0	0	0.134428	0	0	3
533	269	21.8766243	3.92717759	101324.996	101324.996	101324.996	101324.996	3.71631904e-05	0.00101324996	0	0	0.134469	0	0	3
534	270	21.9204468	3.93454565	101324.996	101324.996	101324.996	101324.996	3.79529229e-05	0.00101324996	0	0	0.134427	0	0	3
535	271	21.9642686	3.94191372	101324.996	101324.996	101324.996	101324.996	3.90392524e-05	0.00101324996	0	0	0.134465	0	0	3
536	271	22	3.94928178	101324.996	101324.996	101324.996	101324.996	3.97679396e-05	0.00101324996	0	0	0.134414	0	0	3
537	272	22.0438215	3.95664984	101324.996	101324.996	101324.996	101324.996	4.14713286e-05	0.00101324996	0	0	0.134453	0	0	3
538	273	22.0876434	3.96401791	101324.996	101324.996	101324.996	101324.996	4.27774794e-05	0.00101324996	0	0	0.134403	0	0	3
539	273	22.1314651	3.97138597	101324.996	101324.996	101324.996	101324.996	4.39751602e-05	0.00101324996	0	0	0.134435	0	0	3
540	274	22.1752874	3.97875403	101324.996	101324.996	101324.996	101324.996	4.4995264e-05	0.00101324996	0	0	0.134392	0	0	3
541	274	22.2191096	3.98612209	101324.996	101324.996	101324.996	101324.996	4.61531017e-05	0.00101324996	0	0	0.134425	0	0	3
542	275	22.2629324	3.99349016	101324.996	101324.996	101324.996	101324.996	4.74575936e-05	0.00101324996	0	0	0.134375	0	0	3
543	276	22.3067552	4.00085822	101324.996	101324.996	101324.996	101324.996	4.85155906e-05	0.00101324996	0	0	0.134405	0	0	3
544	276	22.3505789	4.00822628	101324.996	101324.996	101324.996	101324.996	5.01357135e-05	0.00101324996	0	0	0.134348	0	0	3
545	277	22.3944031	4.01559435	101324.996	101324.996	101324.996	101324.996	5.11430262e-05	0.00101324996	0	0	0.134383	0	0	3
546	277	22.4382282	4.02296241	101324.996	101324.996	101324.996	101324.996	5.28329401e-05	0.00101324996	0	0	0.134327	0	0	3
547	278	22.482054	4.03033047	101324.996	101324.996	101324.996	101324.996	5.36808948e-05	0.00101324996	0	0	0.13436	0	0	3
548	279	22.525881	4.03769854	101324.996	101324.996	101324.996	101324.996	5.54781727e-05	0.00101324996	0	0	0.134302	0	0	3
549	279	22.5697087	4.0450666	101324.996	101324.996	101324.996	101324.996	5.63287322e-05	0.00101324996	0	0	0.134332	0	0	3
550	280	22.6135379	4.05243466	101324.996	101324.996	101324.996	101324.996	5.80941705e-05	0.00101324996	0	0	0.134277	0	0	3
551	280	22.657368	4.05980272	101324.996	101324.996	101324.996	101324.996	5.90191776e-05	0.00101324996	0	0	0.134308	0	0	3
552	281	22.7011996	4.06717079	101324.996	101324.996	101324.996	101324.996	6.04649831e-05	0.00101324996	0	0	0.134246	0	0	3
553	282	22.7450324	4.07453885	101324.996	101324.996	101324.996	101324.996	6.16828038e-05	0.00101324996	0	0	0.134273	0	0	3
554	282	22.788867	4.08190691	101324.996	101324.996	101324.996	101324.996	6.32221927e-05	0.00101324996	0	0	0.134213	0	0	3
555	283	22.8327029	4.08927498	101324.996	101324.996	101324.996	101324.996	6.43230887e-05	0.00101324996	0	0	0.134243	0	0	3
556	283	22.8765407	4.09664304	101324.996	101324.996	101324.996	101324.996	6.60111837e-05	0.00101324996	0	0	0.13418	0	0	3
557	284	22.9203801	4.1040111	101324.996	101324.996	101324.996	101324.996	6.69980072e-05	0.00101324996	0	0	0.134207	0	0	3
558	285	22.9642216	4.11137917	101324.996	101324.996	101324.996	101324.996	6.78010838e-05	0.00101324996	0	0	0.134146	0	0	3
559	285	23	4.11874723	101324.996	101324.996	101324.996	101324.996	6.8840629e-05	0.00101324996	0	0	0.134173	0	0	3
560	286	23.0438451	4.12611529	101324.996	101324.996	101324.996	101324.996	6.9554284e-05	0.00101324996	0	0	0.13411	0	0	3
561	286	23.0876918	4.13348336	101324.996	101324.996	101324.996	101324.996	7.07962608e-05	0.00101324996	0	0	0.134135	0	0	3
562	287	23.131541	4.14085142	101324.996	101324.996	101324.996	101324.996	7.12045585e-05	0.00101324996	0	0	0.134076	0	0	3
563	288	23.175392	4.14821948	101324.996	101324.996	101324.996	101324.996	7.25173304e-05	0.00101324996	0	0	0.134095	0	0	3
564	288	23.2192457	4.15558754	101324.996	101324.996	101324.996	101324.996	7.29601597e-05	0.00101324996	0	0	0.134041	0	0	3
565	289	23.2631013	4.16295561	101324.996	101324.996	101324.996	101324.996	7.44770514e-05	0.00101324996	0	0	0.134052	0	0	3
566	290	23.3069598	4.17032367	101324.996	101324.996	101324.996	101324.996	7.50573236e-05	0.00101324996	0	0	0.134004	0	0	3
567	290	23.3508203	4.17769173	101324.996	101324.996	101324.996	101324.996	7.59901886e-05	0.00101324996	0	0	0.134044	0	0	3
568	291	23.3946838	4.1850598	101324.996	101324.996	101324.996	101324.996	7.65009609e-05	0.00101324996	0	0	0.134034	0	0	3
569	291	23.4385495	4.19242786	101324.996	101324.996	101324.996	101324.996	7.75798399e-05	0.00101324996	0	0	0.134075	0	0	3
570	292	23.4824181	4.19979592	101324.996	101324.996	101324.996	101324.996	7.79042603e-05	0.00101324996	0	0	0.134064	0	0	3
571	293	23.526289	4.20716399	101324.996	101324.996	101324.996	101324.996	7.86160381e-05	0.00101324996	0	0	0.134106	0	0	3
572	293	23.5701629	4.21453205	101324.996	101324.996	101324.996	101324.996	7.93570653e-05	0.00101324996	0	0	0.134094	0	0	3
573	294	23.6140393	4.22190011	101324.996	101324.996	101324.996	101324.996	8.0180369e-05	0.00101324996	0	0	0.134136	0	0	3
574	294	23.6579189	4.22926817	101324.996	101324.996	101324.996	101324.996	8.03314324e-05	0.00101324996	0	0	0.134125	0	0	3
575	295	23.7018008	4.23663624	101324.996	101324.996	101324.996	101324.996	8.16007523e-05	0.00101324996	0	0	0.134165	0	0	3
576	296	23.745686	4.2440043	101324.996	101324.996	101324.996	101324.996	8.19619454e-05	0.00101324996	0	0	0.134154	0	0	3
577	296	23.7895737	4.25137236	101324.996	101324.996	101324.996	101324.996	8.3067338e-05	0.00101324996	0	0	0.134197	0	0	3
578	297	23.8334646	4.25874043	101324.996	101324.996	101324.996	101324.996	8.30622739e-05	0.00101324996	0	0	0.134181	0	0	3
579	298	23.8773582	4.26610849	101324.996	101324.996	101324.996	101324.996	8.3461593e-05	0.00101324996	0	0	0.134224	0	0	3
580	298	23.921255	4.27347655	101324.996	101324.996	101324.996	101324.996	8.43275775e-05	0.00101324996	0	0	0.134214	0	0	3
581	299	23.9651545	4.28084462	101324.996	101324.996	101324.996	101324.996	8.49580538e-05	0.00101324996	0	0	0.134254	0	0	3
582	299	24	4.28821268	101324.996	101324.996	101324.996	101324.996	8.54977116e-05	0.00101324996	0	0	0.134239	0	0	3
583	300	24.0439047	4.29558074	101324.996	101324.996	101324.996	101324.996	8.60691071e-05	0.00101324996	0	0	0.134281	0	0	3
584	301	24.0878129	4.3029488	101324.996	101324.996	101324.996	101324.996	8.6200962e-05	0.00101324996	0	0	0.134271	0	0	3
585	301	24.1317236	4.31031687	101324.996	101324.996	101324.996	101324.996	8.60302243e-05	0.00101324996	0	0	0.13431	0	0	3
586	302	24.1756374	4.31768493	101324.996	101324.996	101324.996	101324.996	8.69364594e-05	0.00101324996	0	0	0.134288	0	0	3
587	303	24.2195539	4.32505299	101324.996	101324.996	101324.996	101324.996	8.67810741e-05	0.00101324996	0	0	0.134334	0	0	3
588	303	24.2634736	4.33242106	101324.996	101324.996	101324.996	101324.996	8.86452472e-05	0.00101324996	0	0	0.134313	0	0	3
589	304	24.3073959	4.33978912	101324.996	101324.996	101324.996	101324.996	8.75763653e-05	0.00101324996	0	0	0.134361	0	0	3
590	305	24.3513211	4.34715718	101324.996	101324.996	101324.996	101324.996	8.8661167e-05	0.00101324996	0	0	0.134339	0	0	3
591	305	24.3952488	4.35452525	101324.996	101324.996	101324.996	101324.996	8.89027724e-05	0.00101324996	0	0	0.134378	0	0	3
592	306	24.4391796	4.36189331	101324.996	101324.996	101324.996	101324.996	8.96821293e-05	0.00101324996	0	0	0.134357	0	0	3
593	306	24.4831128	4.36926137	101324.996	101324.996	101324.996	101324.996	8.98912695e-05	0.00101324996	0	0	0.134399	0	0	3
594	307	24.5270491	4.37662943	101324.996	101324.996	101324.996	101324.996	8.99622828e-05	0.00101324996	0	0	0.134384	0	0	3
595	308	24.5709843	4.3839975	101324.996	101324.996	101324.996	101324.996	9.02576721e-05	0.00101324996	0	0	0.134417	0	0	3
596	308	24.614918	4.39136556	101324.996	101324.996	101324.996	101324.996	9.04681219e-05	0.00101324996	0	0	0.134399	0	0	3
597	309	24.6588494	4.39873362	101324.996	101324.996	101324.996	101324.996	9.09496448e-05	0.00101324996	0	0	0.134432	0	0	3
598	309	24.7027794	4.40610169	101324.996	101324.996	101324.996	101324.996	9.13192343e-05	0.00101324996	0	0	0.134412	0	0	3
599	310	24.7467073	4.41346975	101324.996	101324.996	101324.996	101324.996	9.13585536e-05	0.00101324996	0	0	0.134452	0	0	3
600	311	24.7906337	4.42083781	101324.996	101324.996	101324.996	101324.996	9.12757096e-05	0.00101324996	0	0	0.134425	0	0	3
601	311	24.8345582	4.42820588	101324.996	101324.996	101324.996	101324.996	9.15638811e-05	0.00101324996	0	0	0.134465	0	0	3
602	312	24.8784814	4.43557394	101324.996	101324.996	101324.996	101324.996	9.2244838e-05	0.00101324996	0	0	0.134429	0	0	3
603	313	24.9224028	4.442942	101324.996	101324.996	101324.996	101324.996	9.26728535e-05	0.00101324996	0	0	0.134475	0	0	3
604	313	24.9663231	4.45031007	101324.996	101324.996	101324.996	101324.996	9.24095657e-05	0.00101324996	0	0	0.134442	0	0	3
605	314	25	4.45767813	101324.996	101324.996	101324.996	101324.996	9.17217985e-05	0.00101324996	0	0	0.134485	0	0	3
606	315	25.0439179	4.46504619	101324.996	101324.996	101324.996	101324.996	9.23771295e-05	0.00101324996	0	0	0.134437	0	0	3
607	315	25.0878344	4.47241425	101324.996	101324.996	101324.996	101324.996	9.19696904e-05	0.00101324996	0	0	0.13448	0	0	3
608	316	25.13175	4.47978232	101324.996	101324.996	101324.996	101324.996	9.26429784e-05	0.00101324996	0	0	0.134448	0	0	3
609	317	25.1756643	4.48715038	101324.996	101324.996	101324.996	101324.996	9.23133048e-05	0.00101324996	0	0	0.134486	0	0	3
610	317	25.2195779	4.49451844	101324.996	101324.996	101324.996	101324.996	9.29655216e-05	0.00101324996	0	0	0.134445	0	0	3
611	318	25.2634904	4.50188651	101324.996	101324.996	101324.996	101324.996	9.27716173e-05	0.00101324996	0	0	0.134479	0	0	3
612	319	25.3074026	4.50925457	101324.996	101324.996	101324.996	101324.996	9.25165368e-05	0.00101324996	0	0	0.134445	0	0	3
613	319	25.3513137	4.51662263	101324.996	101324.996	101324.996	101324.996	9.2519098e-05	0.00101324996	0	0	0.134471	0	0	3
614	320	25.3952249	4.5239907	101324.996	101324.996	101324.996	101324.996	9.22127365e-05	0.00101324996	0	0	0.134441	0	0	3
615	320	25.4391351	4.53135876	101324.996	101324.996	101324.996	101324.996	9.21215542e-05	0.00101324996	0	0	0.134464	0	0	3
616	321	25.4830455	4.53872682	101324.996	101324.996	101324.996	101324.996	9.169642e-05	0.00101324996	0	0	0.134436	0	0	3
617	322	25.5269551	4.54609488	101324.996	101324.996	101324.996	101324.996	9.19800659e-05	0.00101324996	0	0	0.134452	0	0	3
618	322	25.5708652	4.55346295	101324.996	101324.996	101324.996	101324.996	9.18353035e-05	0.00101324996	0	0	0.134414	0	0	3
619	323	25.6147749	4.56083101	101324.996	101324.996	101324.996	101324.996	9.18627338e-05	0.00101324996	0	0	0.134436	0	0	3
620	324	25.6586852	4.56819907	101324.996	101324.996	101324.996	101324.996	9.14135453e-05	0.00101324996	0	0	0.134401	0	0	3
621	324	25.7025952	4.57556714	101324.996	101324.996	101324.996	101324.996	9.09869705e-05	0.00101324996	0	0	0.134423	0	0	3
622	325	25.7465061	4.5829352	101324.996	101324.996	101324.996	101324.996	9.10738163e-05	0.00101324996	0	0	0.134379	0	0	3
623	325	25.790417	4.59030326	101324.996	101324.996	101324.996	101324.996	9.05378402e-05	0.00101324996	0	0	0.134401	0	0	3
624	326	25.834329	4.59767133	101324.996	101324.996	101324.996	101324.996	9.06169589e-05	0.00101324996	0	0	0.134351	0	0	3
625	327	25.8782414	4.60503939	101324.996	101324.996	101324.996	101324.996	8.99187871e-05	0.00101324996	0	0	0.134381	0	0	3
626	327	25.9221549	4.61240745	101324.996	101324.996	101324.996	101324.996	9.01885505e-05	0.00101324996	0	0	0.134331	0	0	3
627	328	25.966069	4.61977551	101324.996	101324.996	101324.996	101324.996	8.96058336e-05	0.00101324996	0	0	0.134353	0	0	3
628	329	26	4.62714358	101324.996	101324.996	101324.996	101324.996	8.97849241e-05	0.00101324996	0	0	0.134302	0	0	3
629	329	26.043916	4.63451164	101324.996	101324.996	101324.996	101324.996	8.90102237e-05	0.00101324996	0	0	0.134331	0	0	3
630	330	26.0878336	4.6418797	101324.996	101324.996	101324.996	101324.996	8.89008224e-05	0.00101324996	0	0	0.134275	0	0	3
631	331	26.1317524	4.64924777	101324.996	101324.996	101324.996	101324.996	8.83935718e-05	0.00101324996	0	0	0.134294	0	0	3
632	331	26.1756729	4.65661583	101324.996	101324.996	101324.996	101324.996	8.83498869e-05	0.00101324996	0	0	0.134241	0	0	3
633	332	26.2195948	4.66398389	101324.996	101324.996	101324.996	101324.996	8.74806865e-05	0.00101324996	0	0	0.13426	0	0	3
634	332	26.2635186	4.67135196	101324.996	101324.996	101324.996	101324.996	8.7528635e-05	0.00101324996	0	0	0.134208	0	0	3
635	333	26.3074439	4.67872002	101324.996	101324.996	101324.996	101324.996	8.69666983e-05	0.00101324996	0	0	0.134224	0	0	3
636	334	26.3513713	4.68608808	101324.996	101324.996	101324.996	101324.996	8.6673972e-05	0.00101324996	0	0	0.134166	0	0	3
637	334	26.3953005	4.69345614	101324.996	101324.996	101324.996	101324.996	8.63141904e-05	0.00101324996	0	0	0.134185	0	0	3
638	335	26.4392321	4.70082421	101324.996	101324.996	101324.996	101324.996	8.64042668e-05	0.00101324996	0	0	0.134125	0	0	3
639	335	26.4831656	4.70819227	101324.996	101324.996	101324.996	101324.996	8.56499828e-05	0.00101324996	0	0	0.134143	0	0	3
640	336	26.5271018	4.71556033	101324.996	101324.996	101324.996	101324.996	8.51374934e-05	0.00101324996	0	0	0.134086	0	0	3
641	337	26.57104	4.7229284	101324.996	101324.996	101324.996	101324.996	8.47879564e-05	0.00101324996	0	0	0.134102	0	0	3
642	337	26.614981	4.73029646	101324.996	101324.996	101324.996	101324.996	8.41481087e-05	0.00101324996	0	0	0.13404	0	0	3
643	338	26.6589242	4.73766452	101324.996	101324.996	101324.996	101324.996	8.35733517e-05	0.00101324996	0	0	0.134058	0	0	3
644	339	26.7028704	4.74503259	101324.996	101324.996	101324.996	101324.996	8.31256039e-05	0.00101324996	0	0	0.133996	0	0	3
645	339	26.7468191	4.75240065	101324.996	101324.996	101324.996	101324.996	8.22815346e-05	0.00101324996	0	0	0.134014	0	0	3
646	340	26.7907669	4.75976871	101324.996	101324.996	101324.996	101324.996	8.24443414e-05	0.00101324996	0	0	0.133948	0	0	3
647	340	26.8347121	4.76713677	101324.996	101324.996	101324.996	101324.996	8.13198567e-05	0.00101324996	0	0	0.133964	0	0	3
648	341	26.8786552	4.77450484	101324.996	101324.996	101324.996	101324.996	8.11308128e-05	0.00101324996	0	0	0.133903	0	0	3
649	342	26.9225954	4.7818729	101324.996	101324.996	101324.996	101324.996	8.02458235e-05	0.00101324996	0	0	0.133917	0	0	3
650	342	26.9665334	4.78924096	101324.996	101324.996	101324.996	101324.996	7.98934634e-05	0.00101324996	0	0	0.133856	0	0	3
651	343	27	4.79660903	101324.996	101324.996	101324.996	101324.996	7.87783792e-05	0.00101324996	0	0	0.133879	0	0	3
652	343	27.0439332	4.80397709	101324.996	101324.996	101324.996	101324.996	7.93281215e-05	0.00101324996	0	0	0.133808	0	0	3
653	344	27.0878634	4.81134515	101324.996	101324.996	101324.996	101324.996	7.79288239e-05	0.00101324996	0	0	0.133826	0	0	3
654	345	27.1317912	4.81871322	101324.996	101324.996	101324.996	101324.996	7.81158451e-05	0.00101324996	0	0	0.133774	0	0	3
655	345	27.1757159	4.82608128	101324.996	101324.996	101324.996	101324.996	7.65337172e-05	0.00101324996	0	0	0.133842	0	0	3
656	346	27.2196381	4.83344934	101324.996	101324.996	101324.996	101324.996	7.68616301e-05	0.00101324996	0	0	0.133815	0	0	3
657	347	27.2635572	4.84081741	101324.996	101324.996	101324.996	101324.996	7.61676347e-05	0.00101324996	0	0	0.13388	0	0	3
658	347	27.3074737	4.84818547	101324.996	101324.996	101324.996	101324.996	7.5619886e-05	0.00101324996	0	0	0.133855	0	0	3
659	348	27.3513871	4.85555353	101324.996	101324.996	101324.996	101324.996	7.4660551e-05	0.00101324996	0	0	0.133917	0	0	3
660	348	27.3952979	4.86292159	101324.996	101324.996	101324.996	101324.996	7.41822587e-05	0.00101324996	0	0	0.133893	0	0	3
661	349	27.4392055	4.87028966	101324.996	101324.996	101324.996	101324.996	7.39050156e-05	0.00101324996	0	0	0.133954	0	0	3
662	350	27.4831105	4.87765772	101324.996	101324.996	101324.996	101324.996	7.41359108e-05	0.00101324996	0	0	0.133929	0	0	3
663	350	27.5270124	4.88502578	101324.996	101324.996	101324.996	101324.996	7.3463525e-05	0.00101324996	0	0	0.13399	0	0	3
664	351	27.5709117	4.89239385	101324.996	101324.996	101324.996	101324.996	7.28798477e-05	0.00101324996	0	0	0.133967	0	0	3
665	351	27.6148078	4.89976191	101324.996	101324.996	101324.996	101324.996	7.24416168e-05	0.00101324996	0	0	0.134026	0	0	3
666	352	27.6587014	4.90712997	101324.996	101324.996	101324.996	101324.996	7.21167307e-05	0.00101324996	0	0	0.134002	0	0	3
667	353	27.7025918	4.91449804	101324.996	101324.996	101324.996	101324.996	7.18272058e-05	0.00101324996	0	0	0.13406	0	0	3
668	353	27.7464797	4.9218661	101324.996	101324.996	101324.996	101324.996	7.12097826e-05	0.00101324996	0	0	0.134039	0	0	3
669	354	27.7903644	4.92923416	101324.996	101324.996	101324.996	101324.996	7.13552872e-05	0.00101324996	0	0	0.134089	0	0	3
670	354	27.8342467	4.93660222	101324.996	101324.996	101324.996	101324.996	7.05061684e-05	0.00101324996	0	0	0.134069	0	0	3
671	355	27.878126	4.94397029	101324.996	101324.996	101324.996	101324.996	7.07626023e-05	0.00101324996	0	0	0.13412	0	0	3
672	356	27.9220029	4.95133835	101324.996	101324.996	101324.996	101324.996	7.04731501e-05	0.00101324996	0	0	0.134098	0	0	3
673	356	27.9658769	4.95870641	101324.996	101324.996	101324.996	101324.996	7.00333621e-05	0.00101324996	0	0	0.13415	0	0	3
674	357	28	4.96607448	101324.996	101324.996	101324.996	101324.996	6.94206974e-05	0.00101324996	0	0	0.134125	0	0	3
675	358	28.0438692	4.97344254	101324.996	101324.996	101324.996	101324.996	6.91245514e-05	0.00101324996	0	0	0.13418	0	0	3
676	358	28.0877364	4.9808106	101324.996	101324.996	101324.996	101324.996	6.85553387e-05	0.00101324996	0	0	0.134148	0	0	3
677	359	28.1316008	4.98817867	101324.996	101324.996	101324.996	101324.996	6.79278019e-05	0.00101324996	0	0	0.134201	0	0	3
678	359	28.1754632	4.99554673	101324.996	101324.996	101324.996	101324.996	6.69709989e-05	0.00101324996	0	0	0.134171	0	0	3
679	360	28.2193229	5.00291479	101324.996	101324.996	101324.996	101324.996	6.70732406e-05	0.00101324996	0	0	0.134221	0	0	3
680	361	28.2631807	5.01028285	101324.996	101324.996	101324.996	101324.996	6.64315157e-05	0.00101324996	0	0	0.134185	0	0	3
681	361	28.307036	5.01765092	101324.996	101324.996	101324.996	101324.996	6.61333033e-05	0.00101324996	0	0	0.134243	0	0	3
682	362	28.3508895	5.02501898	101324.996	101324.996	101324.996	101324.996	6.54963806e-05	0.00101324996	0	0	0.134208	0	0	3
683	363	28.3947407	5.03238704	101324.996	101324.996	101324.996	101324.996	6.58747012e-05	0.00101324996	0	0	0.134253	0	0	3
684	363	28.4385903	5.03975511	101324.996	101324.996	101324.996	101324.996	6.53863681e-05	0.00101324996	0	0	0.134214	0	0	3
685	364	28.4824378	5.04712317	101324.996	101324.996	101324.996	101324.996	6.46061235e-05	0.00101324996	0	0	0.134269	0	0	3
686	364	28.526284	5.05449123	101324.996	101324.996	101324.996	101324.996	6.41042716e-05	0.00101324996	0	0	0.134225	0	0	3
687	365	28.5701283	5.0618593	101324.996	101324.996	101324.996	101324.996	6.34471799e-05	0.00101324996	0	0	0.134276	0	0	3
688	366	28.6139713	5.06922736	101324.996	101324.996	101324.996	101324.996	6.36533077e-05	0.00101324996	0	0	0.134231	0	0	3
689	366	28.6578127	5.07659542	101324.996	101324.996	101324.996	101324.996	6.32816227e-05	0.00101324996	0	0	0.134278	0	0	3
690	367	28.7016532	5.08396348	101324.996	101324.996	101324.996	101324.996	6.27325935e-05	0.00101324996	0	0	0.134235	0	0	3
691	368	28.7454922	5.09133155	101324.996	101324.996	101324.996	101324.996	6.19567872e-05	0.00101324996	0	0	0.134278	0	0	3
692	368	28.7893306	5.09869961	101324.996	101324.996	101324.996	101324.996	6.1674451e-05	0.00101324996	0	0	0.134234	0	0	3
693	369	28.8331677	5.10606767	101324.996	101324.996	101324.996	101324.996	6.12925796e-05	0.00101324996	0	0	0.134276	0	0	3
694	369	28.8770044	5.11343574	101324.996	101324.996	101324.996	101324.996	6.15087338e-05	0.00101324996	0	0	0.134224	0	0	3
695	370	28.9208402	5.1208038	101324.996	101324.996	101324.996	101324.996	6.06817339e-05	0.00101324996	0	0	0.134269	0	0	3
696	371	28.9646758	5.12817186	101324.996	101324.996	101324.996	101324.996	6.03211665e-05	0.00101324996	0	0	0.13422	0	0	3
697	371	29	5.13553993	101324.996	101324.996	101324.996	101324.996	5.90387353e-05	0.00101324996	0	0	0.134266	0	0	3
698	372	29.0438349	5.14290799	101324.996	101324.996	101324.996	101324.996	6.01935899e-05	0.00101324996	0	0	0.134196	0	0	3
699	373	29.0876694	5.15027605	101324.996	101324.996	101324.996	101324.996	5.84648951e-05	0.00101324996	0	0	0.134248	0	0	3
700	373	29.1315041	5.15764412	101324.996	101324.996	101324.996	101324.996	5.90570271e-05	0.00101324996	0	0	0.134189	0	0	3
701	374	29.1753387	5.16501218	101324.996	101324.996	101324.996	101324.996	5.78457693e-05	0.00101324996	0	0	0.134228	0	0	3
702	375	29.2191738	5.17238024	101324.996	101324.996	101324.996	101324.996	5.78670297e-05	0.00101324996	0	0	0.134172	0	0	3
703	375	29.263009	5.1797483	101324.996	101324.996	101324.996	101324.996	5.71888377e-05	0.00101324996	0	0	0.134205	0	0	3
704	376	29.3068451	5.18711637	101324.996	101324.996	101324.996	101324.996	5.68929536e-05	0.00101324996	0	0	0.13415	0	0	3
705	377	29.3506815	5.19448443	101324.996	101324.996	101324.996	101324.996	5.58622996e-05	0.00101324996	0	0	0.134181	0	0	3
706	377	29.394519	5.20185249	101324.996	101324.996	101324.996	101324.996	5.63125068e-05	0.00101324996	0	0	0.134115	0	0	3
707	378	29.4383573	5.20922056	101324.996	101324.996	101324.996	101324.996	5.53164864e-05	0.00101324996	0	0	0.134151	0	0	3
708	378	29.4821969	5.21658862	101324.996	101324.996	101324.996	101324.996	5.51421981e-05	0.00101324996	0	0	0.134092	0	0	3
709	379	29.5260374	5.22395668	101324.996	101324.996	101324.996	101324.996	5.46264928e-05	0.00101324996	0	0	0.134118	0	0	3
710	380	29.5698796	5.23132475	101324.996	101324.996	101324.996	101324.996	5.43439382e-05	0.00101324996	0	0	0.134059	0	0	3
711	380	29.6137229	5.23869281	101324.996	101324.996	101324.996	101324.996	5.39002212e-05	0.00101324996	0	0	0.134081	0	0	3
712	381	29.6575682	5.24606087	101324.996	101324.996	101324.996	101324.996	5.33877756e-05	0.00101324996	0	0	0.134022	0	0	3
713	381	29.7014148	5.25342893	101324.996	101324.996	101324.996	101324.996	5.30965626e-05	0.00101324996	0	0	0.134039	0	0	3
714	382	29.7452638	5.260797	101324.996	101324.996	101324.996	101324.996	5.25840442e-05	0.00101324996	0	0	0.133981	0	0	3
715	383	29.7891144	5.26816506	101324.996	101324.996	101324.996	101324.996	5.17563603e-05	0.00101324996	0	0	0.134002	0	0	3
716	383	29.8329674	5.27553312	101324.996	101324.996	101324.996	101324.996	5.12492406e-05	0.00101324996	0	0	0.133937	0	0	3
717	384	29.8768224	5.28290119	101324.996	101324.996	101324.996	101324.996	5.06283977e-05	0.00101324996	0	0	0.133958	0	0	3
718	385	29.92068	5.29026925	101324.996	101324.996	101324.996	101324.996	5.11741382e-05	0.00101324996	0	0	0.133886	0	0	3
719	385	29.9645399	5.29763731	101324.996	101324.996	101324.996	101324.996	5.0048664e-05	0.00101324996	0	0	0.133908	0	0	3
720	386	30	5.30500538	101324.996	101324.996	101324.996	101324.996	4.94567212e-05	0.00101324996	0	0	0.133845	0	0	3
721	387	30.0438646	5.31237344	101324.996	101324.996	101324.996	101324.996	4.88202786e-05	0.00101324996	0	0	0.133868	0	0	3
722	387	30.0877324	5.3197415	101324.996	101324.996	101324.996	101324.996	4.79967857e-05	0.00101324996	0	0	0.133799	0	0	3
723	388	30.1316028	5.32710956	101324.996	101324.996	101324.996	101324.996	4.76884015e-05	0.00101324996	0	0	0.133815	0	0	3
724	388	30.1754766	5.33447763	101324.996	101324.996	101324.996	101324.996	4.66865022e-05	0.00101324996	0	0	0.133742	0	0	3
725	389	30.2193531	5.34184569	101324.996	101324.996	101324.996	101324.996	4.62869648e-05	0.00101324996	0	0	0.13376	0	0	3
726	390	30.2632332	5.34921375	101324.996	101324.996	101324.996	101324.996	4.59580624e-05	0.00101324996	0	0	0.133688	0	0	3
727	390	30.3071163	5.35658182	101324.996	101324.996	101324.996	101324.996	4.51173401e-05	0.00101324996	0	0	0.133704	0	0	3
728	391	30.3510031	5.36394988	101324.996	101324.996	101324.996	101324.996	4.45487531e-05	0.00101324996	0	0	0.13365	0	0	3
729	392	30.394893	5.37131794	101324.996	101324.996	101324.996	101324.996	4.29277134e-05	0.00101324996	0	0	0.133706	0	0	3
730	392	30.4387868	5.37868601	101324.996	101324.996	101324.996	101324.996	4.24454629e-05	0.00101324996	0	0	0.133696	0	0	3
731	393	30.4826838	5.38605407	101324.996	101324.996	101324.996	101324.996	4.20046563e-05	0.00101324996	0	0	0.133752	0	0	3
732	393	30.526585	5.39342213	101324.996	101324.996	101324.996	101324.996	4.12667141e-05	0.00101324996	0	0	0.133749	0	0	3
733	394	30.5704895	5.40079019	101324.996	101324.996	101324.996	101324.996	4.10097273e-05	0.00101324996	0	0	0.1338	0	0	3
734	395	30.6143983	5.40815826	101324.996	101324.996	101324.996	101324.996	4.0073166e-05	0.00101324996	0	0	0.133792	0	0	3
735	395	30.6583105	5.41552632	101324.996	101324.996	101324.996	101324.996	3.97913827e-05	0.00101324996	0	0	0.133855	0	0	3
736	396	30.702227	5.42289438	101324.996	101324.996	101324.996	101324.996	3.8826227e-05	0.00101324996	0	0	0.133844	0	0	3
737	397	30.7461471	5.43026245	101324.996	101324.996	101324.996	101324.996	3.85186431e-05	0.00101324996	0	0	0.133902	0	0	3
738	397	30.7900715	5.43763051	101324.996	101324.996	101324.996	101324.996	3.76026146e-05	0.00101324996	0	0	0.133889	0	0	3
739	398	30.8339997	5.44499857	101324.996	101324.996	101324.996	101324.996	3.72736831e-05	0.00101324996	0	0	0.133954	0	0	3
740	399	30.8779321	5.45236664	101324.996	101324.996	101324.996	101324.996	3.65572341e-05	0.00101324996	0	0	0.13394	0	0	3
741	399	30.9218682	5.4597347	101324.996	101324.996	101324.996	101324.996	3.67863249e-05	0.00101324996	0	0	0.134	0	0	3
742	400	30.9658087	5.46710276	101324.996	101324.996	101324.996	101324.996	3.60042031e-05	0.00101324996	0	0	0.133987	0	0	3
743	400	31	5.47447083	101324.996	101324.996	101324.996	101324.996	3.60693521e-05	0.00101324996	0	0	0.134042	0	0	3
744	401	31.0439478	5.48183889	101324.996	101324.996	101324.996	101324.996	3.5220015e-05	0.00101324996	0	0	0.134029	0	0	3
745	402	31.0878992	5.48920695	101324.996	101324.996	101324.996	101324.996	3.54655494e-05	0.00101324996	0	0	0.134089	0	0	3
746	402	31.1318549	5.49657501	101324.996	101324.996	101324.996	101324.996	3.57208919e-05	0.00101324996	0	0	0.134069	0	0	3
747	403	31.1758144	5.50394308	101324.996	101324.996	101324.996	101324.996	3.46701418e-05	0.00101324996	0	0	0.134134	0	0	3
748	404	31.2197781	5.51131114	101324.996	101324.996	101324.996	101324.996	3.52481438e-05	0.00101324996	0	0	0.134118	0	0	3
749	404	31.2637455	5.5186792	101324.996	101324.996	101324.996	101324.996	3.4178971e-05	0.00101324996	0	0	0.13418	0	0	3
750	405	31.3077145	5.52604727	101324.996	101324.996	101324.996	101324.996	3.49101902e-05	0.00101324996	0	0	0.134153	0	0	3
751	406	31.3516798	5.53341533	101324.996	101324.996	101324.996	101324.996	3.34412471e-05	0.00101324996	0	0	0.134217	0	0	3
752	406	31.3956419	5.54078339	101324.996	101324.996	101324.996	101324.996	3.39220423e-05	0.00101324996	0	0	0.134199	0	0	3
753	407	31.4396003	5.54815146	101324.996	101324.996	101324.996	101324.996	3.30479961e-05	0.00101324996	0	0	0.134255	0	0	3
754	407	31.4835555	5.55551952	101324.996	101324.996	101324.996	101324.996	3.34920915e-05	0.00101324996	0	0	0.134233	0	0	3
755	408	31.5275071	5.56288758	101324.996	101324.996	101324.996	101324.996	3.27410526e-05	0.00101324996	0	0	0.134287	0	0	3
756	409	31.5714558	5.57025564	101324.996	101324.996	101324.996	101324.996	3.19249957e-05	0.00101324996	0	0	0.134274	0	0	3
757	409	31.6154009	5.57762371	101324.996	101324.996	101324.996	101324.996	3.13798955e-05	0.00101324996	0	0	0.134322	0	0	3
758	410	31.6593431	5.58499177	101324.996	101324.996	101324.996	101324.996	3.12147313e-05	0.00101324996	0	0	0.134298	0	0	3
759	411	31.703282	5.59235983	101324.996	101324.996	101324.996	101324.996	3.11181793e-05	0.00101324996	0	0	0.13435	0	0	3
760	411	31.7472183	5.5997279	101324.996	101324.996	101324.996	101324.996	3.02410335e-05	0.00101324996	0	0	0.134328	0	0	3
761	412	31.7911513	5.60709596	101324.996	101324.996	101324.996	101324.996	3.02098633e-05	0.00101324996	0	0	0.134374	0	0	3
762	412	31.835082	5.61446402	101324.996	101324.996	101324.996	101324.996	2.96157959e-05	0.00101324996	0	0	0.134351	0	0	3
763	413	31.8790096	5.62183209	101324.996	101324.996	101324.996	101324.996	2.95674836e-05	0.00101324996	0	0	0.134395	0	0	3
764	414	31.9229351	5.62920015	101324.996	101324.996	101324.996	101324.996	2.94032361e-05	0.00101324996	0	0	0.134373	0	0	3
765	414	31.9668577	5.63656821	101324.996	101324.996	101324.996	101324.996	2.89548188e-05	0.00101324996	0	0	0.134413	0	0	3
766	415	32	5.64393627	101324.996	101324.996	101324.996	101324.996	2.88620067e-05	0.00101324996	0	0	0.13438	0	0	3
767	416	32.0439186	5.65130434	101324.996	101324.996	101324.996	101324.996	2.79783999e-05	0.00101324996	0	0	0.134432	0	0	3
768	416	32.0878355	5.6586724	101324.996	101324.996	101324.996	101324.996	2.75701459e-05	0.00101324996	0	0	0.1344	0	0	3
769	417	32.1317501	5.66604046	101324.996	101324.996	101324.996	101324.996	2.75458879e-05	0.00101324996	0	0	0.134432	0	0	3
770	417	32.1756634	5.67340853	101324.996	101324.996	101324.996	101324.996	2.66727438e-05	0.00101324996	0	0	0.13441	0	0	3
771	418	32.2195744	5.68077659	101324.996	101324.996	101324.996	101324.996	2.6500973e-05	0.00101324996	0	0	0.134441	0	0	3
772	419	32.2634842	5.68814465	101324.996	101324.996	101324.996	101324.996	2.60523375e-05	0.00101324996	0	0	0.134406	0	0	3
773	419	32.3073923	5.69551272	101324.996	101324.996	101324.996	101324.996	2.54071929e-05	0.00101324996	0	0	0.134442	0	0	3
774	420	32.3512995	5.70288078	101324.996	101324.996	101324.996	101324.996	2.49992881e-05	0.00101324996	0	0	0.134405	0	0	3
775	421	32.3952052	5.71024884	101324.996	101324.996	101324.996	101324.996	2.50340672e-05	0.00101324996	0	0	0.134436	0	0	3
776	421	32.4391104	5.7176169	101324.996	101324.996	101324.996	101324.996	2.4083638e-05	0.00101324996	0	0	0.134408	0	0	3
777	422	32.4830142	5.72498497	101324.996	101324.996	101324.996	101324.996	2.4083638e-05	0.00101324996	0	0	0.134427	0	0	3
778	422	32.5269179	5.73235303	101324.996	101324.996	101324.996	101324.996	2.34047329e-05	0.00101324996	0	0	0.134392	0	0	3
779	423	32.5708206	5.73972109	101324.996	101324.996	101324.996	101324.996	2.34580802e-05	0.00101324996	0	0	0.134418	0	0	3
780	424	32.6147234	5.74708916	101324.996	101324.996	101324.996	101324.996	2.25329568e-05	0.00101324996	0	0	0.134379	0	0	3
781	424	32.6586256	5.75445722	101324.996	101324.996	101324.996	101324.996	2.25329568e-05	0.00101324996	0	0	0.134401	0	0	3
782	425	32.7025282	5.76182528	101324.996	101324.996	101324.996	101324.996	2.19861249e-05	0.00101324996	0	0	0.134359	0	0	3
783	426	32.7464306	5.76919335	101324.996	101324.996	101324.996	101324.996	2.19517533e-05	0.00101324996	0	0	0.134384	0	0	3
784	426	32.7903336	5.77656141	101324.996	101324.996	101324.996	101324.996	2.20943621e-05	0.00101324996	0	0	0.134331	0	0	3
785	427	32.8342368	5.78392947	101324.996	101324.996	101324.996	101324.996	2.15486216e-05	0.00101324996	0	0	0.134358	0	0	3
786	427	32.878141	5.79129753	101324.996	101324.996	101324.996	101324.996	2.12792365e-05	0.00101324996	0	0	0.134303	0	0	3
787	428	32.9220457	5.7986656	101324.996	101324.996	101324.996	101324.996	2.12792365e-05	0.00101324996	0	0	0.134332	0	0	3
788	429	32.9659516	5.80603366	101324.996	101324.996	101324.996	101324.996	2.07356206e-05	0.00101324996	0	0	0.134272	0	0	3
789	429	33	5.81340172	101324.996	101324.996	101324.996	101324.996	2.07356206e-05	0.00101324996	0	0	0.134291	0	0	3
790	430	33.0439083	5.82076979	101324.996	101324.996	101324.996	101324.996	2.046398e-05	0.00101324996	0	0	0.134235	0	0	3
791	431	33.0878176	5.82813785	101324.996	101324.996	101324.996	101324.996	2.02858646e-05	0.00101324996	0	0	0.134256	0	0	3
792	431	33.1317289	5.83550591	101324.996	101324.996	101324.996	101324.996	1.97002228e-05	0.00101324996	0	0	0.134208	0	0	3
793	432	33.1756414	5.84287398	101324.996	101324.996	101324.996	101324.996	1.93389424e-05	0.00101324996	0	0	0.134213	0	0	3
794	432	33.2195564	5.85024204	101324.996	101324.996	101324.996	101324.996	1.90572464e-05	0.00101324996	0	0	0.134158	0	0	3
795	433	33.2634731	5.8576101	101324.996	101324.996	101324.996	101324.996	1.90486462e-05	0.00101324996	0	0	0.134166	0	0	3
796	434	33.3073925	5.86497817	101324.996	101324.996	101324.996	101324.996	1.87644764e-05	0.00101324996	0	0	0.134115	0	0	3
797	434	33.3513139	5.87234623	101324.996	101324.996	101324.996	101324.996	1.87644764e-05	0.00101324996	0	0	0.134121	0	0	3
798	435	33.3952382	5.87971429	101324.996	101324.996	101324.996	101324.996	1.78916671e-05	0.00101324996	0	0	0.134061	0	0	3
799	435	33.4391649	5.88708235	101324.996	101324.996	101324.996	101324.996	1.78916671e-05	0.00101324996	0	0	0.134064	0	0	3
800	436	33.483095	5.89445042	101324.996	101324.996	101324.996	101324.996	1.71071297e-05	0.00101324996	0	0	0.134012	0	0	3
801	437	33.5270276	5.90181848	101324.996	101324.996	101324.996	101324.996	1.6948281e-05	0.00101324996	0	0	0.134015	0	0	3
802	438	33.5709637	5.90918654	101324.996	101324.996	101324.996	101324.996	1.67695835e-05	0.00101324996	0	0	0.133953	0	0	3
803	438	33.6149026	5.91655461	101324.996	101324.996	101324.996	101324.996	1.61581702e-05	0.00101324996	0	0	0.133952	0	0	3
804	439	33.6588455	5.92392267	101324.996	101324.996	101324.996	101324.996	1.61581702e-05	0.00101324996	0	0	0.133891	0	0	3
805	439	33.7027915	5.93129073	101324.996	101324.996	101324.996	101324.996	1.55136368e-05	0.00101324996	0	0	0.133896	0	0	3
806	440	33.7467416	5.9386588	101324.996	101324.996	101324.996	101324.996	1.55136368e-05	0.00101324996	0	0	0.133832	0	0	3
807	441	33.790695	5.94602686	101324.996	101324.996	101324.996	101324.996	1.44128426e-05	0.00101324996	0	0	0.133832	0	0	3
808	441	33.8346527	5.95339492	101324.996	101324.996	101324.996	101324.996	1.41837518e-05	0.00101324996	0	0	0.13377	0	0	3
809	442	33.8786141	5.96076298	101324.996	101324.996	101324.996	101324.996	1.33627182e-05	0.00101324996	0	0	0.13377	0	0	3
810	443	33.9225799	5.96813105	101324.996	101324.996	101324.996	101324.996	1.28919637e-05	0.00101324996	0	0	0.133703	0	0	3
811	443	33.9665496	5.97549911	101324.996	101324.996	101324.996	101324.996	1.26586237e-05	0.00101324996	0	0	0.133706	0	0	3
812	444	34	5.98286717	101324.996	101324.996	101324.996	101324.996	1.19436736e-05	0.00101324996	0	0	0.133638	0	0	3
813	445	34.0439703	5.99023524	101324.996	101324.996	101324.996	101324.996	1.10595574e-05	0.00101324996	0	0	0.13365	0	0	3
814	445	34.0879366	5.9976033	101324.996	101324.996	101324.996	101324.996	1.10595574e-05	0.00101324996	0	0	0.133578	0	0	3
815	446	34.1318982	6.00497136	101324.996	101324.996	101324.996	101324.996	1.00340112e-05	0.00101324996	0	0	0.133629	0	0	3
816	446	34.1758557	6.01233943	101324.996	101324.996	101324.996	101324.996	1.00340112e-05	0.00101324996	0	0	0.133618	0	0	3
817	447	34.2198083	6.01970749	101324.996	101324.996	101324.996	101324.996	8.88653449e-06	0.00101324996	0	0	0.133691	0	0	3
818	448	34.2637567	6.02707555	101324.996	101324.996	101324.996	101324.996	8.88653449e-06	0.00101324996	0	0	0.133682	0	0	3
819	448	34.3077001	6.03444361	101324.996	101324.996	101324.996	101324.996	7.99671398e-06	0.00101324996	0	0	0.13376	0	0	3
820	449	34.3516392	6.04181168	101324.996	101324.996	101324.996	101324.996	7.68285827e-06	0.00101324996	0	0	0.133747	0	0	3
821	449	34.3955732	6.04917974	101324.996	101324.996	101324.996	101324.996	7.12722249e-06	0.00101324996	0	0	0.133825	0	0	3
822	450	34.4395028	6.0565478	101324.996	101324.996	101324.996	101324.996	6.77710341e-06	0.00101324996	0	0	0.133811	0	0	3
823	451	34.4834275	6.06391587	101324.996	101324.996	101324.996	101324.996	6.77710341e-06	0.00101324996	0	0	0.133888	0	0	3
824	451	34.5273476	6.07128393	101324.996	101324.996	101324.996	101324.996	6.38882921e-06	0.00101324996	0	0	0.133873	0	0	3
825	452	34.5712628	6.07865199	101324.996	101324.996	101324.996	101324.996	5.94010635e-06	0.00101324996	0	0	0.133951	0	0	3
826	453	34.6151735	6.08602006	101324.996	101324.996	101324.996	101324.996	5.90614218e-06	0.00101324996	0	0	0.133934	0	0	3
827	453	34.6590793	6.09338812	101324.996	101324.996	101324.996	101324.996	6.20709034e-06	0.00101324996	0	0	0.134011	0	0	3
828	454	34.7029806	6.10075618	101324.996	101324.996	101324.996	101324.996	6.49869617e-06	0.00101324996	0	0	0.133995	0	0	3
829	455	34.746877	6.10812424	101324.996	101324.996	101324.996	101324.996	6.71247835e-06	0.00101324996	0	0	0.134065	0	0	3
830	455	34.7907691	6.11549231	101324.996	101324.996	101324.996	101324.996	6.567323e-06	0.00101324996	0	0	0.134055	0	0	3
831	456	34.8346562	6.12286037	101324.996	101324.996	101324.996	101324.996	6.9601374e-06	0.00101324996	0	0	0.134118	0	0	3
832	456	34.8785393	6.13022843	101324.996	101324.996	101324.996	101324.996	6.8951922e-06	0.00101324996	0	0	0.134111	0	0	3
833	457	34.9224174	6.1375965	101324.996	101324.996	101324.996	101324.996	7.23735138e-06	0.00101324996	0	0	0.134175	0	0	3
834	458	34.9662915	6.14496456	101324.996	101324.996	101324.996	101324.996	6.96956704e-06	0.00101324996	0	0	0.134159	0	0	3
835	458	35	6.15233262	101324.996	101324.996	101324.996	101324.996	7.36709626e-06	0.00101324996	0	0	0.134223	0	0	3
836	459	35.0438664	6.15970069	101324.996	101324.996	101324.996	101324.996	7.24586425e-06	0.00101324996	0	0	0.134199	0	0	3
837	460	35.0877281	6.16706875	101324.996	101324.996	101324.996	101324.996	7.24586425e-06	0.00101324996	0	0	0.134263	0	0	3
838	460	35.1315861	6.17443681	101324.996	101324.996	101324.996	101324.996	7.65512232e-06	0.00101324996	0	0	0.134248	0	0	3
839	461	35.1754396	6.18180488	101324.996	101324.996	101324.996	101324.996	7.3183619e-06	0.00101324996	0	0	0.134307	0	0	3
840	461	35.2192895	6.18917294	101324.996	101324.996	101324.996	101324.996	7.3183619e-06	0.00101324996	0	0	0.134292	0	0	3
841	462	35.2631352	6.196541	101324.996	101324.996	101324.996	101324.996	7.47472222e-06	0.00101324996	0	0	0.134346	0	0	3
842	463	35.3069775	6.20390906	101324.996	101324.996	101324.996	101324.996	7.50059553e-06	0.00101324996	0	0	0.134326	0	0	3
843	463	35.3508159	6.21127713	101324.996	101324.996	101324.996	101324.996	7.71055056e-06	0.00101324996	0	0	0.134384	0	0	3
844	464	35.3946511	6.21864519	101324.996	101324.996	101324.996	101324.996	8.36099207e-06	0.00101324996	0	0	0.134359	0	0	3
845	464	35.4384825	6.22601325	101324.996	101324.996	101324.996	101324.996	8.36099207e-06	0.00101324996	0	0	0.134416	0	0	3
846	465	35.4823111	6.23338132	101324.996	101324.996	101324.996	101324.996	8.79188883e-06	0.00101324996	0	0	0.134383	0	0	3
847	466	35.5261362	6.24074938	101324.996	101324.996	101324.996	101324.996	8.88707291e-06	0.00101324996	0	0	0.134438	0	0	3
848	466	35.5699588	6.24811744	101324.996	101324.996	101324.996	101324.996	9.05949855e-06	0.00101324996	0	0	0.134413	0	0	3
849	467	35.6137781	6.25548551	101324.996	101324.996	101324.996	101324.996	9.26811481e-06	0.00101324996	0	0	0.134457	0	0	3
850	468	35.6575951	6.26285357	101324.996	101324.996	101324.996	101324.996	9.31316754e-06	0.00101324996	0	0	0.134426	0	0	3
851	468	35.7014093	6.27022163	101324.996	101324.996	101324.996	101324.996	1.06287625e-05	0.00101324996	0	0	0.134468	0	0	3
852	469	35.7452217	6.27758969	101324.996	101324.996	101324.996	101324.996	1.06287625e-05	0.00101324996	0	0	0.134434	0	0	3
853	469	35.7890316	6.28495776	101324.996	101324.996	101324.996	101324.996	1.06748048e-05	0.00101324996	0	0	0.134481	0	0	3
854	470	35.83284	6.29232582	101324.996	101324.996	101324.996	101324.996	1.06748048e-05	0.00101324996	0	0	0.134442	0	0	3
855	471	35.8766462	6.29969388	101324.996	101324.996	101324.996	101324.996	1.09312678e-05	0.00101324996	0	0	0.134488	0	0	3
856	471	35.920451	6.30706195	101324.996	101324.996	101324.996	101324.996	1.09312678e-05	0.00101324996	0	0	0.134442	0	0	3
857	472	35.9642541	6.31443001	101324.996	101324.996	101324.996	101324.996	1.09312678e-05	0.00101324996	0	0	0.134482	0	0	3
858	473	36	6.32179807	101324.996	101324.996	101324.996	101324.996	1.09615212e-05	0.00101324996	0	0	0.134433	0	0	3
859	473	36.0438011	6.32916614	101324.996	101324.996	101324.996	101324.996	1.14053837e-05	0.00101324996	0	0	0.134478	0	0	3
860	474	36.0876017	6.3365342	101324.996	101324.996	101324.996	101324.996	1.1553464e-05	0.00101324996	0	0	0.134432	0	0	3
861	475	36.1314013	6.34390226	101324.996	101324.996	101324.996	101324.996	1.1553464e-05	0.00101324996	0	0	0.134466	0	0	3
862	475	36.1752007	6.35127032	101324.996	101324.996	101324.996	101324.996	1.19578326e-05	0.00101324996	0	0	0.134407	0	0	3
863	476	36.2189996	6.35863839	101324.996	101324.996	101324.996	101324.996	1.19578326e-05	0.00101324996	0	0	0.134444	0	0	3
864	477	36.2627987	6.36600645	101324.996	101324.996	101324.996	101324.996	1.24354119e-05	0.00101324996	0	0	0.134388	0	0	3
865	477	36.3065977	6.37337451	101324.996	101324.996	101324.996	101324.996	1.24354119e-05	0.00101324996	0	0	0.134422	0	0	3
866	478	36.3503972	6.38074258	101324.996	101324.996	101324.996	101324.996	1.24354119e-05	0.00101324996	0	0	0.134363	0	0	3
867	479	36.394197	6.38811064	101324.996	101324.996	101324.996	101324.996	1.24354119e-05	0.00101324996	0	0	0.13439	0	0	3
868	479	36.4379978	6.3954787	101324.996	101324.996	101324.996	101324.996	1.24354119e-05	0.00101324996	0	0	0.134327	0	0	3
869	480	36.4817992	6.40284677	101324.996	101324.996	101324.996	101324.996	1.24354119e-05	0.00101324996	0	0	0.134356	0	0	3
870	481	36.5256021	6.41021483	101324.996	101324.996	101324.996	101324.996	1.24828948e-05	0.00101324996	0	0	0.134288	0	0	3
871	481	36.5694062	6.41758289	101324.996	101324.996	101324.996	101324.996	1.24828948e-05	0.00101324996	0	0	0.134313	0	0	3
872	482	36.6132121	6.42495095	101324.996	101324.996	101324.996	101324.996	1.24828948e-05	0.00101324996	0	0	0.134252	0	0	3
873	482	36.6570194	6.43231902	101324.996	101324.996	101324.996	101324.996	1.24828948e-05	0.00101324996	0	0	0.134269	0	0	3
874	483	36.7008289	6.43968708	101324.996	101324.996	101324.996	101324.996	1.24828948e-05	0.00101324996	0	0	0.134198	0	0	3
875	484	36.7446404	6.44705514	101324.996	101324.996	101324.996	101324.996	1.24828948e-05	0.00101324996	0	0	0.134214	0	0	3
876	484	36.7884546	6.45442321	101324.996	101324.996	101324.996	101324.996	1.24828948e-05	0.00101324996	0	0	0.134142	0	0	3
877	485	36.8322711	6.46179127	101324.996	101324.996	101324.996	101324.996	1.24828948e-05	0.00101324996	0	0	0.134161	0	0	3
878	486	36.8760907	6.46915933	101324.996	101324.996	101324.996	101324.996	1.24828948e-05	0.00101324996	0	0	0.134093	0	0	3
879	486	36.9199128	6.4765274	101324.996	101324.996	101324.996	101324.996	1.23534992e-05	0.00101324996	0	0	0.134101	0	0	3
880	487	36.9637383	6.48389546	101324.996	101324.996	101324.996	101324.996	1.23534992e-05	0.00101324996	0	0	0.134022	0	0	3
881	487	37	6.49126352	101324.996	101324.996	101324.996	101324.996	1.23534992e-05	0.00101324996	0	0	0.134034	0	0	3
882	488	37.043832	6.49863159	101324.996	101324.996	101324.996	101324.996	1.23534992e-05	0.00101324996	0	0	0.133963	0	0	3
883	489	37.0876672	6.50599965	101324.996	101324.996	101324.996	101324.996	1.23534992e-05	0.00101324996	0	0	0.13397	0	0	3
884	489	37.1315067	6.51336771	101324.996	101324.996	101324.996	101324.996	1.20306213e-05	0.00101324996	0	0	0.133896	0	0	3
885	490	37.1753497	6.52073577	101324.996	101324.996	101324.996	101324.996	1.20306213e-05	0.00101324996	0	0	0.133904	0	0	3
886	491	37.2191972	6.52810384	101324.996	101324.996	101324.996	101324.996	1.17752788e-05	0.00101324996	0	0	0.133819	0	0	3
887	491	37.2630488	6.5354719	101324.996	101324.996	101324.996	101324.996	1.17752788e-05	0.00101324996	0	0	0.133833	0	0	3
888	492	37.3069051	6.54283996	101324.996	101324.996	101324.996	101324.996	1.15180883e-05	0.00101324996	0	0	0.133747	0	0	3
889	493	37.3507657	6.55020803	101324.996	101324.996	101324.996	101324.996	1.1265889e-05	0.00101324996	0	0	0.133752	0	0	3
890	493	37.3946314	6.55757609	101324.996	101324.996	101324.996	101324.996	1.11355766e-05	0.00101324996	0	0	0.133672	0	0	3
891	494	37.4385017	6.56494415	101324.996	101324.996	101324.996	101324.996	1.03073398e-05	0.00101324996	0	0	0.133674	0	0	3
892	495	37.4823773	6.57231222	101324.996	101324.996	101324.996	101324.996	1.02104677e-05	0.00101324996	0	0	0.133641	0	0	3
893	495	37.5262576	6.57968028	101324.996	101324.996	101324.996	101324.996	9.84854705e-06	0.00101324996	0	0	0.133712	0	0	3
894	496	37.5701436	6.58704834	101324.996	101324.996	101324.996	101324.996	9.44997009e-06	0.00101324996	0	0	0.133718	0	0	3
895	496	37.6140345	6.5944164	101324.996	101324.996	101324.996	101324.996	8.89551302e-06	0.00101324996	0	0	0.133792	0	0	3
896	497	37.6579313	6.60178447	101324.996	101324.996	101324.996	101324.996	8.68173083e-06	0.00101324996	0	0	0.133801	0	0	3
897	498	37.7018332	6.60915253	101324.996	101324.996	101324.996	101324.996	7.95861706e-06	0.00101324996	0	0	0.133875	0	0	3
898	498	37.7457412	6.61652059	101324.996	101324.996	101324.996	101324.996	7.74637738e-06	0.00101324996	0	0	0.133887	0	0	3
899	499	37.7896543	6.62388866	101324.996	101324.996	101324.996	101324.996	7.86285091e-06	0.00101324996	0	0	0.133959	0	0	3
900	500	37.8335736	6.63125672	101324.996	101324.996	101324.996	101324.996	7.86285091e-06	0.00101324996	0	0	0.133966	0	0	3
901	500	37.8774983	6.63862478	101324.996	101324.996	101324.996	101324.996	7.86285091e-06	0.00101324996	0	0	0.134036	0	0	3
902	501	37.9214294	6.64599285	101324.996	101324.996	101324.996	101324.996	7.86285091e-06	0.00101324996	0	0	0.134048	0	0	3
903	502	37.9653659	6.65336091	101324.996	101324.996	101324.996	101324.996	7.86285091e-06	0.00101324996	0	0	0.134122	0	0	3
904	502	38	6.66072897	101324.996	101324.996	101324.996	101324.996	7.86285091e-06	0.00101324996	0	0	0.134127	0	0	3
905	503	38.0439471	6.66809703	101324.996	101324.996	101324.996	101324.996	7.86285091e-06	0.00101324996	0	0	0.134202	0	0	3
906	504	38.0879004	6.6754651	101324.996	101324.996	101324.996	101324.996	7.86285091e-06	0.00101324996	0	0	0.134202	0	0	3
907	504	38.1318594	6.68283316	101324.996	101324.996	101324.996	101324.996	7.86285091e-06	0.00101324996	0	0	0.13427	0	0	3
908	505	38.1758245	6.69020122	101324.996	101324.996	101324.996	101324.996	7.86285091e-06	0.00101324996	0	0	0.134279	0	0	3
909	505	38.219792	6.69756929	101324.996	101324.996	101324.996	101324.996	7.86285091e-06	0.00101324996	0	0	0.134344	0	0	3
910	506	38.263754	6.70493735	101324.996	101324.996	101324.996	101324.996	7.86285091e-06	0.00101324996	0	0	0.134353	0	0	3
911	507	38.3077096	6.71230541	101324.996	101324.996	101324.996	101324.996	7.86285091e-06	0.00101324996	0	0	0.134418	0	0	3
912	507	38.3516597	6.71967348	101324.996	101324.996	101324.996	101324.996	7.86285091e-06	0.00101324996	0	0	0.134427	0	0	3
913	508	38.3956034	6.72704154	101324.996	101324.996	101324.996	101324.996	7.86285091e-06	0.00101324996	0	0	0.134488	0	0	3
914	508	38.4395419	6.7344096	101324.996	101324.996	101324.996	101324.996	7.86285091e-06	0.00101324996	0	0	0.134493	0	0	3
915	509	38.4834742	6.74177766	101324.996	101324.996	101324.996	101324.996	7.86285091e-06	0.00101324996	0	0	0.134555	0	0	3
916	510	38.5274012	6.74914573	101324.996	101324.996	101324.996	101324.996	7.86285091e-06	0.00101324996	0	0	0.134555	0	0	3
917	510	38.5713223	6.75651379	101324.996	101324.996	101324.996	101324.996	7.86285091e-06	0.00101324996	0	0	0.134617	0	0	3
918	511	38.6152385	6.76388185	101324.996	101324.996	101324.996	101324.996	7.86285091e-06	0.00101324996	0	0	0.134617	0	0	3
919	512	38.6591488	6.77124992	101324.996	101324.996	101324.996	101324.996	7.86285091e-06	0.00101324996	0	0	0.134675	0	0	3
920	512	38.7030543	6.77861798	101324.996	101324.996	101324.996	101324.996	7.86285091e-06	0.00101324996	0	0	0.134676	0	0	3
921	513	38.7469542	6.78598604	101324.996	101324.996	101324.996	101324.996	7.86285091e-06	0.00101324996	0	0	0.134724	0	0	3
922	514	38.7908496	6.79335411	101324.996	101324.996	101324.996	101324.996	7.86285091e-06	0.00101324996	0	0	0.134724	0	0	3
923	514	38.8347397	6.80072217	101324.996	101324.996	101324.996	101324.996	7.86285091e-06	0.00101324996	0	0	0.134773	0	0	3
924	515	38.8786256	6.80809023	101324.996	101324.996	101324.996	101324.996	7.86285091e-06	0.00101324996	0	0	0.134763	0	0	3
925	515	38.9225066	6.81545829	101324.996	101324.996	101324.996	101324.996	7.86285091e-06	0.00101324996	0	0	0.134816	0	0	3
926	516	38.9663837	6.82282636	101324.996	101324.996	101324.996	101324.996	7.86285091e-06	0.00101324996	0	0	0.134806	0	0	3
927	517	39	6.83019442	101324.996	101324.996	101324.996	101324.996	7.86285091e-06	0.00101324996	0	0	0.134853	0	0	3
928	517	39.0438697	6.83756248	101324.996	101324.996	101324.996	101324.996	7.86285091e-06	0.00101324996	0	0	0.134833	0	0	3
929	518	39.0877349	6.84493055	101324.996	101324.996	101324.996	101324.996	7.86285091e-06	0.00101324996	0	0	0.134882	0	0	3
930	519	39.1315968	6.85229861	101324.996	101324.996	101324.996	101324.996	7.86285091e-06	0.00101324996	0	0	0.134857	0	0	3
931	519	39.1754549	6.85966667	101324.996	101324.996	101324.996	101324.996	7.86285091e-06	0.00101324996	0	0	0.134908	0	0	3
932	520	39.2193099	6.86703474	101324.996	101324.996	101324.996	101324.996	7.86285091e-06	0.00101324996	0	0	0.134889	0	0	3
933	521	39.2631614	6.8744028	101324.996	101324.996	101324.996	101324.996	7.86285091e-06	0.00101324996	0	0	0.13492	0	0	3
934	521	39.3070105	6.88177086	101324.996	101324.996	101324.996	101324.996	7.86285091e-06	0.00101324996	0	0	0.134907	0	0	3
935	522	39.3508562	6.88913893	101324.996	101324.996	101324.996	101324.996	7.86285091e-06	0.00101324996	0	0	0.134934	0	0	3
936	522	39.3947	6.89650699	101324.996	101324.996	101324.996	101324.996	7.86285091e-06	0.00101324996	0	0	0.134912	0	0	3
937	523	39.438541	6.90387505	101324.996	101324.996	101324.996	101324.996	7.86285091e-06	0.00101324996	0	0	0.134937	0	0	3
938	524	39.4823806	6.91124311	101324.996	101324.996	101324.996	101324.996	7.30798638e-06	0.00101324996	0	0	0.134914	0	0	3
939	524	39.5262178	6.91861118	101324.996	101324.996	101324.996	101324.996	7.30798638e-06	0.00101324996	0	0	0.13494	0	0	3
940	525	39.5700539	6.92597924	101324.996	101324.996	101324.996	101324.996	7.30798638e-06	0.00101324996	0	0	0.134911	0	0	3
941	526	39.6138881	6.9333473	101324.996	101324.996	101324.996	101324.996	7.48255115e-06	0.00101324996	0	0	0.134933	0	0	3
942	526	39.6577217	6.94071537	101324.996	101324.996	101324.996	101324.996	7.48255115e-06	0.00101324996	0	0	0.134894	0	0	3
943	527	39.701554	6.94808343	101324.996	101324.996	101324.996	101324.996	7.48255115e-06	0.00101324996	0	0	0.134921	0	0	3
944	527	39.745386	6.95545149	101324.996	101324.996	101324.996	101324.996	7.48255115e-06	0.00101324996	0	0	0.134871	0	0	3
945	528	39.7892173	6.96281956	101324.996	101324.996	101324.996	101324.996	7.48255115e-06	0.00101324996	0	0	0.134905	0	0	3
946	529	39.8330488	6.97018762	101324.996	101324.996	101324.996	101324.996	7.48255115e-06	0.00101324996	0	0	0.134847	0	0	3
947	529	39.8768801	6.97755568	101324.996	101324.996	101324.996	101324.996	7.48255115e-06	0.00101324996	0	0	0.134872	0	0	3
948	530	39.920712	6.98492374	101324.996	101324.996	101324.996	101324.996	7.48255115e-06	0.00101324996	0	0	0.134821	0	0	3
949	531	39.9645442	6.99229181	101324.996	101324.996	101324.996	101324.996	7.48255115e-06	0.00101324996	0	0	0.134834	0	0	3
950	531	40	6.99965987	101324.996	101324.996	101324.996	101324.996	7.48255115e-06	0.00101324996	0	0	0.134785	0	0	3
951	532	40.0438339	7.00702793	101324.996	101324.996	101324.996	101324.996	7.48255115e-06	0.00101324996	0	0	0.134798	0	0	3
952	533	40.0876696	7.014396	101324.996	101324.996	101324.996	101324.996	7.48255115e-06	0.00101324996	0	0	0.134741	0	0	3
953	533	40.1315065	7.02176406	101324.996	101324.996	101324.996	101324.996	7.48255115e-06	0.00101324996	0	0	0.134754	0	0	3
954	534	40.1753456	7.02913212	101324.996	101324.996	101324.996	101324.996	7.48255115e-06	0.00101324996	0	0	0.134683	0	0	3
955	535	40.2191866	7.03650019	101324.996	101324.996	101324.996	101324.996	7.48255115e-06	0.00101324996	0	0	0.134702	0	0	3
956	535	40.2630301	7.04386825	101324.996	101324.996	101324.996	101324.996	7.48255115e-06	0.00101324996	0	0	0.134623	0	0	3
957	536	40.3068761	7.05123631	101324.996	101324.996	101324.996	101324.996	7.48255115e-06	0.00101324996	0	0	0.134638	0	0	3
958	536	40.3507252	7.05860437	101324.996	101324.996	101324.996	101324.996	7.48255115e-06	0.00101324996	0	0	0.134562	0	0	3
959	537	40.3945771	7.06597244	101324.996	101324.996	101324.996	101324.996	7.82255665e-06	0.00101324996	0	0	0.134571	0	0	3
960	538	40.4384326	7.0733405	101324.996	101324.996	101324.996	101324.996	7.82255665e-06	0.00101324996	0	0	0.134493	0	0	3
961	538	40.4822915	7.08070856	101324.996	101324.996	101324.996	101324.996	8.86317866e-06	0.00101324996	0	0	0.134499	0	0	3
962	539	40.5261546	7.08807663	101324.996	101324.996	101324.996	101324.996	9.19277954e-06	0.00101324996	0	0	0.134421	0	0	3
963	540	40.5700213	7.09544469	101324.996	101324.996	101324.996	101324.996	1.02085469e-05	0.00101324996	0	0	0.134417	0	0	3
964	540	40.6138928	7.10281275	101324.996	101324.996	101324.996	101324.996	1.09543325e-05	0.00101324996	0	0	0.134345	0	0	3
965	541	40.6577683	7.11018082	101324.996	101324.996	101324.996	101324.996	1.19112083e-05	0.00101324996	0	0	0.134337	0	0	3
966	542	40.701649	7.11754888	101324.996	101324.996	101324.996	101324.996	1.19112083e-05	0.00101324996	0	0	0.134256	0	0	3
967	542	40.7455344	7.12491694	101324.996	101324.996	101324.996	101324.996	1.27215753e-05	0.00101324996	0	0	0.134249	0	0	3
968	543	40.7894253	7.132285	101324.996	101324.996	101324.996	101324.996	1.35691516e-05	0.00101324996	0	0	0.134174	0	0	3
969	544	40.8333212	7.13965307	101324.996	101324.996	101324.996	101324.996	1.48040563e-05	0.00101324996	0	0	0.134158	0	0	3
970	544	40.877223	7.14702113	101324.996	101324.996	101324.996	101324.996	1.50771521e-05	0.00101324996	0	0	0.13408	0	0	3
971	545	40.9211303	7.15438919	101324.996	101324.996	101324.996	101324.996	1.60054624e-05	0.00101324996	0	0	0.134067	0	0	3
972	546	40.9650438	7.16175726	101324.996	101324.996	101324.996	101324.996	1.64198718e-05	0.00101324996	0	0	0.133986	0	0	3
973	546	41	7.16912532	101324.996	101324.996	101324.996	101324.996	1.70449202e-05	0.00101324996	0	0	0.133976	0	0	3
974	547	41.0439247	7.17649338	101324.996	101324.996	101324.996	101324.996	1.77812908e-05	0.00101324996	0	0	0.133897	0	0	3
975	548	41.0878552	7.18386145	101324.996	101324.996	101324.996	101324.996	1.86928082e-05	0.00101324996	0	0	0.133884	0	0	3
976	548	41.1317927	7.19122951	101324.996	101324.996	101324.996	101324.996	1.89241837e-05	0.00101324996	0	0	0.133804	0	0	3
977	549	41.1757363	7.19859757	101324.996	101324.996	101324.996	101324.996	2.01435469e-05	0.00101324996	0	0	0.133867	0	0	3
978	550	41.2196871	7.20596564	101324.996	101324.996	101324.996	101324.996	2.02280498e-05	0.00101324996	0	0	0.133877	0	0	3
979	550	41.263632	7.2133337	101324.996	101324.996	101324.996	101324.996	2.12618907e-05	0.00101324996	0	0	0.133979	0	0	3
980	551	41.3075697	7.22070176	101324.996	101324.996	101324.996	101324.996	2.12618907e-05	0.00101324996	0	0	0.133984	0	0	3
981	552	41.3514997	7.22806982	101324.996	101324.996	101324.996	101324.996	2.18695786e-05	0.00101324996	0	0	0.134089	0	0	3
982	552	41.3954222	7.23543789	101324.996	101324.996	101324.996	101324.996	2.2073742e-05	0.00101324996	0	0	0.134096	0	0	3
983	553	41.4393368	7.24280595	101324.996	101324.996	101324.996	101324.996	2.26713892e-05	0.00101324996	0	0	0.134198	0	0	3
984	553	41.483244	7.25017401	101324.996	101324.996	101324.996	101324.996	2.26713892e-05	0.00101324996	0	0	0.134203	0	0	3
985	554	41.5271432	7.25754208	101324.996	101324.996	101324.996	101324.996	2.32277962e-05	0.00101324996	0	0	0.134303	0	0	3
986	555	41.571035	7.26491014	101324.996	101324.996	101324.996	101324.996	2.32277962e-05	0.00101324996	0	0	0.134309	0	0	3
987	555	41.6149187	7.2722782	101324.996	101324.996	101324.996	101324.996	2.32277962e-05	0.00101324996	0	0	0.134407	0	0	3
988	556	41.658795	7.27964627	101324.996	101324.996	101324.996	101324.996	2.32277962e-05	0.00101324996	0	0	0.134412	0	0	3
989	557	41.7026633	7.28701433	101324.996	101324.996	101324.996	101324.996	2.32653838e-05	0.00101324996	0	0	0.134506	0	0	3
990	557	41.7465243	7.29438239	101324.996	101324.996	101324.996	101324.996	2.32653838e-05	0.00101324996	0	0	0.134514	0	0	3
991	558	41.7903773	7.30175045	101324.996	101324.996	101324.996	101324.996	2.33290339e-05	0.00101324996	0	0	0.134606	0	0	3
992	558	41.834223	7.30911852	101324.996	101324.996	101324.996	101324.996	2.33767496e-05	0.00101324996	0	0	0.134611	0	0	3
993	559	41.8780609	7.31648658	101324.996	101324.996	101324.996	101324.996	2.33767496e-05	0.00101324996	0	0	0.1347	0	0	3
994	560	41.9218917	7.32385464	101324.996	101324.996	101324.996	101324.996	2.33767496e-05	0.00101324996	0	0	0.134701	0	0	3
995	560	41.9657148	7.33122271	101324.996	101324.996	101324.996	101324.996	2.33767496e-05	0.00101324996	0	0	0.134794	0	0	3
996	561	42	7.33859077	101324.996	101324.996	101324.996	101324.996	2.33767496e-05	0.00101324996	0	0	0.13478	0	0	3
997	562	42.0438101	7.34595883	101324.996	101324.996	101324.996	101324.996	2.33767496e-05	0.00101324996	0	0	0.134872	0	0	3
998	562	42.0876135	7.3533269	101324.996	101324.996	101324.996	101324.996	2.33767496e-05	0.00101324996	0	0	0.134861	0	0	3
999	563	42.1314098	7.36069496	101324.996	101324.996	101324.996	101324.996	2.33767496e-05	0.00101324996	0	0	0.134952	0	0	3
1000	564	42.1751995	7.36806302	101324.996	101324.996	101324.996	101324.996	2.33767496e-05	0.00101324996	0	0	0.134939	0	0	3
1001	564	42.2189823	7.37543108	101324.996	101324.996	101324.996	101324.996	2.33767496e-05	0.00101324996	0	0	0.135021	0	0	3
1002	565	42.2627588	7.38279915	101324.996	101324.996	101324.996	101324.996	2.33767496e-05	0.00101324996	0	0	0.135017	0	0	3
1003	566	42.3065285	7.39016721	101324.996	101324.996	101324.996	101324.996	2.33767496e-05	0.00101324996	0	0	0.135087	0	0	3
1004	566	42.3502923	7.39753527	101324.996	101324.996	101324.996	101324.996	2.33767496e-05	0.00101324996	0	0	0.135082	0	0	3
1005	567	42.3940498	7.40490334	101324.996	101324.996	101324.996	101324.996	2.33767496e-05	0.00101324996	0	0	0.135149	0	0	3
1006	568	42.4378017	7.4122714	101324.996	101324.996	101324.996	101324.996	2.33767496e-05	0.00101324996	0	0	0.135141	0	0	3
1007	568	42.4815476	7.41963946	101324.996	101324.996	101324.996	101324.996	2.33767496e-05	0.00101324996	0	0	0.135207	0	0	3
1008	569	42.5252882	7.42700753	101324.996	101324.996	101324.996	101324.996	2.33767496e-05	0.00101324996	0	0	0.135189	0	0	3
1009	569	42.5690234	7.43437559	101324.996	101324.996	101324.996	101324.996	2.28232238e-05	0.00101324996	0	0	0.135256	0	0	3
1010	570	42.6127537	7.44174365	101324.996	101324.996	101324.996	101324.996	2.26481352e-05	0.00101324996	0	0	0.135235	0	0	3
1011	571	42.6564789	7.44911171	101324.996	101324.996	101324.996	101324.996	2.26481352e-05	0.00101324996	0	0	0.135295	0	0	3
1012	571	42.7001998	7.45647978	101324.996	101324.996	101324.996	101324.996	2.26481352e-05	0.00101324996	0	0	0.135272	0	0	3
1013	572	42.743916	7.46384784	101324.996	101324.996	101324.996	101324.996	2.26481352e-05	0.00101324996	0	0	0.135328	0	0	3
1014	573	42.7876284	7.4712159	101324.996	101324.996	101324.996	101324.996	2.18969944e-05	0.00101324996	0	0	0.135301	0	0	3
1015	573	42.8313366	7.47858397	101324.996	101324.996	101324.996	101324.996	2.12683663e-05	0.00101324996	0	0	0.135354	0	0	3
1016	574	42.8750414	7.48595203	101324.996	101324.996	101324.996	101324.996	2.11066072e-05	0.00101324996	0	0	0.135316	0	0	3
1017	575	42.9187427	7.49332009	101324.996	101324.996	101324.996	101324.996	2.04696844e-05	0.00101324996	0	0	0.135375	0	0	3
1018	575	42.9624411	7.50068816	101324.996	101324.996	101324.996	101324.996	2.03628879e-05	0.00101324996	0	0	0.135333	0	0	3
1019	576	43	7.50805622	101324.996	101324.996	101324.996	101324.996	1.98684429e-05	0.00101324996	0	0	0.135377	0	0	3
1020	577	43.0436934	7.51542428	101324.996	101324.996	101324.996	101324.996	1.92937005e-05	0.00101324996	0	0	0.135338	0	0	3
1021	577	43.0873841	7.52279235	101324.996	101324.996	101324.996	101324.996	1.85435492e-05	0.00101324996	0	0	0.135371	0	0	3
1022	578	43.1310732	7.53016041	101324.996	101324.996	101324.996	101324.996	1.82419608e-05	0.00101324996	0	0	0.135333	0	0	3
1023	579	43.1747602	7.53752847	101324.996	101324.996	101324.996	101324.996	1.82419608e-05	0.00101324996	0	0	0.135361	0	0	3
1024	579	43.2184463	7.54489653	101324.996	101324.996	101324.996	101324.996	1.68889237e-05	0.00101324996	0	0	0.135325	0	0	3
1025	580	43.2621308	7.5522646	101324.996	101324.996	101324.996	101324.996	1.68271945e-05	0.00101324996	0	0	0.135344	0	0	3
1026	581	43.3058151	7.55963266	101324.996	101324.996	101324.996	101324.996	1.57630566e-05	0.00101324996	0	0	0.135303	0	0	3
1027	581	43.3494983	7.56700072	101324.996	101324.996	101324.996	101324.996	1.57630566e-05	0.00101324996	0	0	0.13532	0	0	3
1028	582	43.3931819	7.57436879	101324.996	101324.996	101324.996	101324.996	1.45135709e-05	0.00101324996	0	0	0.135273	0	0	3
1029	583	43.4368651	7.58173685	101324.996	101324.996	101324.996	101324.996	1.41839701e-05	0.00101324996	0	0	0.135284	0	0	3
1030	583	43.4805492	7.58910491	101324.996	101324.996	101324.996	101324.996	1.31682027e-05	0.00101324996	0	0	0.13523	0	0	3
1031	584	43.5242337	7.59647298	101324.996	101324.996	101324.996	101324.996	1.24224171e-05	0.00101324996	0	0	0.135247	0	0	3
1032	584	43.5679196	7.60384104	101324.996	101324.996	101324.996	101324.996	1.16239389e-05	0.00101324996	0	0	0.135177	0	0	3
1033	585	43.6116067	7.6112091	101324.996	101324.996	101324.996	101324.996	1.16239389e-05	0.00101324996	0	0	0.135189	0	0	3
1034	586	43.6552959	7.61857716	101324.996	101324.996	101324.996	101324.996	1.06551743e-05	0.00101324996	0	0	0.135128	0	0	3
1035	586	43.6989867	7.62594523	101324.996	101324.996	101324.996	101324.996	9.80759796e-06	0.00101324996	0	0	0.135129	0	0	3
1036	587	43.7426803	7.63331329	101324.996	101324.996	101324.996	101324.996	8.57269333e-06	0.00101324996	0	0	0.135057	0	0	3
1037	588	43.7863763	7.64068135	101324.996	101324.996	101324.996	101324.996	8.32123624e-06	0.00101324996	0	0	0.135063	0	0	3
1038	588	43.8300756	7.64804942	101324.996	101324.996	101324.996	101324.996	8.32123624e-06	0.00101324996	0	0	0.134983	0	0	3
1039	589	43.873778	7.65541748	101324.996	101324.996	101324.996	101324.996	8.32123624e-06	0.00101324996	0	0	0.134984	0	0	3
1040	590	43.9174844	7.66278554	101324.996	101324.996	101324.996	101324.996	8.69942596e-06	0.00101324996	0	0	0.134902	0	0	3
1041	590	43.9611945	7.67015361	101324.996	101324.996	101324.996	101324.996	9.97584721e-06	0.00101324996	0	0	0.1349	0	0	3
1042	591	44	7.67752167	101324.996	101324.996	101324.996	101324.996	1.09759276e-05	0.00101324996	0	0	0.13482	0	0	3
1043	592	44.0437183	7.68488973	101324.996	101324.996	101324.996	101324.996	1.19484175e-05	0.00101324996	0	0	0.134817	0	0	3
1044	592	44.0874419	7.69225779	101324.996	101324.996	101324.996	101324.996	1.34035072e-05	0.00101324996	0	0	0.134725	0	0	3
1045	593	44.1311703	7.69962586	101324.996	101324.996	101324.996	101324.996	1.40628545e-05	0.00101324996	0	0	0.134715	0	0	3
1046	594	44.1749046	7.70699392	101324.996	101324.996	101324.996	101324.996	1.54434238e-05	0.00101324996	0	0	0.134622	0	0	3
1047	594	44.2186442	7.71436198	101324.996	101324.996	101324.996	101324.996	1.62751821e-05	0.00101324996	0	0	0.134615	0	0	3
1048	595	44.2623901	7.72173005	101324.996	101324.996	101324.996	101324.996	1.78310438e-05	0.00101324996	0	0	0.134517	0	0	3
1049	596	44.306142	7.72909811	101324.996	101324.996	101324.996	101324.996	1.86500547e-05	0.00101324996	0	0	0.134504	0	0	3
1050	596	44.3499006	7.73646617	101324.996	101324.996	101324.996	101324.996	1.96104229e-05	0.00101324996	0	0	0.134404	0	0	3
1051	597	44.3936658	7.74383424	101324.996	101324.996	101324.996	101324.996	2.06571713e-05	0.00101324996	0	0	0.134392	0	0	3
1052	597	44.4374382	7.7512023	101324.996	101324.996	101324.996	101324.996	2.18150963e-05	0.00101324996	0	0	0.134287	0	0	3
1053	598	44.4812176	7.75857036	101324.996	101324.996	101324.996	101324.996	2.29970028e-05	0.00101324996	0	0	0.134274	0	0	3
1054	599	44.5250047	7.76593842	101324.996	101324.996	101324.996	101324.996	2.40610389e-05	0.00101324996	0	0	0.134171	0	0	3
1055	599	44.5687991	7.77330649	101324.996	101324.996	101324.996	101324.996	2.53928738e-05	0.00101324996	0	0	0.134209	0	0	3
1056	600	44.6126016	7.78067455	101324.996	101324.996	101324.996	101324.996	2.58516666e-05	0.00101324996	0	0	0.134232	0	0	3
1057	601	44.6564119	7.78804261	101324.996	101324.996	101324.996	101324.996	2.71784957e-05	0.00101324996	0	0	0.134343	0	0	3
1058	601	44.7002307	7.79541068	101324.996	101324.996	101324.996	101324.996	2.80765526e-05	0.00101324996	0	0	0.134384	0	0	3
1059	602	44.7440575	7.80277874	101324.996	101324.996	101324.996	101324.996	2.89019808e-05	0.00101324996	0	0	0.13448	0	0	3
1060	602	44.787893	7.8101468	101324.996	101324.996	101324.996	101324.996	2.98019004e-05	0.00101324996	0	0	0.134521	0	0	3
1061	603	44.8317368	7.81751487	101324.996	101324.996	101324.996	101324.996	3.06062138e-05	0.00101324996	0	0	0.134624	0	0	3
1062	604	44.8755896	7.82488293	101324.996	101324.996	101324.996	101324.996	3.18093371e-05	0.00101324996	0	0	0.134665	0	0	3
1063	604	44.9194508	7.83225099	101324.996	101324.996	101324.996	101324.996	3.19372775e-05	0.00101324996	0	0	0.134763	0	0	3
1064	605	44.9633214	7.83961905	101324.996	101324.996	101324.996	101324.996	3.31231277e-05	0.00101324996	0	0	0.1348	0	0	3
1065	606	45	7.84698712	101324.996	101324.996	101324.996	101324.996	3.35202785e-05	0.00101324996	0	0	0.134902	0	0	3
1066	606	45.0438872	7.85435518	101324.996	101324.996	101324.996	101324.996	3.45102308e-05	0.00101324996	0	0	0.134918	0	0	3
1067	607	45.087783	7.86172324	101324.996	101324.996	101324.996	101324.996	3.49155889e-05	0.00101324996	0	0	0.135029	0	0	3
1068	608	45.1316882	7.86909131	101324.996	101324.996	101324.996	101324.996	3.51675408e-05	0.00101324996	0	0	0.135058	0	0	3
1069	608	45.1755945	7.87645937	101324.996	101324.996	101324.996	101324.996	3.57348181e-05	0.00101324996	0	0	0.135159	0	0	3
1070	609	45.2194912	7.88382743	101324.996	101324.996	101324.996	101324.996	3.59315745e-05	0.00101324996	0	0	0.13519	0	0	3
1071	609	45.2633776	7.8911955	101324.996	101324.996	101324.996	101324.996	3.6655154e-05	0.00101324996	0	0	0.135288	0	0	3
1072	610	45.3072545	7.89856356	101324.996	101324.996	101324.996	101324.996	3.71819478e-05	0.00101324996	0	0	0.135327	0	0	3
1073	611	45.351121	7.90593162	101324.996	101324.996	101324.996	101324.996	3.72391369e-05	0.00101324996	0	0	0.135409	0	0	3
1074	611	45.3949782	7.91329969	101324.996	101324.996	101324.996	101324.996	3.75419768e-05	0.00101324996	0	0	0.13544	0	0	3
1075	612	45.4388254	7.92066775	101324.996	101324.996	101324.996	101324.996	3.77312099e-05	0.00101324996	0	0	0.135535	0	0	3
1076	613	45.4826634	7.92803581	101324.996	101324.996	101324.996	101324.996	3.77312099e-05	0.00101324996	0	0	0.13555	0	0	3
1077	613	45.5264917	7.93540387	101324.996	101324.996	101324.996	101324.996	3.77312099e-05	0.00101324996	0	0	0.135645	0	0	3
1078	614	45.570311	7.94277194	101324.996	101324.996	101324.996	101324.996	3.77312099e-05	0.00101324996	0	0	0.135652	0	0	3
1079	615	45.6141211	7.95014	101324.996	101324.996	101324.996	101324.996	3.77312099e-05	0.00101324996	0	0	0.135749	0	0	3
1080	615	45.6579226	7.95750806	101324.996	101324.996	101324.996	101324.996	3.77312099e-05	0.00101324996	0	0	0.135767	0	0	3
1081	616	45.7017148	7.96487613	101324.996	101324.996	101324.996	101324.996	3.77312099e-05	0.00101324996	0	0	0.135851	0	0	3
1082	616	45.7454988	7.97224419	101324.996	101324.996	101324.996	101324.996	3.77312099e-05	0.00101324996	0	0	0.135852	0	0	3
1083	617	45.7892741	7.97961225	101324.996	101324.996	101324.996	101324.996	3.77312099e-05	0.00101324996	0	0	0.135934	0	0	3
1084	618	45.8330416	7.98698032	101324.996	101324.996	101324.996	101324.996	3.77312099e-05	0.00101324996	0	0	0.135923	0	0	3
1085	618	45.8768012	7.99434838	101324.996	101324.996	101324.996	101324.996	3.77312099e-05	0.00101324996	0	0	0.136019	0	0	3
1086	619	45.9205534	8.00171644	101324.996	101324.996	101324.996	101324.996	3.77312099e-05	0.00101324996	0	0	0.136023	0	0	3
1087	620	45.9642976	8.0090845	101324.996	101324.996	101324.996	101324.996	3.77312099e-05	0.00101324996	0	0	0.136092	0	0	3
1088	620	46	8.01645257	101324.996	101324.996	101324.996	101324.996	3.77312099e-05	0.00101324996	0	0	0.136092	0	0	3
1089	621	46.043731	8.02382063	101324.996	101324.996	101324.996	101324.996	3.77312099e-05	0.00101324996	0	0	0.136155	0	0	3
1090	622	46.0874557	8.03118869	101324.996	101324.996	101324.996	101324.996	3.77312099e-05	0.00101324996	0	0	0.136142	0	0	3
1091	622	46.1311736	8.03855676	101324.996	101324.996	101324.996	101324.996	3.75864183e-05	0.00101324996	0	0	0.136214	0	0	3
1092	623	46.1748855	8.04592482	101324.996	101324.996	101324.996	101324.996	3.75864183e-05	0.00101324996	0	0	0.136198	0	0	3
1093	624	46.2185912	8.05329288	101324.996	101324.996	101324.996	101324.996	3.72265349e-05	0.00101324996	0	0	0.136261	0	0	3
1094	624	46.2622915	8.06066095	101324.996	101324.996	101324.996	101324.996	3.72265349e-05	0.00101324996	0	0	0.136246	0	0	3
1095	625	46.305986	8.06802901	101324.996	101324.996	101324.996	101324.996	3.66229651e-05	0.00101324996	0	0	0.136297	0	0	3
1096	626	46.3496757	8.07539707	101324.996	101324.996	101324.996	101324.996	3.66229651e-05	0.00101324996	0	0	0.13628	0	0	3
1097	626	46.3933604	8.08276513	101324.996	101324.996	101324.996	101324.996	3.55970114e-05	0.00101324996	0	0	0.136323	0	0	3
1098	627	46.4370411	8.0901332	101324.996	101324.996	101324.996	101324.996	3.55970114e-05	0.00101324996	0	0	0.136308	0	0	3
1099	627	46.4807171	8.09750126	101324.996	101324.996	101324.996	101324.996	3.50516348e-05	0.00101324996	0	0	0.136344	0	0	3
1100	628	46.5243898	8.10486932	101324.996	101324.996	101324.996	101324.996	3.50516348e-05	0.00101324996	0	0	0.13631	0	0	3
1101	629	46.5680589	8.11223739	101324.996	101324.996	101324.996	101324.996	3.32094787e-05	0.00101324996	0	0	0.136353	0	0	3
1102	630	46.6117253	8.11960545	101324.996	101324.996	101324.996	101324.996	3.30303155e-05	0.00101324996	0	0	0.136317	0	0	3
1103	630	46.6553886	8.12697351	101324.996	101324.996	101324.996	101324.996	3.22155101e-05	0.00101324996	0	0	0.136348	0	0	3
1104	631	46.6990501	8.13434158	101324.996	101324.996	101324.996	101324.996	3.1478281e-05	0.00101324996	0	0	0.136309	0	0	3
1105	631	46.7427093	8.14170964	101324.996	101324.996	101324.996	101324.996	3.05872381e-05	0.00101324996	0	0	0.136335	0	0	3
1106	632	46.7863673	8.1490777	101324.996	101324.996	101324.996	101324.996	2.97053048e-05	0.00101324996	0	0	0.136285	0	0	3
1107	633	46.8300239	8.15644576	101324.996	101324.996	101324.996	101324.996	2.90317839e-05	0.00101324996	0	0	0.136305	0	0	3
1108	633	46.8736802	8.16381383	101324.996	101324.996	101324.996	101324.996	2.77553627e-05	0.00101324996	0	0	0.136261	0	0	3
1109	634	46.9173357	8.17118189	101324.996	101324.996	101324.996	101324.996	2.67552823e-05	0.00101324996	0	0	0.136263	0	0	3
1110	635	46.9609918	8.17854995	101324.996	101324.996	101324.996	101324.996	2.57827924e-05	0.00101324996	0	0	0.136216	0	0	3
1111	635	47	8.18591802	101324.996	101324.996	101324.996	101324.996	2.43277027e-05	0.00101324996	0	0	0.136226	0	0	3
1112	636	47.0436574	8.19328608	101324.996	101324.996	101324.996	101324.996	2.36683554e-05	0.00101324996	0	0	0.13616	0	0	3
1113	637	47.0873156	8.20065414	101324.996	101324.996	101324.996	101324.996	2.22877861e-05	0.00101324996	0	0	0.136163	0	0	3
1114	637	47.1309761	8.20802221	101324.996	101324.996	101324.996	101324.996	2.14560278e-05	0.00101324996	0	0	0.136097	0	0	3
1115	638	47.1746382	8.21539027	101324.996	101324.996	101324.996	101324.996	1.99001661e-05	0.00101324996	0	0	0.136098	0	0	3
1116	639	47.2183032	8.22275833	101324.996	101324.996	101324.996	101324.996	1.90811552e-05	0.00101324996	0	0	0.13602	0	0	3
1117	639	47.2619709	8.2301264	101324.996	101324.996	101324.996	101324.996	1.8120787e-05	0.00101324996	0	0	0.136017	0	0	3
1118	640	47.3056424	8.23749446	101324.996	101324.996	101324.996	101324.996	1.70740386e-05	0.00101324996	0	0	0.135931	0	0	3
1119	641	47.3493173	8.24486252	101324.996	101324.996	101324.996	101324.996	1.59161136e-05	0.00101324996	0	0	0.135922	0	0	3
1120	641	47.3929969	8.25223058	101324.996	101324.996	101324.996	101324.996	1.62866199e-05	0.00101324996	0	0	0.135842	0	0	3
1121	642	47.4366807	8.25959865	101324.996	101324.996	101324.996	101324.996	1.63381919e-05	0.00101324996	0	0	0.135822	0	0	3
1122	643	47.4803701	8.26696671	101324.996	101324.996	101324.996	101324.996	1.69943232e-05	0.00101324996	0	0	0.135732	0	0	3
1123	643	47.5240644	8.27433477	101324.996	101324.996	101324.996	101324.996	1.75978203e-05	0.00101324996	0	0	0.135713	0	0	3
1124	644	47.5677651	8.28170284	101324.996	101324.996	101324.996	101324.996	1.8784398e-05	0.00101324996	0	0	0.135626	0	0	3
1125	645	47.6114714	8.2890709	101324.996	101324.996	101324.996	101324.996	2.02150695e-05	0.00101324996	0	0	0.135594	0	0	3
1126	645	47.6551848	8.29643896	101324.996	101324.996	101324.996	101324.996	2.11643783e-05	0.00101324996	0	0	0.135494	0	0	3
1127	646	47.6989049	8.30380703	101324.996	101324.996	101324.996	101324.996	2.35048501e-05	0.00101324996	0	0	0.135463	0	0	3
1128	646	47.7426328	8.31117509	101324.996	101324.996	101324.996	101324.996	2.52270111e-05	0.00101324996	0	0	0.135372	0	0	3
1129	647	47.7863679	8.31854315	101324.996	101324.996	101324.996	101324.996	2.73071782e-05	0.00101324996	0	0	0.135335	0	0	3
1130	648	47.8301114	8.32591121	101324.996	101324.996	101324.996	101324.996	2.86868453e-05	0.00101324996	0	0	0.135225	0	0	3
1131	648	47.873863	8.33327928	101324.996	101324.996	101324.996	101324.996	3.08020826e-05	0.00101324996	0	0	0.135194	0	0	3
1132	649	47.9176237	8.34064734	101324.996	101324.996	101324.996	101324.996	3.26471927e-05	0.00101324996	0	0	0.135092	0	0	3
1133	650	47.9613929	8.3480154	101324.996	101324.996	101324.996	101324.996	3.41442355e-05	0.00101324996	0	0	0.135052	0	0	3
1134	650	48	8.35538347	101324.996	101324.996	101324.996	101324.996	3.60894774e-05	0.00101324996	0	0	0.134948	0	0	3
1135	651	48.0437868	8.36275153	101324.996	101324.996	101324.996	101324.996	3.72114737e-05	0.00101324996	0	0	0.134911	0	0	3
1136	652	48.0875839	8.37011959	101324.996	101324.996	101324.996	101324.996	3.96752439e-05	0.00101324996	0	0	0.134815	0	0	3
1137	652	48.1313904	8.37748766	101324.996	101324.996	101324.996	101324.996	4.07803454e-05	0.00101324996	0	0	0.134817	0	0	3
1138	653	48.1752076	8.38485572	101324.996	101324.996	101324.996	101324.996	4.26627957e-05	0.00101324996	0	0	0.134882	0	0	3
1139	654	48.2190349	8.39222378	101324.996	101324.996	101324.996	101324.996	4.36993578e-05	0.00101324996	0	0	0.135011	0	0	3
1140	654	48.2628732	8.39959184	101324.996	101324.996	101324.996	101324.996	4.52790846e-05	0.00101324996	0	0	0.135077	0	0	3
1141	655	48.3067218	8.40695991	101324.996	101324.996	101324.996	101324.996	4.67650243e-05	0.00101324996	0	0	0.135207	0	0	3
1142	655	48.35056	8.41432797	101324.996	101324.996	101324.996	101324.996	4.7945141e-05	0.00101324996	0	0	0.13526	0	0	3
1143	656	48.3943849	8.42169603	101324.996	101324.996	101324.996	101324.996	4.92968393e-05	0.00101324996	0	0	0.135402	0	0	3
1144	657	48.4381969	8.4290641	101324.996	101324.996	101324.996	101324.996	5.02212206e-05	0.00101324996	0	0	0.135444	0	0	3
1145	657	48.4819957	8.43643216	101324.996	101324.996	101324.996	101324.996	5.1847499e-05	0.00101324996	0	0	0.135589	0	0	3
1146	658	48.5257816	8.44380022	101324.996	101324.996	101324.996	101324.996	5.35500585e-05	0.00101324996	0	0	0.135636	0	0	3
1147	659	48.5695541	8.45116829	101324.996	101324.996	101324.996	101324.996	5.46443771e-05	0.00101324996	0	0	0.135772	0	0	3
1148	659	48.6133137	8.45853635	101324.996	101324.996	101324.996	101324.996	5.52445854e-05	0.00101324996	0	0	0.135817	0	0	3
1149	660	48.6570599	8.46590441	101324.996	101324.996	101324.996	101324.996	5.68022078e-05	0.00101324996	0	0	0.135957	0	0	3
1150	660	48.7007932	8.47327247	101324.996	101324.996	101324.996	101324.996	5.77200117e-05	0.00101324996	0	0	0.135997	0	0	3
1151	661	48.7445132	8.48064054	101324.996	101324.996	101324.996	101324.996	5.92835568e-05	0.00101324996	0	0	0.136132	0	0	3
1152	662	48.7882205	8.4880086	101324.996	101324.996	101324.996	101324.996	6.1902756e-05	0.00101324996	0	0	0.136176	0	0	3
1153	662	48.8319145	8.49537666	101324.996	101324.996	101324.996	101324.996	6.26963301e-05	0.00101324996	0	0	0.136295	0	0	3
1154	663	48.8755961	8.50274473	101324.996	101324.996	101324.996	101324.996	6.34625612e-05	0.00101324996	0	0	0.136339	0	0	3
1155	664	48.9192644	8.51011279	101324.996	101324.996	101324.996	101324.996	6.41721272e-05	0.00101324996	0	0	0.136455	0	0	3
1156	664	48.9629207	8.51748085	101324.996	101324.996	101324.996	101324.996	6.43278618e-05	0.00101324996	0	0	0.136495	0	0	3
1157	665	49	8.52484892	101324.996	101324.996	101324.996	101324.996	6.50653528e-05	0.00101324996	0	0	0.136603	0	0	3
1158	666	49.0436337	8.53221698	101324.996	101324.996	101324.996	101324.996	6.60087098e-05	0.00101324996	0	0	0.136634	0	0	3
1159	666	49.0872551	8.53958504	101324.996	101324.996	101324.996	101324.996	6.60087098e-05	0.00101324996	0	0	0.136737	0	0	3
1160	667	49.1308653	8.54695311	101324.996	101324.996	101324.996	101324.996	6.60087098e-05	0.00101324996	0	0	0.136771	0	0	3
1161	667	49.1744637	8.55432117	101324.996	101324.996	101324.996	101324.996	6.60087098e-05	0.00101324996	0	0	0.136873	0	0	3
1162	668	49.2180514	8.56168923	101324.996	101324.996	101324.996	101324.996	6.60087098e-05	0.00101324996	0	0	0.136905	0	0	3
1163	669	49.2616277	8.56905729	101324.996	101324.996	101324.996	101324.996	6.60087098e-05	0.00101324996	0	0	0.136997	0	0	3
1164	669	49.3051937	8.57642536	101324.996	101324.996	101324.996	101324.996	6.60087098e-05	0.00101324996	0	0	0.137016	0	0	3
1165	670	49.3487491	8.58379342	101324.996	101324.996	101324.996	101324.996	6.60087098e-05	0.00101324996	0	0	0.137099	0	0	3
1166	670	49.3922951	8.59116148	101324.996	101324.996	101324.996	101324.996	6.60087098e-05	0.00101324996	0	0	0.137118	0	0	3
1167	671	49.4358311	8.59852955	101324.996	101324.996	101324.996	101324.996	6.60087098e-05	0.00101324996	0	0	0.137205	0	0	3
1168	672	49.4793581	8.60589761	101324.996	101324.996	101324.996	101324.996	6.60087098e-05	0.00101324996	0	0	0.137205	0	0	3
1169	672	49.522876	8.61326567	101324.996	101324.996	101324.996	101324.996	6.60087098e-05	0.00101324996	0	0	0.137291	0	0	3
1170	673	49.5663856	8.62063374	101324.996	101324.996	101324.996	101324.996	6.58617937e-05	0.00101324996	0	0	0.137282	0	0	3
1171	674	49.6098869	8.6280018	101324.996	101324.996	101324.996	101324.996	6.58617937e-05	0.00101324996	0	0	0.137362	0	0	3
1172	674	49.6533806	8.63536986	101324.996	101324.996	101324.996	101324.996	6.56876073e-05	0.00101324996	0	0	0.137347	0	0	3
1173	675	49.6968668	8.64273792	101324.996	101324.996	101324.996	101324.996	6.55558397e-05	0.00101324996	0	0	0.137419	0	0	3
1174	676	49.7403463	8.65010599	101324.996	101324.996	101324.996	101324.996	6.55558397e-05	0.00101324996	0	0	0.137402	0	0	3
1175	676	49.783819	8.65747405	101324.996	101324.996	101324.996	101324.996	6.5013679e-05	0.00101324996	0	0	0.137459	0	0	3
1176	677	49.827286	8.66484211	101324.996	101324.996	101324.996	101324.996	6.5013679e-05	0.00101324996	0	0	0.13746	0	0	3
1177	678	49.8707465	8.67221018	101324.996	101324.996	101324.996	101324.996	6.41116931e-05	0.00101324996	0	0	0.137504	0	0	3
1178	678	49.9142021	8.67957824	101324.996	101324.996	101324.996	101324.996	6.38322526e-05	0.00101324996	0	0	0.137482	0	0	3
1179	679	49.9576523	8.6869463	101324.996	101324.996	101324.996	101324.996	6.34267053e-05	0.00101324996	0	0	0.137529	0	0	3
1180	680	50	8.69431437	101324.996	101324.996	101324.996	101324.996	6.22719526e-05	0.00101324996	0	0	0.137497	0	0	3
1181	680	50.0434416	8.70168243	101324.996	101324.996	101324.996	101324.996	6.17805345e-05	0.00101324996	0	0	0.137543	0	0	3
1182	681	50.0868797	8.70905049	101324.996	101324.996	101324.996	101324.996	6.03542867e-05	0.00101324996	0	0	0.137499	0	0	3
1183	682	50.1303144	8.71641855	101324.996	101324.996	101324.996	101324.996	5.96792379e-05	0.00101324996	0	0	0.137536	0	0	3
1184	682	50.1737465	8.72378662	101324.996	101324.996	101324.996	101324.996	5.82756329e-05	0.00101324996	0	0	0.137487	0	0	3
1185	683	50.2171761	8.73115468	101324.996	101324.996	101324.996	101324.996	5.70886768e-05	0.00101324996	0	0	0.137518	0	0	3
1186	684	50.2606041	8.73852274	101324.996	101324.996	101324.996	101324.996	5.58231404e-05	0.00101324996	0	0	0.13746	0	0	3
1187	684	50.3040306	8.74589081	101324.996	101324.996	101324.996	101324.996	5.40362525e-05	0.00101324996	0	0	0.137482	0	0	3
1188	685	50.3474566	8.75325887	101324.996	101324.996	101324.996	101324.996	5.29206445e-05	0.00101324996	0	0	0.137416	0	0	3
1189	685	50.3908821	8.76062693	101324.996	101324.996	101324.996	101324.996	5.09326783e-05	0.00101324996	0	0	0.137435	0	0	3
1190	686	50.434308	8.767995	101324.996	101324.996	101324.996	101324.996	4.98703885e-05	0.00101324996	0	0	0.137357	0	0	3
1191	687	50.4777346	8.77536306	101324.996	101324.996	101324.996	101324.996	4.73569817e-05	0.00101324996	0	0	0.137352	0	0	3
1192	687	50.5211631	8.78273112	101324.996	101324.996	101324.996	101324.996	4.57936403e-05	0.00101324996	0	0	0.137286	0	0	3
1193	688	50.5645931	8.79009918	101324.996	101324.996	101324.996	101324.996	4.48443316e-05	0.00101324996	0	0	0.137285	0	0	3
1194	689	50.6080258	8.79746725	101324.996	101324.996	101324.996	101324.996	4.25038597e-05	0.00101324996	0	0	0.1372	0	0	3
1195	689	50.6514612	8.80483531	101324.996	101324.996	101324.996	101324.996	4.18578129e-05	0.00101324996	0	0	0.137182	0	0	3
1196	690	50.6949005	8.81220337	101324.996	101324.996	101324.996	101324.996	4.18578129e-05	0.00101324996	0	0	0.137086	0	0	3
1197	691	50.7383438	8.81957144	101324.996	101324.996	101324.996	101324.996	4.18578129e-05	0.00101324996	0	0	0.137079	0	0	3
1198	691	50.7817921	8.8269395	101324.996	101324.996	101324.996	101324.996	4.18578129e-05	0.00101324996	0	0	0.136972	0	0	3
1199	692	50.8252453	8.83430756	101324.996	101324.996	101324.996	101324.996	4.18578129e-05	0.00101324996	0	0	0.136943	0	0	3
1200	693	50.8687046	8.84167563	101324.996	101324.996	101324.996	101324.996	4.18578129e-05	0.00101324996	0	0	0.136851	0	0	3
1201	693	50.9121698	8.84904369	101324.996	101324.996	101324.996	101324.996	4.18578129e-05	0.00101324996	0	0	0.136807	0	0	3
1202	694	50.9556422	8.85641175	101324.996	101324.996	101324.996	101324.996	4.18578129e-05	0.00101324996	0	0	0.13671	0	0	3
1203	695	50.9991215	8.86377981	101324.996	101324.996	101324.996	101324.996	4.18578129e-05	0.00101324996	0	0	0.136655	0	0	3
1204	695	51	8.87114788	101324.989	101324.996	101324.989	101324.996	4.18578129e-05	0.00101324989	0	0	0.210715	0	0	3
1205	696	51.0434856	8.87851594	101324.996	101324.996	101324.989	101324.996	4.18578129e-05	0.00101324996	0	0	0.137301	0	0	3
1206	697	51.0869883	8.885884	101324.996	101324.996	101324.989	101324.996	4.18578129e-05	0.00101324996	0	0	0.136848	0	0	3
1207	698	51.130514	8.89325207	101324.996	101324.996	101324.989	101324.996	4.18578129e-05	0.00101324996	0	0	0.13663	0	0	3
1208	698	51.1740433	8.90062013	101324.996	101324.996	101324.989	101324.996	4.18578129e-05	0.00101324996	0	0	0.136365	0	0	3
1209	699	51.2175849	8.90798819	101324.996	101324.996	101324.989	101324.996	4.18578129e-05	0.00101324996	0	0	0.136317	0	0	3
1210	700	51.2611299	8.91535626	101324.996	101324.996	101324.989	101324.996	4.18578129e-05	0.00101324996	0	0	0.136149	0	0	3
1211	700	51.3046833	8.92272432	101324.996	101324.996	101324.989	101324.996	4.18578129e-05	0.00101324996	0	0	0.136004	0	0	3
1212	701	51.3482461	8.93009238	101324.996	101324.996	101324.989	101324.996	4.18578129e-05	0.00101324996	0	0	0.135905	0	0	3
1213	702	51.3918176	8.93746045	101324.996	101324.996	101324.989	101324.996	4.18578129e-05	0.00101324996	0	0	0.135776	0	0	3
1214	702	51.4354006	8.94482851	101324.996	101324.996	101324.989	101324.996	4.18578129e-05	0.00101324996	0	0	0.135667	0	0	3
1215	703	51.4789941	8.95219657	101324.996	101324.996	101324.989	101324.996	4.18578129e-05	0.00101324996	0	0	0.135662	0	0	3
1216	704	51.5226	8.95956463	101324.996	101324.996	101324.989	101324.996	4.18578129e-05	0.00101324996	0	0	0.135824	0	0	3
1217	704	51.5662177	8.9669327	101324.996	101324.996	101324.989	101324.996	4.31421358e-05	0.00101324996	0	0	0.13594	0	0	3
1218	705	51.6098485	8.97430076	101324.996	101324.996	101324.989	101324.996	4.49659419e-05	0.00101324996	0	0	0.136085	0	0	3
1219	706	51.6534921	8.98166882	101324.996	101324.996	101324.989	101324.996	4.61716118e-05	0.00101324996	0	0	0.136217	0	0	3
1220	706	51.6971493	8.98903689	101324.996	101324.996	101324.989	101324.996	4.73202963e-05	0.00101324996	0	0	0.136355	0	0	3
1221	707	51.7408201	8.99640495	101324.996	101324.996	101324.989	101324.996	4.9416456e-05	0.00101324996	0	0	0.136492	0	0	3
1222	708	51.7845051	9.00377301	101324.996	101324.996	101324.989	101324.996	5.09136444e-05	0.00101324996	0	0	0.136636	0	0	3
1223	708	51.8282039	9.01114108	101324.996	101324.996	101324.989	101324.996	5.23807976e-05	0.00101324996	0	0	0.136749	0	0	3
1224	709	51.8719174	9.01850914	101324.996	101324.996	101324.989	101324.996	5.42086491e-05	0.00101324996	0	0	0.136899	0	0	3
1225	709	51.9156453	9.0258772	101324.996	101324.996	101324.989	101324.996	5.58237371e-05	0.00101324996	0	0	0.137009	0	0	3
1226	710	51.959388	9.03324526	101324.996	101324.996	101324.989	101324.996	5.67929674e-05	0.00101324996	0	0	0.137147	0	0	3
1227	711	52	9.04061333	101324.996	101324.996	101324.989	101324.996	5.86696697e-05	0.00101324996	0	0	0.137255	0	0	3
1228	711	52.0437122	9.04798139	101324.996	101324.996	101324.989	101324.996	5.95357997e-05	0.00101324996	0	0	0.137382	0	0	3
1229	712	52.0874072	9.05534945	101324.996	101324.996	101324.989	101324.996	6.2411651e-05	0.00101324996	0	0	0.137501	0	0	3
1230	713	52.1310846	9.06271752	101324.996	101324.996	101324.989	101324.996	6.2752224e-05	0.00101324996	0	0	0.137618	0	0	3
1231	713	52.174745	9.07008558	101324.996	101324.996	101324.989	101324.996	6.52348681e-05	0.00101324996	0	0	0.137715	0	0	3
1232	714	52.2183883	9.07745364	101324.996	101324.996	101324.989	101324.996	6.72930619e-05	0.00101324996	0	0	0.137838	0	0	3
1233	715	52.2620151	9.08482171	101324.996	101324.996	101324.989	101324.996	6.98198564e-05	0.00101324996	0	0	0.137953	0	0	3
1234	715	52.3056251	9.09218977	101324.996	101324.996	101324.989	101324.996	7.20340613e-05	0.00101324996	0	0	0.138063	0	0	3
1235	716	52.3492189	9.09955783	101324.996	101324.996	101324.989	101324.996	7.39849638e-05	0.00101324996	0	0	0.138152	0	0	3
1236	716	52.3927964	9.10692589	101324.996	101324.996	101324.989	101324.996	7.44868012e-05	0.00101324996	0	0	0.138251	0	0	3
1237	717	52.4363585	9.11429396	101324.996	101324.996	101324.989	101324.996	7.49423489e-05	0.00101324996	0	0	0.138343	0	0	3
1238	718	52.4799048	9.12166202	101324.996	101324.996	101324.989	101324.996	7.51107873e-05	0.00101324996	0	0	0.138423	0	0	3
1239	718	52.5234365	9.12903008	101324.996	101324.996	101324.989	101324.996	7.6973025e-05	0.00101324996	0	0	0.138549	0	0	3
1240	719	52.5669523	9.13639815	101324.996	101324.996	101324.989	101324.996	7.92079518e-05	0.00101324996	0	0	0.13863	0	0	3
1241	720	52.6104535	9.14376621	101324.997	101324.996	101324.989	101324.997	7.92079518e-05	0.00101324997	0	0	0.138674	0	0	3
1242	720	52.6539406	9.15113427	101324.996	101324.996	101324.989	101324.997	7.92079518e-05	0.00101324996	0	0	0.138771	0	0	3
1243	721	52.6974141	9.15850234	101324.996	101324.996	101324.989	101324.997	7.94048101e-05	0.00101324996	0	0	0.138834	0	0	3
1244	722	52.7408741	9.1658704	101324.996	101324.996	101324.989	101324.997	7.94048101e-05	0.00101324996	0	0	0.138901	0	0	3
1245	722	52.7843216	9.17323846	101324.996	101324.996	101324.989	101324.997	7.94048101e-05	0.00101324996	0	0	0.13899	0	0	3
1246	723	52.827756	9.18060652	101324.996	101324.996	101324.989	101324.997	7.94048101e-05	0.00101324996	0	0	0.139033	0	0	3
1247	723	52.871179	9.18797459	101324.996	101324.996	101324.989	101324.997	7.94048101e-05	0.00101324996	0	0	0.139078	0	0	3
1248	724	52.9145902	9.19534265	101324.997	101324.996	101324.989	101324.997	7.94048101e-05	0.00101324997	0	0	0.139131	0	0	3
1249	725	52.9579912	9.20271071	101324.996	101324.996	101324.989	101324.997	7.94048101e-05	0.00101324996	0	0	0.13918	0	0	3
1250	725	53	9.21007878	101324.997	101324.996	101324.989	101324.997	7.94048101e-05	0.00101324997	0	0	0.139204	0	0	3
1251	726	53.0433813	9.21744684	101324.996	101324.996	101324.989	101324.997	7.94048101e-05	0.00101324996	0	0	0.139266	0	0	3
1252	727	53.0867528	9.2248149	101324.996	101324.996	101324.989	101324.997	7.94048101e-05	0.00101324996	0	0	0.139316	0	0	3
1253	728	53.1301157	9.23218297	101324.996	101324.996	101324.989	101324.997	7.94048101e-05	0.00101324996	0	0	0.139316	0	0	3
1254	728	53.1734702	9.23955103	101324.996	101324.996	101324.989	101324.997	7.94048101e-05	0.00101324996	0	0	0.139365	0	0	3
1255	729	53.2168172	9.24691909	101324.997	101324.996	101324.989	101324.997	7.94048101e-05	0.00101324997	0	0	0.13937	0	0	3
1256	729	53.2601569	9.25428716	101324.996	101324.996	101324.989	101324.997	7.94048101e-05	0.00101324996	0	0	0.139384	0	0	3
1257	730	53.3034906	9.26165522	101324.996	101324.996	101324.989	101324.997	7.94048101e-05	0.00101324996	0	0	0.139426	0	0	3
1258	731	53.3468175	9.26902328	101324.996	101324.996	101324.989	101324.997	7.94048101e-05	0.00101324996	0	0	0.139421	0	0	3
1259	731	53.3901394	9.27639134	101324.996	101324.996	101324.989	101324.997	7.83477881e-05	0.00101324996	0	0	0.139418	0	0	3
1260	732	53.4334561	9.28375941	101324.996	101324.996	101324.989	101324.997	7.83011492e-05	0.00101324996	0	0	0.139421	0	0	3
1261	733	53.476769	9.29112747	101324.996	101324.996	101324.989	101324.997	7.66374724e-05	0.00101324996	0	0	0.139434	0	0	3
1262	733	53.5200775	9.29849553	101324.996	101324.996	101324.989	101324.997	7.66374724e-05	0.00101324996	0	0	0.139409	0	0	3
1263	734	53.5633833	9.3058636	101324.996	101324.996	101324.989	101324.997	7.60076218e-05	0.00101324996	0	0	0.139404	0	0	3
1264	735	53.6066863	9.31323166	101324.996	101324.996	101324.989	101324.997	7.50860781e-05	0.00101324996	0	0	0.139374	0	0	3
1265	735	53.6499881	9.32059972	101324.996	101324.996	101324.989	101324.997	7.39502138e-05	0.00101324996	0	0	0.139338	0	0	3
1266	736	53.6932885	9.32796779	101324.996	101324.996	101324.989	101324.997	7.3384188e-05	0.00101324996	0	0	0.13932	0	0	3
1267	737	53.736589	9.33533585	101324.996	101324.996	101324.989	101324.997	7.21046963e-05	0.00101324996	0	0	0.139268	0	0	3
1268	737	53.7798896	9.34270391	101324.996	101324.996	101324.989	101324.997	7.12667534e-05	0.00101324996	0	0	0.139221	0	0	3
1269	738	53.8231921	9.35007197	101324.996	101324.996	101324.989	101324.997	6.93040929e-05	0.00101324996	0	0	0.139196	0	0	3
1270	739	53.8664959	9.35744004	101324.996	101324.996	101324.989	101324.997	6.79697841e-05	0.00101324996	0	0	0.139135	0	0	3
1271	739	53.9098028	9.3648081	101324.996	101324.996	101324.989	101324.997	6.79445948e-05	0.00101324996	0	0	0.139074	0	0	3
1272	740	53.9531126	9.37217616	101324.996	101324.996	101324.996	101324.997	6.79445948e-05	0.00101324996	0	0	0.139039	0	0	3
1273	741	53.9964265	9.37954423	101324.996	101324.996	101324.996	101324.997	6.18975901e-05	0.00101324996	0	0	0.138958	0	0	3
1274	741	54	9.38691229	101324.996	101324.996	101324.996	101324.997	5.8094156e-05	0.00101324996	0	0	0.139069	0	0	3
1275	742	54.0433199	9.39428035	101324.996	101324.996	101324.996	101324.997	5.57574967e-05	0.00101324996	0	0	0.138817	0	0	3
1276	743	54.0866426	9.40164842	101324.996	101324.996	101324.996	101324.997	5.32384001e-05	0.00101324996	0	0	0.138863	0	0	3
1277	744	54.1299726	9.40901648	101324.996	101324.996	101324.996	101324.997	5.1046547e-05	0.00101324996	0	0	0.138793	0	0	3
1278	744	54.1733104	9.41638454	101324.996	101324.996	101324.996	101324.997	4.93972475e-05	0.00101324996	0	0	0.13872	0	0	3
1279	745	54.2166558	9.4237526	101324.996	101324.996	101324.996	101324.997	4.7595604e-05	0.00101324996	0	0	0.138565	0	0	3
1280	746	54.2600086	9.43112067	101324.996	101324.996	101324.996	101324.997	4.7595604e-05	0.00101324996	0	0	0.138462	0	0	3
1281	746	54.3033713	9.43848873	101324.996	101324.996	101324.996	101324.997	4.7595604e-05	0.00101324996	0	0	0.138331	0	0	3
1282	747	54.3467433	9.44585679	101324.996	101324.996	101324.996	101324.997	4.7595604e-05	0.00101324996	0	0	0.138241	0	0	3
1283	748	54.3901267	9.45322486	101324.996	101324.996	101324.996	101324.997	4.7595604e-05	0.00101324996	0	0	0.13815	0	0	3
1284	748	54.4335204	9.46059292	101324.996	101324.996	101324.996	101324.997	4.7595604e-05	0.00101324996	0	0	0.13806	0	0	3
1285	749	54.4769264	9.46796098	101324.996	101324.996	101324.996	101324.997	4.7595604e-05	0.00101324996	0	0	0.137918	0	0	3
1286	750	54.5203442	9.47532905	101324.996	101324.996	101324.996	101324.997	4.7595604e-05	0.00101324996	0	0	0.137818	0	0	3
1287	750	54.5637758	9.48269711	101324.996	101324.996	101324.996	101324.997	4.7595604e-05	0.00101324996	0	0	0.137711	0	0	3
1288	751	54.6072201	9.49006517	101324.996	101324.996	101324.996	101324.997	4.7595604e-05	0.00101324996	0	0	0.137606	0	0	3
1289	751	54.6506789	9.49743323	101324.996	101324.996	101324.996	101324.997	4.7595604e-05	0.00101324996	0	0	0.137458	0	0	3
1290	752	54.6941516	9.5048013	101324.996	101324.996	101324.996	101324.997	4.7595604e-05	0.00101324996	0	0	0.137354	0	0	3
1291	753	54.7376401	9.51216936	101324.996	101324.996	101324.996	101324.997	4.7595604e-05	0.00101324996	0	0	0.137195	0	0	3
1292	753	54.781144	9.51953742	101324.996	101324.996	101324.996	101324.997	4.7595604e-05	0.00101324996	0	0	0.13711	0	0	3
1293	754	54.8246644	9.52690549	101324.996	101324.996	101324.996	101324.997	4.7595604e-05	0.00101324996	0	0	0.137003	0	0	3
1294	755	54.8682004	9.53427355	101324.996	101324.996	101324.996	101324.997	4.7595604e-05	0.00101324996	0	0	0.137149	0	0	3
1295	755	54.9117538	9.54164161	101324.996	101324.996	101324.996	101324.997	4.7595604e-05	0.00101324996	0	0	0.137458	0	0	3
1296	756	54.9553232	9.54900968	101324.996	101324.996	101324.996	101324.997	4.7595604e-05	0.00101324996	0	0	0.137556	0	0	3
1297	757	54.9989108	9.55637774	101324.996	101324.996	101324.996	101324.997	4.7595604e-05	0.00101324996	0	0	0.137687	0	0	3
1298	757	55	9.5637458	101324.999	101324.996	101324.996	101324.999	4.7595604e-05	0.00101324999	0	0	0.185555	0	0	3
1299	758	55.0436069	9.57111387	101324.996	101324.996	101324.996	101324.999	4.7595604e-05	0.00101324996	0	0	0.152708	0	0	3
1300	759	55.0871959	9.57848193	101324.996	101324.996	101324.996	101324.999	4.7595604e-05	0.00101324996	0	0	0.146347	0	0	3
1301	760	55.1307714	9.58584999	101324.996	101324.996	101324.996	101324.999	4.7595604e-05	0.00101324996	0	0	0.142563	0	0	3
1302	761	55.1743219	9.59321805	101324.996	101324.996	101324.996	101324.999	4.7817317e-05	0.00101324996	0	0	0.140437	0	0	3
1303	761	55.2178653	9.60058612	101324.996	101324.996	101324.996	101324.999	5.07701625e-05	0.00101324996	0	0	0.138657	0	0	3
1304	762	55.2613819	9.60795418	101324.996	101324.996	101324.996	101324.999	5.21621987e-05	0.00101324996	0	0	0.138637	0	0	3
1305	763	55.3048886	9.61532224	101324.996	101324.996	101324.996	101324.999	5.48460521e-05	0.00101324996	0	0	0.138936	0	0	3
1306	763	55.3483659	9.62269031	101324.996	101324.996	101324.996	101324.999	6.00259955e-05	0.00101324996	0	0	0.139062	0	0	3
1307	764	55.391822	9.63005837	101324.996	101324.996	101324.996	101324.999	6.19019265e-05	0.00101324996	0	0	0.13917	0	0	3
1308	765	55.4352557	9.63742643	101324.996	101324.996	101324.996	101324.999	6.19019265e-05	0.00101324996	0	0	0.139339	0	0	3
1309	765	55.4786689	9.6447945	101324.996	101324.996	101324.996	101324.999	6.68968714e-05	0.00101324996	0	0	0.139486	0	0	3
1310	766	55.5220598	9.65216256	101324.996	101324.996	101324.996	101324.999	6.97919313e-05	0.00101324996	0	0	0.139673	0	0	3
1311	766	55.5654296	9.65953062	101324.996	101324.996	101324.996	101324.999	7.05681159e-05	0.00101324996	0	0	0.139745	0	0	3
1312	767	55.6087783	9.66689868	101324.996	101324.996	101324.996	101324.999	7.30092434e-05	0.00101324996	0	0	0.139906	0	0	3
1313	768	55.652107	9.67426675	101324.996	101324.996	101324.996	101324.999	7.30092434e-05	0.00101324996	0	0	0.139994	0	0	3
1314	768	55.6954152	9.68163481	101324.996	101324.996	101324.996	101324.999	7.65345612e-05	0.00101324996	0	0	0.140168	0	0	3
1315	769	55.7387036	9.68900287	101324.996	101324.996	101324.996	101324.999	7.68656464e-05	0.00101324996	0	0	0.140233	0	0	3
1316	770	55.7819723	9.69637094	101324.996	101324.996	101324.996	101324.999	7.75263179e-05	0.00101324996	0	0	0.140362	0	0	3
1317	770	55.8252228	9.703739	101324.996	101324.996	101324.996	101324.999	7.80883274e-05	0.00101324996	0	0	0.140442	0	0	3
1318	771	55.8684544	9.71110706	101324.997	101324.996	101324.996	101324.999	7.84543663e-05	0.00101324997	0	0	0.140554	0	0	3
1319	772	55.911669	9.71847513	101324.996	101324.996	101324.996	101324.999	7.90925405e-05	0.00101324996	0	0	0.140634	0	0	3
1320	772	55.9548659	9.72584319	101324.996	101324.996	101324.996	101324.999	7.90925405e-05	0.00101324996	0	0	0.140764	0	0	3
1321	773	55.9980463	9.73321125	101324.996	101324.996	101324.996	101324.999	7.90925405e-05	0.00101324996	0	0	0.140812	0	0	3
1322	774	56	9.74057931	101324.997	101324.996	101324.996	101324.999	8.07613978e-05	0.00101324997	0	0	0.151057	0	0	3
1323	775	56.0431632	9.74794738	101324.996	101324.996	101324.996	101324.999	8.18616827e-05	0.00101324996	0	0	0.146547	0	0	3
1324	775	56.0862993	9.75531544	101324.996	101324.996	101324.996	101324.999	8.18616827e-05	0.00101324996	0	0	0.142482	0	0	3
1325	776	56.1294299	9.7626835	101324.997	101324.996	101324.996	101324.999	8.18616827e-05	0.00101324997	0	0	0.14107	0	0	3
1326	777	56.1725407	9.77005157	101324.997	101324.996	101324.996	101324.999	8.18616827e-05	0.00101324997	0	0	0.141063	0	0	3
1327	777	56.2156501	9.77741963	101324.996	101324.996	101324.996	101324.999	8.18616827e-05	0.00101324996	0	0	0.141264	0	0	3
1328	778	56.2587401	9.78478769	101324.996	101324.996	101324.996	101324.999	8.18616827e-05	0.00101324996	0	0	0.141293	0	0	3
1329	779	56.3018192	9.79215576	101324.997	101324.996	101324.996	101324.999	8.18616827e-05	0.00101324997	0	0	0.141277	0	0	3
1330	779	56.3448871	9.79952382	101324.997	101324.996	101324.996	101324.999	8.18616827e-05	0.00101324997	0	0	0.141311	0	0	3
1331	780	56.387953	9.80689188	101324.997	101324.996	101324.996	101324.999	8.18616827e-05	0.00101324997	0	0	0.141509	0	0	3
1332	781	56.430999	9.81425994	101324.996	101324.996	101324.996	101324.999	8.18616827e-05	0.00101324996	0	0	0.141496	0	0	3
1333	781	56.474037	9.82162801	101324.997	101324.996	101324.996	101324.999	8.18616827e-05	0.00101324997	0	0	0.141458	0	0	3
1334	782	56.5170664	9.82899607	101324.996	101324.996	101324.996	101324.999	8.18616827e-05	0.00101324996	0	0	0.141516	0	0	3
1335	783	56.5600886	9.83636413	101324.996	101324.996	101324.996	101324.999	8.18616827e-05	0.00101324996	0	0	0.141507	0	0	3
1336	783	56.6031031	9.8437322	101324.996	101324.996	101324.996	101324.999	8.18616827e-05	0.00101324996	0	0	0.141582	0	0	3
1337	784	56.6461112	9.85110026	101324.996	101324.996	101324.996	101324.999	8.18616827e-05	0.00101324996	0	0	0.14154	0	0	3
1338	785	56.6891128	9.85846832	101324.996	101324.996	101324.996	101324.999	8.07637116e-05	0.00101324996	0	0	0.141558	0	0	3
1339	785	56.73211	9.86583639	101324.996	101324.996	101324.996	101324.999	8.00401176e-05	0.00101324996	0	0	0.141507	0	0	3
1340	786	56.7751028	9.87320445	101324.996	101324.996	101324.996	101324.999	8.00401176e-05	0.00101324996	0	0	0.141514	0	0	3
1341	787	56.8180929	9.88057251	101324.996	101324.996	101324.996	101324.999	8.00401176e-05	0.00101324996	0	0	0.141457	0	0	3
1342	787	56.8610804	9.88794057	101324.996	101324.996	101324.996	101324.999	8.00401176e-05	0.00101324996	0	0	0.141447	0	0	3
1343	788	56.904067	9.89530864	101324.996	101324.996	101324.996	101324.999	7.99386908e-05	0.00101324996	0	0	0.141375	0	0	3
1344	789	56.947053	9.9026767	101324.996	101324.996	101324.996	101324.999	7.95786909e-05	0.00101324996	0	0	0.141364	0	0	3
1345	789	56.9900398	9.91004476	101324.996	101324.996	101324.996	101324.999	7.82840507e-05	0.00101324996	0	0	0.141275	0	0	3
1346	790	57	9.91741283	101324.994	101324.996	101324.994	101324.999	7.70539918e-05	0.00101324994	0	0	0.141427	0	0	3
1347	791	57.0429879	9.92478089	101324.996	101324.996	101324.994	101324.999	7.55051005e-05	0.00101324996	0	0	0.141216	0	0	3
1348	791	57.0859761	9.93214895	101324.996	101324.996	101324.994	101324.999	7.52441701e-05	0.00101324996	0	0	0.141103	0	0	3
1349	792	57.128976	9.93951702	101324.996	101324.996	101324.994	101324.999	7.39757525e-05	0.00101324996	0	0	0.141174	0	0	3
1350	793	57.171971	9.94688508	101324.996	101324.996	101324.994	101324.999	7.29012827e-05	0.00101324996	0	0	0.141056	0	0	3
1351	793	57.2149733	9.95425314	101324.996	101324.996	101324.994	101324.999	7.2411116e-05	0.00101324996	0	0	0.140893	0	0	3
1352	794	57.2579824	9.96162121	101324.996	101324.996	101324.994	101324.999	7.16804207e-05	0.00101324996	0	0	0.140862	0	0	3
1353	795	57.3009993	9.96898927	101324.996	101324.996	101324.994	101324.999	6.9723872e-05	0.00101324996	0	0	0.140736	0	0	3
1354	795	57.3440241	9.97635733	101324.996	101324.996	101324.994	101324.999	6.90561137e-05	0.00101324996	0	0	0.140669	0	0	3
1355	796	57.3870584	9.98372539	101324.996	101324.996	101324.994	101324.999	6.9549671e-05	0.00101324996	0	0	0.140516	0	0	3
1356	797	57.4301026	9.99109346	101324.996	101324.996	101324.994	101324.999	7.01823883e-05	0.00101324996	0	0	0.140455	0	0	3
1357	797	57.4731579	9.99846152	101324.996	101324.996	101324.994	101324.999	7.02780526e-05	0.00101324996	0	0	0.140292	0	0	3
1358	798	57.5162247	10.0058296	101324.996	101324.996	101324.994	101324.999	7.02780526e-05	0.00101324996	0	0	0.140206	0	0	3
1359	799	57.5593043	10.0131976	101324.996	101324.996	101324.994	101324.999	7.02780526e-05	0.00101324996	0	0	0.140024	0	0	3
1360	799	57.6023973	10.0205657	101324.996	101324.996	101324.994	101324.999	7.02780526e-05	0.00101324996	0	0	0.13995	0	0	3
1361	800	57.6455046	10.0279338	101324.996	101324.996	101324.994	101324.999	7.02780526e-05	0.00101324996	0	0	0.139764	0	0	3
1362	800	57.6886267	10.0353018	101324.996	101324.996	101324.994	101324.999	7.02780526e-05	0.00101324996	0	0	0.139657	0	0	3
1363	801	57.7317646	10.0426699	101324.996	101324.996	101324.994	101324.999	7.02780526e-05	0.00101324996	0	0	0.139473	0	0	3
1364	802	57.7749187	10.050038	101324.996	101324.996	101324.994	101324.999	7.02780526e-05	0.00101324996	0	0	0.139356	0	0	3
1365	802	57.8180903	10.057406	101324.996	101324.996	101324.994	101324.999	7.03526312e-05	0.00101324996	0	0	0.139165	0	0	3
1366	803	57.8612794	10.0647741	101324.996	101324.996	101324.994	101324.997	7.03526312e-05	0.00101324996	0	0	0.139065	0	0	3
1367	804	57.9044869	10.0721422	101324.996	101324.996	101324.994	101324.997	7.03526312e-05	0.00101324996	0	0	0.138861	0	0	3
1368	804	57.9477132	10.0795102	101324.996	101324.996	101324.994	101324.997	7.03526312e-05	0.00101324996	0	0	0.138752	0	0	3
1369	805	57.990959	10.0868783	101324.996	101324.996	101324.994	101324.997	7.03526312e-05	0.00101324996	0	0	0.138677	0	0	3
1370	806	58	10.0942463	101324.996	101324.996	101324.994	101324.997	7.03526312e-05	0.00101324996	0	0	0.138913	0	0	3
1371	807	58.0432699	10.1016144	101324.996	101324.996	101324.994	101324.997	7.03526312e-05	0.00101324996	0	0	0.138893	0	0	3
1372	807	58.0865591	10.1089825	101324.996	101324.996	101324.994	101324.997	7.03526312e-05	0.00101324996	0	0	0.139146	0	0	3
1373	808	58.1298774	10.1163505	101324.996	101324.996	101324.994	101324.997	7.03526312e-05	0.00101324996	0	0	0.139385	0	0	3
1374	809	58.1732077	10.1237186	101324.996	101324.996	101324.994	101324.997	7.03526312e-05	0.00101324996	0	0	0.139604	0	0	3
1375	809	58.2165621	10.1310867	101324.996	101324.996	101324.994	101324.997	7.03526312e-05	0.00101324996	0	0	0.139777	0	0	3
1376	810	58.2599392	10.1384547	101324.996	101324.996	101324.994	101324.997	7.03526312e-05	0.00101324996	0	0	0.140003	0	0	3
1377	811	58.3033475	10.1458228	101324.996	101324.996	101324.994	101324.997	7.03526312e-05	0.00101324996	0	0	0.140197	0	0	3
1378	811	58.3467692	10.1531908	101324.996	101324.996	101324.994	101324.997	7.03526312e-05	0.00101324996	0	0	0.140445	0	0	3
1379	812	58.3902155	10.1605589	101324.996	101324.996	101324.994	101324.997	7.03526312e-05	0.00101324996	0	0	0.140584	0	0	3
1380	812	58.4336659	10.167927	101324.996	101324.996	101324.994	101324.997	7.03526312e-05	0.00101324996	0	0	0.140839	0	0	3
1381	813	58.4770893	10.175295	101324.996	101324.996	101324.994	101324.997	7.03526312e-05	0.00101324996	0	0	0.14099	0	0	3
1382	814	58.5204851	10.1826631	101324.996	101324.996	101324.994	101324.997	7.03526312e-05	0.00101324996	0	0	0.141199	0	0	3
1383	814	58.5638545	10.1900312	101324.996	101324.996	101324.994	101324.997	7.03526312e-05	0.00101324996	0	0	0.14138	0	0	3
1384	815	58.6071964	10.1973992	101324.996	101324.996	101324.994	101324.997	7.03526312e-05	0.00101324996	0	0	0.141565	0	0	3
1385	816	58.6505126	10.2047673	101324.996	101324.996	101324.994	101324.997	7.03526312e-05	0.00101324996	0	0	0.141727	0	0	3
1386	816	58.6938019	10.2121353	101324.996	101324.996	101324.994	101324.997	7.03526312e-05	0.00101324996	0	0	0.14191	0	0	3
1387	817	58.7370662	10.2195034	101324.996	101324.996	101324.994	101324.997	7.19346281e-05	0.00101324996	0	0	0.142049	0	0	3
1388	818	58.7803046	10.2268715	101324.996	101324.996	101324.994	101324.997	7.27496372e-05	0.00101324996	0	0	0.142215	0	0	3
1389	818	58.8235192	10.2342395	101324.996	101324.996	101324.994	101324.997	7.96875975e-05	0.00101324996	0	0	0.142416	0	0	3
1390	819	58.8667078	10.2416076	101324.996	101324.996	101324.994	101324.997	7.96875975e-05	0.00101324996	0	0	0.142551	0	0	3
1391	819	58.909873	10.2489757	101324.996	101324.996	101324.994	101324.997	7.96875975e-05	0.00101324996	0	0	0.142629	0	0	3
1392	820	58.953015	10.2563437	101324.996	101324.996	101324.994	101324.997	7.98665715e-05	0.00101324996	0	0	0.142811	0	0	3
1393	821	58.9961349	10.2637118	101324.997	101324.996	101324.994	101324.997	7.98665715e-05	0.00101324997	0	0	0.142879	0	0	3
1394	822	59	10.2710799	101324.995	101324.996	101324.994	101324.997	8.69674986e-05	0.00101324995	0	0	0.15484	0	0	3
1395	822	59.0430973	10.2784479	101324.996	101324.996	101324.994	101324.997	8.8992776e-05	0.00101324996	0	0	0.142944	0	0	3
1396	823	59.0861705	10.285816	101324.996	101324.996	101324.994	101324.997	8.8992776e-05	0.00101324996	0	0	0.143117	0	0	3
1397	824	59.1292237	10.293184	101324.996	101324.996	101324.994	101324.997	8.96410493e-05	0.00101324996	0	0	0.143239	0	0	3
1398	824	59.1722565	10.3005521	101324.997	101324.996	101324.994	101324.997	9.01562016e-05	0.00101324997	0	0	0.143382	0	0	3
1399	825	59.2152712	10.3079202	101324.997	101324.996	101324.994	101324.997	9.01562016e-05	0.00101324997	0	0	0.14343	0	0	3
1400	826	59.2582676	10.3152882	101324.996	101324.996	101324.994	101324.997	9.01562016e-05	0.00101324996	0	0	0.143542	0	0	3
1401	827	59.3012478	10.3226563	101324.997	101324.996	101324.994	101324.997	9.01562016e-05	0.00101324997	0	0	0.143588	0	0	3
1402	827	59.3442114	10.3300244	101324.997	101324.996	101324.994	101324.997	9.01562016e-05	0.00101324997	0	0	0.143684	0	0	3
1403	828	59.3871608	10.3373924	101324.996	101324.996	101324.994	101324.997	9.11954994e-05	0.00101324996	0	0	0.143797	0	0	3
1404	829	59.4300939	10.3447605	101324.996	101324.996	101324.994	101324.997	9.11954994e-05	0.00101324996	0	0	0.143869	0	0	3
1405	829	59.4730134	10.3521285	101324.996	101324.996	101324.994	101324.997	9.11954994e-05	0.00101324996	0	0	0.143867	0	0	3
1406	830	59.5159192	10.3594966	101324.996	101324.996	101324.994	101324.997	9.11954994e-05	0.00101324996	0	0	0.143925	0	0	3
1407	831	59.5588135	10.3668647	101324.997	101324.996	101324.994	101324.997	9.11954994e-05	0.00101324997	0	0	0.143945	0	0	3
1408	831	59.6016959	10.3742327	101324.997	101324.996	101324.994	101324.997	9.11954994e-05	0.00101324997	0	0	0.14399	0	0	3
1409	832	59.6445683	10.3816008	101324.996	101324.996	101324.994	101324.997	9.11954994e-05	0.00101324996	0	0	0.143971	0	0	3
1410	833	59.6874307	10.3889689	101324.996	101324.996	101324.994	101324.997	9.11954994e-05	0.00101324996	0	0	0.144032	0	0	3
1411	833	59.7302844	10.3963369	101324.996	101324.996	101324.994	101324.997	9.11954994e-05	0.00101324996	0	0	0.144002	0	0	3
1412	834	59.7731297	10.403705	101324.996	101324.996	101324.994	101324.997	9.11954994e-05	0.00101324996	0	0	0.143998	0	0	3
1413	835	59.815969	10.411073	101324.996	101324.996	101324.994	101324.997	9.11954994e-05	0.00101324996	0	0	0.143927	0	0	3
1414	835	59.8588026	10.4184411	101324.996	101324.996	101324.995	101324.997	9.11954994e-05	0.00101324996	0	0	0.14393	0	0	3
1415	836	59.9016325	10.4258092	101324.996	101324.996	101324.995	101324.997	9.11954994e-05	0.00101324996	0	0	0.143874	0	0	3
1416	837	59.9444586	10.4331772	101324.996	101324.996	101324.995	101324.997	9.11954994e-05	0.00101324996	0	0	0.143846	0	0	3
1417	837	59.9872832	10.4405453	101324.996	101324.996	101324.995	101324.997	9.11954994e-05	0.00101324996	0	0	0.143741	0	0	3
1418	838	60	10.4479134	101324.996	101324.996	101324.995	101324.997	9.11954994e-05	0.00101324996	0	0	0.143691	0	0	3
1419	839	60.0428245	10.4552814	101324.996	101324.996	101324.995	101324.997	9.11954994e-05	0.00101324996	0	0	0.143609	0	0	3
1420	839	60.0856489	10.4626495	101324.996	101324.996	101324.995	101324.997	9.11954994e-05	0.00101324996	0	0	0.143574	0	0	3
1421	840	60.1284756	10.4700176	101324.996	101324.996	101324.995	101324.997	9.11954994e-05	0.00101324996	0	0	0.143504	0	0	3
1422	841	60.171304	10.4773856	101324.996	101324.996	101324.995	101324.997	9.11954994e-05	0.00101324996	0	0	0.143448	0	0	3
1423	841	60.2141366	10.4847537	101324.996	101324.996	101324.995	101324.997	9.11954994e-05	0.00101324996	0	0	0.1433	0	0	3
1424	842	60.256974	10.4921217	101324.996	101324.996	101324.995	101324.997	9.11954994e-05	0.00101324996	0	0	0.143217	0	0	3
1425	843	60.2998187	10.4994898	101324.996	101324.996	101324.995	101324.997	9.11954994e-05	0.00101324996	0	0	0.143106	0	0	3
1426	843	60.3426705	10.5068579	101324.996	101324.996	101324.995	101324.997	9.11954994e-05	0.00101324996	0	0	0.143025	0	0	3
1427	844	60.3855314	10.5142259	101324.996	101324.996	101324.995	101324.997	9.11954994e-05	0.00101324996	0	0	0.142864	0	0	3
1428	845	60.4284017	10.521594	101324.996	101324.996	101324.995	101324.997	9.11954994e-05	0.00101324996	0	0	0.142766	0	0	3
1429	845	60.4712834	10.5289621	101324.996	101324.996	101324.995	101324.997	9.11954994e-05	0.00101324996	0	0	0.142588	0	0	3
1430	846	60.5141768	10.5363301	101324.996	101324.996	101324.995	101324.997	9.11954994e-05	0.00101324996	0	0	0.142454	0	0	3
1431	847	60.5570842	10.5436982	101324.996	101324.996	101324.995	101324.997	9.11954994e-05	0.00101324996	0	0	0.142301	0	0	3
1432	847	60.6000053	10.5510662	101324.996	101324.996	101324.995	101324.997	9.11954994e-05	0.00101324996	0	0	0.142184	0	0	3
1433	848	60.6429418	10.5584343	101324.996	101324.996	101324.995	101324.997	8.18208209e-05	0.00101324996	0	0	0.141971	0	0	3
1434	848	60.6858941	10.5658024	101324.996	101324.996	101324.995	101324.997	7.61351839e-05	0.00101324996	0	0	0.141818	0	0	3
1435	849	60.7288644	10.5731704	101324.996	101324.996	101324.995	101324.997	7.61351839e-05	0.00101324996	0	0	0.141626	0	0	3
1436	850	60.7718525	10.5805385	101324.996	101324.996	101324.995	101324.997	7.61351839e-05	0.00101324996	0	0	0.141483	0	0	3
1437	850	60.8148601	10.5879066	101324.996	101324.996	101324.995	101324.997	7.56350055e-05	0.00101324996	0	0	0.141263	0	0	3
1438	851	60.8578871	10.5952746	101324.996	101324.996	101324.995	101324.997	7.56350055e-05	0.00101324996	0	0	0.141114	0	0	3
1439	852	60.9009356	10.6026427	101324.996	101324.996	101324.995	101324.997	7.56350055e-05	0.00101324996	0	0	0.1409	0	0	3
1440	852	60.944005	10.6100108	101324.996	101324.996	101324.995	101324.997	7.56350055e-05	0.00101324996	0	0	0.140761	0	0	3
1441	853	60.9870969	10.6173788	101324.996	101324.996	101324.995	101324.997	7.56350055e-05	0.00101324996	0	0	0.140509	0	0	3
1442	854	61	10.6247469	101324.996	101324.996	101324.995	101324.997	7.56350055e-05	0.00101324996	0	0	0.140475	0	0	3
1443	854	61.0431223	10.6321149	101324.996	101324.996	101324.995	101324.997	7.56350055e-05	0.00101324996	0	0	0.140219	0	0	3
1444	855	61.086268	10.639483	101324.996	101324.996	101324.995	101324.997	7.56350055e-05	0.00101324996	0	0	0.140078	0	0	3
1445	856	61.1294389	10.6468511	101324.996	101324.996	101324.995	101324.997	7.56350055e-05	0.00101324996	0	0	0.140256	0	0	3
1446	856	61.1726342	10.6542191	101324.996	101324.996	101324.995	101324.997	7.56350055e-05	0.00101324996	0	0	0.14047	0	0	3
1447	857	61.215856	10.6615872	101324.996	101324.996	101324.995	101324.997	7.56350055e-05	0.00101324996	0	0	0.140641	0	0	3
1448	858	61.2591038	10.6689553	101324.996	101324.996	101324.995	101324.997	7.56350055e-05	0.00101324996	0	0	0.140954	0	0	3
1449	858	61.3023786	10.6763233	101324.996	101324.996	101324.995	101324.997	7.56350055e-05	0.00101324996	0	0	0.14115	0	0	3
1450	859	61.3456805	10.6836914	101324.996	101324.996	101324.995	101324.997	7.56350055e-05	0.00101324996	0	0	0.14146	0	0	3
1451	860	61.389003	10.6910594	101324.996	101324.996	101324.995	101324.997	7.56350055e-05	0.00101324996	0	0	0.141649	0	0	3
1452	860	61.4322935	10.6984275	101324.996	101324.996	101324.995	101324.997	7.56350055e-05	0.00101324996	0	0	0.141937	0	0	3
1453	861	61.4755522	10.7057956	101324.996	101324.996	101324.995	101324.997	7.56350055e-05	0.00101324996	0	0	0.14215	0	0	3
1454	862	61.5187784	10.7131636	101324.996	101324.996	101324.995	101324.997	7.56350055e-05	0.00101324996	0	0	0.142381	0	0	3
1455	862	61.5619734	10.7205317	101324.996	101324.996	101324.995	101324.997	7.56350055e-05	0.00101324996	0	0	0.14261	0	0	3
1456	863	61.6051361	10.7278998	101324.996	101324.996	101324.995	101324.997	7.56350055e-05	0.00101324996	0	0	0.142845	0	0	3
1457	864	61.6482678	10.7352678	101324.996	101324.996	101324.995	101324.997	7.56350055e-05	0.00101324996	0	0	0.143011	0	0	3
1458	864	61.6913686	10.7426359	101324.996	101324.996	101324.995	101324.997	7.56350055e-05	0.00101324996	0	0	0.143275	0	0	3
1459	865	61.7344389	10.7500039	101324.996	101324.996	101324.995	101324.997	7.56350055e-05	0.00101324996	0	0	0.143452	0	0	3
1460	865	61.7774785	10.757372	101324.996	101324.996	101324.995	101324.997	7.56350055e-05	0.00101324996	0	0	0.143666	0	0	3
1461	866	61.8204889	10.7647401	101324.996	101324.996	101324.995	101324.997	7.56350055e-05	0.00101324996	0	0	0.143822	0	0	3
1462	867	61.8634699	10.7721081	101324.996	101324.996	101324.996	101324.997	7.56350055e-05	0.00101324996	0	0	0.144018	0	0	3
1463	867	61.9064232	10.7794762	101324.996	101324.996	101324.996	101324.997	7.56350055e-05	0.00101324996	0	0	0.144185	0	0	3
1464	868	61.9493484	10.7868443	101324.996	101324.996	101324.996	101324.997	7.56350055e-05	0.00101324996	0	0	0.144386	0	0	3
1465	869	61.9922465	10.7942123	101324.996	101324.996	101324.996	101324.997	7.56350055e-05	0.00101324996	0	0	0.144485	0	0	3
1466	869	62	10.8015804	101324.996	101324.996	101324.996	101324.997	7.56350055e-05	0.00101324996	0	0	0.144782	0	0	3
1467	870	62.0428667	10.8089485	101324.997	101324.996	101324.996	101324.997	7.56350055e-05	0.00101324997	0	0	0.14462	0	0	3
1468	871	62.085706	10.8163165	101324.996	101324.996	101324.996	101324.997	7.67208112e-05	0.00101324996	0	0	0.14479	0	0	3
1469	872	62.1285279	10.8236846	101324.996	101324.996	101324.996	101324.997	8.30849312e-05	0.00101324996	0	0	0.145069	0	0	3
1470	872	62.1713164	10.8310526	101324.997	101324.996	101324.996	101324.997	8.30849312e-05	0.00101324997	0	0	0.145081	0	0	3
1471	873	62.214085	10.8384207	101324.996	101324.996	101324.996	101324.997	8.30849312e-05	0.00101324996	0	0	0.145157	0	0	3
1472	874	62.2568327	10.8457888	101324.997	101324.996	101324.996	101324.997	8.30849312e-05	0.00101324997	0	0	0.145304	0	0	3
1473	874	62.2995604	10.8531568	101324.997	101324.996	101324.996	101324.997	8.30849312e-05	0.00101324997	0	0	0.14537	0	0	3
1474	875	62.3422683	10.8605249	101324.997	101324.996	101324.996	101324.997	8.30849312e-05	0.00101324997	0	0	0.145484	0	0	3
1475	876	62.3849582	10.867893	101324.996	101324.996	101324.996	101324.997	8.30849312e-05	0.00101324996	0	0	0.145577	0	0	3
1476	876	62.4276295	10.875261	101324.996	101324.996	101324.996	101324.997	8.30849312e-05	0.00101324996	0	0	0.145714	0	0	3
1477	877	62.4702829	10.8826291	101324.996	101324.996	101324.996	101324.997	8.30849312e-05	0.00101324996	0	0	0.145741	0	0	3
1478	878	62.5129196	10.8899971	101324.997	101324.996	101324.996	101324.997	8.30849312e-05	0.00101324997	0	0	0.145765	0	0	3
1479	878	62.5555418	10.8973652	101324.996	101324.996	101324.996	101324.997	8.30849312e-05	0.00101324996	0	0	0.145794	0	0	3
1480	879	62.5981498	10.9047333	101324.996	101324.996	101324.996	101324.997	8.30849312e-05	0.00101324996	0	0	0.145871	0	0	3
1481	880	62.640745	10.9121013	101324.997	101324.996	101324.996	101324.997	8.30849312e-05	0.00101324997	0	0	0.145844	0	0	3
1482	880	62.6833282	10.9194694	101324.997	101324.996	101324.996	101324.997	8.30849312e-05	0.00101324997	0	0	0.14588	0	0	3
1483	881	62.7259012	10.9268375	101324.996	101324.996	101324.996	101324.997	8.30849312e-05	0.00101324996	0	0	0.145877	0	0	3
1484	882	62.7684646	10.9342055	101324.996	101324.996	101324.996	101324.997	8.30849312e-05	0.00101324996	0	0	0.145912	0	0	3
1485	882	62.8110192	10.9415736	101324.996	101324.996	101324.996	101324.997	8.30849312e-05	0.00101324996	0	0	0.14585	0	0	3
1486	883	62.8535665	10.9489417	101324.996	101324.996	101324.996	101324.997	8.30849312e-05	0.00101324996	0	0	0.145837	0	0	3
1487	883	62.8961086	10.9563097	101324.996	101324.996	101324.996	101324.997	8.30849312e-05	0.00101324996	0	0	0.145756	0	0	3
1488	884	62.9386463	10.9636778	101324.997	101324.996	101324.996	101324.997	8.30849312e-05	0.00101324997	0	0	0.145737	0	0	3
1489	885	62.9811814	10.9710458	101324.996	101324.996	101324.996	101324.997	8.30849312e-05	0.00101324996	0	0	0.145662	0	0	3
1490	885	63	10.9784139	101324.996	101324.996	101324.996	101324.997	8.30849312e-05	0.00101324996	0	0	0.145651	0	0	3
1491	886	63.042533	10.985782	101324.997	101324.996	101324.996	101324.997	8.30849312e-05	0.00101324997	0	0	0.145539	0	0	3
1492	887	63.085066	10.99315	101324.997	101324.996	101324.996	101324.997	8.30849312e-05	0.00101324997	0	0	0.145438	0	0	3
1493	888	63.1276089	11.0005181	101324.996	101324.996	101324.996	101324.997	8.30849312e-05	0.00101324996	0	0	0.145476	0	0	3
1494	888	63.1701457	11.0078862	101324.996	101324.996	101324.996	101324.997	8.30849312e-05	0.00101324996	0	0	0.145317	0	0	3
1495	889	63.2126886	11.0152542	101324.996	101324.996	101324.996	101324.997	8.30849312e-05	0.00101324996	0	0	0.145176	0	0	3
1496	889	63.2552373	11.0226223	101324.996	101324.996	101324.996	101324.997	8.30849312e-05	0.00101324996	0	0	0.145064	0	0	3
1497	890	63.2977934	11.0299903	101324.996	101324.996	101324.996	101324.997	8.30849312e-05	0.00101324996	0	0	0.144913	0	0	3
1498	891	63.3403579	11.0373584	101324.996	101324.996	101324.996	101324.997	8.30849312e-05	0.00101324996	0	0	0.144812	0	0	3
1499	891	63.3829326	11.0447265	101324.996	101324.996	101324.996	101324.997	8.30849312e-05	0.00101324996	0	0	0.144624	0	0	3
1500	892	63.4255184	11.0520945	101324.996	101324.996	101324.996	101324.997	8.30849312e-05	0.00101324996	0	0	0.144485	0	0	3
1501	893	63.4681173	11.0594626	101324.996	101324.996	101324.996	101324.997	8.30849312e-05	0.00101324996	0	0	0.14433	0	0	3
1502	894	63.5107296	11.0668307	101324.996	101324.996	101324.996	101324.997	8.30849312e-05	0.00101324996	0	0	0.144157	0	0	3
1503	894	63.553357	11.0741987	101324.996	101324.996	101324.996	101324.997	8.30849312e-05	0.00101324996	0	0	0.143966	0	0	3
1504	895	63.5960003	11.0815668	101324.996	101324.996	101324.996	101324.997	8.30849312e-05	0.00101324996	0	0	0.143809	0	0	3
1505	896	63.6386615	11.0889348	101324.996	101324.996	101324.996	101324.997	8.085437e-05	0.00101324996	0	0	0.143579	0	0	3
1506	896	63.6813411	11.0963029	101324.996	101324.996	101324.996	101324.997	7.56238151e-05	0.00101324996	0	0	0.143415	0	0	3
1507	897	63.7240406	11.103671	101324.996	101324.996	101324.996	101324.997	7.4784708e-05	0.00101324996	0	0	0.143197	0	0	3
1508	898	63.7667608	11.111039	101324.996	101324.996	101324.996	101324.997	7.4784708e-05	0.00101324996	0	0	0.142993	0	0	3
1509	898	63.809503	11.1184071	101324.996	101324.996	101324.996	101324.997	7.46959849e-05	0.00101324996	0	0	0.14275	0	0	3
1510	899	63.8522681	11.1257752	101324.996	101324.996	101324.996	101324.997	7.46959849e-05	0.00101324996	0	0	0.142563	0	0	3
1511	900	63.8950573	11.1331432	101324.996	101324.996	101324.996	101324.997	7.44932186e-05	0.00101324996	0	0	0.14228	0	0	3
1512	900	63.9378714	11.1405113	101324.996	101324.996	101324.996	101324.997	7.44932186e-05	0.00101324996	0	0	0.142113	0	0	3
1513	901	63.980711	11.1478794	101324.996	101324.996	101324.996	101324.997	7.44932186e-05	0.00101324996	0	0	0.141841	0	0	3
1514	902	64	11.1552474	101324.996	101324.996	101324.996	101324.997	7.44932186e-05	0.00101324996	0	0	0.141723	0	0	3
1515	902	64.042878	11.1626155	101324.996	101324.996	101324.996	101324.997	7.44932186e-05	0.00101324996	0	0	0.141483	0	0	3
1516	903	64.0857835	11.1699835	101324.996	101324.996	101324.996	101324.997	7.65274162e-05	0.00101324996	0	0	0.141192	0	0	3
1517	904	64.1287258	11.1773516	101324.996	101324.996	101324.996	101324.997	7.65274162e-05	0.00101324996	0	0	0.141444	0	0	3
1518	904	64.1716879	11.1847197	101324.996	101324.996	101324.996	101324.997	7.65274162e-05	0.00101324996	0	0	0.141768	0	0	3
1519	905	64.2146813	11.1920877	101324.996	101324.996	101324.996	101324.997	7.65274162e-05	0.00101324996	0	0	0.14198	0	0	3
1520	906	64.2577055	11.1994558	101324.996	101324.996	101324.996	101324.997	7.65274162e-05	0.00101324996	0	0	0.1423	0	0	3
1521	906	64.3007612	11.2068239	101324.996	101324.996	101324.996	101324.997	7.65274162e-05	0.00101324996	0	0	0.142533	0	0	3
1522	907	64.3438481	11.2141919	101324.996	101324.996	101324.996	101324.997	7.65274162e-05	0.00101324996	0	0	0.142849	0	0	3
1523	908	64.3869669	11.22156	101324.996	101324.996	101324.996	101324.997	7.65274162e-05	0.00101324996	0	0	0.143073	0	0	3
1524	908	64.4301177	11.228928	101324.996	101324.996	101324.996	101324.997	7.65274162e-05	0.00101324996	0	0	0.143405	0	0	3
1525	909	64.473301	11.2362961	101324.996	101324.996	101324.996	101324.997	7.65274162e-05	0.00101324996	0	0	0.143603	0	0	3
1526	910	64.5165024	11.2436642	101324.996	101324.996	101324.996	101324.997	7.65274162e-05	0.00101324996	0	0	0.143915	0	0	3
1527	910	64.5596685	11.2510322	101324.996	101324.996	101324.996	101324.997	7.65274162e-05	0.00101324996	0	0	0.144137	0	0	3
1528	911	64.6027986	11.2584003	101324.996	101324.996	101324.996	101324.997	7.65274162e-05	0.00101324996	0	0	0.144393	0	0	3
1529	912	64.6458945	11.2657684	101324.996	101324.996	101324.996	101324.997	7.65274162e-05	0.00101324996	0	0	0.144638	0	0	3
1530	912	64.688955	11.2731364	101324.996	101324.996	101324.996	101324.997	7.65274162e-05	0.00101324996	0	0	0.144888	0	0	3
1531	913	64.7319816	11.2805045	101324.996	101324.996	101324.996	101324.997	7.65274162e-05	0.00101324996	0	0	0.145074	0	0	3
1532	914	64.7749744	11.2878725	101324.996	101324.996	101324.996	101324.997	7.65274162e-05	0.00101324996	0	0	0.145341	0	0	3
1533	914	64.8179343	11.2952406	101324.996	101324.996	101324.996	101324.997	7.65274162e-05	0.00101324996	0	0	0.145537	0	0	3
1534	915	64.8608609	11.3026087	101324.996	101324.996	101324.996	101324.997	7.65274162e-05	0.00101324996	0	0	0.145721	0	0	3
1535	916	64.9037568	11.3099767	101324.996	101324.996	101324.996	101324.997	7.65274162e-05	0.00101324996	0	0	0.145887	0	0	3
1536	916	64.9466217	11.3173448	101324.996	101324.996	101324.996	101324.997	7.65274162e-05	0.00101324996	0	0	0.14614	0	0	3
1537	917	64.9894565	11.3247129	101324.996	101324.996	101324.996	101324.997	7.65246077e-05	0.00101324996	0	0	0.146271	0	0	3
1538	918	65	11.3320809	101324.996	101324.996	101324.996	101324.997	7.62617565e-05	0.00101324996	0	0	0.146391	0	0	3
1539	918	65.0427991	11.339449	101324.996	101324.996	101324.996	101324.997	7.62617565e-05	0.00101324996	0	0	0.146435	0	0	3
1540	919	65.0855689	11.3468171	101324.996	101324.996	101324.996	101324.997	7.62617565e-05	0.00101324996	0	0	0.146606	0	0	3
1541	920	65.1283126	11.3541851	101324.996	101324.996	101324.996	101324.997	7.62617565e-05	0.00101324996	0	0	0.146765	0	0	3
1542	920	65.1710299	11.3615532	101324.996	101324.996	101324.996	101324.997	7.62617565e-05	0.00101324996	0	0	0.146965	0	0	3
1543	921	65.2137221	11.3689212	101324.996	101324.996	101324.996	101324.997	7.62617565e-05	0.00101324996	0	0	0.147052	0	0	3
1544	922	65.2563897	11.3762893	101324.997	101324.996	101324.996	101324.997	7.59161048e-05	0.00101324997	0	0	0.147158	0	0	3
1545	922	65.2990354	11.3836574	101324.996	101324.996	101324.996	101324.997	7.28139712e-05	0.00101324996	0	0	0.147252	0	0	3
1546	923	65.3416587	11.3910254	101324.997	101324.996	101324.996	101324.997	7.28139712e-05	0.00101324997	0	0	0.147368	0	0	3
1547	924	65.3842617	11.3983935	101324.997	101324.996	101324.996	101324.997	7.28139712e-05	0.00101324997	0	0	0.147439	0	0	3
1548	924	65.4268444	11.4057616	101324.996	101324.996	101324.996	101324.997	7.28139712e-05	0.00101324996	0	0	0.147546	0	0	3
1549	925	65.4694089	11.4131296	101324.996	101324.996	101324.996	101324.997	7.28139712e-05	0.00101324996	0	0	0.147605	0	0	3
1550	926	65.5119547	11.4204977	101324.996	101324.996	101324.996	101324.997	7.28139712e-05	0.00101324996	0	0	0.147666	0	0	3
1551	926	65.5544844	11.4278657	101324.996	101324.996	101324.996	101324.997	7.28139712e-05	0.00101324996	0	0	0.147655	0	0	3
1552	927	65.5969988	11.4352338	101324.997	101324.996	101324.996	101324.997	7.28139712e-05	0.00101324997	0	0	0.147705	0	0	3
1553	928	65.6395002	11.4426019	101324.997	101324.996	101324.996	101324.997	6.93824986e-05	0.00101324997	0	0	0.147675	0	0	3
1554	928	65.6819892	11.4499699	101324.997	101324.996	101324.996	101324.997	6.93505135e-05	0.00101324997	0	0	0.147708	0	0	3
1555	929	65.7244679	11.457338	101324.997	101324.996	101324.996	101324.997	6.58924837e-05	0.00101324997	0	0	0.14766	0	0	3
1556	930	65.766937	11.4647061	101324.996	101324.996	101324.996	101324.997	5.51738922e-05	0.00101324996	0	0	0.147685	0	0	3
1557	930	65.8093988	11.4720741	101324.996	101324.996	101324.996	101324.997	5.25969808e-05	0.00101324996	0	0	0.147657	0	0	3
1558	931	65.8518531	11.4794422	101324.996	101324.996	101324.996	101324.997	5.21412003e-05	0.00101324996	0	0	0.147633	0	0	3
1559	931	65.8943026	11.4868103	101324.996	101324.996	101324.996	101324.997	5.21412003e-05	0.00101324996	0	0	0.147526	0	0	3
1560	932	65.9367484	11.4941783	101324.997	101324.996	101324.996	101324.997	5.21412003e-05	0.00101324997	0	0	0.147484	0	0	3
1561	933	65.979193	11.5015464	101324.997	101324.996	101324.996	101324.997	5.21412003e-05	0.00101324997	0	0	0.14737	0	0	3
1562	933	66	11.5089144	101324.996	101324.996	101324.996	101324.997	5.21412003e-05	0.00101324996	0	0	0.147334	0	0	3
1563	934	66.0424451	11.5162825	101324.997	101324.996	101324.996	101324.997	5.21412003e-05	0.00101324997	0	0	0.147223	0	0	3
1564	935	66.0848917	11.5236506	101324.997	101324.996	101324.996	101324.997	5.21412003e-05	0.00101324997	0	0	0.147113	0	0	3
1565	936	66.1273432	11.5310186	101324.997	101324.996	101324.996	101324.997	5.21412003e-05	0.00101324997	0	0	0.147008	0	0	3
1566	936	66.1697993	11.5383867	101324.996	101324.996	101324.996	101324.997	5.21412003e-05	0.00101324996	0	0	0.146905	0	0	3
1567	937	66.2122626	11.5457548	101324.996	101324.996	101324.996	101324.997	5.21412003e-05	0.00101324996	0	0	0.146737	0	0	3
1568	938	66.2547336	11.5531228	101324.996	101324.996	101324.996	101324.997	5.21412003e-05	0.00101324996	0	0	0.146659	0	0	3
1569	938	66.297214	11.5604909	101324.996	101324.996	101324.996	101324.997	5.21412003e-05	0.00101324996	0	0	0.146437	0	0	3
1570	939	66.339705	11.5678589	101324.996	101324.996	101324.996	101324.997	5.21412003e-05	0.00101324996	0	0	0.146296	0	0	3
1571	940	66.382209	11.575227	101324.996	101324.996	101324.996	101324.997	5.21412003e-05	0.00101324996	0	0	0.146064	0	0	3
1572	940	66.424727	11.5825951	101324.996	101324.996	101324.996	101324.997	5.21412003e-05	0.00101324996	0	0	0.145951	0	0	3
1573	941	66.4672602	11.5899631	101324.996	101324.996	101324.996	101324.997	5.21412003e-05	0.00101324996	0	0	0.14569	0	0	3
1574	942	66.50981	11.5973312	101324.996	101324.996	101324.996	101324.997	5.21412003e-05	0.00101324996	0	0	0.145527	0	0	3
1575	942	66.5523787	11.6046993	101324.996	101324.996	101324.996	101324.997	5.21412003e-05	0.00101324996	0	0	0.145283	0	0	3
1576	943	66.5949664	11.6120673	101324.996	101324.996	101324.996	101324.997	5.21412003e-05	0.00101324996	0	0	0.145104	0	0	3
1577	944	66.6375754	11.6194354	101324.996	101324.996	101324.996	101324.997	5.21412003e-05	0.00101324996	0	0	0.14483	0	0	3
1578	944	66.6802064	11.6268034	101324.996	101324.996	101324.996	101324.997	5.21412003e-05	0.00101324996	0	0	0.144648	0	0	3
1579	945	66.7228609	11.6341715	101324.996	101324.996	101324.996	101324.997	5.21412003e-05	0.00101324996	0	0	0.144345	0	0	3
1580	946	66.7655398	11.6415396	101324.996	101324.996	101324.996	101324.997	5.21412003e-05	0.00101324996	0	0	0.144144	0	0	3
1581	946	66.8082448	11.6489076	101324.996	101324.996	101324.996	101324.997	5.21412003e-05	0.00101324996	0	0	0.14385	0	0	3
1582	947	66.8509763	11.6562757	101324.996	101324.996	101324.996	101324.997	5.21412003e-05	0.00101324996	0	0	0.143622	0	0	3
1583	948	66.8937362	11.6636438	101324.996	101324.996	101324.996	101324.997	5.21412003e-05	0.00101324996	0	0	0.143331	0	0	3
1584	948	66.9365246	11.6710118	101324.996	101324.996	101324.996	101324.997	5.04925556e-05	0.00101324996	0	0	0.143114	0	0	3
1585	949	66.9793429	11.6783799	101324.996	101324.996	101324.996	101324.997	5.04925556e-05	0.00101324996	0	0	0.142814	0	0	3
1586	950	67	11.685748	101324.996	101324.996	101324.996	101324.997	4.86283825e-05	0.00101324996	0	0	0.14266	0	0	3
1587	950	67.042864	11.693116	101324.996	101324.996	101324.996	101324.997	4.84947086e-05	0.00101324996	0	0	0.142367	0	0	3
1588	951	67.0857597	11.7004841	101324.996	101324.996	101324.996	101324.997	4.84947086e-05	0.00101324996	0	0	0.142182	0	0	3
1589	952	67.1286887	11.7078521	101324.996	101324.996	101324.996	101324.997	4.79932787e-05	0.00101324996	0	0	0.142459	0	0	3
1590	952	67.1716502	11.7152202	101324.996	101324.996	101324.996	101324.997	4.79932787e-05	0.00101324996	0	0	0.142811	0	0	3
1591	953	67.2146464	11.7225883	101324.996	101324.996	101324.996	101324.997	4.79932787e-05	0.00101324996	0	0	0.143083	0	0	3
1592	954	67.2576768	11.7299563	101324.996	101324.996	101324.996	101324.997	4.79932787e-05	0.00101324996	0	0	0.143414	0	0	3
1593	954	67.300743	11.7373244	101324.996	101324.996	101324.996	101324.997	4.79932787e-05	0.00101324996	0	0	0.143671	0	0	3
1594	955	67.3438445	11.7446925	101324.996	101324.996	101324.996	101324.997	4.79932787e-05	0.00101324996	0	0	0.144019	0	0	3
1595	956	67.3869636	11.7520605	101324.996	101324.996	101324.996	101324.997	4.79932787e-05	0.00101324996	0	0	0.144249	0	0	3
1596	956	67.430044	11.7594286	101324.996	101324.996	101324.996	101324.997	4.79932787e-05	0.00101324996	0	0	0.144594	0	0	3
1597	957	67.4730858	11.7667966	101324.996	101324.996	101324.996	101324.997	4.79932787e-05	0.00101324996	0	0	0.144824	0	0	3
1598	958	67.5160891	11.7741647	101324.996	101324.996	101324.996	101324.997	4.79932787e-05	0.00101324996	0	0	0.14516	0	0	3
1599	958	67.5590541	11.7815328	101324.996	101324.996	101324.996	101324.997	4.79932787e-05	0.00101324996	0	0	0.145363	0	0	3
1600	959	67.6019815	11.7889008	101324.996	101324.996	101324.996	101324.997	4.79932787e-05	0.00101324996	0	0	0.145659	0	0	3
1601	960	67.6448719	11.7962689	101324.996	101324.996	101324.996	101324.997	4.79932787e-05	0.00101324996	0	0	0.145928	0	0	3
1602	960	67.6877245	11.803637	101324.996	101324.996	101324.996	101324.997	4.79932787e-05	0.00101324996	0	0	0.14616	0	0	3
1603	961	67.7305414	11.811005	101324.996	101324.996	101324.996	101324.997	4.79932787e-05	0.00101324996	0	0	0.146334	0	0	3
1604	962	67.7733232	11.8183731	101324.996	101324.996	101324.996	101324.997	4.79932787e-05	0.00101324996	0	0	0.146631	0	0	3
1605	962	67.8160702	11.8257411	101324.996	101324.996	101324.996	101324.997	4.79932787e-05	0.00101324996	0	0	0.146835	0	0	3
1606	963	67.8587827	11.8331092	101324.996	101324.996	101324.996	101324.997	4.79932787e-05	0.00101324996	0	0	0.147036	0	0	3
1607	964	67.9014626	11.8404773	101324.996	101324.996	101324.996	101324.997	4.79932787e-05	0.00101324996	0	0	0.147238	0	0	3
1608	964	67.9441096	11.8478453	101324.996	101324.996	101324.996	101324.997	4.79932787e-05	0.00101324996	0	0	0.147462	0	0	3
1609	965	67.9867252	11.8552134	101324.996	101324.996	101324.996	101324.997	4.79932787e-05	0.00101324996	0	0	0.147555	0	0	3
1610	966	68	11.8625815	101324.996	101324.996	101324.996	101324.997	4.79932787e-05	0.00101324996	0	0	0.147792	0	0	3
1611	966	68.0425761	11.8699495	101324.996	101324.996	101324.996	101324.997	4.79932787e-05	0.00101324996	0	0	0.147766	0	0	3
1612	967	68.0851224	11.8773176	101324.996	101324.996	101324.996	101324.997	4.79932787e-05	0.00101324996	0	0	0.147882	0	0	3
1613	968	68.1276491	11.8846857	101324.996	101324.996	101324.996	101324.997	4.79932787e-05	0.00101324996	0	0	0.14818	0	0	3
1614	968	68.1701398	11.8920537	101324.996	101324.996	101324.996	101324.997	4.79932787e-05	0.00101324996	0	0	0.148279	0	0	3
1615	969	68.2126061	11.8994218	101324.996	101324.996	101324.996	101324.997	4.79932787e-05	0.00101324996	0	0	0.148316	0	0	3
1616	970	68.2550482	11.9067898	101324.996	101324.996	101324.996	101324.997	4.79932787e-05	0.00101324996	0	0	0.148447	0	0	3
1617	970	68.2974678	11.9141579	101324.996	101324.996	101324.996	101324.997	4.79932787e-05	0.00101324996	0	0	0.148549	0	0	3
1618	971	68.3398651	11.921526	101324.996	101324.996	101324.996	101324.997	4.72083775e-05	0.00101324996	0	0	0.148645	0	0	3
1619	972	68.3822419	11.928894	101324.996	101324.996	101324.996	101324.997	4.58594295e-05	0.00101324996	0	0	0.148717	0	0	3
1620	972	68.4245986	11.9362621	101324.996	101324.996	101324.996	101324.997	4.58594295e-05	0.00101324996	0	0	0.148858	0	0	3
1621	973	68.4669364	11.9436302	101324.996	101324.996	101324.996	101324.997	4.58594295e-05	0.00101324996	0	0	0.148832	0	0	3
1622	974	68.5092567	11.9509982	101324.996	101324.996	101324.996	101324.997	4.60364827e-05	0.00101324996	0	0	0.148868	0	0	3
1623	974	68.5515619	11.9583663	101324.997	101324.996	101324.996	101324.997	4.60364827e-05	0.00101324997	0	0	0.148863	0	0	3
1624	975	68.5938533	11.9657343	101324.996	101324.996	101324.996	101324.997	4.60364827e-05	0.00101324996	0	0	0.14888	0	0	3
1625	976	68.6361325	11.9731024	101324.997	101324.996	101324.996	101324.997	4.60364827e-05	0.00101324997	0	0	0.148855	0	0	3
1626	976	68.6784006	11.9804705	101324.997	101324.996	101324.996	101324.997	4.60364827e-05	0.00101324997	0	0	0.148854	0	0	3
1627	977	68.72066	11.9878385	101324.996	101324.996	101324.996	101324.997	4.60364827e-05	0.00101324996	0	0	0.148799	0	0	3
1628	978	68.7629115	11.9952066	101324.996	101324.996	101324.996	101324.997	4.60364827e-05	0.00101324996	0	0	0.148823	0	0	3
1629	978	68.8051564	12.0025747	101324.996	101324.996	101324.996	101324.997	4.65104386e-05	0.00101324996	0	0	0.148731	0	0	3
1630	979	68.8473966	12.0099427	101324.996	101324.996	101324.996	101324.997	4.65104386e-05	0.00101324996	0	0	0.148665	0	0	3
1631	980	68.8896341	12.0173108	101324.997	101324.996	101324.996	101324.997	4.65104386e-05	0.00101324997	0	0	0.148538	0	0	3
1632	980	68.9318707	12.0246789	101324.997	101324.996	101324.996	101324.997	4.65104386e-05	0.00101324997	0	0	0.148481	0	0	3
1633	981	68.9741082	12.0320469	101324.997	101324.996	101324.996	101324.997	4.65104386e-05	0.00101324997	0	0	0.148328	0	0	3
1634	982	69	12.039415	101324.997	101324.996	101324.996	101324.997	4.65104386e-05	0.00101324997	0	0	0.148262	0	0	3
1635	982	69.0422422	12.046783	101324.997	101324.996	101324.996	101324.997	4.65104386e-05	0.00101324997	0	0	0.148147	0	0	3
1636	983	69.0844889	12.0541511	101324.997	101324.996	101324.996	101324.997	4.65104386e-05	0.00101324997	0	0	0.147987	0	0	3
1637	984	69.1267431	12.0615192	101324.996	101324.996	101324.996	101324.997	4.65104386e-05	0.00101324996	0	0	0.147833	0	0	3
1638	984	69.1690056	12.0688872	101324.996	101324.996	101324.996	101324.997	4.65104386e-05	0.00101324996	0	0	0.147705	0	0	3
1639	985	69.2112783	12.0762553	101324.996	101324.996	101324.996	101324.997	4.65104386e-05	0.00101324996	0	0	0.14754	0	0	3
1640	986	69.2535617	12.0836234	101324.996	101324.996	101324.996	101324.997	4.65104386e-05	0.00101324996	0	0	0.147358	0	0	3
1641	986	69.2958581	12.0909914	101324.996	101324.996	101324.996	101324.997	4.65104386e-05	0.00101324996	0	0	0.14713	0	0	3
1642	987	69.3381692	12.0983595	101324.996	101324.996	101324.996	101324.997	4.65104386e-05	0.00101324996	0	0	0.146922	0	0	3
1643	988	69.380497	12.1057275	101324.996	101324.996	101324.996	101324.997	4.65104386e-05	0.00101324996	0	0	0.146711	0	0	3
1644	988	69.4228422	12.1130956	101324.996	101324.996	101324.996	101324.997	4.65104386e-05	0.00101324996	0	0	0.146499	0	0	3
1645	989	69.4652071	12.1204637	101324.996	101324.996	101324.996	101324.997	4.65104386e-05	0.00101324996	0	0	0.146251	0	0	3
1646	990	69.5075922	12.1278317	101324.996	101324.996	101324.996	101324.997	4.65104386e-05	0.00101324996	0	0	0.146016	0	0	3
1647	990	69.5499999	12.1351998	101324.996	101324.996	101324.996	101324.997	4.65104386e-05	0.00101324996	0	0	0.145765	0	0	3
1648	991	69.5924308	12.1425679	101324.996	101324.996	101324.996	101324.997	4.65104386e-05	0.00101324996	0	0	0.145502	0	0	3
1649	992	69.6348871	12.1499359	101324.996	101324.996	101324.996	101324.997	4.65104386e-05	0.00101324996	0	0	0.14526	0	0	3
1650	992	69.6773687	12.157304	101324.996	101324.996	101324.996	101324.997	4.65104386e-05	0.00101324996	0	0	0.145002	0	0	3
1651	993	69.719878	12.164672	101324.996	101324.996	101324.996	101324.997	4.40110161e-05	0.00101324996	0	0	0.144684	0	0	3
1652	994	69.7624159	12.1720401	101324.996	101324.996	101324.996	101324.997	4.40110161e-05	0.00101324996	0	0	0.144437	0	0	3
1653	994	69.8049838	12.1794082	101324.996	101324.996	101324.996	101324.997	4.40110161e-05	0.00101324996	0	0	0.144146	0	0	3
1654	995	69.8475823	12.1867762	101324.996	101324.996	101324.996	101324.997	4.40110161e-05	0.00101324996	0	0	0.143872	0	0	3
1655	996	69.8902126	12.1941443	101324.996	101324.996	101324.996	101324.997	4.40110161e-05	0.00101324996	0	0	0.143571	0	0	3
1656	996	69.9328751	12.2015124	101324.996	101324.996	101324.996	101324.997	4.37533163e-05	0.00101324996	0	0	0.143295	0	0	3
1657	997	69.9755714	12.2088804	101324.996	101324.996	101324.996	101324.997	4.37533163e-05	0.00101324996	0	0	0.142949	0	0	3
1658	998	70	12.2162485	101324.996	101324.996	101324.996	101324.997	4.37533163e-05	0.00101324996	0	0	0.142849	0	0	3
1659	998	70.0427506	12.2236166	101324.996	101324.996	101324.996	101324.997	4.37533163e-05	0.00101324996	0	0	0.143037	0	0	3
1660	999	70.0855369	12.2309846	101324.996	101324.996	101324.996	101324.997	4.24747413e-05	0.00101324996	0	0	0.143387	0	0	3
1661	1000	70.1283675	12.2383527	101324.996	101324.996	101324.996	101324.997	4.17674601e-05	0.00101324996	0	0	0.143702	0	0	3
1662	1000	70.1712257	12.2457207	101324.996	101324.996	101324.996	101324.997	4.17674601e-05	0.00101324996	0	0	0.144049	0	0	3
1663	1001	70.214123	12.2530888	101324.996	101324.996	101324.996	101324.997	4.09914064e-05	0.00101324996	0	0	0.144328	0	0	3
1664	1002	70.2570586	12.2604569	101324.996	101324.996	101324.996	101324.997	4.13976231e-05	0.00101324996	0	0	0.144673	0	0	3
1665	1002	70.3000333	12.2678249	101324.996	101324.996	101324.996	101324.997	4.13976231e-05	0.00101324996	0	0	0.144947	0	0	3
1666	1003	70.3430471	12.275193	101324.996	101324.996	101324.996	101324.997	4.13976231e-05	0.00101324996	0	0	0.145308	0	0	3
1667	1004	70.3861003	12.2825611	101324.996	101324.996	101324.996	101324.997	4.13976231e-05	0.00101324996	0	0	0.14557	0	0	3
1668	1004	70.4291435	12.2899291	101324.996	101324.996	101324.996	101324.997	4.13976231e-05	0.00101324996	0	0	0.145875	0	0	3
1669	1005	70.4721468	12.2972972	101324.996	101324.996	101324.996	101324.997	4.13976231e-05	0.00101324996	0	0	0.146142	0	0	3
1670	1006	70.5151093	12.3046652	101324.996	101324.996	101324.996	101324.997	4.13976231e-05	0.00101324996	0	0	0.146472	0	0	3
1671	1006	70.558032	12.3120333	101324.996	101324.996	101324.996	101324.997	4.13976231e-05	0.00101324996	0	0	0.146677	0	0	3
1672	1007	70.6009154	12.3194014	101324.996	101324.996	101324.996	101324.997	4.13976231e-05	0.00101324996	0	0	0.147001	0	0	3
1673	1008	70.6437602	12.3267694	101324.996	101324.996	101324.996	101324.997	4.13976231e-05	0.00101324996	0	0	0.147219	0	0	3
1674	1008	70.6865666	12.3341375	101324.996	101324.996	101324.996	101324.997	4.13976231e-05	0.00101324996	0	0	0.14746	0	0	3
1675	1009	70.7293366	12.3415056	101324.996	101324.996	101324.996	101324.997	4.13976231e-05	0.00101324996	0	0	0.147698	0	0	3
1676	1010	70.7720697	12.3488736	101324.996	101324.996	101324.996	101324.997	4.13976231e-05	0.00101324996	0	0	0.147974	0	0	3
1677	1010	70.814767	12.3562417	101324.996	101324.996	101324.996	101324.997	4.13976231e-05	0.00101324996	0	0	0.148097	0	0	3
1678	1011	70.8574301	12.3636098	101324.996	101324.996	101324.996	101324.997	4.13976231e-05	0.00101324996	0	0	0.148348	0	0	3
1679	1012	70.9000603	12.3709778	101324.996	101324.996	101324.996	101324.997	4.13976231e-05	0.00101324996	0	0	0.148516	0	0	3
1680	1012	70.9426578	12.3783459	101324.996	101324.996	101324.996	101324.997	4.13976231e-05	0.00101324996	0	0	0.148762	0	0	3
1681	1013	70.9852239	12.3857139	101324.996	101324.996	101324.996	101324.997	4.13976231e-05	0.00101324996	0	0	0.148865	0	0	3
1682	1014	71	12.393082	101324.996	101324.996	101324.996	101324.997	4.13976231e-05	0.00101324996	0	0	0.149001	0	0	3
1683	1015	71.0425263	12.4004501	101324.996	101324.996	101324.996	101324.997	4.13976231e-05	0.00101324996	0	0	0.149019	0	0	3
1684	1015	71.0850236	12.4078181	101324.996	101324.996	101324.996	101324.997	4.13976231e-05	0.00101324996	0	0	0.149273	0	0	3
1685	1016	71.127493	12.4151862	101324.996	101324.996	101324.996	101324.997	4.13976231e-05	0.00101324996	0	0	0.149406	0	0	3
1686	1017	71.1699347	12.4225543	101324.996	101324.996	101324.996	101324.997	4.13976231e-05	0.00101324996	0	0	0.149508	0	0	3
1687	1017	71.2123517	12.4299223	101324.996	101324.996	101324.996	101324.997	4.13976231e-05	0.00101324996	0	0	0.149567	0	0	3
1688	1018	71.2547448	12.4372904	101324.996	101324.996	101324.996	101324.997	4.13976231e-05	0.00101324996	0	0	0.149702	0	0	3
1689	1019	71.2971162	12.4446584	101324.996	101324.996	101324.996	101324.997	4.13976231e-05	0.00101324996	0	0	0.14975	0	0	3
1690	1019	71.3394663	12.4520265	101324.996	101324.996	101324.996	101324.997	4.13976231e-05	0.00101324996	0	0	0.149889	0	0	3
1691	1020	71.381797	12.4593946	101324.996	101324.996	101324.996	101324.997	4.13976231e-05	0.00101324996	0	0	0.149949	0	0	3
1692	1021	71.4241083	12.4667626	101324.996	101324.996	101324.996	101324.997	4.13976231e-05	0.00101324996	0	0	0.149999	0	0	3
1693	1021	71.4664032	12.4741307	101324.996	101324.996	101324.996	101324.997	4.13976231e-05	0.00101324996	0	0	0.149972	0	0	3
1694	1022	71.5086828	12.4814988	101324.997	101324.996	101324.996	101324.997	4.13976231e-05	0.00101324997	0	0	0.150011	0	0	3
1695	1022	71.5509498	12.4888668	101324.997	101324.996	101324.996	101324.997	4.13976231e-05	0.00101324997	0	0	0.149961	0	0	3
1696	1023	71.5932051	12.4962349	101324.997	101324.996	101324.996	101324.997	4.13976231e-05	0.00101324997	0	0	0.14999	0	0	3
1697	1024	71.635451	12.5036029	101324.997	101324.996	101324.996	101324.997	4.12605878e-05	0.00101324997	0	0	0.1499	0	0	3
1698	1024	71.6776889	12.510971	101324.996	101324.996	101324.996	101324.997	4.12605878e-05	0.00101324996	0	0	0.149907	0	0	3
1699	1025	71.7199208	12.5183391	101324.996	101324.996	101324.996	101324.997	4.12605878e-05	0.00101324996	0	0	0.149863	0	0	3
1700	1026	71.7621466	12.5257071	101324.996	101324.996	101324.996	101324.997	4.12605878e-05	0.00101324996	0	0	0.149798	0	0	3
1701	1027	71.8043697	12.5330752	101324.996	101324.996	101324.996	101324.997	3.94273375e-05	0.00101324996	0	0	0.149657	0	0	3
1702	1027	71.8465914	12.5404433	101324.997	101324.996	101324.996	101324.997	3.50091432e-05	0.00101324997	0	0	0.149568	0	0	3
1703	1028	71.8888144	12.5478113	101324.997	101324.996	101324.996	101324.997	3.4040364e-05	0.00101324997	0	0	0.149422	0	0	3
1704	1028	71.9310396	12.5551794	101324.997	101324.996	101324.996	101324.997	3.4040364e-05	0.00101324997	0	0	0.149327	0	0	3
1705	1029	71.9732696	12.5625475	101324.997	101324.996	101324.996	101324.997	3.4040364e-05	0.00101324997	0	0	0.149143	0	0	3
1706	1030	72	12.5699155	101324.997	101324.996	101324.996	101324.997	3.4040364e-05	0.00101324997	0	0	0.149031	0	0	3
1707	1031	72.0422411	12.5772836	101324.997	101324.996	101324.996	101324.997	3.22309788e-05	0.00101324997	0	0	0.14886	0	0	3
1708	1031	72.084491	12.5846516	101324.996	101324.996	101324.996	101324.997	2.99745734e-05	0.00101324996	0	0	0.148735	0	0	3
1709	1032	72.1267519	12.5920197	101324.996	101324.996	101324.996	101324.997	2.8513401e-05	0.00101324996	0	0	0.148561	0	0	3
1710	1033	72.169024	12.5993878	101324.996	101324.996	101324.996	101324.997	2.77824875e-05	0.00101324996	0	0	0.148387	0	0	3
1711	1033	72.21131	12.6067558	101324.996	101324.996	101324.996	101324.997	2.58874934e-05	0.00101324996	0	0	0.148113	0	0	3
1712	1034	72.2536113	12.6141239	101324.996	101324.996	101324.996	101324.997	2.45000119e-05	0.00101324996	0	0	0.14794	0	0	3
1713	1035	72.2959302	12.621492	101324.996	101324.996	101324.996	101324.997	2.45000119e-05	0.00101324996	0	0	0.147662	0	0	3
1714	1035	72.3382677	12.62886	101324.996	101324.996	101324.996	101324.997	2.45000119e-05	0.00101324996	0	0	0.147462	0	0	3
1715	1036	72.380626	12.6362281	101324.996	101324.996	101324.996	101324.997	2.45000119e-05	0.00101324996	0	0	0.147165	0	0	3
1716	1037	72.4230061	12.6435961	101324.996	101324.996	101324.996	101324.997	2.45000119e-05	0.00101324996	0	0	0.146958	0	0	3
1717	1037	72.4654099	12.6509642	101324.996	101324.996	101324.996	101324.997	2.45000119e-05	0.00101324996	0	0	0.146639	0	0	3
1718	1038	72.5078385	12.6583323	101324.996	101324.996	101324.996	101324.997	2.45000119e-05	0.00101324996	0	0	0.146421	0	0	3
1719	1039	72.5502938	12.6657003	101324.996	101324.996	101324.996	101324.997	2.45000119e-05	0.00101324996	0	0	0.146098	0	0	3
1720	1039	72.5927763	12.6730684	101324.996	101324.996	101324.996	101324.997	2.45000119e-05	0.00101324996	0	0	0.145851	0	0	3
1721	1040	72.6352884	12.6804365	101324.996	101324.996	101324.996	101324.997	2.45000119e-05	0.00101324996	0	0	0.145506	0	0	3
1722	1041	72.6778304	12.6878045	101324.996	101324.996	101324.996	101324.997	2.45000119e-05	0.00101324996	0	0	0.145244	0	0	3
1723	1041	72.7204045	12.6951726	101324.996	101324.996	101324.996	101324.997	2.45000119e-05	0.00101324996	0	0	0.144917	0	0	3
1724	1042	72.7630106	12.7025406	101324.996	101324.996	101324.996	101324.997	2.45000119e-05	0.00101324996	0	0	0.144638	0	0	3
1725	1043	72.8056509	12.7099087	101324.996	101324.996	101324.996	101324.997	2.45000119e-05	0.00101324996	0	0	0.144296	0	0	3
1726	1043	72.8483253	12.7172768	101324.996	101324.996	101324.996	101324.997	2.45000119e-05	0.00101324996	0	0	0.144003	0	0	3
1727	1044	72.891036	12.7246448	101324.996	101324.996	101324.996	101324.997	2.45000119e-05	0.00101324996	0	0	0.143655	0	0	3
1728	1045	72.9337828	12.7320129	101324.996	101324.996	101324.996	101324.997	2.45000119e-05	0.00101324996	0	0	0.143367	0	0	3
1729	1045	72.9765676	12.739381	101324.996	101324.996	101324.996	101324.997	2.45000119e-05	0.00101324996	0	0	0.143543	0	0	3
1730	1046	73	12.746749	101324.996	101324.996	101324.996	101324.997	2.45000119e-05	0.00101324996	0	0	0.143906	0	0	3
1731	1047	73.0428445	12.7541171	101324.996	101324.996	101324.996	101324.997	2.45000119e-05	0.00101324996	0	0	0.144069	0	0	3
1732	1048	73.0857282	12.7614852	101324.996	101324.996	101324.996	101324.997	2.38871726e-05	0.00101324996	0	0	0.144433	0	0	3
1733	1048	73.1286522	12.7688532	101324.996	101324.996	101324.996	101324.997	2.38871726e-05	0.00101324996	0	0	0.144759	0	0	3
1734	1049	73.1716161	12.7762213	101324.996	101324.996	101324.996	101324.997	2.38871726e-05	0.00101324996	0	0	0.145107	0	0	3
1735	1050	73.2146218	12.7835893	101324.996	101324.996	101324.996	101324.997	2.38871726e-05	0.00101324996	0	0	0.145403	0	0	3
1736	1050	73.2576297	12.7909574	101324.996	101324.996	101324.996	101324.997	2.38871726e-05	0.00101324996	0	0	0.145777	0	0	3
1737	1051	73.3005948	12.7983255	101324.996	101324.996	101324.996	101324.997	2.22591043e-05	0.00101324996	0	0	0.146038	0	0	3
1738	1052	73.3435171	12.8056935	101324.996	101324.996	101324.996	101324.997	2.10732833e-05	0.00101324996	0	0	0.146376	0	0	3
1739	1052	73.3863974	12.8130616	101324.996	101324.996	101324.996	101324.997	2.10732833e-05	0.00101324996	0	0	0.146676	0	0	3
1740	1053	73.4292352	12.8204297	101324.996	101324.996	101324.996	101324.997	2.10732833e-05	0.00101324996	0	0	0.146979	0	0	3
1741	1054	73.4720317	12.8277977	101324.996	101324.996	101324.996	101324.997	2.10732833e-05	0.00101324996	0	0	0.147206	0	0	3
1742	1054	73.5147875	12.8351658	101324.996	101324.996	101324.996	101324.997	2.10732833e-05	0.00101324996	0	0	0.147517	0	0	3
1743	1055	73.5575037	12.8425338	101324.996	101324.996	101324.996	101324.997	2.10732833e-05	0.00101324996	0	0	0.147766	0	0	3
1744	1056	73.60018	12.8499019	101324.996	101324.996	101324.996	101324.997	2.10732833e-05	0.00101324996	0	0	0.148023	0	0	3
1745	1056	73.6428182	12.85727	101324.996	101324.996	101324.996	101324.997	2.10732833e-05	0.00101324996	0	0	0.148269	0	0	3
1746	1057	73.6854182	12.864638	101324.996	101324.996	101324.996	101324.997	2.10732833e-05	0.00101324996	0	0	0.148545	0	0	3
1747	1058	73.727981	12.8720061	101324.996	101324.996	101324.996	101324.997	2.10732833e-05	0.00101324996	0	0	0.148681	0	0	3
1748	1058	73.7705085	12.8793742	101324.996	101324.996	101324.996	101324.997	2.10732833e-05	0.00101324996	0	0	0.14895	0	0	3
1749	1059	73.8130014	12.8867422	101324.996	101324.996	101324.996	101324.997	2.10732833e-05	0.00101324996	0	0	0.14913	0	0	3
1750	1060	73.8554605	12.8941103	101324.996	101324.996	101324.996	101324.997	2.10732833e-05	0.00101324996	0	0	0.149365	0	0	3
1751	1060	73.8978866	12.9014784	101324.996	101324.996	101324.996	101324.997	2.10732833e-05	0.00101324996	0	0	0.149493	0	0	3
1752	1061	73.9402818	12.9088464	101324.996	101324.996	101324.996	101324.997	2.10732833e-05	0.00101324996	0	0	0.149631	0	0	3
1753	1062	73.9826476	12.9162145	101324.996	101324.996	101324.996	101324.997	2.10732833e-05	0.00101324996	0	0	0.14982	0	0	3
1754	1062	74	12.9235825	101324.996	101324.996	101324.996	101324.997	2.10732833e-05	0.00101324996	0	0	0.150043	0	0	3
1755	1063	74.0423239	12.9309506	101324.996	101324.996	101324.996	101324.997	2.31610466e-05	0.00101324996	0	0	0.150035	0	0	3
1756	1064	74.0846189	12.9383187	101324.996	101324.996	101324.996	101324.997	2.48369906e-05	0.00101324996	0	0	0.150131	0	0	3
1757	1064	74.1268881	12.9456867	101324.996	101324.996	101324.996	101324.997	2.6694499e-05	0.00101324996	0	0	0.150198	0	0	3
1758	1065	74.169133	12.9530548	101324.996	101324.996	101324.996	101324.997	2.6694499e-05	0.00101324996	0	0	0.150326	0	0	3
1759	1066	74.2113553	12.9604229	101324.997	101324.996	101324.996	101324.997	2.6694499e-05	0.00101324997	0	0	0.150398	0	0	3
1760	1066	74.2535561	12.9677909	101324.997	101324.996	101324.996	101324.997	2.6694499e-05	0.00101324997	0	0	0.150451	0	0	3
1761	1067	74.2957374	12.975159	101324.996	101324.996	101324.996	101324.997	2.6694499e-05	0.00101324996	0	0	0.150506	0	0	3
1762	1068	74.3379	12.982527	101324.996	101324.996	101324.996	101324.997	2.6694499e-05	0.00101324996	0	0	0.15062	0	0	3
1763	1068	74.380045	12.9898951	101324.996	101324.996	101324.996	101324.997	2.6694499e-05	0.00101324996	0	0	0.150559	0	0	3
1764	1069	74.4221746	12.9972632	101324.996	101324.996	101324.996	101324.997	2.6694499e-05	0.00101324996	0	0	0.150576	0	0	3
1765	1070	74.4642908	13.0046312	101324.996	101324.996	101324.996	101324.997	2.76995852e-05	0.00101324996	0	0	0.150549	0	0	3
1766	1070	74.5063954	13.0119993	101324.997	101324.996	101324.996	101324.997	2.76995852e-05	0.00101324997	0	0	0.150511	0	0	3
1767	1071	74.5484905	13.0193674	101324.997	101324.996	101324.996	101324.997	2.76995852e-05	0.00101324997	0	0	0.150449	0	0	3
1768	1072	74.5905776	13.0267354	101324.996	101324.996	101324.996	101324.997	2.76995852e-05	0.00101324996	0	0	0.150445	0	0	3
1769	1072	74.6326585	13.0341035	101324.996	101324.996	101324.996	101324.997	2.76995852e-05	0.00101324996	0	0	0.150382	0	0	3
1770	1073	74.6747337	13.0414715	101324.996	101324.996	101324.996	101324.997	2.76995852e-05	0.00101324996	0	0	0.150288	0	0	3
1771	1074	74.7168064	13.0488396	101324.996	101324.996	101324.996	101324.997	2.86513969e-05	0.00101324996	0	0	0.15017	0	0	3
1772	1074	74.758878	13.0562077	101324.997	101324.996	101324.996	101324.997	2.86513969e-05	0.00101324997	0	0	0.150057	0	0	3
1773	1075	74.800951	13.0635757	101324.997	101324.996	101324.996	101324.997	2.91926699e-05	0.00101324997	0	0	0.149905	0	0	3
1774	1076	74.8430268	13.0709438	101324.997	101324.996	101324.996	101324.997	2.91926699e-05	0.00101324997	0	0	0.149796	0	0	3
1775	1076	74.8851078	13.0783119	101324.997	101324.996	101324.996	101324.997	2.91926699e-05	0.00101324997	0	0	0.14959	0	0	3
1776	1077	74.9271954	13.0856799	101324.997	101324.996	101324.996	101324.997	2.91926699e-05	0.00101324997	0	0	0.149466	0	0	3
1777	1078	74.9692916	13.093048	101324.997	101324.996	101324.996	101324.997	2.91926699e-05	0.00101324997	0	0	0.149264	0	0	3
1778	1078	75	13.1004161	101324.996	101324.996	101324.996	101324.997	2.91926699e-05	0.00101324996	0	0	0.149115	0	0	3
1779	1079	75.042115	13.1077841	101324.996	101324.996	101324.996	101324.997	2.91926699e-05	0.00101324996	0	0	0.148955	0	0	3
1780	1080	75.0842423	13.1151522	101324.996	101324.996	101324.996	101324.997	2.91926699e-05	0.00101324996	0	0	0.148767	0	0	3
1781	1081	75.1263845	13.1225202	101324.996	101324.996	101324.996	101324.997	2.91926699e-05	0.00101324996	0	0	0.148483	0	0	3
1782	1081	75.1685433	13.1298883	101324.996	101324.996	101324.996	101324.997	2.91926699e-05	0.00101324996	0	0	0.148273	0	0	3
1783	1082	75.2107208	13.1372564	101324.997	101324.996	101324.996	101324.997	2.91926699e-05	0.00101324997	0	0	0.147995	0	0	3
1784	1083	75.2529186	13.1446244	101324.996	101324.996	101324.996	101324.997	2.91926699e-05	0.00101324996	0	0	0.147787	0	0	3
1785	1083	75.295138	13.1519925	101324.996	101324.996	101324.996	101324.997	2.91926699e-05	0.00101324996	0	0	0.147476	0	0	3
1786	1084	75.3373805	13.1593606	101324.996	101324.996	101324.996	101324.997	2.91926699e-05	0.00101324996	0	0	0.147245	0	0	3
1787	1085	75.3796481	13.1667286	101324.996	101324.996	101324.996	101324.997	2.91926699e-05	0.00101324996	0	0	0.146901	0	0	3
1788	1085	75.421942	13.1740967	101324.996	101324.996	101324.996	101324.997	2.91926699e-05	0.00101324996	0	0	0.146672	0	0	3
1789	1086	75.4642637	13.1814647	101324.996	101324.996	101324.996	101324.997	2.91926699e-05	0.00101324996	0	0	0.146344	0	0	3
1790	1087	75.5066144	13.1888328	101324.996	101324.996	101324.996	101324.997	2.91926699e-05	0.00101324996	0	0	0.146064	0	0	3
1791	1087	75.5489958	13.1962009	101324.996	101324.996	101324.996	101324.997	2.91926699e-05	0.00101324996	0	0	0.145724	0	0	3
1792	1088	75.5914088	13.2035689	101324.996	101324.996	101324.996	101324.997	2.73424812e-05	0.00101324996	0	0	0.145426	0	0	3
1793	1089	75.6338556	13.210937	101324.996	101324.996	101324.996	101324.997	2.73424812e-05	0.00101324996	0	0	0.145105	0	0	3
1794	1089	75.6763361	13.2183051	101324.996	101324.996	101324.996	101324.997	2.73424812e-05	0.00101324996	0	0	0.144796	0	0	3
1795	1090	75.7188523	13.2256731	101324.996	101324.996	101324.996	101324.997	2.73424812e-05	0.00101324996	0	0	0.144449	0	0	3
1796	1091	75.7614047	13.2330412	101324.996	101324.996	101324.996	101324.997	2.73424812e-05	0.00101324996	0	0	0.144127	0	0	3
1797	1091	75.8039946	13.2404092	101324.996	101324.996	101324.996	101324.997	2.73424812e-05	0.00101324996	0	0	0.143795	0	0	3
1798	1092	75.8466221	13.2477773	101324.996	101324.996	101324.996	101324.997	2.73424812e-05	0.00101324996	0	0	0.143673	0	0	3
1799	1093	75.8892891	13.2551454	101324.996	101324.996	101324.996	101324.997	2.73424812e-05	0.00101324996	0	0	0.143966	0	0	3
1800	1093	75.931996	13.2625134	101324.996	101324.996	101324.996	101324.997	2.73424812e-05	0.00101324996	0	0	0.14436	0	0	3
1801	1094	75.9747434	13.2698815	101324.996	101324.996	101324.996	101324.997	2.73424812e-05	0.00101324996	0	0	0.144641	0	0	3
1802	1095	76	13.2772496	101324.996	101324.996	101324.996	101324.997	2.65886192e-05	0.00101324996	0	0	0.145013	0	0	3
1803	1095	76.0428132	13.2846176	101324.996	101324.996	101324.996	101324.997	2.65886192e-05	0.00101324996	0	0	0.145193	0	0	3
1804	1096	76.0856685	13.2919857	101324.996	101324.996	101324.996	101324.997	2.65886192e-05	0.00101324996	0	0	0.145569	0	0	3
1805	1097	76.128574	13.2993538	101324.996	101324.996	101324.996	101324.997	2.67503638e-05	0.00101324996	0	0	0.145898	0	0	3
1806	1098	76.1715133	13.3067218	101324.996	101324.996	101324.996	101324.997	2.67959404e-05	0.00101324996	0	0	0.146228	0	0	3
1807	1098	76.2144974	13.3140899	101324.996	101324.996	101324.996	101324.997	2.78929074e-05	0.00101324996	0	0	0.146532	0	0	3
1808	1099	76.2574643	13.3214579	101324.996	101324.996	101324.996	101324.997	2.78929074e-05	0.00101324996	0	0	0.14691	0	0	3
1809	1100	76.3003873	13.328826	101324.996	101324.996	101324.996	101324.997	2.78929074e-05	0.00101324996	0	0	0.147148	0	0	3
1810	1100	76.3432669	13.3361941	101324.996	101324.996	101324.996	101324.997	2.78929074e-05	0.00101324996	0	0	0.14749	0	0	3
1811	1101	76.3861042	13.3435621	101324.996	101324.996	101324.996	101324.997	2.78929074e-05	0.00101324996	0	0	0.147745	0	0	3
1812	1102	76.428899	13.3509302	101324.996	101324.996	101324.996	101324.997	2.78929074e-05	0.00101324996	0	0	0.148073	0	0	3
1813	1102	76.4716526	13.3582983	101324.996	101324.996	101324.996	101324.997	2.78929074e-05	0.00101324996	0	0	0.148297	0	0	3
1814	1103	76.5143653	13.3656663	101324.996	101324.996	101324.996	101324.997	2.78929074e-05	0.00101324996	0	0	0.148598	0	0	3
1815	1104	76.5570384	13.3730344	101324.996	101324.996	101324.996	101324.997	2.78929074e-05	0.00101324996	0	0	0.148812	0	0	3
1816	1104	76.5996725	13.3804024	101324.996	101324.996	101324.996	101324.997	2.78929074e-05	0.00101324996	0	0	0.149101	0	0	3
1817	1105	76.6422686	13.3877705	101324.996	101324.996	101324.996	101324.997	2.78929074e-05	0.00101324996	0	0	0.149267	0	0	3
1818	1106	76.6848279	13.3951386	101324.996	101324.996	101324.996	101324.997	2.78929074e-05	0.00101324996	0	0	0.149537	0	0	3
1819	1106	76.7273519	13.4025066	101324.996	101324.996	101324.996	101324.997	2.78929074e-05	0.00101324996	0	0	0.149714	0	0	3
1820	1107	76.7698408	13.4098747	101324.996	101324.996	101324.996	101324.997	2.78929074e-05	0.00101324996	0	0	0.149952	0	0	3
1821	1108	76.8122964	13.4172428	101324.996	101324.996	101324.996	101324.997	2.78929074e-05	0.00101324996	0	0	0.150065	0	0	3
1822	1108	76.85472	13.4246108	101324.996	101324.996	101324.996	101324.997	2.78929074e-05	0.00101324996	0	0	0.150311	0	0	3
1823	1109	76.8971127	13.4319789	101324.996	101324.996	101324.996	101324.997	2.78929074e-05	0.00101324996	0	0	0.150436	0	0	3
1824	1110	76.9394753	13.439347	101324.996	101324.996	101324.996	101324.997	2.78929074e-05	0.00101324996	0	0	0.150634	0	0	3
1825	1110	76.9818096	13.446715	101324.996	101324.996	101324.996	101324.997	2.78929074e-05	0.00101324996	0	0	0.150758	0	0	3
1826	1111	77	13.4540831	101324.996	101324.996	101324.996	101324.997	2.78929074e-05	0.00101324996	0	0	0.150894	0	0	3
1827	1112	77.0422953	13.4614511	101324.996	101324.996	101324.996	101324.997	2.78929074e-05	0.00101324996	0	0	0.150887	0	0	3
1828	1113	77.0845648	13.4688192	101324.996	101324.996	101324.996	101324.997	2.78929074e-05	0.00101324996	0	0	0.151001	0	0	3
1829	1113	77.1268116	13.4761873	101324.996	101324.996	101324.996	101324.997	2.78929074e-05	0.00101324996	0	0	0.151076	0	0	3
1830	1114	77.1690362	13.4835553	101324.996	101324.996	101324.996	101324.997	2.78929074e-05	0.00101324996	0	0	0.151196	0	0	3
1831	1115	77.2112409	13.4909234	101324.996	101324.996	101324.996	101324.997	2.78929074e-05	0.00101324996	0	0	0.151253	0	0	3
1832	1115	77.2534258	13.4982915	101324.996	101324.996	101324.996	101324.997	2.78929074e-05	0.00101324996	0	0	0.151301	0	0	3
1833	1116	77.2955939	13.5056595	101324.996	101324.996	101324.996	101324.997	2.78929074e-05	0.00101324996	0	0	0.151242	0	0	3
1834	1117	77.3377469	13.5130276	101324.996	101324.996	101324.996	101324.997	2.78929074e-05	0.00101324996	0	0	0.151285	0	0	3
1835	1117	77.3798873	13.5203956	101324.996	101324.996	101324.996	101324.997	2.78929074e-05	0.00101324996	0	0	0.15123	0	0	3
1836	1118	77.4220162	13.5277637	101324.997	101324.996	101324.996	101324.997	2.78929074e-05	0.00101324997	0	0	0.151232	0	0	3
1837	1119	77.4641363	13.5351318	101324.997	101324.996	101324.996	101324.997	2.78929074e-05	0.00101324997	0	0	0.151152	0	0	3
1838	1119	77.5062485	13.5424998	101324.996	101324.996	101324.996	101324.997	2.78929074e-05	0.00101324996	0	0	0.151141	0	0	3
1839	1120	77.5483553	13.5498679	101324.996	101324.996	101324.996	101324.997	2.78929074e-05	0.00101324996	0	0	0.151064	0	0	3
1840	1121	77.5904571	13.557236	101324.996	101324.996	101324.996	101324.997	2.78929074e-05	0.00101324996	0	0	0.150983	0	0	3
1841	1121	77.6325572	13.564604	101324.996	101324.996	101324.996	101324.997	2.6413094e-05	0.00101324996	0	0	0.150827	0	0	3
1842	1122	77.6746568	13.5719721	101324.997	101324.996	101324.996	101324.997	2.6413094e-05	0.00101324997	0	0	0.150733	0	0	3
1843	1123	77.7167588	13.5793401	101324.997	101324.996	101324.996	101324.997	2.26800621e-05	0.00101324997	0	0	0.150558	0	0	3
1844	1123	77.7588643	13.5867082	101324.997	101324.996	101324.996	101324.997	2.24056421e-05	0.00101324997	0	0	0.150426	0	0	3
1845	1124	77.8009762	13.5940763	101324.997	101324.996	101324.996	101324.997	2.27429846e-05	0.00101324997	0	0	0.150235	0	0	3
1846	1125	77.8430952	13.6014443	101324.997	101324.996	101324.996	101324.997	2.27429846e-05	0.00101324997	0	0	0.150085	0	0	3
1847	1125	77.8852244	13.6088124	101324.997	101324.996	101324.996	101324.997	2.27429846e-05	0.00101324997	0	0	0.149848	0	0	3
1848	1126	77.9273647	13.6161805	101324.996	101324.996	101324.996	101324.997	2.27429846e-05	0.00101324996	0	0	0.149678	0	0	3
1849	1127	77.9695189	13.6235485	101324.996	101324.996	101324.996	101324.997	2.27429846e-05	0.00101324996	0	0	0.149479	0	0	3
1850	1127	78	13.6309166	101324.996	101324.996	101324.996	101324.997	2.27429846e-05	0.00101324996	0	0	0.149277	0	0	3
1851	1128	78.0421803	13.6382847	101324.996	101324.996	101324.996	101324.997	2.27429846e-05	0.00101324996	0	0	0.149042	0	0	3
1852	1129	78.0843781	13.6456527	101324.996	101324.996	101324.996	101324.997	2.27429846e-05	0.00101324996	0	0	0.148811	0	0	3
1853	1129	78.1265962	13.6530208	101324.996	101324.996	101324.996	101324.997	2.27429846e-05	0.00101324996	0	0	0.148557	0	0	3
1854	1130	78.168835	13.6603888	101324.996	101324.996	101324.996	101324.997	2.27429846e-05	0.00101324996	0	0	0.148297	0	0	3
1855	1131	78.2110973	13.6677569	101324.996	101324.996	101324.996	101324.997	2.27429846e-05	0.00101324996	0	0	0.147995	0	0	3
1856	1131	78.2533838	13.675125	101324.996	101324.996	101324.996	101324.997	2.27429846e-05	0.00101324996	0	0	0.14772	0	0	3
1857	1132	78.2956973	13.682493	101324.996	101324.996	101324.996	101324.997	2.27429846e-05	0.00101324996	0	0	0.147407	0	0	3
1858	1133	78.3380381	13.6898611	101324.996	101324.996	101324.996	101324.997	2.27429846e-05	0.00101324996	0	0	0.147113	0	0	3
1859	1133	78.3804091	13.6972292	101324.996	101324.996	101324.996	101324.997	2.27429846e-05	0.00101324996	0	0	0.146783	0	0	3
1860	1134	78.4228106	13.7045972	101324.996	101324.996	101324.996	101324.997	2.27429846e-05	0.00101324996	0	0	0.146522	0	0	3
1861	1135	78.4652443	13.7119653	101324.996	101324.996	101324.996	101324.997	2.27429846e-05	0.00101324996	0	0	0.146145	0	0	3
1862	1135	78.5077111	13.7193333	101324.996	101324.996	101324.996	101324.997	2.27429846e-05	0.00101324996	0	0	0.145878	0	0	3
1863	1136	78.5502126	13.7267014	101324.996	101324.996	101324.996	101324.997	2.27429846e-05	0.00101324996	0	0	0.145471	0	0	3
1864	1137	78.5927499	13.7340695	101324.996	101324.996	101324.996	101324.997	2.27429846e-05	0.00101324996	0	0	0.145201	0	0	3
1865	1137	78.6353241	13.7414375	101324.996	101324.996	101324.996	101324.997	2.27429846e-05	0.00101324996	0	0	0.14481	0	0	3
1866	1138	78.6779357	13.7488056	101324.996	101324.996	101324.996	101324.997	2.27429846e-05	0.00101324996	0	0	0.144497	0	0	3
1867	1139	78.7205868	13.7561737	101324.996	101324.996	101324.996	101324.997	2.27429846e-05	0.00101324996	0	0	0.144126	0	0	3
1868	1139	78.7632771	13.7635417	101324.996	101324.996	101324.996	101324.997	2.27429846e-05	0.00101324996	0	0	0.143998	0	0	3
1869	1140	78.8060088	13.7709098	101324.996	101324.996	101324.996	101324.997	2.27429846e-05	0.00101324996	0	0	0.14433	0	0	3
1870	1141	78.8487816	13.7782779	101324.996	101324.996	101324.996	101324.997	2.27429846e-05	0.00101324996	0	0	0.144717	0	0	3
1871	1141	78.8915969	13.7856459	101324.996	101324.996	101324.996	101324.997	2.27429846e-05	0.00101324996	0	0	0.145031	0	0	3
1872	1142	78.9344547	13.793014	101324.996	101324.996	101324.996	101324.997	2.27429846e-05	0.00101324996	0	0	0.145429	0	0	3
1873	1143	78.9773563	13.800382	101324.996	101324.996	101324.996	101324.997	2.27429846e-05	0.00101324996	0	0	0.145746	0	0	3
1874	1143	79	13.8077501	101324.996	101324.996	101324.996	101324.997	2.27429846e-05	0.00101324996	0	0	0.146091	0	0	3
1875	1144	79.042969	13.8151182	101324.996	101324.996	101324.996	101324.997	2.12658197e-05	0.00101324996	0	0	0.146248	0	0	3
1876	1145	79.085906	13.8224862	101324.996	101324.996	101324.996	101324.997	2.12658197e-05	0.00101324996	0	0	0.146625	0	0	3
1877	1145	79.1287981	13.8298543	101324.996	101324.996	101324.996	101324.997	2.12658197e-05	0.00101324996	0	0	0.146936	0	0	3
1878	1146	79.1716451	13.8372224	101324.996	101324.996	101324.996	101324.997	2.12658197e-05	0.00101324996	0	0	0.147297	0	0	3
1879	1147	79.2144478	13.8445904	101324.996	101324.996	101324.996	101324.997	2.12658197e-05	0.00101324996	0	0	0.147573	0	0	3
1880	1147	79.2572064	13.8519585	101324.996	101324.996	101324.996	101324.997	2.12658197e-05	0.00101324996	0	0	0.147906	0	0	3
1881	1148	79.2999217	13.8593265	101324.996	101324.996	101324.996	101324.997	2.12658197e-05	0.00101324996	0	0	0.148128	0	0	3
1882	1149	79.3425948	13.8666946	101324.996	101324.996	101324.996	101324.997	2.12658197e-05	0.00101324996	0	0	0.148509	0	0	3
1883	1149	79.3852255	13.8740627	101324.996	101324.996	101324.996	101324.997	2.12658197e-05	0.00101324996	0	0	0.14871	0	0	3
1884	1150	79.4278151	13.8814307	101324.996	101324.996	101324.996	101324.997	2.12658197e-05	0.00101324996	0	0	0.148982	0	0	3
1885	1151	79.4703652	13.8887988	101324.996	101324.996	101324.996	101324.997	2.12658197e-05	0.00101324996	0	0	0.149246	0	0	3
1886	1151	79.5128756	13.8961669	101324.996	101324.996	101324.996	101324.997	2.12658197e-05	0.00101324996	0	0	0.149517	0	0	3
1887	1152	79.5553477	13.9035349	101324.996	101324.996	101324.996	101324.997	2.12658197e-05	0.00101324996	0	0	0.149679	0	0	3
1888	1153	79.5977829	13.910903	101324.996	101324.996	101324.996	101324.997	2.12658197e-05	0.00101324996	0	0	0.149989	0	0	3
1889	1154	79.6401816	13.918271	101324.996	101324.996	101324.996	101324.997	2.12658197e-05	0.00101324996	0	0	0.150182	0	0	3
1890	1154	79.6825448	13.9256391	101324.996	101324.996	101324.996	101324.997	2.12658197e-05	0.00101324996	0	0	0.150311	0	0	3
1891	1155	79.7248753	13.9330072	101324.996	101324.996	101324.996	101324.997	2.12658197e-05	0.00101324996	0	0	0.150482	0	0	3
1892	1156	79.7671737	13.9403752	101324.996	101324.996	101324.996	101324.997	2.12658197e-05	0.00101324996	0	0	0.150699	0	0	3
1893	1156	79.8094411	13.9477433	101324.996	101324.996	101324.996	101324.997	2.12658197e-05	0.00101324996	0	0	0.150837	0	0	3
1894	1157	79.8516781	13.9551114	101324.996	101324.996	101324.996	101324.997	2.12658197e-05	0.00101324996	0	0	0.151018	0	0	3
1895	1158	79.8938861	13.9624794	101324.996	101324.996	101324.996	101324.997	2.12658197e-05	0.00101324996	0	0	0.15111	0	0	3
1896	1158	79.9360668	13.9698475	101324.996	101324.996	101324.996	101324.997	2.17881316e-05	0.00101324996	0	0	0.151203	0	0	3
1897	1159	79.9782222	13.9772156	101324.996	101324.996	101324.996	101324.997	2.20834772e-05	0.00101324996	0	0	0.151264	0	0	3
1898	1160	80	13.9845836	101324.996	101324.996	101324.996	101324.997	2.20834772e-05	0.00101324996	0	0	0.151375	0	0	3
1899	1160	80.0421197	13.9919517	101324.996	101324.996	101324.996	101324.997	2.20834772e-05	0.00101324996	0	0	0.151353	0	0	3
1900	1161	80.0842176	13.9993197	101324.996	101324.996	101324.996	101324.997	2.20834772e-05	0.00101324996	0	0	0.151439	0	0	3
1901	1162	80.1262961	14.0066878	101324.996	101324.996	101324.996	101324.997	2.20834772e-05	0.00101324996	0	0	0.151525	0	0	3
1902	1163	80.1683556	14.0140559	101324.996	101324.996	101324.996	101324.997	2.31820595e-05	0.00101324996	0	0	0.151514	0	0	3
1903	1163	80.210399	14.0214239	101324.997	101324.996	101324.996	101324.997	2.31820595e-05	0.00101324997	0	0	0.151491	0	0	3
1904	1164	80.252428	14.028792	101324.996	101324.996	101324.996	101324.997	2.3687564e-05	0.00101324996	0	0	0.151506	0	0	3
1905	1165	80.2944449	14.0361601	101324.997	101324.996	101324.996	101324.997	2.42912065e-05	0.00101324997	0	0	0.151417	0	0	3
1906	1165	80.3364514	14.0435281	101324.997	101324.996	101324.996	101324.997	2.42912065e-05	0.00101324997	0	0	0.151403	0	0	3
1907	1166	80.3784495	14.0508962	101324.996	101324.996	101324.996	101324.997	2.42912065e-05	0.00101324996	0	0	0.151352	0	0	3
1908	1167	80.4204406	14.0582642	101324.996	101324.996	101324.996	101324.997	2.42912065e-05	0.00101324996	0	0	0.151324	0	0	3
1909	1167	80.462426	14.0656323	101324.996	101324.996	101324.996	101324.997	2.5342044e-05	0.00101324996	0	0	0.151185	0	0	3
1910	1168	80.504408	14.0730004	101324.996	101324.996	101324.996	101324.997	2.62032263e-05	0.00101324996	0	0	0.151109	0	0	3
1911	1168	80.546389	14.0803684	101324.996	101324.996	101324.996	101324.997	2.68862932e-05	0.00101324996	0	0	0.150937	0	0	3
1912	1169	80.5883708	14.0877365	101324.997	101324.996	101324.996	101324.997	2.68862932e-05	0.00101324997	0	0	0.150818	0	0	3
1913	1170	80.6303559	14.0951046	101324.997	101324.996	101324.996	101324.997	2.68862932e-05	0.00101324997	0	0	0.15066	0	0	3
1914	1170	80.6723459	14.1024726	101324.997	101324.996	101324.996	101324.997	2.73095502e-05	0.00101324997	0	0	0.150483	0	0	3
1915	1171	80.7143432	14.1098407	101324.997	101324.996	101324.996	101324.997	2.886109e-05	0.00101324997	0	0	0.150303	0	0	3
1916	1172	80.756349	14.1172087	101324.997	101324.996	101324.996	101324.997	2.886109e-05	0.00101324997	0	0	0.150131	0	0	3
1917	1172	80.798366	14.1245768	101324.996	101324.996	101324.996	101324.997	2.886109e-05	0.00101324996	0	0	0.14992	0	0	3
1918	1173	80.840395	14.1319449	101324.996	101324.996	101324.996	101324.997	2.886109e-05	0.00101324996	0	0	0.149744	0	0	3
1919	1174	80.882438	14.1393129	101324.996	101324.996	101324.996	101324.997	2.886109e-05	0.00101324996	0	0	0.149513	0	0	3
1920	1174	80.9244964	14.146681	101324.996	101324.996	101324.996	101324.997	2.886109e-05	0.00101324996	0	0	0.149246	0	0	3
1921	1175	80.9665729	14.1540491	101324.996	101324.996	101324.996	101324.997	2.886109e-05	0.00101324996	0	0	0.148984	0	0	3
1922	1176	81	14.1614171	101324.996	101324.996	101324.996	101324.997	2.886109e-05	0.00101324996	0	0	0.148759	0	0	3
1923	1177	81.042113	14.1687852	101324.996	101324.996	101324.996	101324.997	2.886109e-05	0.00101324996	0	0	0.148507	0	0	3
1924	1177	81.0842481	14.1761533	101324.996	101324.996	101324.996	101324.997	2.886109e-05	0.00101324996	0	0	0.148219	0	0	3
1925	1178	81.1264082	14.1835213	101324.996	101324.996	101324.996	101324.997	2.886109e-05	0.00101324996	0	0	0.147947	0	0	3
1926	1179	81.168594	14.1908894	101324.996	101324.996	101324.996	101324.997	2.886109e-05	0.00101324996	0	0	0.147628	0	0	3
1927	1179	81.2108079	14.1982574	101324.996	101324.996	101324.996	101324.997	2.886109e-05	0.00101324996	0	0	0.147323	0	0	3
1928	1180	81.2530506	14.2056255	101324.996	101324.996	101324.996	101324.997	2.886109e-05	0.00101324996	0	0	0.147027	0	0	3
1929	1181	81.2953243	14.2129936	101324.996	101324.996	101324.996	101324.997	2.886109e-05	0.00101324996	0	0	0.146659	0	0	3
1930	1181	81.3376301	14.2203616	101324.996	101324.996	101324.996	101324.997	2.886109e-05	0.00101324996	0	0	0.146387	0	0	3
1931	1182	81.3799692	14.2277297	101324.996	101324.996	101324.996	101324.997	2.886109e-05	0.00101324996	0	0	0.146042	0	0	3
1932	1183	81.4223426	14.2350978	101324.996	101324.996	101324.996	101324.997	2.52540194e-05	0.00101324996	0	0	0.145692	0	0	3
1933	1183	81.4647524	14.2424658	101324.996	101324.996	101324.996	101324.997	2.51343154e-05	0.00101324996	0	0	0.145331	0	0	3
1934	1184	81.5071993	14.2498339	101324.996	101324.996	101324.996	101324.997	2.51343154e-05	0.00101324996	0	0	0.145065	0	0	3
1935	1185	81.5496838	14.2572019	101324.996	101324.996	101324.996	101324.997	2.51343154e-05	0.00101324996	0	0	0.144615	0	0	3
1936	1185	81.5922078	14.26457	101324.996	101324.996	101324.996	101324.997	2.4374167e-05	0.00101324996	0	0	0.144323	0	0	3
1937	1186	81.6347718	14.2719381	101324.996	101324.996	101324.996	101324.997	2.34420731e-05	0.00101324996	0	0	0.143964	0	0	3
1938	1187	81.677377	14.2793061	101324.996	101324.996	101324.996	101324.997	2.34420731e-05	0.00101324996	0	0	0.144345	0	0	3
1939	1187	81.7200244	14.2866742	101324.996	101324.996	101324.996	101324.997	2.34420731e-05	0.00101324996	0	0	0.144706	0	0	3
1940	1188	81.762714	14.2940423	101324.996	101324.996	101324.996	101324.997	2.34420731e-05	0.00101324996	0	0	0.145072	0	0	3
1941	1189	81.8054468	14.3014103	101324.996	101324.996	101324.996	101324.997	2.34420731e-05	0.00101324996	0	0	0.145407	0	0	3
1942	1190	81.8482236	14.3087784	101324.996	101324.996	101324.996	101324.997	2.34420731e-05	0.00101324996	0	0	0.145773	0	0	3
1943	1190	81.8910452	14.3161465	101324.996	101324.996	101324.996	101324.997	2.34420731e-05	0.00101324996	0	0	0.146111	0	0	3
1944	1191	81.9339117	14.3235145	101324.996	101324.996	101324.996	101324.997	2.21526279e-05	0.00101324996	0	0	0.146489	0	0	3
1945	1192	81.9768234	14.3308826	101324.996	101324.996	101324.996	101324.997	2.10224243e-05	0.00101324996	0	0	0.146809	0	0	3
1946	1192	82	14.3382506	101324.996	101324.996	101324.996	101324.997	2.08905112e-05	0.00101324996	0	0	0.147103	0	0	3
1947	1193	82.0429375	14.3456187	101324.996	101324.996	101324.996	101324.997	2.07263365e-05	0.00101324996	0	0	0.147319	0	0	3
1948	1194	82.0858289	14.3529868	101324.996	101324.996	101324.996	101324.997	2.07263365e-05	0.00101324996	0	0	0.147642	0	0	3
1949	1194	82.1286757	14.3603548	101324.996	101324.996	101324.996	101324.997	2.01663934e-05	0.00101324996	0	0	0.147981	0	0	3
1950	1195	82.1714774	14.3677229	101324.996	101324.996	101324.996	101324.997	2.01663934e-05	0.00101324996	0	0	0.148285	0	0	3
1951	1196	82.2142354	14.375091	101324.996	101324.996	101324.996	101324.997	2.01663934e-05	0.00101324996	0	0	0.148568	0	0	3
1952	1197	82.2569498	14.382459	101324.996	101324.996	101324.996	101324.997	1.92695734e-05	0.00101324996	0	0	0.148863	0	0	3
1953	1198	82.299622	14.3898271	101324.996	101324.996	101324.996	101324.997	1.92695734e-05	0.00101324996	0	0	0.14911	0	0	3
1954	1199	82.3422526	14.3971951	101324.996	101324.996	101324.996	101324.997	1.92695734e-05	0.00101324996	0	0	0.149393	0	0	3
1955	1199	82.384843	14.4045632	101324.996	101324.996	101324.996	101324.997	1.92695734e-05	0.00101324996	0	0	0.149653	0	0	3
1956	1200	82.4273931	14.4119313	101324.996	101324.996	101324.996	101324.997	1.92695734e-05	0.00101324996	0	0	0.149887	0	0	3
1957	1201	82.4699054	14.4192993	101324.996	101324.996	101324.996	101324.997	1.92695734e-05	0.00101324996	0	0	0.150124	0	0	3
1958	1201	82.5123802	14.4266674	101324.996	101324.996	101324.996	101324.997	1.92695734e-05	0.00101324996	0	0	0.150383	0	0	3
1959	1202	82.5548189	14.4340355	101324.996	101324.996	101324.996	101324.997	1.92695734e-05	0.00101324996	0	0	0.150574	0	0	3
1960	1202	82.5972224	14.4414035	101324.996	101324.996	101324.996	101324.997	1.92695734e-05	0.00101324996	0	0	0.150761	0	0	3
1961	1203	82.6395929	14.4487716	101324.996	101324.996	101324.996	101324.997	1.92695734e-05	0.00101324996	0	0	0.150958	0	0	3
1962	1204	82.6819305	14.4561396	101324.996	101324.996	101324.996	101324.997	1.92695734e-05	0.00101324996	0	0	0.151139	0	0	3
1963	1204	82.7242374	14.4635077	101324.996	101324.996	101324.996	101324.997	1.92695734e-05	0.00101324996	0	0	0.151296	0	0	3
1964	1205	82.7665142	14.4708758	101324.996	101324.996	101324.996	101324.997	1.92695734e-05	0.00101324996	0	0	0.151482	0	0	3
1965	1206	82.8087623	14.4782438	101324.996	101324.996	101324.996	101324.997	1.92695734e-05	0.00101324996	0	0	0.151568	0	0	3
1966	1206	82.8509831	14.4856119	101324.996	101324.996	101324.996	101324.997	1.92695734e-05	0.00101324996	0	0	0.151672	0	0	3
1967	1207	82.8931792	14.49298	101324.996	101324.996	101324.996	101324.997	1.92695734e-05	0.00101324996	0	0	0.15174	0	0	3
1968	1207	82.9353519	14.500348	101324.996	101324.996	101324.996	101324.997	1.92695734e-05	0.00101324996	0	0	0.151831	0	0	3
1969	1208	82.9775032	14.5077161	101324.996	101324.996	101324.996	101324.997	1.92695734e-05	0.00101324996	0	0	0.151907	0	0	3
1970	1209	83	14.5150842	101324.996	101324.996	101324.996	101324.997	1.92695734e-05	0.00101324996	0	0	0.152029	0	0	3
1971	1209	83.0421202	14.5224522	101324.996	101324.996	101324.996	101324.997	1.92695734e-05	0.00101324996	0	0	0.15198	0	0	3
1972	1210	83.0842221	14.5298203	101324.996	101324.996	101324.996	101324.997	1.92695734e-05	0.00101324996	0	0	0.151976	0	0	3
1973	1211	83.1263093	14.5371883	101324.996	101324.996	101324.996	101324.997	1.92695734e-05	0.00101324996	0	0	0.151984	0	0	3
1974	1211	83.1683827	14.5445564	101324.996	101324.996	101324.996	101324.997	1.92695734e-05	0.00101324996	0	0	0.151944	0	0	3
1975	1212	83.2104452	14.5519245	101324.996	101324.996	101324.996	101324.997	1.92695734e-05	0.00101324996	0	0	0.151912	0	0	3
1976	1213	83.2524979	14.5592925	101324.997	101324.996	101324.996	101324.997	1.92695734e-05	0.00101324997	0	0	0.151866	0	0	3
1977	1213	83.2945434	14.5666606	101324.996	101324.996	101324.996	101324.997	1.92695734e-05	0.00101324996	0	0	0.151795	0	0	3
1978	1214	83.3365829	14.5740287	101324.996	101324.996	101324.996	101324.997	1.92695734e-05	0.00101324996	0	0	0.151766	0	0	3
1979	1215	83.3786183	14.5813967	101324.996	101324.996	101324.996	101324.997	1.92695734e-05	0.00101324996	0	0	0.151642	0	0	3
1980	1216	83.4206511	14.5887648	101324.996	101324.996	101324.996	101324.997	1.92695734e-05	0.00101324996	0	0	0.151524	0	0	3
1981	1216	83.4626843	14.5961328	101324.997	101324.996	101324.996	101324.997	1.92695734e-05	0.00101324997	0	0	0.151357	0	0	3
1982	1217	83.5047197	14.6035009	101324.997	101324.996	101324.996	101324.997	1.92695734e-05	0.00101324997	0	0	0.15122	0	0	3
1983	1218	83.5467598	14.610869	101324.997	101324.996	101324.996	101324.997	1.66543032e-05	0.00101324997	0	0	0.151057	0	0	3
1984	1218	83.5888058	14.618237	101324.997	101324.996	101324.996	101324.997	1.69816776e-05	0.00101324997	0	0	0.150875	0	0	3
1985	1219	83.6308605	14.6256051	101324.997	101324.996	101324.996	101324.997	1.69816776e-05	0.00101324997	0	0	0.150676	0	0	3
1986	1220	83.6729251	14.6329732	101324.997	101324.996	101324.996	101324.997	1.69816776e-05	0.00101324997	0	0	0.150472	0	0	3
1987	1220	83.7150025	14.6403412	101324.996	101324.996	101324.996	101324.997	1.69816776e-05	0.00101324996	0	0	0.150275	0	0	3
1988	1221	83.7570931	14.6477093	101324.996	101324.996	101324.996	101324.997	1.69816776e-05	0.00101324996	0	0	0.150074	0	0	3
1989	1222	83.7991994	14.6550773	101324.996	101324.996	101324.996	101324.997	1.69816776e-05	0.00101324996	0	0	0.149845	0	0	3
1990	1222	83.8413219	14.6624454	101324.996	101324.996	101324.996	101324.997	1.69816776e-05	0.00101324996	0	0	0.149555	0	0	3
1991	1223	83.8834645	14.6698135	101324.996	101324.996	101324.996	101324.997	1.69816776e-05	0.00101324996	0	0	0.149286	0	0	3
1992	1224	83.9256279	14.6771815	101324.996	101324.996	101324.996	101324.997	1.69816776e-05	0.00101324996	0	0	0.149016	0	0	3
1993	1225	83.9678146	14.6845496	101324.996	101324.996	101324.996	101324.997	1.69816776e-05	0.00101324996	0	0	0.148743	0	0	3
1994	1225	84	14.6919177	101324.996	101324.996	101324.996	101324.997	1.69816776e-05	0.00101324996	0	0	0.148438	0	0	3
1995	1226	84.0422313	14.6992857	101324.996	101324.996	101324.996	101324.997	1.69816776e-05	0.00101324996	0	0	0.148204	0	0	3
1996	1227	84.0844896	14.7066538	101324.996	101324.996	101324.996	101324.997	1.69816776e-05	0.00101324996	0	0	0.147892	0	0	3
1997	1227	84.1267776	14.7140219	101324.996	101324.996	101324.996	101324.997	1.69816776e-05	0.00101324996	0	0	0.147579	0	0	3
1998	1228	84.1690956	14.7213899	101324.996	101324.996	101324.996	101324.997	1.69816776e-05	0.00101324996	0	0	0.147259	0	0	3
1999	1229	84.2114462	14.728758	101324.996	101324.996	101324.996	101324.997	1.69816776e-05	0.00101324996	0	0	0.146931	0	0	3
2000	1229	84.2538296	14.736126	101324.996	101324.996	101324.996	101324.997	1.69816776e-05	0.00101324996	0	0	0.146596	0	0	3
2001	1230	84.2962483	14.7434941	101324.996	101324.996	101324.996	101324.997	1.69816776e-05	0.00101324996	0	0	0.146217	0	0	3
2002	1231	84.3387031	14.7508622	101324.996	101324.996	101324.996	101324.997	1.69816776e-05	0.00101324996	0	0	0.145922	0	0	3
2003	1232	84.3811951	14.7582302	101324.996	101324.996	101324.996	101324.997	1.70705025e-05	0.00101324996	0	0	0.145512	0	0	3
2004	1232	84.4237256	14.7655983	101324.996	101324.996	101324.996	101324.997	1.70705025e-05	0.00101324996	0	0	0.145198	0	0	3
2005	1233	84.4662958	14.7729664	101324.996	101324.996	101324.996	101324.997	1.70705025e-05	0.00101324996	0	0	0.144808	0	0	3
2006	1234	84.5089062	14.7803344	101324.996	101324.996	101324.996	101324.997	1.70705025e-05	0.00101324996	0	0	0.144487	0	0	3
2007	1234	84.5515582	14.7877025	101324.996	101324.996	101324.996	101324.997	1.70705025e-05	0.00101324996	0	0	0.144319	0	0	3
2008	1235	84.5942518	14.7950705	101324.996	101324.996	101324.996	101324.997	1.70705025e-05	0.00101324996	0	0	0.144713	0	0	3
2009	1236	84.6369895	14.8024386	101324.996	101324.996	101324.996	101324.997	1.70705025e-05	0.00101324996	0	0	0.145048	0	0	3
2010	1236	84.6797704	14.8098067	101324.996	101324.996	101324.996	101324.997	1.70705025e-05	0.00101324996	0	0	0.145437	0	0	3
2011	1237	84.7225964	14.8171747	101324.996	101324.996	101324.996	101324.997	1.70705025e-05	0.00101324996	0	0	0.145801	0	0	3
2012	1238	84.7654672	14.8245428	101324.996	101324.996	101324.996	101324.997	1.70705025e-05	0.00101324996	0	0	0.146159	0	0	3
2013	1239	84.8083834	14.8319109	101324.996	101324.996	101324.996	101324.997	1.70705025e-05	0.00101324996	0	0	0.146516	0	0	3
2014	1239	84.8513159	14.8392789	101324.996	101324.996	101324.996	101324.997	1.70705025e-05	0.00101324996	0	0	0.146861	0	0	3
2015	1240	84.894202	14.846647	101324.996	101324.996	101324.996	101324.997	1.70705025e-05	0.00101324996	0	0	0.147193	0	0	3
2016	1241	84.9370416	14.8540151	101324.996	101324.996	101324.996	101324.997	1.70705025e-05	0.00101324996	0	0	0.147553	0	0	3
2017	1241	84.9798351	14.8613831	101324.996	101324.996	101324.996	101324.997	1.70705025e-05	0.00101324996	0	0	0.147841	0	0	3
2018	1242	85	14.8687512	101324.996	101324.996	101324.996	101324.997	1.70705025e-05	0.00101324996	0	0	0.148153	0	0	3
2019	1243	85.0427261	14.8761192	101324.996	101324.996	101324.996	101324.997	1.70705025e-05	0.00101324996	0	0	0.148342	0	0	3
2020	1243	85.0854066	14.8834873	101324.996	101324.996	101324.996	101324.997	1.70705025e-05	0.00101324996	0	0	0.148604	0	0	3
2021	1244	85.128044	14.8908554	101324.996	101324.996	101324.996	101324.997	1.70705025e-05	0.00101324996	0	0	0.148912	0	0	3
2022	1245	85.1706385	14.8982234	101324.996	101324.996	101324.996	101324.997	1.70705025e-05	0.00101324996	0	0	0.149249	0	0	3
2023	1245	85.2131906	14.9055915	101324.996	101324.996	101324.996	101324.997	1.70705025e-05	0.00101324996	0	0	0.149431	0	0	3
2024	1246	85.2557021	14.9129596	101324.996	101324.996	101324.996	101324.997	1.70705025e-05	0.00101324996	0	0	0.14977	0	0	3
2025	1247	85.298173	14.9203276	101324.996	101324.996	101324.996	101324.997	1.70705025e-05	0.00101324996	0	0	0.149989	0	0	3
2026	1248	85.3406046	14.9276957	101324.996	101324.996	101324.996	101324.997	1.70705025e-05	0.00101324996	0	0	0.15021	0	0	3
2027	1248	85.3829985	14.9350637	101324.996	101324.996	101324.996	101324.997	1.70705025e-05	0.00101324996	0	0	0.150467	0	0	3
2028	1249	85.4253548	14.9424318	101324.996	101324.996	101324.996	101324.997	1.70705025e-05	0.00101324996	0	0	0.150695	0	0	3
2029	1250	85.4676753	14.9497999	101324.996	101324.996	101324.996	101324.997	1.70705025e-05	0.00101324996	0	0	0.1508	0	0	3
2030	1250	85.5099618	14.9571679	101324.996	101324.996	101324.996	101324.997	1.70705025e-05	0.00101324996	0	0	0.151024	0	0	3
2031	1251	85.5522155	14.964536	101324.996	101324.996	101324.996	101324.997	1.70705025e-05	0.00101324996	0	0	0.151195	0	0	3
2032	1252	85.5944371	14.9719041	101324.996	101324.996	101324.996	101324.997	1.70705025e-05	0.00101324996	0	0	0.151372	0	0	3
2033	1252	85.636628	14.9792721	101324.996	101324.996	101324.996	101324.997	1.70705025e-05	0.00101324996	0	0	0.151516	0	0	3
2034	1253	85.678789	14.9866402	101324.996	101324.996	101324.996	101324.997	1.70705025e-05	0.00101324996	0	0	0.15165	0	0	3
2035	1254	85.7209223	14.9940082	101324.996	101324.996	101324.996	101324.997	1.84116361e-05	0.00101324996	0	0	0.1517	0	0	3
2036	1254	85.7630297	15.0013763	101324.996	101324.996	101324.996	101324.997	1.88813574e-05	0.00101324996	0	0	0.151818	0	0	3
2037	1255	85.8051128	15.0087444	101324.996	101324.996	101324.996	101324.997	1.88813574e-05	0.00101324996	0	0	0.151877	0	0	3
2038	1256	85.8471734	15.0161124	101324.996	101324.996	101324.996	101324.997	1.88813574e-05	0.00101324996	0	0	0.151964	0	0	3
2039	1256	85.8892129	15.0234805	101324.996	101324.996	101324.996	101324.997	1.88813574e-05	0.00101324996	0	0	0.15203	0	0	3
2040	1257	85.9312321	15.0308486	101324.996	101324.996	101324.996	101324.997	1.88813574e-05	0.00101324996	0	0	0.152055	0	0	3
2041	1257	85.9732339	15.0382166	101324.996	101324.996	101324.996	101324.997	1.88813574e-05	0.00101324996	0	0	0.151995	0	0	3
2042	1258	86	15.0455847	101324.997	101324.996	101324.996	101324.997	1.93509768e-05	0.00101324997	0	0	0.152021	0	0	3
2043	1259	86.0419775	15.0529528	101324.996	101324.996	101324.996	101324.997	1.94659515e-05	0.00101324996	0	0	0.151982	0	0	3
2044	1260	86.0839425	15.0603208	101324.997	101324.996	101324.996	101324.997	2.02779047e-05	0.00101324997	0	0	0.151939	0	0	3
2045	1260	86.1258976	15.0676889	101324.997	101324.996	101324.996	101324.997	2.02779047e-05	0.00101324997	0	0	0.15186	0	0	3
2046	1261	86.1678445	15.0750569	101324.996	101324.996	101324.996	101324.997	2.02779047e-05	0.00101324996	0	0	0.151861	0	0	3
2047	1262	86.2097852	15.082425	101324.996	101324.996	101324.996	101324.997	2.02779047e-05	0.00101324996	0	0	0.151776	0	0	3
2048	1262	86.2517204	15.0897931	101324.996	101324.996	101324.996	101324.997	2.02779047e-05	0.00101324996	0	0	0.151686	0	0	3
2049	1263	86.2936529	15.0971611	101324.997	101324.996	101324.996	101324.997	2.02779047e-05	0.00101324997	0	0	0.151519	0	0	3
2050	1264	86.3355851	15.1045292	101324.996	101324.996	101324.996	101324.997	2.1217973e-05	0.00101324996	0	0	0.151409	0	0	3
2051	1264	86.377519	15.1118973	101324.997	101324.996	101324.996	101324.997	2.1217973e-05	0.00101324997	0	0	0.151222	0	0	3
2052	1265	86.4194565	15.1192653	101324.997	101324.996	101324.996	101324.997	2.18662171e-05	0.00101324997	0	0	0.151123	0	0	3
2053	1266	86.4613996	15.1266334	101324.997	101324.996	101324.996	101324.997	2.21024384e-05	0.00101324997	0	0	0.150864	0	0	3
2054	1266	86.5033507	15.1340014	101324.997	101324.996	101324.996	101324.997	2.21024384e-05	0.00101324997	0	0	0.150748	0	0	3
2055	1267	86.5453111	15.1413695	101324.997	101324.996	101324.996	101324.997	2.21024384e-05	0.00101324997	0	0	0.150493	0	0	3
2056	1268	86.5872833	15.1487376	101324.996	101324.996	101324.996	101324.997	2.21024384e-05	0.00101324996	0	0	0.150319	0	0	3
2057	1268	86.6292689	15.1561056	101324.996	101324.996	101324.996	101324.997	2.21024384e-05	0.00101324996	0	0	0.150094	0	0	3
2058	1269	86.6712689	15.1634737	101324.996	101324.996	101324.996	101324.997	2.21024384e-05	0.00101324996	0	0	0.149903	0	0	3
2059	1270	86.7132855	15.1708418	101324.996	101324.996	101324.996	101324.997	2.21024384e-05	0.00101324996	0	0	0.149567	0	0	3
2060	1270	86.755321	15.1782098	101324.996	101324.996	101324.996	101324.997	2.21024384e-05	0.00101324996	0	0	0.149335	0	0	3
2061	1271	86.7973774	15.1855779	101324.996	101324.996	101324.996	101324.997	2.21024384e-05	0.00101324996	0	0	0.149029	0	0	3
2062	1272	86.8394565	15.192946	101324.996	101324.996	101324.996	101324.997	2.21024384e-05	0.00101324996	0	0	0.148799	0	0	3
2063	1272	86.8815594	15.200314	101324.996	101324.996	101324.996	101324.997	2.21024384e-05	0.00101324996	0	0	0.148453	0	0	3
2064	1273	86.9236881	15.2076821	101324.996	101324.996	101324.996	101324.997	2.21024384e-05	0.00101324996	0	0	0.148175	0	0	3
2065	1274	86.9658447	15.2150501	101324.996	101324.996	101324.996	101324.997	2.21024384e-05	0.00101324996	0	0	0.147831	0	0	3
2066	1274	87	15.2224182	101324.996	101324.996	101324.996	101324.997	2.21024384e-05	0.00101324996	0	0	0.147577	0	0	3
2067	1275	87.0422103	15.2297863	101324.996	101324.996	101324.996	101324.997	2.21024384e-05	0.00101324996	0	0	0.147215	0	0	3
2068	1276	87.084453	15.2371543	101324.996	101324.996	101324.996	101324.997	2.21024384e-05	0.00101324996	0	0	0.146943	0	0	3
2069	1277	87.126729	15.2445224	101324.996	101324.996	101324.996	101324.997	2.21024384e-05	0.00101324996	0	0	0.146586	0	0	3
2070	1277	87.1690392	15.2518905	101324.996	101324.996	101324.996	101324.997	2.21024384e-05	0.00101324996	0	0	0.146248	0	0	3
2071	1278	87.2113859	15.2592585	101324.996	101324.996	101324.996	101324.997	1.92306179e-05	0.00101324996	0	0	0.14587	0	0	3
2072	1279	87.2537699	15.2666266	101324.996	101324.996	101324.996	101324.997	1.91448198e-05	0.00101324996	0	0	0.145559	0	0	3
2073	1279	87.2961923	15.2739946	101324.996	101324.996	101324.996	101324.997	1.91448198e-05	0.00101324996	0	0	0.145194	0	0	3
2074	1280	87.3386538	15.2813627	101324.996	101324.996	101324.996	101324.997	1.91448198e-05	0.00101324996	0	0	0.144824	0	0	3
2075	1281	87.3811562	15.2887308	101324.996	101324.996	101324.996	101324.997	1.91448198e-05	0.00101324996	0	0	0.14447	0	0	3
2076	1281	87.4236993	15.2960988	101324.996	101324.996	101324.996	101324.997	1.91448198e-05	0.00101324996	0	0	0.144317	0	0	3
2077	1282	87.4662854	15.3034669	101324.996	101324.996	101324.996	101324.997	1.91448198e-05	0.00101324996	0	0	0.14462	0	0	3
2078	1283	87.5089148	15.310835	101324.996	101324.996	101324.996	101324.997	1.91448198e-05	0.00101324996	0	0	0.145047	0	0	3
2079	1283	87.5515882	15.318203	101324.996	101324.996	101324.996	101324.997	1.91448198e-05	0.00101324996	0	0	0.145371	0	0	3
2080	1284	87.5943059	15.3255711	101324.996	101324.996	101324.996	101324.997	1.91448198e-05	0.00101324996	0	0	0.145761	0	0	3
2081	1285	87.6370688	15.3329391	101324.996	101324.996	101324.996	101324.997	1.91448198e-05	0.00101324996	0	0	0.146089	0	0	3
2082	1285	87.6798777	15.3403072	101324.996	101324.996	101324.996	101324.997	1.93971646e-05	0.00101324996	0	0	0.146487	0	0	3
2083	1286	87.7227328	15.3476753	101324.996	101324.996	101324.996	101324.997	1.93971646e-05	0.00101324996	0	0	0.146804	0	0	3
2084	1287	87.7656341	15.3550433	101324.996	101324.996	101324.996	101324.997	1.93971646e-05	0.00101324996	0	0	0.147206	0	0	3
2085	1288	87.8085651	15.3624114	101324.996	101324.996	101324.996	101324.997	1.93971646e-05	0.00101324996	0	0	0.147508	0	0	3
2086	1288	87.8514489	15.3697795	101324.996	101324.996	101324.996	101324.997	1.93971646e-05	0.00101324996	0	0	0.147857	0	0	3
2087	1289	87.8942869	15.3771475	101324.996	101324.996	101324.996	101324.997	1.93971646e-05	0.00101324996	0	0	0.148158	0	0	3
2088	1290	87.9370788	15.3845156	101324.996	101324.996	101324.996	101324.997	1.93971646e-05	0.00101324996	0	0	0.148506	0	0	3
2089	1290	87.9798259	15.3918837	101324.996	101324.996	101324.996	101324.997	1.93971646e-05	0.00101324996	0	0	0.148741	0	0	3
2090	1291	88	15.3992517	101324.996	101324.996	101324.996	101324.997	1.93971646e-05	0.00101324996	0	0	0.149137	0	0	3
2091	1292	88.0426819	15.4066198	101324.996	101324.996	101324.996	101324.997	1.93971646e-05	0.00101324996	0	0	0.149197	0	0	3
2092	1293	88.0853201	15.4139878	101324.996	101324.996	101324.996	101324.997	1.93971646e-05	0.00101324996	0	0	0.149494	0	0	3
2093	1293	88.1279169	15.4213559	101324.996	101324.996	101324.996	101324.997	1.93971646e-05	0.00101324996	0	0	0.149745	0	0	3
2094	1294	88.1704724	15.428724	101324.996	101324.996	101324.996	101324.997	1.93971646e-05	0.00101324996	0	0	0.150104	0	0	3
2095	1295	88.2129871	15.436092	101324.996	101324.996	101324.996	101324.997	1.93971646e-05	0.00101324996	0	0	0.150245	0	0	3
2096	1295	88.2554632	15.4434601	101324.996	101324.996	101324.996	101324.997	1.93971646e-05	0.00101324996	0	0	0.150534	0	0	3
2097	1296	88.2979022	15.4508282	101324.996	101324.996	101324.996	101324.997	1.93971646e-05	0.00101324996	0	0	0.150754	0	0	3
2098	1297	88.340304	15.4581962	101324.996	101324.996	101324.996	101324.997	1.93971646e-05	0.00101324996	0	0	0.150995	0	0	3
2099	1298	88.3826708	15.4655643	101324.996	101324.996	101324.996	101324.997	1.93971646e-05	0.00101324996	0	0	0.151166	0	0	3
2100	1298	88.4250031	15.4729323	101324.996	101324.996	101324.996	101324.997	1.93971646e-05	0.00101324996	0	0	0.151386	0	0	3
2101	1299	88.467303	15.4803004	101324.996	101324.996	101324.996	101324.997	1.93971646e-05	0.00101324996	0	0	0.151511	0	0	3
2102	1300	88.5095714	15.4876685	101324.996	101324.996	101324.996	101324.997	1.93971646e-05	0.00101324996	0	0	0.15173	0	0	3
2103	1301	88.5518099	15.4950365	101324.996	101324.996	101324.996	101324.997	1.93971646e-05	0.00101324996	0	0	0.15186	0	0	3
2104	1301	88.5940188	15.5024046	101324.996	101324.996	101324.996	101324.997	1.93971646e-05	0.00101324996	0	0	0.151991	0	0	3
2105	1302	88.6362011	15.5097727	101324.996	101324.996	101324.996	101324.997	1.93971646e-05	0.00101324996	0	0	0.152047	0	0	3
2106	1303	88.678358	15.5171407	101324.996	101324.996	101324.996	101324.997	1.93971646e-05	0.00101324996	0	0	0.152158	0	0	3
2107	1303	88.720492	15.5245088	101324.996	101324.996	101324.996	101324.997	2.01509101e-05	0.00101324996	0	0	0.152191	0	0	3
2108	1304	88.7626043	15.5318768	101324.996	101324.996	101324.996	101324.997	2.01509101e-05	0.00101324996	0	0	0.152314	0	0	3
2109	1305	88.8046967	15.5392449	101324.996	101324.996	101324.996	101324.997	2.01509101e-05	0.00101324996	0	0	0.152356	0	0	3
2110	1305	88.8467698	15.546613	101324.996	101324.996	101324.996	101324.997	2.01509101e-05	0.00101324996	0	0	0.152379	0	0	3
2111	1306	88.8888268	15.553981	101324.997	101324.996	101324.996	101324.997	2.01509101e-05	0.00101324997	0	0	0.152328	0	0	3
2112	1307	88.9308693	15.5613491	101324.996	101324.996	101324.996	101324.997	2.01509101e-05	0.00101324996	0	0	0.152349	0	0	3
2113	1307	88.9728998	15.5687172	101324.997	101324.996	101324.996	101324.997	2.01509101e-05	0.00101324997	0	0	0.152259	0	0	3
2114	1308	89	15.5760852	101324.996	101324.996	101324.996	101324.997	2.01509101e-05	0.00101324996	0	0	0.152275	0	0	3
2115	1309	89.0420151	15.5834533	101324.997	101324.996	101324.996	101324.997	2.43400718e-05	0.00101324997	0	0	0.152169	0	0	3
2116	1309	89.0840229	15.5908214	101324.996	101324.996	101324.996	101324.997	2.43400718e-05	0.00101324996	0	0	0.152157	0	0	3
2117	1310	89.126026	15.5981894	101324.996	101324.996	101324.996	101324.997	2.43400718e-05	0.00101324996	0	0	0.152071	0	0	3
2118	1311	89.1680248	15.6055575	101324.996	101324.996	101324.996	101324.997	2.43400718e-05	0.00101324996	0	0	0.151985	0	0	3
2119	1311	89.2100225	15.6129255	101324.996	101324.996	101324.996	101324.997	2.43400718e-05	0.00101324996	0	0	0.151787	0	0	3
2120	1312	89.2520211	15.6202936	101324.997	101324.996	101324.996	101324.997	2.43400718e-05	0.00101324997	0	0	0.151686	0	0	3
2121	1312	89.2940232	15.6276617	101324.997	101324.996	101324.996	101324.997	2.41681118e-05	0.00101324997	0	0	0.151483	0	0	3
2122	1313	89.3360303	15.6350297	101324.997	101324.996	101324.996	101324.997	2.15616892e-05	0.00101324997	0	0	0.151361	0	0	3
2123	1314	89.3780448	15.6423978	101324.997	101324.996	101324.996	101324.997	2.15616892e-05	0.00101324997	0	0	0.151124	0	0	3
2124	1314	89.4200681	15.6497659	101324.997	101324.996	101324.996	101324.997	2.15616892e-05	0.00101324997	0	0	0.150971	0	0	3
2125	1315	89.4621029	15.6571339	101324.996	101324.996	101324.996	101324.997	2.15616892e-05	0.00101324996	0	0	0.150708	0	0	3
2126	1316	89.5041505	15.664502	101324.996	101324.996	101324.996	101324.997	2.15616892e-05	0.00101324996	0	0	0.150534	0	0	3
2127	1316	89.5462133	15.67187	101324.996	101324.996	101324.996	101324.997	2.04092794e-05	0.00101324996	0	0	0.15027	0	0	3
2128	1317	89.5882921	15.6792381	101324.996	101324.996	101324.996	101324.997	1.90829451e-05	0.00101324996	0	0	0.150079	0	0	3
2129	1317	89.6303893	15.6866062	101324.996	101324.996	101324.996	101324.997	1.90829451e-05	0.00101324996	0	0	0.14973	0	0	3
2130	1318	89.6725069	15.6939742	101324.996	101324.996	101324.996	101324.997	1.90829451e-05	0.00101324996	0	0	0.149512	0	0	3
2131	1319	89.714647	15.7013423	101324.996	101324.996	101324.996	101324.997	1.80540956e-05	0.00101324996	0	0	0.149174	0	0	3
2132	1319	89.7568109	15.7087104	101324.996	101324.996	101324.996	101324.997	1.68951519e-05	0.00101324996	0	0	0.148941	0	0	3
2133	1320	89.7990006	15.7160784	101324.996	101324.996	101324.996	101324.997	1.6504433e-05	0.00101324996	0	0	0.148576	0	0	3
2134	1321	89.8412174	15.7234465	101324.996	101324.996	101324.996	101324.997	1.6504433e-05	0.00101324996	0	0	0.148306	0	0	3
2135	1321	89.8834637	15.7308146	101324.996	101324.996	101324.996	101324.997	1.6504433e-05	0.00101324996	0	0	0.147939	0	0	3
2136	1322	89.9257402	15.7381826	101324.996	101324.996	101324.996	101324.997	1.6504433e-05	0.00101324996	0	0	0.147655	0	0	3
2137	1322	89.9680493	15.7455507	101324.996	101324.996	101324.996	101324.997	1.6504433e-05	0.00101324996	0	0	0.147288	0	0	3
2138	1323	90	15.7529187	101324.996	101324.996	101324.996	101324.997	1.6504433e-05	0.00101324996	0	0	0.147026	0	0	3
2139	1324	90.0423689	15.7602868	101324.996	101324.996	101324.996	101324.997	1.6504433e-05	0.00101324996	0	0	0.146652	0	0	3
2140	1325	90.0847737	15.7676549	101324.996	101324.996	101324.996	101324.997	1.6504433e-05	0.00101324996	0	0	0.146375	0	0	3
2141	1325	90.127216	15.7750229	101324.996	101324.996	101324.996	101324.997	1.6504433e-05	0.00101324996	0	0	0.145955	0	0	3
2142	1326	90.1696964	15.782391	101324.996	101324.996	101324.996	101324.997	1.6504433e-05	0.00101324996	0	0	0.145629	0	0	3
2143	1326	90.2122171	15.7897591	101324.996	101324.996	101324.996	101324.997	1.6504433e-05	0.00101324996	0	0	0.145254	0	0	3
2144	1327	90.2547777	15.7971271	101324.996	101324.996	101324.996	101324.997	1.6504433e-05	0.00101324996	0	0	0.144926	0	0	3
2145	1328	90.29738	15.8044952	101324.996	101324.996	101324.996	101324.997	1.6504433e-05	0.00101324996	0	0	0.144488	0	0	3
2146	1328	90.3400246	15.8118632	101324.996	101324.996	101324.996	101324.997	1.6504433e-05	0.00101324996	0	0	0.144643	0	0	3
2147	1329	90.3827132	15.8192313	101324.996	101324.996	101324.996	101324.997	1.6504433e-05	0.00101324996	0	0	0.144984	0	0	3
2148	1330	90.4254456	15.8265994	101324.996	101324.996	101324.996	101324.997	1.6504433e-05	0.00101324996	0	0	0.145395	0	0	3
2149	1330	90.4682235	15.8339674	101324.996	101324.996	101324.996	101324.997	1.6504433e-05	0.00101324996	0	0	0.145728	0	0	3
2150	1331	90.5110464	15.8413355	101324.996	101324.996	101324.996	101324.997	1.6504433e-05	0.00101324996	0	0	0.146114	0	0	3
2151	1331	90.5539157	15.8487036	101324.996	101324.996	101324.996	101324.997	1.6504433e-05	0.00101324996	0	0	0.146464	0	0	3
2152	1332	90.5968313	15.8560716	101324.996	101324.996	101324.996	101324.997	1.6504433e-05	0.00101324996	0	0	0.146865	0	0	3
2153	1333	90.6397344	15.8634397	101324.996	101324.996	101324.996	101324.997	1.6504433e-05	0.00101324996	0	0	0.147163	0	0	3
2154	1333	90.6825903	15.8708077	101324.996	101324.996	101324.996	101324.997	1.6504433e-05	0.00101324996	0	0	0.147543	0	0	3
2155	1334	90.7253995	15.8781758	101324.996	101324.996	101324.996	101324.997	1.6504433e-05	0.00101324996	0	0	0.147871	0	0	3
2156	1335	90.7681614	15.8855439	101324.996	101324.996	101324.996	101324.997	1.6504433e-05	0.00101324996	0	0	0.148225	0	0	3
2157	1335	90.8108773	15.8929119	101324.996	101324.996	101324.996	101324.997	1.6504433e-05	0.00101324996	0	0	0.148486	0	0	3
2158	1336	90.8535479	15.90028	101324.996	101324.996	101324.996	101324.997	1.6504433e-05	0.00101324996	0	0	0.148819	0	0	3
2159	1336	90.8961743	15.9076481	101324.996	101324.996	101324.996	101324.997	1.6504433e-05	0.00101324996	0	0	0.149105	0	0	3
2160	1337	90.9387566	15.9150161	101324.996	101324.996	101324.996	101324.997	1.6504433e-05	0.00101324996	0	0	0.149436	0	0	3
2161	1338	90.9812957	15.9223842	101324.996	101324.996	101324.996	101324.997	1.6504433e-05	0.00101324996	0	0	0.149625	0	0	3
2162	1338	91	15.9297523	101324.995	101324.996	101324.995	101324.997	1.6504433e-05	0.00101324995	0	0	0.150023	0	0	3
2163	1339	91.0424782	15.9371203	101324.996	101324.996	101324.995	101324.997	1.6504433e-05	0.00101324996	0	0	0.150058	0	0	3
2164	1340	91.0849147	15.9444884	101324.996	101324.996	101324.995	101324.997	1.6504433e-05	0.00101324996	0	0	0.150277	0	0	3
2165	1340	91.1273126	15.9518564	101324.996	101324.996	101324.995	101324.997	1.6504433e-05	0.00101324996	0	0	0.150514	0	0	3
2166	1341	91.1696723	15.9592245	101324.996	101324.996	101324.995	101324.997	1.6504433e-05	0.00101324996	0	0	0.150751	0	0	3
2167	1342	91.2119959	15.9665926	101324.996	101324.996	101324.995	101324.997	1.6504433e-05	0.00101324996	0	0	0.150919	0	0	3
2168	1342	91.2542842	15.9739606	101324.996	101324.996	101324.995	101324.997	1.6504433e-05	0.00101324996	0	0	0.151175	0	0	3
2169	1343	91.2965382	15.9813287	101324.996	101324.996	101324.995	101324.997	1.6504433e-05	0.00101324996	0	0	0.151356	0	0	3
2170	1343	91.3387585	15.9886968	101324.996	101324.996	101324.995	101324.997	1.6504433e-05	0.00101324996	0	0	0.151508	0	0	3
2171	1344	91.3809474	15.9960648	101324.996	101324.996	101324.995	101324.997	1.6504433e-05	0.00101324996	0	0	0.15167	0	0	3
2172	1345	91.4231053	16.0034329	101324.996	101324.996	101324.995	101324.997	1.6504433e-05	0.00101324996	0	0	0.151866	0	0	3
2173	1345	91.4652335	16.0108009	101324.996	101324.996	101324.995	101324.997	1.6504433e-05	0.00101324996	0	0	0.151915	0	0	3
2174	1346	91.5073341	16.018169	101324.996	101324.996	101324.995	101324.997	1.6791455e-05	0.00101324996	0	0	0.152028	0	0	3
2175	1347	91.5494091	16.0255371	101324.996	101324.996	101324.995	101324.997	1.6959093e-05	0.00101324996	0	0	0.1521	0	0	3
2176	1347	91.5914601	16.0329051	101324.996	101324.996	101324.995	101324.997	1.6959093e-05	0.00101324996	0	0	0.152173	0	0	3
2177	1348	91.633489	16.0402732	101324.996	101324.996	101324.995	101324.997	1.6959093e-05	0.00101324996	0	0	0.152228	0	0	3
2178	1349	91.6754969	16.0476413	101324.996	101324.996	101324.995	101324.997	1.6959093e-05	0.00101324996	0	0	0.152338	0	0	3
2179	1349	91.7174854	16.0550093	101324.996	101324.996	101324.995	101324.997	1.84126402e-05	0.00101324996	0	0	0.152282	0	0	3
2180	1350	91.7594566	16.0623774	101324.996	101324.996	101324.995	101324.997	1.84126402e-05	0.00101324996	0	0	0.152287	0	0	3
2181	1350	91.8014132	16.0697455	101324.996	101324.996	101324.995	101324.997	1.85635145e-05	0.00101324996	0	0	0.15226	0	0	3
2182	1351	91.8433567	16.0771135	101324.997	101324.996	101324.995	101324.997	1.85635145e-05	0.00101324997	0	0	0.15222	0	0	3
2183	1352	91.8852897	16.0844816	101324.996	101324.996	101324.995	101324.997	1.70191051e-05	0.00101324996	0	0	0.152148	0	0	3
2184	1352	91.9272138	16.0918496	101324.997	101324.996	101324.995	101324.997	1.70191051e-05	0.00101324997	0	0	0.152127	0	0	3
2185	1353	91.9691311	16.0992177	101324.996	101324.996	101324.995	101324.997	1.70191051e-05	0.00101324996	0	0	0.152016	0	0	3
2186	1354	92	16.1065858	101324.996	101324.996	101324.995	101324.997	1.70191051e-05	0.00101324996	0	0	0.152013	0	0	3
2187	1354	92.0419087	16.1139538	101324.996	101324.996	101324.995	101324.997	1.70191051e-05	0.00101324996	0	0	0.151867	0	0	3
2188	1355	92.0838153	16.1213219	101324.996	101324.996	101324.995	101324.997	1.73890148e-05	0.00101324996	0	0	0.15173	0	0	3
2189	1356	92.1257227	16.12869	101324.997	101324.996	101324.995	101324.997	1.73890148e-05	0.00101324997	0	0	0.151559	0	0	3
2190	1356	92.1676326	16.136058	101324.997	101324.996	101324.995	101324.997	1.73890148e-05	0.00101324997	0	0	0.151444	0	0	3
2191	1357	92.2095475	16.1434261	101324.997	101324.996	101324.995	101324.997	1.82607764e-05	0.00101324997	0	0	0.151224	0	0	3
2192	1357	92.2514689	16.1507941	101324.997	101324.996	101324.995	101324.997	1.83986267e-05	0.00101324997	0	0	0.151063	0	0	3
2193	1358	92.2933993	16.1581622	101324.997	101324.996	101324.995	101324.997	1.83986267e-05	0.00101324997	0	0	0.150869	0	0	3
2194	1359	92.33534	16.1655303	101324.997	101324.996	101324.995	101324.997	1.83986267e-05	0.00101324997	0	0	0.15063	0	0	3
2195	1359	92.3772939	16.1728983	101324.996	101324.996	101324.995	101324.997	1.83986267e-05	0.00101324996	0	0	0.15041	0	0	3
2196	1360	92.419262	16.1802664	101324.996	101324.996	101324.995	101324.997	1.83986267e-05	0.00101324996	0	0	0.150236	0	0	3
2197	1361	92.4612462	16.1876345	101324.996	101324.996	101324.995	101324.997	1.83986267e-05	0.00101324996	0	0	0.149956	0	0	3
2198	1361	92.5032477	16.1950025	101324.996	101324.996	101324.995	101324.997	1.83986267e-05	0.00101324996	0	0	0.149697	0	0	3
2199	1362	92.5452693	16.2023706	101324.997	101324.996	101324.995	101324.997	1.83986267e-05	0.00101324997	0	0	0.14939	0	0	3
2200	1362	92.587313	16.2097386	101324.996	101324.996	101324.995	101324.997	1.83986267e-05	0.00101324996	0	0	0.149129	0	0	3
2201	1363	92.6293804	16.2171067	101324.996	101324.996	101324.995	101324.997	1.83986267e-05	0.00101324996	0	0	0.148833	0	0	3
2202	1364	92.6714727	16.2244748	101324.996	101324.996	101324.995	101324.997	1.83986267e-05	0.00101324996	0	0	0.148545	0	0	3
2203	1364	92.7135922	16.2318428	101324.996	101324.996	101324.995	101324.997	1.83986267e-05	0.00101324996	0	0	0.148179	0	0	3
2204	1365	92.7557404	16.2392109	101324.996	101324.996	101324.995	101324.997	1.83986267e-05	0.00101324996	0	0	0.147887	0	0	3
2205	1366	92.7979192	16.246579	101324.996	101324.996	101324.995	101324.997	1.83986267e-05	0.00101324996	0	0	0.147567	0	0	3
2206	1366	92.8401294	16.253947	101324.996	101324.996	101324.995	101324.997	1.83986267e-05	0.00101324996	0	0	0.147228	0	0	3
2207	1367	92.8823729	16.2613151	101324.996	101324.996	101324.995	101324.997	1.83986267e-05	0.00101324996	0	0	0.146837	0	0	3
2208	1367	92.9246513	16.2686832	101324.996	101324.996	101324.995	101324.997	1.83986267e-05	0.00101324996	0	0	0.146572	0	0	3
2209	1368	92.9669654	16.2760512	101324.996	101324.996	101324.995	101324.997	1.83986267e-05	0.00101324996	0	0	0.146145	0	0	3
2210	1369	93	16.2834193	101324.996	101324.996	101324.995	101324.997	1.54695445e-05	0.00101324996	0	0	0.145844	0	0	3
2211	1370	93.0423815	16.2907873	101324.996	101324.996	101324.995	101324.997	1.79934286e-05	0.00101324996	0	0	0.145519	0	0	3
2212	1370	93.0848025	16.2981554	101324.996	101324.996	101324.995	101324.997	1.79934286e-05	0.00101324996	0	0	0.145201	0	0	3
2213	1371	93.1272636	16.3055235	101324.996	101324.996	101324.995	101324.997	1.79934286e-05	0.00101324996	0	0	0.144777	0	0	3
2214	1371	93.1697662	16.3128915	101324.996	101324.996	101324.995	101324.997	1.79934286e-05	0.00101324996	0	0	0.144424	0	0	3
2215	1372	93.2123119	16.3202596	101324.996	101324.996	101324.995	101324.997	1.79934286e-05	0.00101324996	0	0	0.144521	0	0	3
2216	1373	93.2549007	16.3276277	101324.996	101324.996	101324.995	101324.997	1.79934286e-05	0.00101324996	0	0	0.144945	0	0	3
2217	1373	93.2975336	16.3349957	101324.996	101324.996	101324.995	101324.997	1.79934286e-05	0.00101324996	0	0	0.145269	0	0	3
2218	1374	93.3402111	16.3423638	101324.996	101324.996	101324.995	101324.997	1.79934286e-05	0.00101324996	0	0	0.145681	0	0	3
2219	1375	93.3829348	16.3497318	101324.996	101324.996	101324.995	101324.997	1.79934286e-05	0.00101324996	0	0	0.145995	0	0	3
2220	1375	93.4257042	16.3570999	101324.996	101324.996	101324.995	101324.997	1.79934286e-05	0.00101324996	0	0	0.146402	0	0	3
2221	1376	93.46852	16.364468	101324.996	101324.996	101324.995	101324.997	1.79934286e-05	0.00101324996	0	0	0.146727	0	0	3
2222	1377	93.5113827	16.371836	101324.996	101324.996	101324.995	101324.997	1.79934286e-05	0.00101324996	0	0	0.147137	0	0	3
2223	1377	93.5542933	16.3792041	101324.996	101324.996	101324.995	101324.997	1.79934286e-05	0.00101324996	0	0	0.147456	0	0	3
2224	1378	93.5971939	16.3865722	101324.996	101324.996	101324.995	101324.997	1.79934286e-05	0.00101324996	0	0	0.147841	0	0	3
2225	1378	93.6400476	16.3939402	101324.996	101324.996	101324.995	101324.997	1.79934286e-05	0.00101324996	0	0	0.148105	0	0	3
2226	1379	93.6828548	16.4013083	101324.996	101324.996	101324.995	101324.997	1.79934286e-05	0.00101324996	0	0	0.148489	0	0	3
2227	1380	93.7256163	16.4086763	101324.996	101324.996	101324.995	101324.997	1.79934286e-05	0.00101324996	0	0	0.148759	0	0	3
2228	1380	93.7683324	16.4160444	101324.996	101324.996	101324.995	101324.997	1.79934286e-05	0.00101324996	0	0	0.149123	0	0	3
2229	1381	93.8110043	16.4234125	101324.996	101324.996	101324.995	101324.997	1.79934286e-05	0.00101324996	0	0	0.149376	0	0	3
2230	1382	93.853632	16.4307805	101324.996	101324.996	101324.996	101324.997	1.79934286e-05	0.00101324996	0	0	0.149687	0	0	3
2231	1382	93.8962174	16.4381486	101324.996	101324.996	101324.996	101324.997	1.79934286e-05	0.00101324996	0	0	0.149933	0	0	3
2232	1383	93.9387608	16.4455167	101324.996	101324.996	101324.996	101324.997	1.79934286e-05	0.00101324996	0	0	0.150243	0	0	3
2233	1384	93.9812637	16.4528847	101324.996	101324.996	101324.996	101324.997	1.79934286e-05	0.00101324996	0	0	0.150432	0	0	3
2234	1384	94	16.4602528	101324.996	101324.996	101324.996	101324.997	1.79934286e-05	0.00101324996	0	0	0.150726	0	0	3
2235	1385	94.0424464	16.4676209	101324.996	101324.996	101324.996	101324.997	1.79934286e-05	0.00101324996	0	0	0.150762	0	0	3
2236	1386	94.084855	16.4749889	101324.996	101324.996	101324.996	101324.997	1.79934286e-05	0.00101324996	0	0	0.151043	0	0	3
2237	1386	94.1272278	16.482357	101324.996	101324.996	101324.996	101324.997	1.79934286e-05	0.00101324996	0	0	0.151273	0	0	3
2238	1387	94.1695645	16.489725	101324.996	101324.996	101324.996	101324.997	1.79934286e-05	0.00101324996	0	0	0.151487	0	0	3
2239	1387	94.2118674	16.4970931	101324.996	101324.996	101324.996	101324.997	1.79934286e-05	0.00101324996	0	0	0.151604	0	0	3
2240	1388	94.2541379	16.5044612	101324.996	101324.996	101324.996	101324.997	1.79934286e-05	0.00101324996	0	0	0.151847	0	0	3
2241	1389	94.2963773	16.5118292	101324.996	101324.996	101324.996	101324.997	1.79934286e-05	0.00101324996	0	0	0.151989	0	0	3
2242	1389	94.3385859	16.5191973	101324.996	101324.996	101324.996	101324.997	1.79934286e-05	0.00101324996	0	0	0.152133	0	0	3
2243	1390	94.3807666	16.5265654	101324.996	101324.996	101324.996	101324.997	1.79934286e-05	0.00101324996	0	0	0.152196	0	0	3
2244	1391	94.4229205	16.5339334	101324.996	101324.996	101324.996	101324.997	1.79934286e-05	0.00101324996	0	0	0.152325	0	0	3
2245	1391	94.4650504	16.5413015	101324.996	101324.996	101324.996	101324.997	1.79934286e-05	0.00101324996	0	0	0.152369	0	0	3
2246	1392	94.5071571	16.5486695	101324.996	101324.996	101324.996	101324.997	1.79934286e-05	0.00101324996	0	0	0.152504	0	0	3
2247	1392	94.5492427	16.5560376	101324.996	101324.996	101324.996	101324.997	1.79934286e-05	0.00101324996	0	0	0.152552	0	0	3
2248	1393	94.5913075	16.5634057	101324.996	101324.996	101324.996	101324.997	1.79934286e-05	0.00101324996	0	0	0.152591	0	0	3
2249	1394	94.633355	16.5707737	101324.996	101324.996	101324.996	101324.997	1.79934286e-05	0.00101324996	0	0	0.152526	0	0	3
2250	1394	94.6753869	16.5781418	101324.997	101324.996	101324.996	101324.997	1.79934286e-05	0.00101324997	0	0	0.152574	0	0	3
2251	1395	94.7174057	16.5855099	101324.996	101324.996	101324.996	101324.997	1.79934286e-05	0.00101324996	0	0	0.152491	0	0	3
2252	1395	94.7594129	16.5928779	101324.996	101324.996	101324.996	101324.997	1.79934286e-05	0.00101324996	0	0	0.152506	0	0	3
2253	1396	94.801411	16.600246	101324.997	101324.996	101324.996	101324.997	1.79934286e-05	0.00101324997	0	0	0.152395	0	0	3
2254	1397	94.8434015	16.6076141	101324.996	101324.996	101324.996	101324.997	1.79934286e-05	0.00101324996	0	0	0.152379	0	0	3
2255	1397	94.8853868	16.6149821	101324.996	101324.996	101324.996	101324.997	1.79934286e-05	0.00101324996	0	0	0.152296	0	0	3
2256	1398	94.9273674	16.6223502	101324.996	101324.996	101324.996	101324.997	1.79934286e-05	0.00101324996	0	0	0.152219	0	0	3
2257	1399	94.9693464	16.6297182	101324.996	101324.996	101324.996	101324.997	1.79934286e-05	0.00101324996	0	0	0.15202	0	0	3
2258	1399	95	16.6370863	101324.996	101324.996	101324.996	101324.997	1.79934286e-05	0.00101324996	0	0	0.151951	0	0	3
2259	1400	95.0419814	16.6444544	101324.997	101324.996	101324.996	101324.997	1.79934286e-05	0.00101324997	0	0	0.151734	0	0	3
2260	1401	95.0839672	16.6518224	101324.997	101324.996	101324.996	101324.997	1.49897387e-05	0.00101324997	0	0	0.151661	0	0	3
2261	1401	95.1259591	16.6591905	101324.997	101324.996	101324.996	101324.997	1.49897387e-05	0.00101324997	0	0	0.151398	0	0	3
2262	1402	95.1679593	16.6665586	101324.997	101324.996	101324.996	101324.997	1.56216556e-05	0.00101324997	0	0	0.151272	0	0	3
2263	1403	95.20997	16.6739266	101324.997	101324.996	101324.996	101324.997	1.56216556e-05	0.00101324997	0	0	0.150974	0	0	3
2264	1403	95.2519931	16.6812947	101324.996	101324.996	101324.996	101324.997	1.56216556e-05	0.00101324996	0	0	0.15084	0	0	3
2265	1404	95.2940305	16.6886627	101324.996	101324.996	101324.996	101324.997	1.56216556e-05	0.00101324996	0	0	0.150571	0	0	3
2266	1404	95.3360832	16.6960308	101324.996	101324.996	101324.996	101324.997	1.56216556e-05	0.00101324996	0	0	0.150376	0	0	3
2267	1405	95.3781536	16.7033989	101324.996	101324.996	101324.996	101324.997	1.56216556e-05	0.00101324996	0	0	0.150027	0	0	3
2268	1406	95.4202438	16.7107669	101324.996	101324.996	101324.996	101324.997	1.56216556e-05	0.00101324996	0	0	0.149815	0	0	3
2269	1406	95.462356	16.718135	101324.996	101324.996	101324.996	101324.997	1.56216556e-05	0.00101324996	0	0	0.149482	0	0	3
2270	1407	95.5044914	16.7255031	101324.996	101324.996	101324.996	101324.997	1.56216556e-05	0.00101324996	0	0	0.149262	0	0	3
2271	1408	95.5466518	16.7328711	101324.996	101324.996	101324.996	101324.997	1.56216556e-05	0.00101324996	0	0	0.148875	0	0	3
2272	1408	95.588839	16.7402392	101324.996	101324.996	101324.996	101324.997	1.56216556e-05	0.00101324996	0	0	0.148609	0	0	3
2273	1409	95.6310554	16.7476072	101324.996	101324.996	101324.996	101324.997	1.56216556e-05	0.00101324996	0	0	0.148251	0	0	3
2274	1410	95.6733015	16.7549753	101324.996	101324.996	101324.996	101324.997	1.56216556e-05	0.00101324996	0	0	0.147987	0	0	3
2275	1410	95.7155793	16.7623434	101324.996	101324.996	101324.996	101324.997	1.56216556e-05	0.00101324996	0	0	0.14757	0	0	3
2276	1411	95.7578904	16.7697114	101324.996	101324.996	101324.996	101324.997	1.56216556e-05	0.00101324996	0	0	0.1473	0	0	3
2277	1412	95.8002362	16.7770795	101324.996	101324.996	101324.996	101324.997	1.56216556e-05	0.00101324996	0	0	0.146894	0	0	3
2278	1412	95.8426178	16.7844476	101324.996	101324.996	101324.996	101324.997	1.56216556e-05	0.00101324996	0	0	0.146585	0	0	3
2279	1413	95.8850373	16.7918156	101324.996	101324.996	101324.996	101324.997	1.53043511e-05	0.00101324996	0	0	0.146191	0	0	3
2280	1414	95.9274947	16.7991837	101324.996	101324.996	101324.996	101324.997	1.53043511e-05	0.00101324996	0	0	0.145838	0	0	3
2281	1414	95.9699927	16.8065518	101324.996	101324.996	101324.996	101324.997	1.53043511e-05	0.00101324996	0	0	0.145468	0	0	3
2282	1415	96	16.8139198	101324.996	101324.996	101324.996	101324.997	1.53043511e-05	0.00101324996	0	0	0.145167	0	0	3
2283	1416	96.0425679	16.8212879	101324.996	101324.996	101324.996	101324.997	1.53043511e-05	0.00101324996	0	0	0.144826	0	0	3
2284	1416	96.0851775	16.8286559	101324.996	101324.996	101324.996	101324.997	1.53043511e-05	0.00101324996	0	0	0.144531	0	0	3
2285	1417	96.1278316	16.836024	101324.996	101324.996	101324.996	101324.997	1.53043511e-05	0.00101324996	0	0	0.144881	0	0	3
2286	1418	96.1705291	16.8433921	101324.996	101324.996	101324.996	101324.997	1.53043511e-05	0.00101324996	0	0	0.145299	0	0	3
2287	1418	96.2132721	16.8507601	101324.996	101324.996	101324.996	101324.997	1.53043511e-05	0.00101324996	0	0	0.145637	0	0	3
2288	1419	96.2560603	16.8581282	101324.996	101324.996	101324.996	101324.997	1.53043511e-05	0.00101324996	0	0	0.146033	0	0	3
2289	1420	96.2988952	16.8654963	101324.996	101324.996	101324.996	101324.997	1.53043511e-05	0.00101324996	0	0	0.146375	0	0	3
2290	1420	96.3417767	16.8728643	101324.996	101324.996	101324.996	101324.997	1.53043511e-05	0.00101324996	0	0	0.146788	0	0	3
2291	1421	96.3846991	16.8802324	101324.996	101324.996	101324.996	101324.997	1.53043511e-05	0.00101324996	0	0	0.147101	0	0	3
2292	1421	96.4275734	16.8876004	101324.996	101324.996	101324.996	101324.997	1.53043511e-05	0.00101324996	0	0	0.147493	0	0	3
2293	1422	96.4704003	16.8949685	101324.996	101324.996	101324.996	101324.997	1.45539234e-05	0.00101324996	0	0	0.147815	0	0	3
2294	1423	96.5131796	16.9023366	101324.996	101324.996	101324.996	101324.997	1.45539234e-05	0.00101324996	0	0	0.148167	0	0	3
2295	1423	96.5559125	16.9097046	101324.996	101324.996	101324.996	101324.997	1.45539234e-05	0.00101324996	0	0	0.148456	0	0	3
2296	1424	96.5985992	16.9170727	101324.996	101324.996	101324.996	101324.997	1.45539234e-05	0.00101324996	0	0	0.148813	0	0	3
2297	1425	96.6412405	16.9244408	101324.996	101324.996	101324.996	101324.997	1.45539234e-05	0.00101324996	0	0	0.149051	0	0	3
2298	1425	96.6838375	16.9318088	101324.996	101324.996	101324.996	101324.997	1.45539234e-05	0.00101324996	0	0	0.149443	0	0	3
2299	1426	96.7263902	16.9391769	101324.996	101324.996	101324.996	101324.997	1.37222814e-05	0.00101324996	0	0	0.149658	0	0	3
2300	1426	96.7688999	16.9465449	101324.996	101324.996	101324.996	101324.997	1.37222814e-05	0.00101324996	0	0	0.149925	0	0	3
2301	1427	96.8113686	16.953913	101324.996	101324.996	101324.996	101324.997	1.37222814e-05	0.00101324996	0	0	0.150247	0	0	3
2302	1428	96.8537951	16.9612811	101324.996	101324.996	101324.996	101324.997	1.37222814e-05	0.00101324996	0	0	0.150455	0	0	3
2303	1429	96.8961826	16.9686491	101324.996	101324.996	101324.996	101324.997	1.45957601e-05	0.00101324996	0	0	0.150684	0	0	3
2304	1429	96.9385313	16.9760172	101324.996	101324.996	101324.996	101324.997	1.45957601e-05	0.00101324996	0	0	0.15091	0	0	3
2305	1430	96.9808438	16.9833853	101324.996	101324.996	101324.996	101324.997	1.45957601e-05	0.00101324996	0	0	0.151104	0	0	3
2306	1430	97	16.9907533	101324.996	101324.996	101324.996	101324.997	1.45957601e-05	0.00101324996	0	0	0.151358	0	0	3
2307	1431	97.0422598	16.9981214	101324.996	101324.996	101324.996	101324.997	1.45957601e-05	0.00101324996	0	0	0.1514	0	0	3
2308	1432	97.0844845	17.0054895	101324.996	101324.996	101324.996	101324.997	1.45957601e-05	0.00101324996	0	0	0.151601	0	0	3
2309	1432	97.1266767	17.0128575	101324.996	101324.996	101324.996	101324.997	1.45957601e-05	0.00101324996	0	0	0.151714	0	0	3
2310	1433	97.1688376	17.0202256	101324.996	101324.996	101324.996	101324.997	1.45957601e-05	0.00101324996	0	0	0.151903	0	0	3
2311	1434	97.2109687	17.0275936	101324.996	101324.996	101324.996	101324.997	1.45957601e-05	0.00101324996	0	0	0.152059	0	0	3
2312	1434	97.2530707	17.0349617	101324.996	101324.996	101324.996	101324.997	1.45957601e-05	0.00101324996	0	0	0.15214	0	0	3
2313	1435	97.295146	17.0423298	101324.996	101324.996	101324.996	101324.997	1.45957601e-05	0.00101324996	0	0	0.152199	0	0	3
2314	1436	97.3371962	17.0496978	101324.996	101324.996	101324.996	101324.997	1.45957601e-05	0.00101324996	0	0	0.152304	0	0	3
2315	1436	97.3792235	17.0570659	101324.996	101324.996	101324.996	101324.997	1.45957601e-05	0.00101324996	0	0	0.152331	0	0	3
2316	1437	97.421229	17.064434	101324.996	101324.996	101324.996	101324.997	1.45957601e-05	0.00101324996	0	0	0.152415	0	0	3
2317	1437	97.4632147	17.071802	101324.996	101324.996	101324.996	101324.997	1.45957601e-05	0.00101324996	0	0	0.152471	0	0	3
2318	1438	97.5051816	17.0791701	101324.996	101324.996	101324.996	101324.997	1.45957601e-05	0.00101324996	0	0	0.152457	0	0	3
2319	1439	97.5471323	17.0865381	101324.996	101324.996	101324.996	101324.997	1.45957601e-05	0.00101324996	0	0	0.152415	0	0	3
2320	1439	97.5890687	17.0939062	101324.996	101324.996	101324.996	101324.997	1.45957601e-05	0.00101324996	0	0	0.152411	0	0	3
2321	1440	97.6309934	17.1012743	101324.997	101324.996	101324.996	101324.997	1.46781967e-05	0.00101324997	0	0	0.152312	0	0	3
2322	1441	97.6729084	17.1086423	101324.997	101324.996	101324.996	101324.997	1.34220318e-05	0.00101324997	0	0	0.152299	0	0	3
2323	1441	97.7148154	17.1160104	101324.996	101324.996	101324.996	101324.997	1.34220318e-05	0.00101324996	0	0	0.152228	0	0	3
2324	1442	97.7567161	17.1233785	101324.996	101324.996	101324.996	101324.997	1.34220318e-05	0.00101324996	0	0	0.152193	0	0	3
2325	1442	97.7986118	17.1307465	101324.996	101324.996	101324.996	101324.997	1.34220318e-05	0.00101324996	0	0	0.152024	0	0	3
2326	1443	97.8405052	17.1381146	101324.996	101324.996	101324.996	101324.997	1.34220318e-05	0.00101324996	0	0	0.151931	0	0	3
2327	1444	97.8823987	17.1454827	101324.997	101324.996	101324.996	101324.997	1.34220318e-05	0.00101324997	0	0	0.151735	0	0	3
2328	1444	97.9242944	17.1528507	101324.997	101324.996	101324.996	101324.997	1.34220318e-05	0.00101324997	0	0	0.151606	0	0	3
2329	1445	97.9661945	17.1602188	101324.997	101324.996	101324.996	101324.997	1.34670117e-05	0.00101324997	0	0	0.151435	0	0	3
2330	1446	98	17.1675868	101324.997	101324.996	101324.996	101324.997	1.42595818e-05	0.00101324997	0	0	0.151251	0	0	3
2331	1446	98.0419128	17.1749549	101324.997	101324.996	101324.996	101324.997	1.47847459e-05	0.00101324997	0	0	0.151068	0	0	3
2332	1447	98.0838353	17.182323	101324.997	101324.996	101324.996	101324.997	1.47847459e-05	0.00101324997	0	0	0.150879	0	0	3
2333	1448	98.1257702	17.189691	101324.996	101324.996	101324.996	101324.997	1.47847459e-05	0.00101324996	0	0	0.15064	0	0	3
2334	1448	98.1677186	17.1970591	101324.996	101324.996	101324.996	101324.997	1.47847459e-05	0.00101324996	0	0	0.150434	0	0	3
2335	1449	98.2096827	17.2044272	101324.996	101324.996	101324.996	101324.997	1.47847459e-05	0.00101324996	0	0	0.150223	0	0	3
2336	1449	98.2516634	17.2117952	101324.996	101324.996	101324.996	101324.997	1.47847459e-05	0.00101324996	0	0	0.149936	0	0	3
2337	1450	98.2936635	17.2191633	101324.996	101324.996	101324.996	101324.997	1.47847459e-05	0.00101324996	0	0	0.149635	0	0	3
2338	1451	98.3356847	17.2265313	101324.996	101324.996	101324.996	101324.997	1.47847459e-05	0.00101324996	0	0	0.149383	0	0	3
2339	1451	98.3777292	17.2338994	101324.996	101324.996	101324.996	101324.997	1.47847459e-05	0.00101324996	0	0	0.149051	0	0	3
2340	1452	98.4197984	17.2412675	101324.996	101324.996	101324.996	101324.997	1.47847459e-05	0.00101324996	0	0	0.148776	0	0	3
2341	1453	98.4618943	17.2486355	101324.996	101324.996	101324.996	101324.997	1.47847459e-05	0.00101324996	0	0	0.148478	0	0	3
2342	1453	98.504018	17.2560036	101324.996	101324.996	101324.996	101324.997	1.47847459e-05	0.00101324996	0	0	0.148123	0	0	3
2343	1454	98.546172	17.2633717	101324.996	101324.996	101324.996	101324.997	1.47847459e-05	0.00101324996	0	0	0.147802	0	0	3
2344	1455	98.588357	17.2707397	101324.996	101324.996	101324.996	101324.997	1.47847459e-05	0.00101324996	0	0	0.147472	0	0	3
2345	1455	98.6305754	17.2781078	101324.996	101324.996	101324.996	101324.997	1.47847459e-05	0.00101324996	0	0	0.14712	0	0	3
2346	1456	98.6728276	17.2854758	101324.996	101324.996	101324.996	101324.997	1.47847459e-05	0.00101324996	0	0	0.146811	0	0	3
2347	1456	98.7151152	17.2928439	101324.996	101324.996	101324.996	101324.997	1.47847459e-05	0.00101324996	0	0	0.14641	0	0	3
2348	1457	98.75744	17.300212	101324.996	101324.996	101324.996	101324.997	1.36588933e-05	0.00101324996	0	0	0.146053	0	0	3
2349	1458	98.7998033	17.30758	101324.996	101324.996	101324.996	101324.997	1.61720673e-05	0.00101324996	0	0	0.145659	0	0	3
2350	1458	98.8422063	17.3149481	101324.996	101324.996	101324.996	101324.997	1.61720673e-05	0.00101324996	0	0	0.145366	0	0	3
2351	1459	98.8846496	17.3223162	101324.996	101324.996	101324.996	101324.997	1.61720673e-05	0.00101324996	0	0	0.144936	0	0	3
2352	1460	98.9271343	17.3296842	101324.996	101324.996	101324.996	101324.997	1.61720673e-05	0.00101324996	0	0	0.144585	0	0	3
2353	1460	98.9696615	17.3370523	101324.996	101324.996	101324.996	101324.997	1.61720673e-05	0.00101324996	0	0	0.14454	0	0	3
2354	1461	99	17.3444204	101324.996	101324.996	101324.996	101324.997	1.61720673e-05	0.00101324996	0	0	0.144865	0	0	3
2355	1462	99.0426022	17.3517884	101324.996	101324.996	101324.996	101324.997	1.61720673e-05	0.00101324996	0	0	0.145152	0	0	3
2356	1462	99.0852492	17.3591565	101324.996	101324.996	101324.996	101324.997	1.61720673e-05	0.00101324996	0	0	0.145556	0	0	3
2357	1463	99.127942	17.3665245	101324.996	101324.996	101324.996	101324.997	1.61720673e-05	0.00101324996	0	0	0.145914	0	0	3
2358	1463	99.1706808	17.3738926	101324.996	101324.996	101324.996	101324.997	1.61720673e-05	0.00101324996	0	0	0.146286	0	0	3
2359	1464	99.2134665	17.3812607	101324.996	101324.996	101324.996	101324.997	1.61720673e-05	0.00101324996	0	0	0.146659	0	0	3
2360	1465	99.2562992	17.3886287	101324.996	101324.996	101324.996	101324.997	1.61720673e-05	0.00101324996	0	0	0.14703	0	0	3
2361	1465	99.2991791	17.3959968	101324.996	101324.996	101324.996	101324.997	1.61720673e-05	0.00101324996	0	0	0.147373	0	0	3
2362	1466	99.3420984	17.4033649	101324.996	101324.996	101324.996	101324.997	1.61720673e-05	0.00101324996	0	0	0.147739	0	0	3
2363	1467	99.3849703	17.4107329	101324.996	101324.996	101324.996	101324.997	1.61720673e-05	0.00101324996	0	0	0.148083	0	0	3
2364	1467	99.4277946	17.418101	101324.996	101324.996	101324.996	101324.997	1.61720673e-05	0.00101324996	0	0	0.148415	0	0	3
2365	1468	99.4705727	17.425469	101324.996	101324.996	101324.996	101324.997	1.61720673e-05	0.00101324996	0	0	0.148715	0	0	3
2366	1468	99.5133048	17.4328371	101324.996	101324.996	101324.996	101324.997	1.61720673e-05	0.00101324996	0	0	0.149024	0	0	3
2367	1469	99.5559925	17.4402052	101324.996	101324.996	101324.996	101324.997	1.61720673e-05	0.00101324996	0	0	0.149348	0	0	3
2368	1470	99.5986354	17.4475732	101324.996	101324.996	101324.996	101324.997	1.61720673e-05	0.00101324996	0	0	0.149659	0	0	3
2369	1470	99.6412349	17.4549413	101324.996	101324.996	101324.996	101324.997	1.78860937e-05	0.00101324996	0	0	0.149881	0	0	3
2370	1471	99.6837921	17.4623094	101324.996	101324.996	101324.996	101324.997	1.78860937e-05	0.00101324996	0	0	0.150211	0	0	3
2371	1472	99.7263079	17.4696774	101324.996	101324.996	101324.996	101324.997	1.78860937e-05	0.00101324996	0	0	0.15044	0	0	3
2372	1472	99.7687832	17.4770455	101324.996	101324.996	101324.996	101324.997	1.78860937e-05	0.00101324996	0	0	0.150689	0	0	3
2373	1473	99.8112201	17.4844136	101324.996	101324.996	101324.996	101324.997	1.78860937e-05	0.00101324996	0	0	0.150925	0	0	3
2374	1474	99.8536187	17.4917816	101324.996	101324.996	101324.996	101324.997	1.78860937e-05	0.00101324996	0	0	0.151143	0	0	3
2375	1474	99.8959816	17.4991497	101324.996	101324.996	101324.996	101324.997	1.78860937e-05	0.00101324996	0	0	0.151379	0	0	3
2376	1475	99.9383086	17.5065177	101324.996	101324.996	101324.996	101324.997	1.78860937e-05	0.00101324996	0	0	0.151596	0	0	3
2377	1476	99.9806015	17.5138858	101324.996	101324.996	101324.996	101324.997	1.78860937e-05	0.00101324996	0	0	0.151738	0	0	3
2378	1476	100	17.5212539	101324.996	101324.996	101324.996	101324.997	1.78860937e-05	0.00101324996	0	0	0.151881	0	0	3
2379	1477	100.042246	17.5286219	101324.996	101324.996	101324.996	101324.997	1.78860937e-05	0.00101324996	0	0	0.152007	0	0	3
2380	1478	100.08446	17.53599	101324.996	101324.996	101324.996	101324.997	1.78860937e-05	0.00101324996	0	0	0.152188	0	0	3
2381	1478	100.126646	17.5433581	101324.996	101324.996	101324.996	101324.997	1.78860937e-05	0.00101324996	0	0	0.152302	0	0	3
2382	1479	100.168803	17.5507261	101324.996	101324.996	101324.996	101324.997	1.78860937e-05	0.00101324996	0	0	0.152392	0	0	3
2383	1480	100.210935	17.5580942	101324.996	101324.996	101324.996	101324.997	1.78860937e-05	0.00101324996	0	0	0.15245	0	0	3
2384	1480	100.253043	17.5654622	101324.996	101324.996	101324.996	101324.997	1.78860937e-05	0.00101324996	0	0	0.152537	0	0	3
2385	1481	100.29513	17.5728303	101324.996	101324.996	101324.996	101324.997	1.78860937e-05	0.00101324996	0	0	0.152605	0	0	3
2386	1481	100.337195	17.5801984	101324.996	101324.996	101324.996	101324.997	1.78860937e-05	0.00101324996	0	0	0.152696	0	0	3
2387	1482	100.379242	17.5875664	101324.996	101324.996	101324.996	101324.997	1.78860937e-05	0.00101324996	0	0	0.152678	0	0	3
2388	1483	100.421272	17.5949345	101324.996	101324.996	101324.996	101324.997	1.78860937e-05	0.00101324996	0	0	0.152679	0	0	3
2389	1483	100.463287	17.6023026	101324.996	101324.996	101324.996	101324.997	1.78860937e-05	0.00101324996	0	0	0.152649	0	0	3
2390	1484	100.50529	17.6096706	101324.997	101324.996	101324.996	101324.997	1.78860937e-05	0.00101324997	0	0	0.152615	0	0	3
2391	1485	100.547283	17.6170387	101324.996	101324.996	101324.996	101324.997	1.78860937e-05	0.00101324996	0	0	0.152553	0	0	3
2392	1485	100.589267	17.6244067	101324.996	101324.996	101324.996	101324.997	1.78860937e-05	0.00101324996	0	0	0.152521	0	0	3
2393	1486	100.631244	17.6317748	101324.996	101324.996	101324.996	101324.997	1.78860937e-05	0.00101324996	0	0	0.152426	0	0	3
2394	1486	100.673217	17.6391429	101324.996	101324.996	101324.996	101324.997	1.78860937e-05	0.00101324996	0	0	0.152372	0	0	3
2395	1487	100.715187	17.6465109	101324.996	101324.996	101324.996	101324.997	1.78860937e-05	0.00101324996	0	0	0.152208	0	0	3
2396	1488	100.757157	17.653879	101324.996	101324.996	101324.996	101324.997	1.78860937e-05	0.00101324996	0	0	0.152097	0	0	3
2397	1488	100.799128	17.6612471	101324.997	101324.996	101324.996	101324.997	1.78860937e-05	0.00101324997	0	0	0.151894	0	0	3
2398	1489	100.841104	17.6686151	101324.997	101324.996	101324.996	101324.997	1.78860937e-05	0.00101324997	0	0	0.151778	0	0	3
2399	1490	100.883085	17.6759832	101324.997	101324.996	101324.996	101324.997	1.41997298e-05	0.00101324997	0	0	0.151551	0	0	3
2400	1490	100.925074	17.6833513	101324.997	101324.996	101324.996	101324.997	1.41997298e-05	0.00101324997	0	0	0.151409	0	0	3
2401	1491	100.967073	17.6907193	101324.997	101324.996	101324.996	101324.997	1.41997298e-05	0.00101324997	0	0	0.151144	0	0	3
2402	1492	101	17.6980874	101324.996	101324.996	101324.996	101324.997	1.41997298e-05	0.00101324996	0	0	0.150978	0	0	3
2403	1492	101.042022	17.7054554	101324.996	101324.996	101324.996	101324.997	1.41997298e-05	0.00101324996	0	0	0.150752	0	0	3
2404	1493	101.084059	17.7128235	101324.996	101324.996	101324.996	101324.997	1.40344055e-05	0.00101324996	0	0	0.150576	0	0	3
2405	1494	101.126113	17.7201916	101324.996	101324.996	101324.996	101324.997	1.40344055e-05	0.00101324996	0	0	0.15027	0	0	3
2406	1494	101.168186	17.7275596	101324.996	101324.996	101324.996	101324.997	1.40344055e-05	0.00101324996	0	0	0.150022	0	0	3
2407	1495	101.210279	17.7349277	101324.996	101324.996	101324.996	101324.997	1.40344055e-05	0.00101324996	0	0	0.14969	0	0	3
2408	1496	101.252396	17.7422958	101324.996	101324.996	101324.996	101324.997	1.28629908e-05	0.00101324996	0	0	0.149466	0	0	3
2409	1496	101.294537	17.7496638	101324.996	101324.996	101324.996	101324.997	1.28629908e-05	0.00101324996	0	0	0.149104	0	0	3
2410	1497	101.336705	17.7570319	101324.996	101324.996	101324.996	101324.997	1.28629908e-05	0.00101324996	0	0	0.148829	0	0	3
2411	1498	101.3789	17.7643999	101324.996	101324.996	101324.996	101324.997	1.28629908e-05	0.00101324996	0	0	0.14848	0	0	3
2412	1498	101.421125	17.771768	101324.996	101324.996	101324.996	101324.997	1.28629908e-05	0.00101324996	0	0	0.148178	0	0	3
2413	1499	101.463382	17.7791361	101324.996	101324.996	101324.996	101324.997	1.28629908e-05	0.00101324996	0	0	0.147822	0	0	3
2414	1500	101.505671	17.7865041	101324.996	101324.996	101324.996	101324.997	1.28629908e-05	0.00101324996	0	0	0.147499	0	0	3
2415	1500	101.547994	17.7938722	101324.996	101324.996	101324.996	101324.997	1.28629908e-05	0.00101324996	0	0	0.147144	0	0	3
2416	1501	101.590353	17.8012403	101324.996	101324.996	101324.996	101324.997	1.28629908e-05	0.00101324996	0	0	0.146773	0	0	3
2417	1502	101.632749	17.8086083	101324.996	101324.996	101324.996	101324.997	1.28629908e-05	0.00101324996	0	0	0.146436	0	0	3
2418	1502	101.675183	17.8159764	101324.996	101324.996	101324.996	101324.997	1.28629908e-05	0.00101324996	0	0	0.14606	0	0	3
2419	1503	101.717657	17.8233444	101324.996	101324.996	101324.996	101324.997	1.28629908e-05	0.00101324996	0	0	0.145697	0	0	3
2420	1504	101.760171	17.8307125	101324.996	101324.996	101324.996	101324.997	1.28629908e-05	0.00101324996	0	0	0.145311	0	0	3
2421	1504	101.802728	17.8380806	101324.996	101324.996	101324.996	101324.997	1.28629908e-05	0.00101324996	0	0	0.14495	0	0	3
2422	1505	101.845326	17.8454486	101324.996	101324.996	101324.996	101324.997	1.28629908e-05	0.00101324996	0	0	0.14458	0	0	3
2423	1506	101.887967	17.8528167	101324.996	101324.996	101324.996	101324.997	1.28629908e-05	0.00101324996	0	0	0.144905	0	0	3
2424	1506	101.930654	17.8601848	101324.996	101324.996	101324.996	101324.997	1.28629908e-05	0.00101324996	0	0	0.145276	0	0	3
2425	1507	101.973385	17.8675528	101324.996	101324.996	101324.996	101324.997	1.28629908e-05	0.00101324996	0	0	0.145662	0	0	3
2426	1508	102	17.8749209	101324.996	101324.996	101324.996	101324.997	1.28629908e-05	0.00101324996	0	0	0.146015	0	0	3
2427	1508	102.042806	17.882289	101324.996	101324.996	101324.996	101324.997	1.28629908e-05	0.00101324996	0	0	0.146274	0	0	3
2428	1509	102.085659	17.889657	101324.996	101324.996	101324.996	101324.997	1.28629908e-05	0.00101324996	0	0	0.146646	0	0	3
2429	1510	102.12856	17.8970251	101324.996	101324.996	101324.996	101324.997	1.28629908e-05	0.00101324996	0	0	0.147011	0	0	3
2430	1510	102.171454	17.9043931	101324.996	101324.996	101324.996	101324.997	1.28629908e-05	0.00101324996	0	0	0.147384	0	0	3
2431	1511	102.2143	17.9117612	101324.996	101324.996	101324.996	101324.997	1.28629908e-05	0.00101324996	0	0	0.147694	0	0	3
2432	1511	102.257099	17.9191293	101324.996	101324.996	101324.996	101324.997	1.28629908e-05	0.00101324996	0	0	0.14808	0	0	3
2433	1512	102.29985	17.9264973	101324.996	101324.996	101324.996	101324.997	1.28629908e-05	0.00101324996	0	0	0.148394	0	0	3
2434	1513	102.342555	17.9338654	101324.996	101324.996	101324.996	101324.997	1.28629908e-05	0.00101324996	0	0	0.148706	0	0	3
2435	1513	102.385214	17.9412335	101324.996	101324.996	101324.996	101324.997	1.28629908e-05	0.00101324996	0	0	0.148991	0	0	3
2436	1514	102.427828	17.9486015	101324.996	101324.996	101324.996	101324.997	1.28629908e-05	0.00101324996	0	0	0.149322	0	0	3
2437	1515	102.470398	17.9559696	101324.996	101324.996	101324.996	101324.997	1.13707501e-05	0.00101324996	0	0	0.149624	0	0	3
2438	1515	102.512923	17.9633376	101324.996	101324.996	101324.996	101324.997	1.13707501e-05	0.00101324996	0	0	0.149861	0	0	3
2439	1516	102.555407	17.9707057	101324.996	101324.996	101324.996	101324.997	1.13707501e-05	0.00101324996	0	0	0.15018	0	0	3
2440	1516	102.597849	17.9780738	101324.996	101324.996	101324.996	101324.997	1.25378865e-05	0.00101324996	0	0	0.150423	0	0	3
2441	1517	102.64025	17.9854418	101324.996	101324.996	101324.996	101324.997	1.25378865e-05	0.00101324996	0	0	0.150624	0	0	3
2442	1518	102.682613	17.9928099	101324.996	101324.996	101324.996	101324.997	1.20436889e-05	0.00101324996	0	0	0.150919	0	0	3
2443	1518	102.724937	18.000178	101324.996	101324.996	101324.996	101324.997	1.20436889e-05	0.00101324996	0	0	0.151072	0	0	3
2444	1519	102.767225	18.007546	101324.996	101324.996	101324.996	101324.997	1.23095087e-05	0.00101324996	0	0	0.151319	0	0	3
2445	1520	102.809477	18.0149141	101324.996	101324.996	101324.996	101324.997	1.36048329e-05	0.00101324996	0	0	0.1515	0	0	3
2446	1520	102.851695	18.0222822	101324.996	101324.996	101324.996	101324.997	1.36048329e-05	0.00101324996	0	0	0.151676	0	0	3
2447	1521	102.89388	18.0296502	101324.996	101324.996	101324.996	101324.997	1.36048329e-05	0.00101324996	0	0	0.151807	0	0	3
2448	1522	102.936034	18.0370183	101324.996	101324.996	101324.996	101324.997	1.36048329e-05	0.00101324996	0	0	0.152007	0	0	3
2449	1522	102.978157	18.0443863	101324.996	101324.996	101324.996	101324.997	1.36048329e-05	0.00101324996	0	0	0.152119	0	0	3
2450	1523	103	18.0517544	101324.996	101324.996	101324.996	101324.997	1.36765157e-05	0.00101324996	0	0	0.152225	0	0	3
2451	1524	103.04208	18.0591225	101324.996	101324.996	101324.996	101324.997	1.44755759e-05	0.00101324996	0	0	0.15226	0	0	3
2452	1524	103.084133	18.0664905	101324.996	101324.996	101324.996	101324.997	1.47828978e-05	0.00101324996	0	0	0.152329	0	0	3
2453	1525	103.126163	18.0738586	101324.996	101324.996	101324.996	101324.997	1.47828978e-05	0.00101324996	0	0	0.152383	0	0	3
2454	1526	103.16817	18.0812267	101324.996	101324.996	101324.996	101324.997	1.47828978e-05	0.00101324996	0	0	0.152498	0	0	3
2455	1526	103.210157	18.0885947	101324.996	101324.996	101324.996	101324.997	1.47828978e-05	0.00101324996	0	0	0.152528	0	0	3
2456	1527	103.252124	18.0959628	101324.996	101324.996	101324.996	101324.997	1.52056018e-05	0.00101324996	0	0	0.152544	0	0	3
2457	1527	103.294074	18.1033308	101324.996	101324.996	101324.996	101324.997	1.54459703e-05	0.00101324996	0	0	0.152516	0	0	3
2458	1528	103.336009	18.1106989	101324.996	101324.996	101324.996	101324.997	1.62402284e-05	0.00101324996	0	0	0.152487	0	0	3
2459	1529	103.377931	18.118067	101324.997	101324.996	101324.996	101324.997	1.62402284e-05	0.00101324997	0	0	0.152416	0	0	3
2460	1529	103.419843	18.125435	101324.996	101324.996	101324.996	101324.997	1.56898168e-05	0.00101324996	0	0	0.152426	0	0	3
2461	1530	103.461746	18.1328031	101324.997	101324.996	101324.996	101324.997	1.56898168e-05	0.00101324997	0	0	0.152286	0	0	3
2462	1531	103.503642	18.1401712	101324.996	101324.996	101324.996	101324.997	1.56898168e-05	0.00101324996	0	0	0.152261	0	0	3
2463	1531	103.545534	18.1475392	101324.996	101324.996	101324.996	101324.997	1.56898168e-05	0.00101324996	0	0	0.152187	0	0	3
2464	1532	103.587421	18.1549073	101324.996	101324.996	101324.996	101324.997	1.56898168e-05	0.00101324996	0	0	0.152064	0	0	3
2465	1533	103.629308	18.1622753	101324.996	101324.996	101324.996	101324.997	1.5998623e-05	0.00101324996	0	0	0.151884	0	0	3
2466	1533	103.671195	18.1696434	101324.997	101324.996	101324.996	101324.997	1.5998623e-05	0.00101324997	0	0	0.151766	0	0	3
2467	1534	103.713087	18.1770115	101324.997	101324.996	101324.996	101324.997	1.64174999e-05	0.00101324997	0	0	0.151555	0	0	3
2468	1534	103.754983	18.1843795	101324.997	101324.996	101324.996	101324.997	1.65967358e-05	0.00101324997	0	0	0.151405	0	0	3
2469	1535	103.796887	18.1917476	101324.997	101324.996	101324.996	101324.997	1.73663429e-05	0.00101324997	0	0	0.151198	0	0	3
2470	1536	103.838801	18.1991157	101324.997	101324.996	101324.996	101324.997	1.73663429e-05	0.00101324997	0	0	0.150982	0	0	3
2471	1536	103.880726	18.2064837	101324.996	101324.996	101324.996	101324.997	1.73663429e-05	0.00101324996	0	0	0.150767	0	0	3
2472	1537	103.922665	18.2138518	101324.996	101324.996	101324.996	101324.997	1.73663429e-05	0.00101324996	0	0	0.150569	0	0	3
2473	1538	103.964619	18.2212199	101324.996	101324.996	101324.996	101324.997	1.73663429e-05	0.00101324996	0	0	0.150325	0	0	3
2474	1538	104	18.2285879	101324.996	101324.996	101324.996	101324.997	1.73663429e-05	0.00101324996	0	0	0.150089	0	0	3
2475	1539	104.041986	18.235956	101324.996	101324.996	101324.996	101324.997	1.73663429e-05	0.00101324996	0	0	0.149819	0	0	3
2476	1540	104.083992	18.243324	101324.996	101324.996	101324.996	101324.997	1.73663429e-05	0.00101324996	0	0	0.14953	0	0	3
2477	1540	104.126021	18.2506921	101324.996	101324.996	101324.996	101324.997	1.73663429e-05	0.00101324996	0	0	0.14926	0	0	3
2478	1541	104.168074	18.2580602	101324.996	101324.996	101324.996	101324.997	1.73663429e-05	0.00101324996	0	0	0.148967	0	0	3
2479	1541	104.210153	18.2654282	101324.996	101324.996	101324.996	101324.997	1.73663429e-05	0.00101324996	0	0	0.148622	0	0	3
2480	1542	104.25226	18.2727963	101324.996	101324.996	101324.996	101324.997	1.73663429e-05	0.00101324996	0	0	0.148325	0	0	3
2481	1543	104.294396	18.2801644	101324.996	101324.996	101324.996	101324.997	1.73663429e-05	0.00101324996	0	0	0.147995	0	0	3
2482	1543	104.336563	18.2875324	101324.996	101324.996	101324.996	101324.997	1.73663429e-05	0.00101324996	0	0	0.147672	0	0	3
2483	1544	104.378763	18.2949005	101324.996	101324.996	101324.996	101324.997	1.73663429e-05	0.00101324996	0	0	0.147301	0	0	3
2484	1545	104.420996	18.3022685	101324.996	101324.996	101324.996	101324.997	1.73663429e-05	0.00101324996	0	0	0.146994	0	0	3
2485	1545	104.463264	18.3096366	101324.996	101324.996	101324.996	101324.997	1.73663429e-05	0.00101324996	0	0	0.146573	0	0	3
2486	1546	104.50557	18.3170047	101324.996	101324.996	101324.996	101324.997	1.44863297e-05	0.00101324996	0	0	0.146269	0	0	3
2487	1547	104.547913	18.3243727	101324.996	101324.996	101324.996	101324.997	1.74720044e-05	0.00101324996	0	0	0.145887	0	0	3
2488	1547	104.590295	18.3317408	101324.996	101324.996	101324.996	101324.997	1.74720044e-05	0.00101324996	0	0	0.145524	0	0	3
2489	1548	104.632718	18.3391089	101324.996	101324.996	101324.996	101324.997	1.74720044e-05	0.00101324996	0	0	0.145118	0	0	3
2490	1548	104.675182	18.3464769	101324.996	101324.996	101324.996	101324.997	1.74720044e-05	0.00101324996	0	0	0.144792	0	0	3
2491	1549	104.717688	18.353845	101324.996	101324.996	101324.996	101324.997	1.74720044e-05	0.00101324996	0	0	0.144397	0	0	3
2492	1550	104.760237	18.361213	101324.996	101324.996	101324.996	101324.997	1.74720044e-05	0.00101324996	0	0	0.144817	0	0	3
2493	1550	104.802831	18.3685811	101324.996	101324.996	101324.996	101324.997	1.74720044e-05	0.00101324996	0	0	0.145128	0	0	3
2494	1551	104.84547	18.3759492	101324.996	101324.996	101324.996	101324.997	1.74720044e-05	0.00101324996	0	0	0.145577	0	0	3
2495	1552	104.888154	18.3833172	101324.996	101324.996	101324.996	101324.997	1.74720044e-05	0.00101324996	0	0	0.145909	0	0	3
2496	1552	104.930885	18.3906853	101324.996	101324.996	101324.996	101324.997	1.74720044e-05	0.00101324996	0	0	0.14631	0	0	3
2497	1553	104.973662	18.3980534	101324.996	101324.996	101324.996	101324.997	1.74720044e-05	0.00101324996	0	0	0.146652	0	0	3
2498	1554	105	18.4054214	101324.996	101324.996	101324.996	101324.997	1.74720044e-05	0.00101324996	0	0	0.147016	0	0	3
2499	1554	105.042853	18.4127895	101324.996	101324.996	101324.996	101324.997	1.80819334e-05	0.00101324996	0	0	0.14721	0	0	3
2500	1555	105.085755	18.4201576	101324.996	101324.996	101324.996	101324.997	1.80819334e-05	0.00101324996	0	0	0.147618	0	0	3
2501	1556	105.128647	18.4275256	101324.996	101324.996	101324.996	101324.997	1.80819334e-05	0.00101324996	0	0	0.147966	0	0	3
2502	1556	105.171491	18.4348937	101324.996	101324.996	101324.996	101324.997	1.81845098e-05	0.00101324996	0	0	0.148308	0	0	3
2503	1557	105.214288	18.4422617	101324.996	101324.996	101324.996	101324.997	1.81845098e-05	0.00101324996	0	0	0.148593	0	0	3
2504	1558	105.257039	18.4496298	101324.996	101324.996	101324.996	101324.997	1.81845098e-05	0.00101324996	0	0	0.148956	0	0	3
2505	1558	105.299745	18.4569979	101324.996	101324.996	101324.996	101324.997	1.81845098e-05	0.00101324996	0	0	0.149244	0	0	3
2506	1559	105.342406	18.4643659	101324.996	101324.996	101324.996	101324.997	1.81845098e-05	0.00101324996	0	0	0.149592	0	0	3
2507	1560	105.385022	18.471734	101324.996	101324.996	101324.996	101324.997	1.81845098e-05	0.00101324996	0	0	0.149796	0	0	3
2508	1560	105.427596	18.4791021	101324.996	101324.996	101324.996	101324.997	1.81845098e-05	0.00101324996	0	0	0.150143	0	0	3
2509	1561	105.470128	18.4864701	101324.996	101324.996	101324.996	101324.997	1.81845098e-05	0.00101324996	0	0	0.150377	0	0	3
2510	1562	105.512618	18.4938382	101324.996	101324.996	101324.996	101324.997	1.81845098e-05	0.00101324996	0	0	0.150637	0	0	3
2511	1562	105.555069	18.5012062	101324.996	101324.996	101324.996	101324.997	1.81845098e-05	0.00101324996	0	0	0.150863	0	0	3
2512	1563	105.597481	18.5085743	101324.996	101324.996	101324.996	101324.997	1.81845098e-05	0.00101324996	0	0	0.151142	0	0	3
2513	1564	105.639857	18.5159424	101324.996	101324.996	101324.996	101324.997	1.81845098e-05	0.00101324996	0	0	0.151314	0	0	3
2514	1564	105.682196	18.5233104	101324.996	101324.996	101324.996	101324.997	1.81845098e-05	0.00101324996	0	0	0.151577	0	0	3
2515	1565	105.7245	18.5306785	101324.996	101324.996	101324.996	101324.997	1.81845098e-05	0.00101324996	0	0	0.151719	0	0	3
2516	1565	105.766771	18.5380466	101324.996	101324.996	101324.996	101324.997	1.81845098e-05	0.00101324996	0	0	0.151919	0	0	3
2517	1566	105.80901	18.5454146	101324.996	101324.996	101324.996	101324.997	1.81845098e-05	0.00101324996	0	0	0.152055	0	0	3
2518	1567	105.851218	18.5527827	101324.996	101324.996	101324.996	101324.997	1.81845098e-05	0.00101324996	0	0	0.152273	0	0	3
2519	1567	105.893397	18.5601508	101324.996	101324.996	101324.996	101324.997	1.81845098e-05	0.00101324996	0	0	0.152325	0	0	3
2520	1568	105.935548	18.5675188	101324.996	101324.996	101324.996	101324.997	1.81845098e-05	0.00101324996	0	0	0.152462	0	0	3
2521	1569	105.977674	18.5748869	101324.996	101324.996	101324.996	101324.997	1.81845098e-05	0.00101324996	0	0	0.152497	0	0	3
2522	1569	106	18.5822549	101324.996	101324.996	101324.996	101324.997	1.81845098e-05	0.00101324996	0	0	0.15263	0	0	3
2523	1570	106.04209	18.589623	101324.996	101324.996	101324.996	101324.997	1.81845098e-05	0.00101324996	0	0	0.152627	0	0	3
2524	1571	106.084158	18.5969911	101324.996	101324.996	101324.996	101324.997	1.81845098e-05	0.00101324996	0	0	0.152731	0	0	3
2525	1571	106.126207	18.6043591	101324.996	101324.996	101324.996	101324.997	1.81845098e-05	0.00101324996	0	0	0.152726	0	0	3
2526	1572	106.168238	18.6117272	101324.996	101324.996	101324.996	101324.997	1.81845098e-05	0.00101324996	0	0	0.152754	0	0	3
2527	1573	106.210254	18.6190953	101324.996	101324.996	101324.996	101324.997	1.81845098e-05	0.00101324996	0	0	0.152684	0	0	3
2528	1573	106.252256	18.6264633	101324.997	101324.996	101324.996	101324.997	1.81845098e-05	0.00101324997	0	0	0.1527	0	0	3
2529	1574	106.294247	18.6338314	101324.996	101324.996	101324.996	101324.997	1.81845098e-05	0.00101324996	0	0	0.152622	0	0	3
2530	1574	106.336229	18.6411994	101324.997	101324.996	101324.996	101324.997	1.81845098e-05	0.00101324997	0	0	0.152593	0	0	3
2531	1575	106.378205	18.6485675	101324.996	101324.996	101324.996	101324.997	1.81845098e-05	0.00101324996	0	0	0.15248	0	0	3
2532	1576	106.420175	18.6559356	101324.996	101324.996	101324.996	101324.997	1.81845098e-05	0.00101324996	0	0	0.152496	0	0	3
2533	1576	106.462141	18.6633036	101324.996	101324.996	101324.996	101324.997	1.81845098e-05	0.00101324996	0	0	0.152326	0	0	3
2534	1577	106.504104	18.6706717	101324.996	101324.996	101324.996	101324.997	1.81845098e-05	0.00101324996	0	0	0.152215	0	0	3
2535	1578	106.54607	18.6780398	101324.997	101324.996	101324.996	101324.997	1.81845098e-05	0.00101324997	0	0	0.152018	0	0	3
2536	1578	106.588038	18.6854078	101324.997	101324.996	101324.996	101324.997	1.81845098e-05	0.00101324997	0	0	0.151898	0	0	3
2537	1579	106.630011	18.6927759	101324.997	101324.996	101324.996	101324.997	1.422473e-05	0.00101324997	0	0	0.151681	0	0	3
2538	1580	106.671991	18.7001439	101324.997	101324.996	101324.996	101324.997	1.47276442e-05	0.00101324997	0	0	0.151522	0	0	3
2539	1580	106.713982	18.707512	101324.997	101324.996	101324.996	101324.997	1.47276442e-05	0.00101324997	0	0	0.151274	0	0	3
2540	1581	106.755983	18.7148801	101324.997	101324.996	101324.996	101324.997	1.47276442e-05	0.00101324997	0	0	0.151117	0	0	3
2541	1581	106.797997	18.7222481	101324.996	101324.996	101324.996	101324.997	1.47276442e-05	0.00101324996	0	0	0.150817	0	0	3
2542	1582	106.840027	18.7296162	101324.996	101324.996	101324.996	101324.997	1.47276442e-05	0.00101324996	0	0	0.150683	0	0	3
2543	1583	106.882073	18.7369843	101324.996	101324.996	101324.996	101324.997	1.47276442e-05	0.00101324996	0	0	0.150354	0	0	3
2544	1583	106.924137	18.7443523	101324.996	101324.996	101324.996	101324.997	1.47276442e-05	0.00101324996	0	0	0.150135	0	0	3
2545	1584	106.966222	18.7517204	101324.996	101324.996	101324.996	101324.997	1.47276442e-05	0.00101324996	0	0	0.149781	0	0	3
2546	1585	107	18.7590885	101324.996	101324.996	101324.996	101324.997	1.47276442e-05	0.00101324996	0	0	0.149594	0	0	3
2547	1585	107.042127	18.7664565	101324.996	101324.996	101324.996	101324.997	1.47276442e-05	0.00101324996	0	0	0.149247	0	0	3
2548	1586	107.084279	18.7738246	101324.996	101324.996	101324.996	101324.997	1.47276442e-05	0.00101324996	0	0	0.149007	0	0	3
2549	1587	107.126459	18.7811926	101324.996	101324.996	101324.996	101324.997	1.47276442e-05	0.00101324996	0	0	0.14862	0	0	3
2550	1587	107.168668	18.7885607	101324.996	101324.996	101324.996	101324.997	1.47276442e-05	0.00101324996	0	0	0.148363	0	0	3
2551	1588	107.210908	18.7959288	101324.996	101324.996	101324.996	101324.997	1.47276442e-05	0.00101324996	0	0	0.147958	0	0	3
2552	1589	107.25318	18.8032968	101324.996	101324.996	101324.996	101324.997	1.47276442e-05	0.00101324996	0	0	0.147683	0	0	3
2553	1589	107.295487	18.8106649	101324.996	101324.996	101324.996	101324.997	1.47276442e-05	0.00101324996	0	0	0.147307	0	0	3
2554	1590	107.337827	18.818033	101324.996	101324.996	101324.996	101324.997	1.47276442e-05	0.00101324996	0	0	0.146956	0	0	3
2555	1591	107.380206	18.825401	101324.996	101324.996	101324.996	101324.997	1.47276442e-05	0.00101324996	0	0	0.146594	0	0	3
2556	1591	107.422621	18.8327691	101324.996	101324.996	101324.996	101324.997	1.47276442e-05	0.00101324996	0	0	0.146228	0	0	3
2557	1592	107.465076	18.8401371	101324.996	101324.996	101324.996	101324.997	1.47276442e-05	0.00101324996	0	0	0.145846	0	0	3
2558	1592	107.507571	18.8475052	101324.996	101324.996	101324.996	101324.997	1.47276442e-05	0.00101324996	0	0	0.145508	0	0	3
2559	1593	107.550108	18.8548733	101324.996	101324.996	101324.996	101324.997	1.47276442e-05	0.00101324996	0	0	0.145122	0	0	3
2560	1594	107.592686	18.8622413	101324.996	101324.996	101324.996	101324.997	1.47276442e-05	0.00101324996	0	0	0.14474	0	0	3
2561	1594	107.635308	18.8696094	101324.996	101324.996	101324.996	101324.997	1.47276442e-05	0.00101324996	0	0	0.144766	0	0	3
2562	1595	107.677974	18.8769775	101324.996	101324.996	101324.996	101324.997	1.47276442e-05	0.00101324996	0	0	0.145179	0	0	3
2563	1596	107.720685	18.8843455	101324.996	101324.996	101324.996	101324.997	1.47276442e-05	0.00101324996	0	0	0.145502	0	0	3
2564	1596	107.763442	18.8917136	101324.996	101324.996	101324.996	101324.997	1.47276442e-05	0.00101324996	0	0	0.145932	0	0	3
2565	1597	107.806245	18.8990817	101324.996	101324.996	101324.996	101324.997	1.47276442e-05	0.00101324996	0	0	0.146288	0	0	3
2566	1598	107.849095	18.9064497	101324.996	101324.996	101324.996	101324.997	1.47276442e-05	0.00101324996	0	0	0.146682	0	0	3
2567	1598	107.891993	18.9138178	101324.996	101324.996	101324.996	101324.997	1.47276442e-05	0.00101324996	0	0	0.146999	0	0	3
2568	1599	107.934886	18.9211858	101324.996	101324.996	101324.996	101324.997	1.47276442e-05	0.00101324996	0	0	0.147395	0	0	3
2569	1600	107.977732	18.9285539	101324.996	101324.996	101324.996	101324.997	1.47276442e-05	0.00101324996	0	0	0.147699	0	0	3
2570	1600	108	18.935922	101324.996	101324.996	101324.996	101324.997	1.44846708e-05	0.00101324996	0	0	0.148106	0	0	3
2571	1601	108.042772	18.94329	101324.996	101324.996	101324.996	101324.997	1.44846708e-05	0.00101324996	0	0	0.148227	0	0	3
2572	1602	108.085497	18.9506581	101324.996	101324.996	101324.996	101324.997	1.44846708e-05	0.00101324996	0	0	0.148579	0	0	3
2573	1602	108.128176	18.9580262	101324.996	101324.996	101324.996	101324.997	1.44846708e-05	0.00101324996	0	0	0.148865	0	0	3
2574	1603	108.17081	18.9653942	101324.996	101324.996	101324.996	101324.997	1.44846708e-05	0.00101324996	0	0	0.14924	0	0	3
2575	1604	108.213398	18.9727623	101324.996	101324.996	101324.996	101324.997	1.44846708e-05	0.00101324996	0	0	0.149491	0	0	3
2576	1604	108.255942	18.9801303	101324.996	101324.996	101324.996	101324.997	1.44846708e-05	0.00101324996	0	0	0.14979	0	0	3
2577	1605	108.298444	18.9874984	101324.996	101324.996	101324.996	101324.997	1.44846708e-05	0.00101324996	0	0	0.150044	0	0	3
2578	1605	108.340903	18.9948665	101324.996	101324.996	101324.996	101324.997	1.44846708e-05	0.00101324996	0	0	0.150355	0	0	3
2579	1606	108.383321	19.0022345	101324.996	101324.996	101324.996	101324.997	1.44846708e-05	0.00101324996	0	0	0.150534	0	0	3
2580	1607	108.425699	19.0096026	101324.996	101324.996	101324.996	101324.997	1.44846708e-05	0.00101324996	0	0	0.150831	0	0	3
2581	1607	108.468039	19.0169707	101324.996	101324.996	101324.996	101324.997	1.44846708e-05	0.00101324996	0	0	0.151058	0	0	3
2582	1608	108.510341	19.0243387	101324.996	101324.996	101324.996	101324.997	1.44846708e-05	0.00101324996	0	0	0.151251	0	0	3
2583	1609	108.552607	19.0317068	101324.996	101324.996	101324.996	101324.997	1.44846708e-05	0.00101324996	0	0	0.151414	0	0	3
2584	1609	108.594838	19.0390748	101324.996	101324.996	101324.996	101324.997	1.44846708e-05	0.00101324996	0	0	0.151649	0	0	3
2585	1610	108.637036	19.0464429	101324.996	101324.996	101324.996	101324.997	1.44846708e-05	0.00101324996	0	0	0.151768	0	0	3
2586	1611	108.679201	19.053811	101324.996	101324.996	101324.996	101324.997	1.44846708e-05	0.00101324996	0	0	0.151965	0	0	3
2587	1611	108.721336	19.061179	101324.996	101324.996	101324.996	101324.997	1.44846708e-05	0.00101324996	0	0	0.152126	0	0	3
2588	1612	108.76344	19.0685471	101324.996	101324.996	101324.996	101324.997	1.54563313e-05	0.00101324996	0	0	0.152222	0	0	3
2589	1613	108.805517	19.0759152	101324.996	101324.996	101324.996	101324.997	1.64229859e-05	0.00101324996	0	0	0.152293	0	0	3
2590	1613	108.847568	19.0832832	101324.996	101324.996	101324.996	101324.997	1.64229859e-05	0.00101324996	0	0	0.152403	0	0	3
2591	1614	108.889594	19.0906513	101324.996	101324.996	101324.996	101324.997	1.64229859e-05	0.00101324996	0	0	0.152417	0	0	3
2592	1614	108.931599	19.0980194	101324.996	101324.996	101324.996	101324.997	1.64229859e-05	0.00101324996	0	0	0.152523	0	0	3
2593	1615	108.973582	19.1053874	101324.996	101324.996	101324.996	101324.997	1.64229859e-05	0.00101324996	0	0	0.152597	0	0	3
2594	1616	109	19.1127555	101324.996	101324.996	101324.996	101324.997	1.64229859e-05	0.00101324996	0	0	0.152576	0	0	3
2595	1616	109.041953	19.1201235	101324.996	101324.996	101324.996	101324.997	1.69510749e-05	0.00101324996	0	0	0.152545	0	0	3
2596	1617	109.083889	19.1274916	101324.997	101324.996	101324.996	101324.997	1.69510749e-05	0.00101324997	0	0	0.152556	0	0	3
2597	1618	109.125812	19.1348597	101324.996	101324.996	101324.996	101324.997	1.69510749e-05	0.00101324996	0	0	0.152479	0	0	3
2598	1618	109.167724	19.1422277	101324.996	101324.996	101324.996	101324.997	1.84960518e-05	0.00101324996	0	0	0.152471	0	0	3
2599	1619	109.209626	19.1495958	101324.997	101324.996	101324.996	101324.997	1.84960518e-05	0.00101324997	0	0	0.152392	0	0	3
2600	1620	109.25152	19.1569639	101324.996	101324.996	101324.996	101324.997	1.84960518e-05	0.00101324996	0	0	0.152328	0	0	3
2601	1620	109.293409	19.1643319	101324.996	101324.996	101324.996	101324.997	1.84960518e-05	0.00101324996	0	0	0.152248	0	0	3
2602	1621	109.335294	19.1717	101324.996	101324.996	101324.996	101324.997	1.84960518e-05	0.00101324996	0	0	0.152166	0	0	3
2603	1622	109.377177	19.179068	101324.996	101324.996	101324.996	101324.997	1.84960518e-05	0.00101324996	0	0	0.151958	0	0	3
2604	1622	109.41906	19.1864361	101324.996	101324.996	101324.996	101324.997	1.84960518e-05	0.00101324996	0	0	0.151858	0	0	3
2605	1623	109.460946	19.1938042	101324.997	101324.996	101324.996	101324.997	1.84960518e-05	0.00101324997	0	0	0.15167	0	0	3
2606	1624	109.502837	19.2011722	101324.997	101324.996	101324.996	101324.997	1.85173994e-05	0.00101324997	0	0	0.151519	0	0	3
2607	1624	109.544734	19.2085403	101324.997	101324.996	101324.996	101324.997	1.85325189e-05	0.00101324997	0	0	0.15128	0	0	3
2608	1625	109.58664	19.2159084	101324.997	101324.996	101324.996	101324.997	1.92962179e-05	0.00101324997	0	0	0.151144	0	0	3
2609	1625	109.628557	19.2232764	101324.997	101324.996	101324.996	101324.997	1.88908161e-05	0.00101324997	0	0	0.150855	0	0	3
2610	1626	109.670487	19.2306445	101324.996	101324.996	101324.996	101324.997	1.88908161e-05	0.00101324996	0	0	0.150678	0	0	3
2611	1627	109.712432	19.2380125	101324.996	101324.996	101324.996	101324.997	1.88908161e-05	0.00101324996	0	0	0.150461	0	0	3
2612	1627	109.754392	19.2453806	101324.996	101324.996	101324.996	101324.997	1.88908161e-05	0.00101324996	0	0	0.15022	0	0	3
2613	1628	109.79637	19.2527487	101324.996	101324.996	101324.996	101324.997	1.88908161e-05	0.00101324996	0	0	0.149898	0	0	3
2614	1629	109.838368	19.2601167	101324.997	101324.996	101324.996	101324.997	1.88908161e-05	0.00101324997	0	0	0.149653	0	0	3
2615	1629	109.880389	19.2674848	101324.996	101324.996	101324.996	101324.997	1.88908161e-05	0.00101324996	0	0	0.149322	0	0	3
2616	1630	109.922434	19.2748529	101324.996	101324.996	101324.996	101324.997	1.88908161e-05	0.00101324996	0	0	0.149068	0	0	3
2617	1630	109.964504	19.2822209	101324.996	101324.996	101324.996	101324.997	1.88908161e-05	0.00101324996	0	0	0.148751	0	0	3
2618	1631	110	19.289589	101324.996	101324.996	101324.996	101324.997	1.88908161e-05	0.00101324996	0	0	0.148424	0	0	3
2619	1632	110.042122	19.2969571	101324.996	101324.996	101324.996	101324.997	1.88908161e-05	0.00101324996	0	0	0.148129	0	0	3
2620	1633	110.084274	19.3043251	101324.996	101324.996	101324.996	101324.997	1.88908161e-05	0.00101324996	0	0	0.147838	0	0	3
2621	1633	110.126459	19.3116932	101324.996	101324.996	101324.996	101324.997	1.88908161e-05	0.00101324996	0	0	0.147454	0	0	3
2622	1634	110.168676	19.3190612	101324.996	101324.996	101324.996	101324.997	1.88908161e-05	0.00101324996	0	0	0.147141	0	0	3
2623	1634	110.210929	19.3264293	101324.996	101324.996	101324.996	101324.997	1.88908161e-05	0.00101324996	0	0	0.146797	0	0	3
2624	1635	110.253217	19.3337974	101324.996	101324.996	101324.996	101324.997	1.88908161e-05	0.00101324996	0	0	0.146391	0	0	3
2625	1636	110.295543	19.3411654	101324.996	101324.996	101324.996	101324.997	1.55760063e-05	0.00101324996	0	0	0.146025	0	0	3
2626	1636	110.337908	19.3485335	101324.996	101324.996	101324.996	101324.997	1.778359e-05	0.00101324996	0	0	0.145681	0	0	3
2627	1637	110.380314	19.3559016	101324.996	101324.996	101324.996	101324.997	1.778359e-05	0.00101324996	0	0	0.145295	0	0	3
2628	1638	110.42276	19.3632696	101324.996	101324.996	101324.996	101324.997	1.778359e-05	0.00101324996	0	0	0.144939	0	0	3
2629	1638	110.465248	19.3706377	101324.996	101324.996	101324.996	101324.997	1.778359e-05	0.00101324996	0	0	0.14455	0	0	3
2630	1639	110.507779	19.3780057	101324.996	101324.996	101324.996	101324.997	1.778359e-05	0.00101324996	0	0	0.144685	0	0	3
2631	1640	110.550355	19.3853738	101324.996	101324.996	101324.996	101324.997	1.778359e-05	0.00101324996	0	0	0.145046	0	0	3
2632	1640	110.592974	19.3927419	101324.996	101324.996	101324.996	101324.997	1.778359e-05	0.00101324996	0	0	0.145431	0	0	3
2633	1641	110.63564	19.4001099	101324.996	101324.996	101324.996	101324.997	1.778359e-05	0.00101324996	0	0	0.145785	0	0	3
2634	1642	110.678351	19.407478	101324.996	101324.996	101324.996	101324.997	1.778359e-05	0.00101324996	0	0	0.14618	0	0	3
2635	1642	110.72111	19.4148461	101324.996	101324.996	101324.996	101324.997	1.778359e-05	0.00101324996	0	0	0.146549	0	0	3
2636	1643	110.763914	19.4222141	101324.996	101324.996	101324.996	101324.997	1.778359e-05	0.00101324996	0	0	0.146915	0	0	3
2637	1643	110.806767	19.4295822	101324.996	101324.996	101324.996	101324.997	1.778359e-05	0.00101324996	0	0	0.147274	0	0	3
2638	1644	110.849668	19.4369503	101324.996	101324.996	101324.996	101324.997	1.778359e-05	0.00101324996	0	0	0.147662	0	0	3
2639	1645	110.892558	19.4443183	101324.996	101324.996	101324.996	101324.997	1.778359e-05	0.00101324996	0	0	0.147985	0	0	3
2640	1645	110.9354	19.4516864	101324.996	101324.996	101324.996	101324.997	1.778359e-05	0.00101324996	0	0	0.148316	0	0	3
2641	1646	110.978196	19.4590544	101324.996	101324.996	101324.996	101324.997	1.778359e-05	0.00101324996	0	0	0.148648	0	0	3
2642	1647	111	19.4664225	101324.996	101324.996	101324.996	101324.997	1.778359e-05	0.00101324996	0	0	0.148894	0	0	3
2643	1647	111.042726	19.4737906	101324.996	101324.996	101324.996	101324.997	1.84028177e-05	0.00101324996	0	0	0.149099	0	0	3
2644	1648	111.085406	19.4811586	101324.996	101324.996	101324.996	101324.997	1.84028177e-05	0.00101324996	0	0	0.149435	0	0	3
2645	1649	111.128043	19.4885267	101324.996	101324.996	101324.996	101324.997	1.84028177e-05	0.00101324996	0	0	0.149773	0	0	3
2646	1649	111.170635	19.4958948	101324.996	101324.996	101324.996	101324.997	1.88685517e-05	0.00101324996	0	0	0.149993	0	0	3
2647	1650	111.213185	19.5032628	101324.996	101324.996	101324.996	101324.997	1.88685517e-05	0.00101324996	0	0	0.150292	0	0	3
2648	1651	111.255693	19.5106309	101324.996	101324.996	101324.996	101324.997	1.88685517e-05	0.00101324996	0	0	0.150559	0	0	3
2649	1651	111.298161	19.5179989	101324.996	101324.996	101324.996	101324.997	1.88685517e-05	0.00101324996	0	0	0.150769	0	0	3
2650	1652	111.34059	19.525367	101324.996	101324.996	101324.996	101324.997	2.04242533e-05	0.00101324996	0	0	0.151025	0	0	3
2651	1653	111.382981	19.5327351	101324.996	101324.996	101324.996	101324.997	2.04242533e-05	0.00101324996	0	0	0.151242	0	0	3
2652	1653	111.425336	19.5401031	101324.996	101324.996	101324.996	101324.997	2.04242533e-05	0.00101324996	0	0	0.151503	0	0	3
2653	1654	111.467655	19.5474712	101324.996	101324.996	101324.996	101324.997	2.04242533e-05	0.00101324996	0	0	0.151676	0	0	3
2654	1655	111.50994	19.5548393	101324.996	101324.996	101324.996	101324.997	2.04242533e-05	0.00101324996	0	0	0.151849	0	0	3
2655	1655	111.552192	19.5622073	101324.996	101324.996	101324.996	101324.997	2.1699132e-05	0.00101324996	0	0	0.152006	0	0	3
2656	1656	111.594413	19.5695754	101324.996	101324.996	101324.996	101324.997	2.1699132e-05	0.00101324996	0	0	0.152184	0	0	3
2657	1657	111.636605	19.5769434	101324.996	101324.996	101324.996	101324.997	2.1699132e-05	0.00101324996	0	0	0.152343	0	0	3
2658	1657	111.678767	19.5843115	101324.996	101324.996	101324.996	101324.997	2.1699132e-05	0.00101324996	0	0	0.152445	0	0	3
2659	1658	111.720903	19.5916796	101324.996	101324.996	101324.996	101324.997	2.1699132e-05	0.00101324996	0	0	0.15251	0	0	3
2660	1658	111.763013	19.5990476	101324.996	101324.996	101324.996	101324.997	2.1699132e-05	0.00101324996	0	0	0.15259	0	0	3
2661	1659	111.805102	19.6064157	101324.997	101324.996	101324.996	101324.997	2.41390371e-05	0.00101324997	0	0	0.152643	0	0	3
2662	1660	111.847169	19.6137838	101324.996	101324.996	101324.996	101324.997	2.41390371e-05	0.00101324996	0	0	0.152723	0	0	3
2663	1660	111.889217	19.6211518	101324.996	101324.996	101324.996	101324.997	2.41390371e-05	0.00101324996	0	0	0.152775	0	0	3
2664	1661	111.931247	19.6285199	101324.996	101324.996	101324.996	101324.997	2.41390371e-05	0.00101324996	0	0	0.152779	0	0	3
2665	1662	111.973261	19.635888	101324.996	101324.996	101324.996	101324.997	2.41390371e-05	0.00101324996	0	0	0.152735	0	0	3
2666	1662	112	19.643256	101324.996	101324.996	101324.996	101324.997	2.41390371e-05	0.00101324996	0	0	0.152708	0	0	3
2667	1663	112.041993	19.6506241	101324.997	101324.996	101324.996	101324.997	2.41390371e-05	0.00101324997	0	0	0.152674	0	0	3
2668	1664	112.083976	19.6579921	101324.996	101324.996	101324.996	101324.997	2.41390371e-05	0.00101324996	0	0	0.152618	0	0	3
2669	1664	112.125952	19.6653602	101324.996	101324.996	101324.996	101324.997	2.41390371e-05	0.00101324996	0	0	0.152579	0	0	3
2670	1665	112.167922	19.6727283	101324.996	101324.996	101324.996	101324.997	2.41390371e-05	0.00101324996	0	0	0.152509	0	0	3
2671	1665	112.209887	19.6800963	101324.996	101324.996	101324.996	101324.997	2.41390371e-05	0.00101324996	0	0	0.152412	0	0	3
2672	1666	112.251849	19.6874644	101324.996	101324.996	101324.996	101324.997	2.41390371e-05	0.00101324996	0	0	0.152276	0	0	3
2673	1667	112.293812	19.6948325	101324.996	101324.996	101324.996	101324.997	2.41390371e-05	0.00101324996	0	0	0.152121	0	0	3
2674	1667	112.335776	19.7022005	101324.997	101324.996	101324.996	101324.997	2.41390371e-05	0.00101324997	0	0	0.151969	0	0	3
2675	1668	112.377746	19.7095686	101324.997	101324.996	101324.996	101324.997	2.41390371e-05	0.00101324997	0	0	0.151793	0	0	3
2676	1669	112.419721	19.7169366	101324.997	101324.996	101324.996	101324.997	2.07479316e-05	0.00101324997	0	0	0.151604	0	0	3
2677	1669	112.461705	19.7243047	101324.997	101324.996	101324.996	101324.997	2.07479316e-05	0.00101324997	0	0	0.151393	0	0	3
2678	1670	112.5037	19.7316728	101324.997	101324.996	101324.996	101324.997	2.07479316e-05	0.00101324997	0	0	0.151194	0	0	3
2679	1671	112.545707	19.7390408	101324.996	101324.996	101324.996	101324.997	2.07479316e-05	0.00101324996	0	0	0.150956	0	0	3
2680	1671	112.587729	19.7464089	101324.996	101324.996	101324.996	101324.997	2.07479316e-05	0.00101324996	0	0	0.150784	0	0	3
2681	1672	112.629766	19.753777	101324.996	101324.996	101324.996	101324.997	1.85329409e-05	0.00101324996	0	0	0.150482	0	0	3
2682	1672	112.671821	19.761145	101324.996	101324.996	101324.996	101324.997	1.82878139e-05	0.00101324996	0	0	0.150249	0	0	3
2683	1673	112.713896	19.7685131	101324.997	101324.996	101324.996	101324.997	1.82878139e-05	0.00101324997	0	0	0.149912	0	0	3
2684	1674	112.755993	19.7758811	101324.996	101324.996	101324.996	101324.997	1.81219075e-05	0.00101324996	0	0	0.149679	0	0	3
2685	1674	112.798113	19.7832492	101324.996	101324.996	101324.996	101324.997	1.65015081e-05	0.00101324996	0	0	0.149348	0	0	3
2686	1675	112.840259	19.7906173	101324.996	101324.996	101324.996	101324.997	1.65015081e-05	0.00101324996	0	0	0.14907	0	0	3
2687	1676	112.882432	19.7979853	101324.996	101324.996	101324.996	101324.997	1.60172785e-05	0.00101324996	0	0	0.14871	0	0	3
2688	1676	112.924634	19.8053534	101324.996	101324.996	101324.996	101324.997	1.60172785e-05	0.00101324996	0	0	0.1484	0	0	3
2689	1677	112.966867	19.8127215	101324.996	101324.996	101324.996	101324.997	1.60172785e-05	0.00101324996	0	0	0.148063	0	0	3
2690	1678	113	19.8200895	101324.996	101324.996	101324.996	101324.997	1.49257103e-05	0.00101324996	0	0	0.147812	0	0	3
2691	1678	113.042291	19.8274576	101324.996	101324.996	101324.996	101324.997	1.49257103e-05	0.00101324996	0	0	0.147424	0	0	3
2692	1679	113.084617	19.8348257	101324.996	101324.996	101324.996	101324.997	1.23616628e-05	0.00101324996	0	0	0.14715	0	0	3
2693	1680	113.126978	19.8421937	101324.996	101324.996	101324.996	101324.997	1.23458885e-05	0.00101324996	0	0	0.14674	0	0	3
2694	1680	113.169377	19.8495618	101324.996	101324.996	101324.996	101324.997	1.23458885e-05	0.00101324996	0	0	0.146407	0	0	3
2695	1681	113.211815	19.8569298	101324.996	101324.996	101324.996	101324.997	1.23458885e-05	0.00101324996	0	0	0.146021	0	0	3
2696	1682	113.254293	19.8642979	101324.996	101324.996	101324.996	101324.997	1.23458885e-05	0.00101324996	0	0	0.14565	0	0	3
2697	1682	113.296812	19.871666	101324.996	101324.996	101324.996	101324.997	1.23458885e-05	0.00101324996	0	0	0.145279	0	0	3
2698	1683	113.339372	19.879034	101324.996	101324.996	101324.996	101324.997	1.23458885e-05	0.00101324996	0	0	0.144909	0	0	3
2699	1683	113.381976	19.8864021	101324.996	101324.996	101324.996	101324.997	1.23458885e-05	0.00101324996	0	0	0.144643	0	0	3
2700	1684	113.424623	19.8937702	101324.996	101324.996	101324.996	101324.997	1.23458885e-05	0.00101324996	0	0	0.145035	0	0	3
2701	1685	113.467315	19.9011382	101324.996	101324.996	101324.996	101324.997	1.23458885e-05	0.00101324996	0	0	0.14541	0	0	3
2702	1686	113.510052	19.9085063	101324.996	101324.996	101324.996	101324.997	1.23458885e-05	0.00101324996	0	0	0.145786	0	0	3
2703	1686	113.552836	19.9158743	101324.996	101324.996	101324.996	101324.997	1.23458885e-05	0.00101324996	0	0	0.146161	0	0	3
2704	1687	113.595666	19.9232424	101324.996	101324.996	101324.996	101324.997	1.23458885e-05	0.00101324996	0	0	0.146525	0	0	3
2705	1687	113.638543	19.9306105	101324.996	101324.996	101324.996	101324.997	1.23458885e-05	0.00101324996	0	0	0.146904	0	0	3
2706	1688	113.681455	19.9379785	101324.996	101324.996	101324.996	101324.997	1.23458885e-05	0.00101324996	0	0	0.147255	0	0	3
2707	1689	113.724319	19.9453466	101324.996	101324.996	101324.996	101324.997	1.23458885e-05	0.00101324996	0	0	0.147623	0	0	3
2708	1689	113.767134	19.9527147	101324.996	101324.996	101324.996	101324.997	1.23458885e-05	0.00101324996	0	0	0.147974	0	0	3
2709	1690	113.809902	19.9600827	101324.996	101324.996	101324.996	101324.997	1.23458885e-05	0.00101324996	0	0	0.148288	0	0	3
2710	1691	113.852623	19.9674508	101324.996	101324.996	101324.996	101324.997	1.23458885e-05	0.00101324996	0	0	0.148622	0	0	3
2711	1691	113.895297	19.9748189	101324.996	101324.996	101324.996	101324.997	1.23458885e-05	0.00101324996	0	0	0.148934	0	0	3
2712	1692	113.937926	19.9821869	101324.996	101324.996	101324.996	101324.997	1.23458885e-05	0.00101324996	0	0	0.149261	0	0	3
2713	1693	113.98051	19.989555	101324.996	101324.996	101324.996	101324.997	1.23458885e-05	0.00101324996	0	0	0.14955	0	0	3
2714	1693	114	19.996923	101324.996	101324.996	101324.996	101324.997	1.23458885e-05	0.00101324996	0	0	0.149777	0	0	3
2715	1694	114.042519	20.0042911	101324.996	101324.996	101324.996	101324.997	1.23458885e-05	0.00101324996	0	0	0.149921	0	0	3
2716	1695	114.084996	20.0116592	101324.996	101324.996	101324.996	101324.997	1.23458885e-05	0.00101324996	0	0	0.150246	0	0	3
2717	1695	114.127431	20.0190272	101324.996	101324.996	101324.996	101324.997	1.23458885e-05	0.00101324996	0	0	0.150477	0	0	3
2718	1696	114.169825	20.0263953	101324.996	101324.996	101324.996	101324.997	1.28091342e-05	0.00101324996	0	0	0.150739	0	0	3
2719	1697	114.212181	20.0337634	101324.996	101324.996	101324.996	101324.997	1.53590663e-05	0.00101324996	0	0	0.150985	0	0	3
2720	1697	114.254497	20.0411314	101324.996	101324.996	101324.996	101324.997	1.53590663e-05	0.00101324996	0	0	0.151195	0	0	3
2721	1698	114.296778	20.0484995	101324.996	101324.996	101324.996	101324.997	1.53590663e-05	0.00101324996	0	0	0.151349	0	0	3
2722	1698	114.339023	20.0558675	101324.996	101324.996	101324.996	101324.997	1.56960741e-05	0.00101324996	0	0	0.151559	0	0	3
2723	1699	114.381234	20.0632356	101324.996	101324.996	101324.996	101324.997	1.56960741e-05	0.00101324996	0	0	0.151733	0	0	3
2724	1700	114.423412	20.0706037	101324.996	101324.996	101324.996	101324.997	1.81109936e-05	0.00101324996	0	0	0.151944	0	0	3
2725	1700	114.465558	20.0779717	101324.996	101324.996	101324.996	101324.997	1.81109936e-05	0.00101324996	0	0	0.152067	0	0	3
2726	1701	114.507674	20.0853398	101324.996	101324.996	101324.996	101324.997	1.81109936e-05	0.00101324996	0	0	0.152186	0	0	3
2727	1702	114.549761	20.0927079	101324.996	101324.996	101324.996	101324.997	1.95794855e-05	0.00101324996	0	0	0.152286	0	0	3
2728	1702	114.591821	20.1000759	101324.996	101324.996	101324.996	101324.997	1.97059126e-05	0.00101324996	0	0	0.152366	0	0	3
2729	1703	114.633857	20.107444	101324.996	101324.996	101324.996	101324.997	2.07059347e-05	0.00101324996	0	0	0.152429	0	0	3
2730	1704	114.675869	20.114812	101324.996	101324.996	101324.996	101324.997	2.10567523e-05	0.00101324996	0	0	0.152548	0	0	3
2731	1704	114.71786	20.1221801	101324.996	101324.996	101324.996	101324.997	2.23783136e-05	0.00101324996	0	0	0.152589	0	0	3
2732	1705	114.759829	20.1295482	101324.996	101324.996	101324.996	101324.997	2.23783136e-05	0.00101324996	0	0	0.152603	0	0	3
2733	1705	114.801781	20.1369162	101324.996	101324.996	101324.996	101324.997	2.26499396e-05	0.00101324996	0	0	0.15258	0	0	3
2734	1706	114.843717	20.1442843	101324.997	101324.996	101324.996	101324.997	2.26499396e-05	0.00101324997	0	0	0.152563	0	0	3
2735	1707	114.885639	20.1516524	101324.996	101324.996	101324.996	101324.997	2.26499396e-05	0.00101324996	0	0	0.152517	0	0	3
2736	1707	114.92755	20.1590204	101324.997	101324.996	101324.996	101324.997	2.26499396e-05	0.00101324997	0	0	0.152505	0	0	3
2737	1708	114.96945	20.1663885	101324.997	101324.996	101324.996	101324.997	2.26499396e-05	0.00101324997	0	0	0.152379	0	0	3
2738	1709	115	20.1737566	101324.996	101324.996	101324.996	101324.997	2.26499396e-05	0.00101324996	0	0	0.1524	0	0	3
2739	1709	115.041888	20.1811246	101324.996	101324.996	101324.996	101324.997	2.26499396e-05	0.00101324996	0	0	0.152323	0	0	3
2740	1710	115.083772	20.1884927	101324.996	101324.996	101324.996	101324.997	2.32714956e-05	0.00101324996	0	0	0.152209	0	0	3
2741	1711	115.125652	20.1958607	101324.996	101324.996	101324.996	101324.997	2.34967592e-05	0.00101324996	0	0	0.152035	0	0	3
2742	1711	115.167532	20.2032288	101324.996	101324.996	101324.996	101324.997	2.43871182e-05	0.00101324996	0	0	0.151944	0	0	3
2743	1712	115.209415	20.2105969	101324.997	101324.996	101324.996	101324.997	2.43871182e-05	0.00101324997	0	0	0.151725	0	0	3
2744	1712	115.251301	20.2179649	101324.997	101324.996	101324.996	101324.997	2.45702831e-05	0.00101324997	0	0	0.151607	0	0	3
2745	1713	115.293194	20.225333	101324.997	101324.996	101324.996	101324.997	2.50259909e-05	0.00101324997	0	0	0.151385	0	0	3
2746	1714	115.335095	20.2327011	101324.997	101324.996	101324.996	101324.997	2.52130121e-05	0.00101324997	0	0	0.151219	0	0	3
2747	1714	115.377005	20.2400691	101324.997	101324.996	101324.996	101324.997	2.45101401e-05	0.00101324997	0	0	0.150967	0	0	3
2748	1715	115.418928	20.2474372	101324.996	101324.996	101324.996	101324.997	2.45101401e-05	0.00101324996	0	0	0.150794	0	0	3
2749	1716	115.460865	20.2548052	101324.996	101324.996	101324.996	101324.997	2.45101401e-05	0.00101324996	0	0	0.150546	0	0	3
2750	1716	115.502817	20.2621733	101324.996	101324.996	101324.996	101324.997	2.45101401e-05	0.00101324996	0	0	0.150333	0	0	3
2751	1717	115.544786	20.2695414	101324.996	101324.996	101324.996	101324.997	2.45101401e-05	0.00101324996	0	0	0.150027	0	0	3
2752	1718	115.586775	20.2769094	101324.996	101324.996	101324.996	101324.997	2.45101401e-05	0.00101324996	0	0	0.149753	0	0	3
2753	1718	115.628786	20.2842775	101324.996	101324.996	101324.996	101324.997	2.45101401e-05	0.00101324996	0	0	0.14944	0	0	3
2754	1719	115.67082	20.2916456	101324.996	101324.996	101324.996	101324.997	2.45101401e-05	0.00101324996	0	0	0.149223	0	0	3
2755	1719	115.712879	20.2990136	101324.996	101324.996	101324.996	101324.997	2.45101401e-05	0.00101324996	0	0	0.148849	0	0	3
2756	1720	115.754964	20.3063817	101324.996	101324.996	101324.996	101324.997	2.45101401e-05	0.00101324996	0	0	0.148567	0	0	3
2757	1721	115.797079	20.3137498	101324.996	101324.996	101324.996	101324.997	2.45101401e-05	0.00101324996	0	0	0.148233	0	0	3
2758	1721	115.839223	20.3211178	101324.996	101324.996	101324.996	101324.997	2.45101401e-05	0.00101324996	0	0	0.147881	0	0	3
2759	1722	115.881399	20.3284859	101324.996	101324.996	101324.996	101324.997	2.45101401e-05	0.00101324996	0	0	0.147548	0	0	3
2760	1723	115.923608	20.3358539	101324.996	101324.996	101324.996	101324.997	2.45101401e-05	0.00101324996	0	0	0.147252	0	0	3
2761	1723	115.965851	20.343222	101324.996	101324.996	101324.996	101324.997	2.45101401e-05	0.00101324996	0	0	0.146848	0	0	3
2762	1724	116	20.3505901	101324.996	101324.996	101324.996	101324.997	2.45101401e-05	0.00101324996	0	0	0.146497	0	0	3
2763	1725	116.04231	20.3579581	101324.996	101324.996	101324.996	101324.997	2.17675406e-05	0.00101324996	0	0	0.146206	0	0	3
2764	1725	116.084658	20.3653262	101324.996	101324.996	101324.996	101324.997	2.17675406e-05	0.00101324996	0	0	0.145811	0	0	3
2765	1726	116.127046	20.3726943	101324.996	101324.996	101324.996	101324.997	2.17675406e-05	0.00101324996	0	0	0.145487	0	0	3
2766	1727	116.169474	20.3800623	101324.996	101324.996	101324.996	101324.997	2.17675406e-05	0.00101324996	0	0	0.145109	0	0	3
2767	1727	116.211944	20.3874304	101324.996	101324.996	101324.996	101324.997	2.17675406e-05	0.00101324996	0	0	0.144681	0	0	3
2768	1728	116.254456	20.3947984	101324.996	101324.996	101324.996	101324.997	2.17675406e-05	0.00101324996	0	0	0.144539	0	0	3
2769	1728	116.297013	20.4021665	101324.996	101324.996	101324.996	101324.997	2.17675406e-05	0.00101324996	0	0	0.144923	0	0	3
2770	1729	116.339614	20.4095346	101324.996	101324.996	101324.996	101324.997	2.17675406e-05	0.00101324996	0	0	0.145314	0	0	3
2771	1730	116.38226	20.4169026	101324.996	101324.996	101324.996	101324.997	2.17675406e-05	0.00101324996	0	0	0.145674	0	0	3
2772	1730	116.424952	20.4242707	101324.996	101324.996	101324.996	101324.997	2.17675406e-05	0.00101324996	0	0	0.146049	0	0	3
2773	1731	116.467691	20.4316388	101324.996	101324.996	101324.996	101324.997	2.17675406e-05	0.00101324996	0	0	0.1464	0	0	3
2774	1732	116.510476	20.4390068	101324.996	101324.996	101324.996	101324.997	1.96618203e-05	0.00101324996	0	0	0.146803	0	0	3
2775	1732	116.55331	20.4463749	101324.996	101324.996	101324.996	101324.997	1.9550891e-05	0.00101324996	0	0	0.147144	0	0	3
2776	1733	116.59619	20.4537429	101324.996	101324.996	101324.996	101324.997	1.94556051e-05	0.00101324996	0	0	0.14754	0	0	3
2777	1734	116.639098	20.461111	101324.996	101324.996	101324.996	101324.997	1.85790122e-05	0.00101324996	0	0	0.14785	0	0	3
2778	1734	116.681958	20.4684791	101324.996	101324.996	101324.996	101324.997	1.85790122e-05	0.00101324996	0	0	0.148223	0	0	3
2779	1735	116.72477	20.4758471	101324.996	101324.996	101324.996	101324.997	1.85790122e-05	0.00101324996	0	0	0.148544	0	0	3
2780	1736	116.767535	20.4832152	101324.996	101324.996	101324.996	101324.997	1.85790122e-05	0.00101324996	0	0	0.148866	0	0	3
2781	1736	116.810255	20.4905833	101324.996	101324.996	101324.996	101324.997	1.85790122e-05	0.00101324996	0	0	0.14916	0	0	3
2782	1737	116.85293	20.4979513	101324.996	101324.996	101324.996	101324.997	1.85790122e-05	0.00101324996	0	0	0.149483	0	0	3
2783	1738	116.895561	20.5053194	101324.996	101324.996	101324.996	101324.997	1.55328162e-05	0.00101324996	0	0	0.14978	0	0	3
2784	1738	116.938147	20.5126875	101324.996	101324.996	101324.996	101324.997	1.51193526e-05	0.00101324996	0	0	0.150022	0	0	3
2785	1739	116.980692	20.5200555	101324.996	101324.996	101324.996	101324.997	1.51193526e-05	0.00101324996	0	0	0.150346	0	0	3
2786	1739	117	20.5274236	101324.996	101324.996	101324.996	101324.997	1.51193526e-05	0.00101324996	0	0	0.150567	0	0	3
2787	1740	117.042484	20.5347916	101324.996	101324.996	101324.996	101324.997	1.51193526e-05	0.00101324996	0	0	0.150696	0	0	3
2788	1741	117.084928	20.5421597	101324.996	101324.996	101324.996	101324.997	1.66158279e-05	0.00101324996	0	0	0.15095	0	0	3
2789	1742	117.127335	20.5495278	101324.996	101324.996	101324.996	101324.997	1.66158279e-05	0.00101324996	0	0	0.151224	0	0	3
2790	1742	117.169703	20.5568958	101324.996	101324.996	101324.996	101324.997	1.66158279e-05	0.00101324996	0	0	0.151423	0	0	3
2791	1743	117.212036	20.5642639	101324.996	101324.996	101324.996	101324.997	1.66158279e-05	0.00101324996	0	0	0.15162	0	0	3
2792	1743	117.254333	20.571632	101324.996	101324.996	101324.996	101324.997	1.66158279e-05	0.00101324996	0	0	0.151805	0	0	3
2793	1744	117.296598	20.579	101324.996	101324.996	101324.996	101324.997	1.90155552e-05	0.00101324996	0	0	0.151958	0	0	3
2794	1745	117.338831	20.5863681	101324.996	101324.996	101324.996	101324.997	1.90155552e-05	0.00101324996	0	0	0.152153	0	0	3
2795	1745	117.381033	20.5937361	101324.996	101324.996	101324.996	101324.997	1.90155552e-05	0.00101324996	0	0	0.152307	0	0	3
2796	1746	117.423205	20.6011042	101324.996	101324.996	101324.996	101324.997	1.90155552e-05	0.00101324996	0	0	0.152421	0	0	3
2797	1747	117.465351	20.6084723	101324.996	101324.996	101324.996	101324.997	1.90155552e-05	0.00101324996	0	0	0.152498	0	0	3
2798	1747	117.50747	20.6158403	101324.996	101324.996	101324.996	101324.997	1.90155552e-05	0.00101324996	0	0	0.152586	0	0	3
2799	1748	117.549567	20.6232084	101324.996	101324.996	101324.996	101324.997	2.05902616e-05	0.00101324996	0	0	0.152651	0	0	3
2800	1749	117.591641	20.6305765	101324.996	101324.996	101324.996	101324.997	2.05902616e-05	0.00101324996	0	0	0.152744	0	0	3
2801	1749	117.633695	20.6379445	101324.996	101324.996	101324.996	101324.997	2.05902616e-05	0.00101324996	0	0	0.152794	0	0	3
2802	1750	117.67573	20.6453126	101324.996	101324.996	101324.996	101324.997	2.05902616e-05	0.00101324996	0	0	0.152795	0	0	3
2803	1751	117.717748	20.6526806	101324.996	101324.996	101324.996	101324.997	2.05902616e-05	0.00101324996	0	0	0.152775	0	0	3
2804	1751	117.759752	20.6600487	101324.996	101324.996	101324.996	101324.997	2.05902616e-05	0.00101324996	0	0	0.152761	0	0	3
2805	1752	117.801744	20.6674168	101324.997	101324.996	101324.996	101324.997	2.05902616e-05	0.00101324997	0	0	0.15269	0	0	3
2806	1753	117.843726	20.6747848	101324.996	101324.996	101324.996	101324.997	2.05902616e-05	0.00101324996	0	0	0.152671	0	0	3
2807	1753	117.885701	20.6821529	101324.996	101324.996	101324.996	101324.997	2.05902616e-05	0.00101324996	0	0	0.152602	0	0	3
2808	1754	117.927668	20.689521	101324.996	101324.996	101324.996	101324.997	2.05902616e-05	0.00101324996	0	0	0.152533	0	0	3
2809	1754	117.969632	20.696889	101324.996	101324.996	101324.996	101324.997	2.05902616e-05	0.00101324996	0	0	0.152447	0	0	3
2810	1755	118	20.7042571	101324.996	101324.996	101324.996	101324.997	2.05902616e-05	0.00101324996	0	0	0.152314	0	0	3
2811	1756	118.041961	20.7116252	101324.996	101324.996	101324.996	101324.997	2.05902616e-05	0.00101324996	0	0	0.152194	0	0	3
2812	1756	118.083922	20.7189932	101324.997	101324.996	101324.996	101324.997	2.05902616e-05	0.00101324997	0	0	0.152042	0	0	3
2813	1757	118.125888	20.7263613	101324.997	101324.996	101324.996	101324.997	2.05902616e-05	0.00101324997	0	0	0.15189	0	0	3
2814	1758	118.167859	20.7337293	101324.997	101324.996	101324.996	101324.997	1.81976648e-05	0.00101324997	0	0	0.151701	0	0	3
2815	1758	118.209838	20.7410974	101324.997	101324.996	101324.996	101324.997	1.81976648e-05	0.00101324997	0	0	0.151495	0	0	3
2816	1759	118.251827	20.7484655	101324.997	101324.996	101324.996	101324.997	1.81976648e-05	0.00101324997	0	0	0.151312	0	0	3
2817	1760	118.293828	20.7558335	101324.996	101324.996	101324.996	101324.997	1.81976648e-05	0.00101324996	0	0	0.151067	0	0	3
2818	1760	118.335842	20.7632016	101324.996	101324.996	101324.996	101324.997	1.81976648e-05	0.00101324996	0	0	0.150844	0	0	3
2819	1761	118.377872	20.7705697	101324.996	101324.996	101324.996	101324.997	1.8170962e-05	0.00101324996	0	0	0.150609	0	0	3
2820	1762	118.419919	20.7779377	101324.996	101324.996	101324.996	101324.997	1.8170962e-05	0.00101324996	0	0	0.150366	0	0	3
2821	1762	118.461985	20.7853058	101324.996	101324.996	101324.996	101324.997	1.8170962e-05	0.00101324996	0	0	0.15006	0	0	3
2822	1763	118.504072	20.7926738	101324.996	101324.996	101324.996	101324.997	1.8170962e-05	0.00101324996	0	0	0.14979	0	0	3
2823	1764	118.546183	20.8000419	101324.996	101324.996	101324.996	101324.997	1.61077332e-05	0.00101324996	0	0	0.149482	0	0	3
2824	1764	118.588318	20.80741	101324.996	101324.996	101324.996	101324.997	1.57196337e-05	0.00101324996	0	0	0.149192	0	0	3
2825	1765	118.63048	20.814778	101324.996	101324.996	101324.996	101324.997	1.40772172e-05	0.00101324996	0	0	0.148848	0	0	3
2826	1766	118.67267	20.8221461	101324.996	101324.996	101324.996	101324.997	1.40449847e-05	0.00101324996	0	0	0.148559	0	0	3
2827	1766	118.714891	20.8295142	101324.996	101324.996	101324.996	101324.997	1.40449847e-05	0.00101324996	0	0	0.148213	0	0	3
2828	1767	118.757142	20.8368822	101324.996	101324.996	101324.996	101324.997	1.40449847e-05	0.00101324996	0	0	0.147854	0	0	3
2829	1767	118.799427	20.8442503	101324.996	101324.996	101324.996	101324.997	1.30622793e-05	0.00101324996	0	0	0.147552	0	0	3
2830	1768	118.841746	20.8516184	101324.996	101324.996	101324.996	101324.997	1.25626539e-05	0.00101324996	0	0	0.147183	0	0	3
2831	1769	118.884102	20.8589864	101324.996	101324.996	101324.996	101324.997	1.25626539e-05	0.00101324996	0	0	0.146807	0	0	3
2832	1770	118.926495	20.8663545	101324.996	101324.996	101324.996	101324.997	1.25626539e-05	0.00101324996	0	0	0.146462	0	0	3
2833	1770	118.968926	20.8737225	101324.996	101324.996	101324.996	101324.997	1.25626539e-05	0.00101324996	0	0	0.146083	0	0	3
2834	1771	119	20.8810906	101324.996	101324.996	101324.996	101324.997	1.25626539e-05	0.00101324996	0	0	0.145786	0	0	3
2835	1772	119.042501	20.8884587	101324.996	101324.996	101324.996	101324.997	1.25626539e-05	0.00101324996	0	0	0.145419	0	0	3
2836	1772	119.085043	20.8958267	101324.996	101324.996	101324.996	101324.997	1.25626539e-05	0.00101324996	0	0	0.145078	0	0	3
2837	1773	119.127629	20.9031948	101324.996	101324.996	101324.996	101324.997	1.25626539e-05	0.00101324996	0	0	0.144692	0	0	3
2838	1774	119.170257	20.9105629	101324.996	101324.996	101324.996	101324.997	1.25626539e-05	0.00101324996	0	0	0.144903	0	0	3
2839	1774	119.21293	20.9179309	101324.996	101324.996	101324.996	101324.997	1.25626539e-05	0.00101324996	0	0	0.14528	0	0	3
2840	1775	119.255648	20.925299	101324.996	101324.996	101324.996	101324.997	1.25626539e-05	0.00101324996	0	0	0.145659	0	0	3
2841	1776	119.298412	20.932667	101324.996	101324.996	101324.996	101324.997	1.25626539e-05	0.00101324996	0	0	0.146033	0	0	3
2842	1776	119.341223	20.9400351	101324.996	101324.996	101324.996	101324.997	1.25626539e-05	0.00101324996	0	0	0.146408	0	0	3
2843	1777	119.384081	20.9474032	101324.996	101324.996	101324.996	101324.997	1.25626539e-05	0.00101324996	0	0	0.146772	0	0	3
2844	1778	119.426986	20.9547712	101324.996	101324.996	101324.996	101324.997	1.25626539e-05	0.00101324996	0	0	0.14714	0	0	3
2845	1778	119.469867	20.9621393	101324.996	101324.996	101324.996	101324.997	1.25626539e-05	0.00101324996	0	0	0.147509	0	0	3
2846	1779	119.512701	20.9695074	101324.996	101324.996	101324.996	101324.997	1.25626539e-05	0.00101324996	0	0	0.147863	0	0	3
2847	1779	119.555486	20.9768754	101324.996	101324.996	101324.996	101324.997	1.25626539e-05	0.00101324996	0	0	0.148182	0	0	3
2848	1780	119.598224	20.9842435	101324.996	101324.996	101324.996	101324.997	1.25626539e-05	0.00101324996	0	0	0.148527	0	0	3
2849	1781	119.640916	20.9916115	101324.996	101324.996	101324.996	101324.997	1.25626539e-05	0.00101324996	0	0	0.148844	0	0	3
2850	1781	119.683561	20.9989796	101324.996	101324.996	101324.996	101324.997	1.25626539e-05	0.00101324996	0	0	0.149124	0	0	3
2851	1782	119.726162	21.0063477	101324.996	101324.996	101324.996	101324.997	1.25626539e-05	0.00101324996	0	0	0.149477	0	0	3
2852	1783	119.768717	21.0137157	101324.996	101324.996	101324.996	101324.997	1.25626539e-05	0.00101324996	0	0	0.149741	0	0	3
2853	1783	119.811229	21.0210838	101324.996	101324.996	101324.996	101324.997	1.25626539e-05	0.00101324996	0	0	0.14997	0	0	3
2854	1784	119.8537	21.0284519	101324.996	101324.996	101324.996	101324.997	1.25626539e-05	0.00101324996	0	0	0.150314	0	0	3
2855	1785	119.896129	21.0358199	101324.996	101324.996	101324.996	101324.997	1.25626539e-05	0.00101324996	0	0	0.150538	0	0	3
2856	1785	119.938517	21.043188	101324.996	101324.996	101324.996	101324.997	1.25626539e-05	0.00101324996	0	0	0.150766	0	0	3
2857	1786	119.980866	21.0505561	101324.996	101324.996	101324.996	101324.997	1.25626539e-05	0.00101324996	0	0	0.151039	0	0	3
2858	1787	120	21.0579241	101324.996	101324.996	101324.996	101324.997	1.25626539e-05	0.00101324996	0	0	0.151255	0	0	3
2859	1787	120.042293	21.0652922	101324.996	101324.996	101324.996	101324.997	1.25626539e-05	0.00101324996	0	0	0.151267	0	0	3
2860	1788	120.08455	21.0726602	101324.996	101324.996	101324.996	101324.997	1.36196613e-05	0.00101324996	0	0	0.151495	0	0	3
2861	1789	120.126773	21.0800283	101324.996	101324.996	101324.996	101324.997	1.36196613e-05	0.00101324996	0	0	0.151656	0	0	3
2862	1789	120.168962	21.0873964	101324.996	101324.996	101324.996	101324.997	1.36196613e-05	0.00101324996	0	0	0.151843	0	0	3
2863	1790	120.21112	21.0947644	101324.996	101324.996	101324.996	101324.997	1.36196613e-05	0.00101324996	0	0	0.152014	0	0	3
2864	1791	120.253248	21.1021325	101324.996	101324.996	101324.996	101324.997	1.37723982e-05	0.00101324996	0	0	0.152184	0	0	3
2865	1791	120.295345	21.1095006	101324.996	101324.996	101324.996	101324.997	1.50280684e-05	0.00101324996	0	0	0.152258	0	0	3
2866	1792	120.337415	21.1168686	101324.996	101324.996	101324.996	101324.997	1.58457551e-05	0.00101324996	0	0	0.152377	0	0	3
2867	1792	120.379459	21.1242367	101324.996	101324.996	101324.996	101324.997	1.5351412e-05	0.00101324996	0	0	0.152412	0	0	3
2868	1793	120.421479	21.1316047	101324.996	101324.996	101324.996	101324.997	1.5351412e-05	0.00101324996	0	0	0.152497	0	0	3
2869	1794	120.463478	21.1389728	101324.996	101324.996	101324.996	101324.997	1.5351412e-05	0.00101324996	0	0	0.152561	0	0	3
2870	1794	120.505455	21.1463409	101324.996	101324.996	101324.996	101324.997	1.5351412e-05	0.00101324996	0	0	0.152633	0	0	3
2871	1795	120.547414	21.1537089	101324.996	101324.996	101324.996	101324.997	1.54554145e-05	0.00101324996	0	0	0.152593	0	0	3
2872	1796	120.589355	21.161077	101324.996	101324.996	101324.996	101324.997	1.57926261e-05	0.00101324996	0	0	0.152613	0	0	3
2873	1796	120.631282	21.1684451	101324.996	101324.996	101324.996	101324.997	1.67239341e-05	0.00101324996	0	0	0.15254	0	0	3
2874	1797	120.673196	21.1758131	101324.997	101324.996	101324.996	101324.997	1.67239341e-05	0.00101324997	0	0	0.152524	0	0	3
2875	1798	120.7151	21.1831812	101324.996	101324.996	101324.996	101324.997	1.67239341e-05	0.00101324996	0	0	0.152462	0	0	3
2876	1798	120.756995	21.1905493	101324.996	101324.996	101324.996	101324.997	1.67239341e-05	0.00101324996	0	0	0.152405	0	0	3
2877	1799	120.798884	21.1979173	101324.996	101324.996	101324.996	101324.997	1.67239341e-05	0.00101324996	0	0	0.152306	0	0	3
2878	1800	120.840767	21.2052854	101324.996	101324.996	101324.996	101324.997	1.67239341e-05	0.00101324996	0	0	0.152269	0	0	3
2879	1800	120.882648	21.2126534	101324.996	101324.996	101324.996	101324.997	1.67239341e-05	0.00101324996	0	0	0.15207	0	0	3
2880	1801	120.924528	21.2200215	101324.996	101324.996	101324.996	101324.997	1.67239341e-05	0.00101324996	0	0	0.151971	0	0	3
2881	1801	120.966409	21.2273896	101324.997	101324.996	101324.996	101324.997	1.67239341e-05	0.00101324997	0	0	0.151778	0	0	3
2882	1802	121	21.2347576	101324.997	101324.996	101324.996	101324.997	1.70971325e-05	0.00101324997	0	0	0.151657	0	0	3
2883	1803	121.041889	21.2421257	101324.997	101324.996	101324.996	101324.997	1.78062182e-05	0.00101324997	0	0	0.15144	0	0	3
2884	1803	121.083787	21.2494938	101324.997	101324.996	101324.996	101324.997	1.78107002e-05	0.00101324997	0	0	0.151321	0	0	3
2885	1804	121.125693	21.2568618	101324.997	101324.996	101324.996	101324.997	1.78107002e-05	0.00101324997	0	0	0.151027	0	0	3
2886	1805	121.167611	21.2642299	101324.996	101324.996	101324.996	101324.997	1.78107002e-05	0.00101324996	0	0	0.150871	0	0	3
2887	1805	121.209542	21.2715979	101324.996	101324.996	101324.996	101324.997	1.78107002e-05	0.00101324996	0	0	0.150627	0	0	3
2888	1806	121.251489	21.278966	101324.996	101324.996	101324.996	101324.997	1.78107002e-05	0.00101324996	0	0	0.150421	0	0	3
2889	1807	121.293452	21.2863341	101324.996	101324.996	101324.996	101324.997	1.78107002e-05	0.00101324996	0	0	0.150116	0	0	3
2890	1807	121.335434	21.2937021	101324.996	101324.996	101324.996	101324.997	1.78107002e-05	0.00101324996	0	0	0.149893	0	0	3
2891	1808	121.377436	21.3010702	101324.997	101324.996	101324.996	101324.997	1.78107002e-05	0.00101324997	0	0	0.14952	0	0	3
2892	1809	121.419462	21.3084383	101324.996	101324.996	101324.996	101324.997	1.78107002e-05	0.00101324996	0	0	0.14931	0	0	3
2893	1809	121.461512	21.3158063	101324.996	101324.996	101324.996	101324.997	1.78107002e-05	0.00101324996	0	0	0.148951	0	0	3
2894	1810	121.503589	21.3231744	101324.996	101324.996	101324.996	101324.997	1.78107002e-05	0.00101324996	0	0	0.148691	0	0	3
2895	1811	121.545693	21.3305424	101324.996	101324.996	101324.996	101324.997	1.78107002e-05	0.00101324996	0	0	0.148306	0	0	3
2896	1811	121.587827	21.3379105	101324.996	101324.996	101324.996	101324.997	1.78107002e-05	0.00101324996	0	0	0.148055	0	0	3
2897	1812	121.629992	21.3452786	101324.996	101324.996	101324.996	101324.997	1.78107002e-05	0.00101324996	0	0	0.147641	0	0	3
2898	1812	121.67219	21.3526466	101324.996	101324.996	101324.996	101324.997	1.78107002e-05	0.00101324996	0	0	0.147359	0	0	3
2899	1813	121.714422	21.3600147	101324.996	101324.996	101324.996	101324.997	1.78107002e-05	0.00101324996	0	0	0.14697	0	0	3
2900	1814	121.756689	21.3673828	101324.996	101324.996	101324.996	101324.997	1.78107002e-05	0.00101324996	0	0	0.146621	0	0	3
2901	1815	121.798994	21.3747508	101324.996	101324.996	101324.996	101324.997	1.54986483e-05	0.00101324996	0	0	0.146251	0	0	3
2902	1815	121.841336	21.3821189	101324.996	101324.996	101324.996	101324.997	1.67532125e-05	0.00101324996	0	0	0.145909	0	0	3
2903	1816	121.883718	21.389487	101324.996	101324.996	101324.996	101324.997	1.67532125e-05	0.00101324996	0	0	0.145515	0	0	3
2904	1816	121.92614	21.396855	101324.996	101324.996	101324.996	101324.997	1.67532125e-05	0.00101324996	0	0	0.145132	0	0	3
2905	1817	121.968605	21.4042231	101324.996	101324.996	101324.996	101324.997	1.67532125e-05	0.00101324996	0	0	0.144788	0	0	3
2906	1818	122	21.4115911	101324.996	101324.996	101324.996	101324.997	1.67532125e-05	0.00101324996	0	0	0.144466	0	0	3
2907	1818	122.042538	21.4189592	101324.996	101324.996	101324.996	101324.997	1.67532125e-05	0.00101324996	0	0	0.144766	0	0	3
2908	1819	122.085121	21.4263273	101324.996	101324.996	101324.996	101324.997	1.67532125e-05	0.00101324996	0	0	0.145145	0	0	3
2909	1820	122.127749	21.4336953	101324.996	101324.996	101324.996	101324.997	1.67532125e-05	0.00101324996	0	0	0.145535	0	0	3
2910	1821	122.170423	21.4410634	101324.996	101324.996	101324.996	101324.997	1.67532125e-05	0.00101324996	0	0	0.145913	0	0	3
2911	1821	122.213142	21.4484315	101324.996	101324.996	101324.996	101324.997	1.67532125e-05	0.00101324996	0	0	0.146269	0	0	3
2912	1822	122.255909	21.4557995	101324.996	101324.996	101324.996	101324.997	1.67532125e-05	0.00101324996	0	0	0.146642	0	0	3
2913	1822	122.298723	21.4631676	101324.996	101324.996	101324.996	101324.997	1.81344803e-05	0.00101324996	0	0	0.147011	0	0	3
2914	1823	122.341585	21.4705356	101324.996	101324.996	101324.996	101324.997	1.81525975e-05	0.00101324996	0	0	0.147389	0	0	3
2915	1824	122.384494	21.4779037	101324.996	101324.996	101324.996	101324.997	1.81525975e-05	0.00101324996	0	0	0.147733	0	0	3
2916	1824	122.427373	21.4852718	101324.996	101324.996	101324.996	101324.997	1.81525975e-05	0.00101324996	0	0	0.148105	0	0	3
2917	1825	122.470204	21.4926398	101324.996	101324.996	101324.996	101324.997	1.84916862e-05	0.00101324996	0	0	0.148396	0	0	3
2918	1826	122.512988	21.5000079	101324.996	101324.996	101324.996	101324.997	1.84916862e-05	0.00101324996	0	0	0.14875	0	0	3
2919	1826	122.555725	21.507376	101324.996	101324.996	101324.996	101324.997	1.8862338e-05	0.00101324996	0	0	0.149047	0	0	3
2920	1827	122.598418	21.514744	101324.996	101324.996	101324.996	101324.997	1.8862338e-05	0.00101324996	0	0	0.149395	0	0	3
2921	1828	122.641065	21.5221121	101324.996	101324.996	101324.996	101324.997	1.8862338e-05	0.00101324996	0	0	0.14967	0	0	3
2922	1828	122.683668	21.5294801	101324.996	101324.996	101324.996	101324.997	1.8862338e-05	0.00101324996	0	0	0.149939	0	0	3
2923	1829	122.726229	21.5368482	101324.996	101324.996	101324.996	101324.997	1.8862338e-05	0.00101324996	0	0	0.150222	0	0	3
2924	1830	122.768748	21.5442163	101324.996	101324.996	101324.996	101324.997	1.8862338e-05	0.00101324996	0	0	0.150518	0	0	3
2925	1830	122.811226	21.5515843	101324.996	101324.996	101324.996	101324.997	1.8862338e-05	0.00101324996	0	0	0.150732	0	0	3
2926	1831	122.853664	21.5589524	101324.996	101324.996	101324.996	101324.997	1.8862338e-05	0.00101324996	0	0	0.151003	0	0	3
2927	1832	122.896064	21.5663205	101324.996	101324.996	101324.996	101324.997	1.8862338e-05	0.00101324996	0	0	0.151216	0	0	3
2928	1832	122.938427	21.5736885	101324.996	101324.996	101324.996	101324.997	1.8862338e-05	0.00101324996	0	0	0.151442	0	0	3
2929	1833	122.980755	21.5810566	101324.996	101324.996	101324.996	101324.997	1.8862338e-05	0.00101324996	0	0	0.151662	0	0	3
2930	1834	123	21.5884247	101324.996	101324.996	101324.996	101324.997	1.8862338e-05	0.00101324996	0	0	0.151781	0	0	3
2931	1834	123.042277	21.5957927	101324.996	101324.996	101324.996	101324.997	1.8862338e-05	0.00101324996	0	0	0.151901	0	0	3
2932	1835	123.084522	21.6031608	101324.996	101324.996	101324.996	101324.997	1.8862338e-05	0.00101324996	0	0	0.152105	0	0	3
2933	1836	123.126735	21.6105288	101324.996	101324.996	101324.996	101324.997	1.8862338e-05	0.00101324996	0	0	0.152299	0	0	3
2934	1836	123.168918	21.6178969	101324.996	101324.996	101324.996	101324.997	1.8862338e-05	0.00101324996	0	0	0.152391	0	0	3
2935	1837	123.211073	21.625265	101324.996	101324.996	101324.996	101324.997	1.8862338e-05	0.00101324996	0	0	0.152471	0	0	3
2936	1838	123.253201	21.632633	101324.996	101324.996	101324.996	101324.997	1.8862338e-05	0.00101324996	0	0	0.152569	0	0	3
2937	1838	123.295306	21.6400011	101324.996	101324.996	101324.996	101324.997	1.8862338e-05	0.00101324996	0	0	0.152633	0	0	3
2938	1839	123.337388	21.6473692	101324.996	101324.996	101324.996	101324.997	1.8862338e-05	0.00101324996	0	0	0.152731	0	0	3
2939	1840	123.379449	21.6547372	101324.996	101324.996	101324.996	101324.997	1.8862338e-05	0.00101324996	0	0	0.152799	0	0	3
2940	1840	123.42149	21.6621053	101324.996	101324.996	101324.996	101324.997	1.8862338e-05	0.00101324996	0	0	0.152809	0	0	3
2941	1841	123.463514	21.6694733	101324.996	101324.996	101324.996	101324.997	1.8862338e-05	0.00101324996	0	0	0.152785	0	0	3
2942	1842	123.505523	21.6768414	101324.996	101324.996	101324.996	101324.997	1.8862338e-05	0.00101324996	0	0	0.152785	0	0	3
2943	1842	123.547519	21.6842095	101324.996	101324.996	101324.996	101324.997	1.8862338e-05	0.00101324996	0	0	0.152732	0	0	3
2944	1843	123.589503	21.6915775	101324.996	101324.996	101324.996	101324.997	1.8862338e-05	0.00101324996	0	0	0.152696	0	0	3
2945	1844	123.63148	21.6989456	101324.997	101324.996	101324.996	101324.997	1.8862338e-05	0.00101324997	0	0	0.152621	0	0	3
2946	1844	123.673449	21.7063137	101324.996	101324.996	101324.996	101324.997	1.8862338e-05	0.00101324996	0	0	0.152569	0	0	3
2947	1845	123.715414	21.7136817	101324.996	101324.996	101324.996	101324.997	1.8862338e-05	0.00101324996	0	0	0.152513	0	0	3
2948	1846	123.757374	21.7210498	101324.996	101324.996	101324.996	101324.997	1.8862338e-05	0.00101324996	0	0	0.152383	0	0	3
2949	1846	123.799334	21.7284179	101324.996	101324.996	101324.996	101324.997	1.8862338e-05	0.00101324996	0	0	0.152228	0	0	3
2950	1847	123.841294	21.7357859	101324.997	101324.996	101324.996	101324.997	1.8862338e-05	0.00101324997	0	0	0.152074	0	0	3
2951	1847	123.883259	21.743154	101324.997	101324.996	101324.996	101324.997	1.8862338e-05	0.00101324997	0	0	0.151909	0	0	3
2952	1848	123.925228	21.750522	101324.997	101324.996	101324.996	101324.997	1.61912903e-05	0.00101324997	0	0	0.151722	0	0	3
2953	1849	123.967206	21.7578901	101324.997	101324.996	101324.996	101324.997	1.61912903e-05	0.00101324997	0	0	0.151538	0	0	3
2954	1849	124	21.7652582	101324.997	101324.996	101324.996	101324.997	1.61912903e-05	0.00101324997	0	0	0.151352	0	0	3
2955	1850	124.041996	21.7726262	101324.997	101324.996	101324.996	101324.997	1.61912903e-05	0.00101324997	0	0	0.151146	0	0	3
2956	1851	124.084005	21.7799943	101324.996	101324.996	101324.996	101324.997	1.62886136e-05	0.00101324996	0	0	0.150924	0	0	3
2957	1851	124.126029	21.7873624	101324.996	101324.996	101324.996	101324.997	1.61216012e-05	0.00101324996	0	0	0.150723	0	0	3
2958	1852	124.168069	21.7947304	101324.996	101324.996	101324.996	101324.997	1.41497003e-05	0.00101324996	0	0	0.150456	0	0	3
2959	1853	124.210128	21.8020985	101324.996	101324.996	101324.996	101324.997	1.40545017e-05	0.00101324996	0	0	0.150174	0	0	3
2960	1854	124.252207	21.8094665	101324.996	101324.996	101324.996	101324.997	1.40545017e-05	0.00101324996	0	0	0.149871	0	0	3
2961	1855	124.294309	21.8168346	101324.996	101324.996	101324.996	101324.997	1.33729482e-05	0.00101324996	0	0	0.149607	0	0	3
2962	1856	124.336435	21.8242027	101324.996	101324.996	101324.996	101324.997	1.28620741e-05	0.00101324996	0	0	0.149292	0	0	3
2963	1856	124.378587	21.8315707	101324.996	101324.996	101324.996	101324.997	1.28620741e-05	0.00101324996	0	0	0.148986	0	0	3
2964	1857	124.420767	21.8389388	101324.996	101324.996	101324.996	101324.997	1.28620741e-05	0.00101324996	0	0	0.148665	0	0	3
2965	1858	124.462977	21.8463069	101324.996	101324.996	101324.996	101324.997	1.28620741e-05	0.00101324996	0	0	0.148331	0	0	3
2966	1858	124.505217	21.8536749	101324.996	101324.996	101324.996	101324.997	1.28620741e-05	0.00101324996	0	0	0.147988	0	0	3
2967	1859	124.54749	21.861043	101324.996	101324.996	101324.996	101324.997	1.28620741e-05	0.00101324996	0	0	0.147677	0	0	3
2968	1859	124.589797	21.868411	101324.996	101324.996	101324.996	101324.997	1.28620741e-05	0.00101324996	0	0	0.147303	0	0	3
2969	1860	124.632139	21.8757791	101324.996	101324.996	101324.996	101324.997	1.28620741e-05	0.00101324996	0	0	0.146947	0	0	3
2970	1861	124.674518	21.8831472	101324.996	101324.996	101324.996	101324.997	1.28620741e-05	0.00101324996	0	0	0.146591	0	0	3
2971	1861	124.716936	21.8905152	101324.996	101324.996	101324.996	101324.997	1.28620741e-05	0.00101324996	0	0	0.14622	0	0	3
2972	1862	124.759393	21.8978833	101324.996	101324.996	101324.996	101324.997	1.28620741e-05	0.00101324996	0	0	0.145873	0	0	3
2973	1863	124.801891	21.9052514	101324.996	101324.996	101324.996	101324.997	1.28620741e-05	0.00101324996	0	0	0.145473	0	0	3
2974	1863	124.84443	21.9126194	101324.996	101324.996	101324.996	101324.997	1.28620741e-05	0.00101324996	0	0	0.145136	0	0	3
2975	1864	124.887011	21.9199875	101324.996	101324.996	101324.996	101324.997	1.28620741e-05	0.00101324996	0	0	0.144697	0	0	3
2976	1865	124.929636	21.9273556	101324.996	101324.996	101324.996	101324.997	1.28620741e-05	0.00101324996	0	0	0.144876	0	0	3
2977	1865	124.972306	21.9347236	101324.996	101324.996	101324.996	101324.997	1.28620741e-05	0.00101324996	0	0	0.145252	0	0	3
2978	1866	125	21.9420917	101324.996	101324.996	101324.996	101324.997	1.28620741e-05	0.00101324996	0	0	0.145614	0	0	3
2979	1867	125.042745	21.9494597	101324.996	101324.996	101324.996	101324.997	1.28620741e-05	0.00101324996	0	0	0.145866	0	0	3
2980	1868	125.085536	21.9568278	101324.996	101324.996	101324.996	101324.997	1.28620741e-05	0.00101324996	0	0	0.146266	0	0	3
2981	1868	125.128375	21.9641959	101324.996	101324.996	101324.996	101324.997	1.28620741e-05	0.00101324996	0	0	0.146624	0	0	3
2982	1869	125.17126	21.9715639	101324.996	101324.996	101324.996	101324.997	1.28620741e-05	0.00101324996	0	0	0.146996	0	0	3
2983	1869	125.214162	21.978932	101324.996	101324.996	101324.996	101324.997	1.28620741e-05	0.00101324996	0	0	0.147345	0	0	3
2984	1870	125.257016	21.9863001	101324.996	101324.996	101324.996	101324.997	1.28620741e-05	0.00101324996	0	0	0.14773	0	0	3
2985	1871	125.299821	21.9936681	101324.996	101324.996	101324.996	101324.997	1.28620741e-05	0.00101324996	0	0	0.148068	0	0	3
2986	1871	125.342579	22.0010362	101324.996	101324.996	101324.996	101324.997	1.28620741e-05	0.00101324996	0	0	0.148373	0	0	3
2987	1872	125.38529	22.0084042	101324.996	101324.996	101324.996	101324.997	1.28620741e-05	0.00101324996	0	0	0.148699	0	0	3
2988	1873	125.427956	22.0157723	101324.996	101324.996	101324.996	101324.997	1.28620741e-05	0.00101324996	0	0	0.149029	0	0	3
2989	1873	125.470575	22.0231404	101324.996	101324.996	101324.996	101324.997	1.28620741e-05	0.00101324996	0	0	0.149337	0	0	3
2990	1874	125.51315	22.0305084	101324.996	101324.996	101324.996	101324.997	1.28620741e-05	0.00101324996	0	0	0.149633	0	0	3
2991	1875	125.55568	22.0378765	101324.996	101324.996	101324.996	101324.997	1.28620741e-05	0.00101324996	0	0	0.149891	0	0	3
2992	1875	125.598168	22.0452446	101324.996	101324.996	101324.996	101324.997	1.28620741e-05	0.00101324996	0	0	0.1502	0	0	3
2993	1876	125.640614	22.0526126	101324.996	101324.996	101324.996	101324.997	1.28620741e-05	0.00101324996	0	0	0.150439	0	0	3
2994	1877	125.683019	22.0599807	101324.996	101324.996	101324.996	101324.997	1.28620741e-05	0.00101324996	0	0	0.150677	0	0	3
2995	1877	125.725384	22.0673487	101324.996	101324.996	101324.996	101324.997	1.28620741e-05	0.00101324996	0	0	0.15092	0	0	3
2996	1878	125.767711	22.0747168	101324.996	101324.996	101324.996	101324.997	1.28620741e-05	0.00101324996	0	0	0.151175	0	0	3
2997	1879	125.810001	22.0820849	101324.996	101324.996	101324.996	101324.997	1.28620741e-05	0.00101324996	0	0	0.151331	0	0	3
2998	1879	125.852254	22.0894529	101324.996	101324.996	101324.996	101324.997	1.28620741e-05	0.00101324996	0	0	0.151557	0	0	3
2999	1880	125.894473	22.096821	101324.996	101324.996	101324.996	101324.997	1.28620741e-05	0.00101324996	0	0	0.151718	0	0	3
3000	1881	125.936659	22.1041891	101324.996	101324.996	101324.996	101324.997	1.28620741e-05	0.00101324996	0	0	0.151875	0	0	3
3001	1881	125.978813	22.1115571	101324.996	101324.996	101324.996	101324.997	1.28620741e-05	0.00101324996	0	0	0.152027	0	0	3
3002	1882	126	22.1189252	101324.996	101324.996	101324.996	101324.997	1.28620741e-05	0.00101324996	0	0	0.152274	0	0	3
3003	1883	126.042107	22.1262933	101324.996	101324.996	101324.996	101324.997	1.39309559e-05	0.00101324996	0	0	0.152215	0	0	3
3004	1883	126.084186	22.1336613	101324.996	101324.996	101324.996	101324.997	1.46692182e-05	0.00101324996	0	0	0.152315	0	0	3
3005	1884	126.126238	22.1410294	101324.996	101324.996	101324.996	101324.997	1.52309949e-05	0.00101324996	0	0	0.152395	0	0	3
3006	1885	126.168267	22.1483974	101324.996	101324.996	101324.996	101324.997	1.52309949e-05	0.00101324996	0	0	0.152467	0	0	3
3007	1885	126.210272	22.1557655	101324.996	101324.996	101324.996	101324.997	1.52309949e-05	0.00101324996	0	0	0.152544	0	0	3
3008	1886	126.252257	22.1631336	101324.996	101324.996	101324.996	101324.997	1.52309949e-05	0.00101324996	0	0	0.152665	0	0	3
3009	1887	126.294221	22.1705016	101324.996	101324.996	101324.996	101324.997	1.54142181e-05	0.00101324996	0	0	0.152598	0	0	3
3010	1887	126.336168	22.1778697	101324.996	101324.996	101324.996	101324.997	1.71574793e-05	0.00101324996	0	0	0.152625	0	0	3
3011	1888	126.378099	22.1852378	101324.997	101324.996	101324.996	101324.997	1.71574793e-05	0.00101324997	0	0	0.152575	0	0	3
3012	1889	126.420016	22.1926058	101324.997	101324.996	101324.996	101324.997	1.71574793e-05	0.00101324997	0	0	0.152533	0	0	3
3013	1889	126.461923	22.1999739	101324.996	101324.996	101324.996	101324.997	1.85615354e-05	0.00101324996	0	0	0.152485	0	0	3
3014	1890	126.503821	22.2073419	101324.997	101324.996	101324.996	101324.997	1.85615354e-05	0.00101324997	0	0	0.152441	0	0	3
3015	1890	126.545711	22.21471	101324.996	101324.996	101324.996	101324.997	1.85615354e-05	0.00101324996	0	0	0.152338	0	0	3
3016	1891	126.587596	22.2220781	101324.996	101324.996	101324.996	101324.997	1.85615354e-05	0.00101324996	0	0	0.152305	0	0	3
3017	1892	126.629477	22.2294461	101324.996	101324.996	101324.996	101324.997	1.85615354e-05	0.00101324996	0	0	0.152163	0	0	3
3018	1892	126.671356	22.2368142	101324.996	101324.996	101324.996	101324.997	1.85615354e-05	0.00101324996	0	0	0.152015	0	0	3
3019	1893	126.713236	22.2441823	101324.997	101324.996	101324.996	101324.997	1.85615354e-05	0.00101324997	0	0	0.15184	0	0	3
3020	1894	126.755119	22.2515503	101324.997	101324.996	101324.996	101324.997	1.85615354e-05	0.00101324997	0	0	0.151725	0	0	3
3021	1894	126.797008	22.2589184	101324.997	101324.996	101324.996	101324.997	1.85936369e-05	0.00101324997	0	0	0.151497	0	0	3
3022	1895	126.838902	22.2662865	101324.997	101324.996	101324.996	101324.997	1.85936369e-05	0.00101324997	0	0	0.151326	0	0	3
3023	1896	126.880807	22.2736545	101324.997	101324.996	101324.996	101324.997	1.85936369e-05	0.00101324997	0	0	0.151104	0	0	3
3024	1896	126.922722	22.2810226	101324.997	101324.996	101324.996	101324.997	1.81474024e-05	0.00101324997	0	0	0.150904	0	0	3
3025	1897	126.964651	22.2883906	101324.996	101324.996	101324.996	101324.997	1.81474024e-05	0.00101324996	0	0	0.150648	0	0	3
3026	1898	127	22.2957587	101324.996	101324.996	101324.996	101324.997	1.81474024e-05	0.00101324996	0	0	0.150521	0	0	3
3027	1898	127.041957	22.3031268	101324.996	101324.996	101324.996	101324.997	1.81474024e-05	0.00101324996	0	0	0.150218	0	0	3
3028	1899	127.083932	22.3104948	101324.996	101324.996	101324.996	101324.997	1.81474024e-05	0.00101324996	0	0	0.149978	0	0	3
3029	1900	127.125927	22.3178629	101324.997	101324.996	101324.996	101324.997	1.81474024e-05	0.00101324997	0	0	0.149653	0	0	3
3030	1900	127.167944	22.325231	101324.996	101324.996	101324.996	101324.997	1.81474024e-05	0.00101324996	0	0	0.149391	0	0	3
3031	1901	127.209985	22.332599	101324.996	101324.996	101324.996	101324.997	1.81474024e-05	0.00101324996	0	0	0.149074	0	0	3
3032	1901	127.252052	22.3399671	101324.996	101324.996	101324.996	101324.997	1.81474024e-05	0.00101324996	0	0	0.148797	0	0	3
3033	1902	127.294146	22.3473351	101324.996	101324.996	101324.996	101324.997	1.81474024e-05	0.00101324996	0	0	0.148418	0	0	3
3034	1903	127.33627	22.3547032	101324.996	101324.996	101324.996	101324.997	1.81474024e-05	0.00101324996	0	0	0.148154	0	0	3
3035	1903	127.378424	22.3620713	101324.996	101324.996	101324.996	101324.997	1.81474024e-05	0.00101324996	0	0	0.147786	0	0	3
3036	1904	127.420611	22.3694393	101324.996	101324.996	101324.996	101324.997	1.81474024e-05	0.00101324996	0	0	0.147461	0	0	3
3037	1905	127.462831	22.3768074	101324.996	101324.996	101324.996	101324.997	1.81474024e-05	0.00101324996	0	0	0.1471	0	0	3
3038	1905	127.505086	22.3841755	101324.996	101324.996	101324.996	101324.997	1.81474024e-05	0.00101324996	0	0	0.146747	0	0	3
3039	1906	127.547378	22.3915435	101324.996	101324.996	101324.996	101324.997	1.81474024e-05	0.00101324996	0	0	0.146378	0	0	3
3040	1907	127.589707	22.3989116	101324.996	101324.996	101324.996	101324.997	1.47801911e-05	0.00101324996	0	0	0.146032	0	0	3
3041	1907	127.632075	22.4062796	101324.996	101324.996	101324.996	101324.997	1.77317415e-05	0.00101324996	0	0	0.145627	0	0	3
3042	1908	127.674484	22.4136477	101324.996	101324.996	101324.996	101324.997	1.77317415e-05	0.00101324996	0	0	0.145282	0	0	3
3043	1909	127.716935	22.4210158	101324.996	101324.996	101324.996	101324.997	1.77317415e-05	0.00101324996	0	0	0.14488	0	0	3
3044	1909	127.759427	22.4283838	101324.996	101324.996	101324.996	101324.997	1.77317415e-05	0.00101324996	0	0	0.144562	0	0	3
3045	1910	127.801962	22.4357519	101324.996	101324.996	101324.996	101324.997	1.77317415e-05	0.00101324996	0	0	0.144721	0	0	3
3046	1911	127.844542	22.44312	101324.996	101324.996	101324.996	101324.997	1.77317415e-05	0.00101324996	0	0	0.145153	0	0	3
3047	1911	127.887166	22.450488	101324.996	101324.996	101324.996	101324.997	1.77317415e-05	0.00101324996	0	0	0.145496	0	0	3
3048	1912	127.929837	22.4578561	101324.996	101324.996	101324.996	101324.997	1.77317415e-05	0.00101324996	0	0	0.145892	0	0	3
3049	1913	127.972553	22.4652242	101324.996	101324.996	101324.996	101324.997	1.77317415e-05	0.00101324996	0	0	0.146232	0	0	3
3050	1913	128	22.4725922	101324.996	101324.996	101324.996	101324.997	1.77317415e-05	0.00101324996	0	0	0.146607	0	0	3
3051	1914	128.042793	22.4799603	101324.996	101324.996	101324.996	101324.997	1.77317415e-05	0.00101324996	0	0	0.146835	0	0	3
3052	1915	128.085634	22.4873283	101324.996	101324.996	101324.996	101324.997	1.7757804e-05	0.00101324996	0	0	0.147243	0	0	3
3053	1915	128.128523	22.4946964	101324.996	101324.996	101324.996	101324.997	1.7757804e-05	0.00101324996	0	0	0.147585	0	0	3
3054	1916	128.171422	22.5020645	101324.996	101324.996	101324.996	101324.997	1.7757804e-05	0.00101324996	0	0	0.147987	0	0	3
3055	1917	128.214272	22.5094325	101324.996	101324.996	101324.996	101324.997	1.7757804e-05	0.00101324996	0	0	0.148245	0	0	3
3056	1917	128.257076	22.5168006	101324.996	101324.996	101324.996	101324.997	1.7757804e-05	0.00101324996	0	0	0.148633	0	0	3
3057	1918	128.299833	22.5241687	101324.996	101324.996	101324.996	101324.997	1.7757804e-05	0.00101324996	0	0	0.148906	0	0	3
3058	1919	128.342544	22.5315367	101324.996	101324.996	101324.996	101324.997	1.7757804e-05	0.00101324996	0	0	0.149238	0	0	3
3059	1919	128.385211	22.5389048	101324.996	101324.996	101324.996	101324.997	1.7757804e-05	0.00101324996	0	0	0.149569	0	0	3
3060	1920	128.427833	22.5462728	101324.996	101324.996	101324.996	101324.997	1.7757804e-05	0.00101324996	0	0	0.149853	0	0	3
3061	1921	128.470412	22.5536409	101324.996	101324.996	101324.996	101324.997	1.7757804e-05	0.00101324996	0	0	0.150051	0	0	3
3062	1921	128.512949	22.561009	101324.996	101324.996	101324.996	101324.997	1.7757804e-05	0.00101324996	0	0	0.150429	0	0	3
3063	1922	128.555444	22.568377	101324.996	101324.996	101324.996	101324.997	1.7757804e-05	0.00101324996	0	0	0.150625	0	0	3
3064	1923	128.597899	22.5757451	101324.996	101324.996	101324.996	101324.997	1.7757804e-05	0.00101324996	0	0	0.150904	0	0	3
3065	1923	128.640316	22.5831132	101324.996	101324.996	101324.996	101324.997	1.7757804e-05	0.00101324996	0	0	0.151137	0	0	3
3066	1924	128.682694	22.5904812	101324.996	101324.996	101324.996	101324.997	1.7757804e-05	0.00101324996	0	0	0.151378	0	0	3
3067	1925	128.725036	22.5978493	101324.996	101324.996	101324.996	101324.997	1.7757804e-05	0.00101324996	0	0	0.151556	0	0	3
3068	1925	128.767343	22.6052174	101324.996	101324.996	101324.996	101324.997	1.7757804e-05	0.00101324996	0	0	0.151781	0	0	3
3069	1926	128.809616	22.6125854	101324.996	101324.996	101324.996	101324.997	1.7757804e-05	0.00101324996	0	0	0.151906	0	0	3
3070	1927	128.851857	22.6199535	101324.996	101324.996	101324.996	101324.997	1.7757804e-05	0.00101324996	0	0	0.152134	0	0	3
3071	1927	128.894067	22.6273215	101324.996	101324.996	101324.996	101324.997	1.7757804e-05	0.00101324996	0	0	0.152269	0	0	3
3072	1928	128.936246	22.6346896	101324.996	101324.996	101324.996	101324.997	1.7757804e-05	0.00101324996	0	0	0.152417	0	0	3
3073	1928	128.978398	22.6420577	101324.996	101324.996	101324.996	101324.997	1.7757804e-05	0.00101324996	0	0	0.152466	0	0	3
3074	1929	129	22.6494257	101324.996	101324.996	101324.996	101324.997	1.7757804e-05	0.00101324996	0	0	0.152595	0	0	3
3075	1930	129.042113	22.6567938	101324.996	101324.996	101324.996	101324.997	1.7757804e-05	0.00101324996	0	0	0.152592	0	0	3
3076	1931	129.084203	22.6641619	101324.996	101324.996	101324.996	101324.997	1.95524917e-05	0.00101324996	0	0	0.152674	0	0	3
3077	1931	129.126271	22.6715299	101324.996	101324.996	101324.996	101324.997	1.95524917e-05	0.00101324996	0	0	0.152733	0	0	3
3078	1932	129.16832	22.678898	101324.996	101324.996	101324.996	101324.997	1.95524917e-05	0.00101324996	0	0	0.152842	0	0	3
3079	1933	129.21035	22.686266	101324.996	101324.996	101324.996	101324.997	1.95524917e-05	0.00101324996	0	0	0.152791	0	0	3
3080	1933	129.252364	22.6936341	101324.996	101324.996	101324.996	101324.997	1.95524917e-05	0.00101324996	0	0	0.152805	0	0	3
3081	1934	129.294364	22.7010022	101324.996	101324.996	101324.996	101324.997	1.95524917e-05	0.00101324996	0	0	0.152729	0	0	3
3082	1934	129.336352	22.7083702	101324.996	101324.996	101324.996	101324.997	1.95524917e-05	0.00101324996	0	0	0.152738	0	0	3
3083	1935	129.378332	22.7157383	101324.997	101324.996	101324.996	101324.997	1.95524917e-05	0.00101324997	0	0	0.152629	0	0	3
3084	1936	129.420303	22.7231064	101324.996	101324.996	101324.996	101324.997	1.95524917e-05	0.00101324996	0	0	0.152616	0	0	3
3085	1936	129.462269	22.7304744	101324.996	101324.996	101324.996	101324.997	1.95524917e-05	0.00101324996	0	0	0.152537	0	0	3
3086	1937	129.50423	22.7378425	101324.996	101324.996	101324.996	101324.997	1.95524917e-05	0.00101324996	0	0	0.152457	0	0	3
3087	1938	129.546189	22.7452105	101324.996	101324.996	101324.996	101324.997	1.95524917e-05	0.00101324996	0	0	0.152261	0	0	3
3088	1938	129.588149	22.7525786	101324.997	101324.996	101324.996	101324.997	1.95524917e-05	0.00101324997	0	0	0.152149	0	0	3
3089	1939	129.630111	22.7599467	101324.997	101324.996	101324.996	101324.997	1.79233466e-05	0.00101324997	0	0	0.151959	0	0	3
3090	1940	129.672078	22.7673147	101324.997	101324.996	101324.996	101324.997	1.77723268e-05	0.00101324997	0	0	0.15181	0	0	3
3091	1940	129.714052	22.7746828	101324.997	101324.996	101324.996	101324.997	1.68500555e-05	0.00101324997	0	0	0.151604	0	0	3
3092	1941	129.756035	22.7820509	101324.997	101324.996	101324.996	101324.997	1.68500555e-05	0.00101324997	0	0	0.151407	0	0	3
3093	1942	129.798029	22.7894189	101324.997	101324.996	101324.996	101324.997	1.68500555e-05	0.00101324997	0	0	0.151175	0	0	3
3094	1942	129.840035	22.796787	101324.996	101324.996	101324.996	101324.997	1.68500555e-05	0.00101324996	0	0	0.150973	0	0	3
3095	1943	129.882057	22.8041551	101324.996	101324.996	101324.996	101324.997	1.68500555e-05	0.00101324996	0	0	0.150746	0	0	3
3096	1944	129.924094	22.8115231	101324.996	101324.996	101324.996	101324.997	1.48542895e-05	0.00101324996	0	0	0.150511	0	0	3
3097	1944	129.96615	22.8188912	101324.996	101324.996	101324.996	101324.997	1.44332589e-05	0.00101324996	0	0	0.150216	0	0	3
3098	1945	130	22.8262592	101324.997	101324.996	101324.996	101324.997	1.44332589e-05	0.00101324997	0	0	0.149931	0	0	3
3099	1946	130.042094	22.8336273	101324.996	101324.996	101324.996	101324.997	1.44332589e-05	0.00101324996	0	0	0.149687	0	0	3
3100	1946	130.084211	22.8409954	101324.996	101324.996	101324.996	101324.997	1.44332589e-05	0.00101324996	0	0	0.149408	0	0	3
3101	1947	130.126354	22.8483634	101324.996	101324.996	101324.996	101324.997	1.44332589e-05	0.00101324996	0	0	0.149105	0	0	3
3102	1948	130.168523	22.8557315	101324.996	101324.996	101324.996	101324.997	1.44332589e-05	0.00101324996	0	0	0.148752	0	0	3
3103	1948	130.210722	22.8630996	101324.996	101324.996	101324.996	101324.997	1.44332589e-05	0.00101324996	0	0	0.14844	0	0	3
3104	1949	130.252951	22.8704676	101324.996	101324.996	101324.996	101324.997	1.44332589e-05	0.00101324996	0	0	0.148132	0	0	3
3105	1950	130.295213	22.8778357	101324.996	101324.996	101324.996	101324.997	1.44332589e-05	0.00101324996	0	0	0.147736	0	0	3
3106	1950	130.337508	22.8852037	101324.996	101324.996	101324.996	101324.997	1.44332589e-05	0.00101324996	0	0	0.147466	0	0	3
3107	1951	130.379838	22.8925718	101324.996	101324.996	101324.996	101324.997	1.44332589e-05	0.00101324996	0	0	0.147066	0	0	3
3108	1952	130.422203	22.8999399	101324.996	101324.996	101324.996	101324.997	1.44332589e-05	0.00101324996	0	0	0.14674	0	0	3
3109	1952	130.464608	22.9073079	101324.996	101324.996	101324.996	101324.997	1.44332589e-05	0.00101324996	0	0	0.146326	0	0	3
3110	1953	130.50705	22.914676	101324.996	101324.996	101324.996	101324.997	1.44332589e-05	0.00101324996	0	0	0.145992	0	0	3
3111	1954	130.549534	22.9220441	101324.996	101324.996	101324.996	101324.997	1.44332589e-05	0.00101324996	0	0	0.145597	0	0	3
3112	1954	130.592058	22.9294121	101324.996	101324.996	101324.996	101324.997	1.44332589e-05	0.00101324996	0	0	0.145246	0	0	3
3113	1955	130.634625	22.9367802	101324.996	101324.996	101324.996	101324.997	1.44332589e-05	0.00101324996	0	0	0.144847	0	0	3
3114	1955	130.677234	22.9441482	101324.996	101324.996	101324.996	101324.997	1.44332589e-05	0.00101324996	0	0	0.14474	0	0	3
3115	1956	130.719888	22.9515163	101324.996	101324.996	101324.996	101324.997	1.44332589e-05	0.00101324996	0	0	0.145097	0	0	3
3116	1957	130.762586	22.9588844	101324.996	101324.996	101324.996	101324.997	1.44332589e-05	0.00101324996	0	0	0.145528	0	0	3
3117	1957	130.805331	22.9662524	101324.996	101324.996	101324.996	101324.997	1.44332589e-05	0.00101324996	0	0	0.14585	0	0	3
3118	1958	130.848121	22.9736205	101324.996	101324.996	101324.996	101324.997	1.44332589e-05	0.00101324996	0	0	0.146269	0	0	3
3119	1959	130.890959	22.9809886	101324.996	101324.996	101324.996	101324.997	1.44332589e-05	0.00101324996	0	0	0.146596	0	0	3
3120	1959	130.933843	22.9883566	101324.996	101324.996	101324.996	101324.997	1.44332589e-05	0.00101324996	0	0	0.147007	0	0	3
3121	1960	130.976746	22.9957247	101324.996	101324.996	101324.996	101324.997	1.44332589e-05	0.00101324996	0	0	0.147326	0	0	3
3122	1961	131	23.0030928	101324.996	101324.996	101324.996	101324.997	1.44332589e-05	0.00101324996	0	0	0.1477	0	0	3
3123	1962	131.042827	23.0104608	101324.996	101324.996	101324.996	101324.997	1.44332589e-05	0.00101324996	0	0	0.147877	0	0	3
3124	1962	131.085606	23.0178289	101324.996	101324.996	101324.996	101324.997	1.44332589e-05	0.00101324996	0	0	0.148232	0	0	3
3125	1963	131.128338	23.0251969	101324.996	101324.996	101324.996	101324.997	1.44332589e-05	0.00101324996	0	0	0.148544	0	0	3
3126	1963	131.171024	23.032565	101324.996	101324.996	101324.996	101324.997	1.44332589e-05	0.00101324996	0	0	0.14891	0	0	3
3127	1964	131.213663	23.0399331	101324.996	101324.996	101324.996	101324.997	1.44332589e-05	0.00101324996	0	0	0.149148	0	0	3
3128	1965	131.256258	23.0473011	101324.996	101324.996	101324.996	101324.997	1.44332589e-05	0.00101324996	0	0	0.14954	0	0	3
3129	1965	131.298808	23.0546692	101324.996	101324.996	101324.996	101324.997	1.44332589e-05	0.00101324996	0	0	0.149756	0	0	3
3130	1966	131.341315	23.0620373	101324.996	101324.996	101324.996	101324.997	1.44332589e-05	0.00101324996	0	0	0.150034	0	0	3
3131	1967	131.38378	23.0694053	101324.996	101324.996	101324.996	101324.997	1.44332589e-05	0.00101324996	0	0	0.15032	0	0	3
3132	1967	131.426203	23.0767734	101324.996	101324.996	101324.996	101324.997	1.44332589e-05	0.00101324996	0	0	0.1506	0	0	3
3133	1968	131.468587	23.0841414	101324.996	101324.996	101324.996	101324.997	1.44332589e-05	0.00101324996	0	0	0.150787	0	0	3
3134	1969	131.510931	23.0915095	101324.996	101324.996	101324.996	101324.997	1.44332589e-05	0.00101324996	0	0	0.15109	0	0	3
3135	1969	131.553236	23.0988776	101324.996	101324.996	101324.996	101324.997	1.44332589e-05	0.00101324996	0	0	0.151263	0	0	3
3136	1970	131.595506	23.1062456	101324.996	101324.996	101324.996	101324.997	1.44332589e-05	0.00101324996	0	0	0.151422	0	0	3
3137	1971	131.637741	23.1136137	101324.996	101324.996	101324.996	101324.997	1.44332589e-05	0.00101324996	0	0	0.151639	0	0	3
3138	1971	131.679941	23.1209818	101324.996	101324.996	101324.996	101324.997	1.44332589e-05	0.00101324996	0	0	0.151831	0	0	3
3139	1972	131.722109	23.1283498	101324.996	101324.996	101324.996	101324.997	1.44332589e-05	0.00101324996	0	0	0.151961	0	0	3
3140	1973	131.764246	23.1357179	101324.996	101324.996	101324.996	101324.997	1.44332589e-05	0.00101324996	0	0	0.152162	0	0	3
3141	1973	131.806352	23.143086	101324.996	101324.996	101324.996	101324.997	1.54187583e-05	0.00101324996	0	0	0.152244	0	0	3
3142	1974	131.84843	23.150454	101324.996	101324.996	101324.996	101324.997	1.54187583e-05	0.00101324996	0	0	0.152336	0	0	3
3143	1975	131.890482	23.1578221	101324.996	101324.996	101324.996	101324.997	1.54187583e-05	0.00101324996	0	0	0.1524	0	0	3
3144	1975	131.932509	23.1651901	101324.996	101324.996	101324.996	101324.997	1.49435073e-05	0.00101324996	0	0	0.152499	0	0	3
3145	1976	131.974514	23.1725582	101324.996	101324.996	101324.996	101324.997	1.53112924e-05	0.00101324996	0	0	0.152547	0	0	3
3146	1977	132	23.1799263	101324.996	101324.996	101324.996	101324.997	1.78920745e-05	0.00101324996	0	0	0.152694	0	0	3
3147	1977	132.04197	23.1872943	101324.996	101324.996	101324.996	101324.997	1.78920745e-05	0.00101324996	0	0	0.152614	0	0	3
3148	1978	132.083922	23.1946624	101324.996	101324.996	101324.996	101324.997	1.86246471e-05	0.00101324996	0	0	0.152608	0	0	3
3149	1979	132.125857	23.2020305	101324.997	101324.996	101324.996	101324.997	1.86246471e-05	0.00101324997	0	0	0.152568	0	0	3
3150	1979	132.167779	23.2093985	101324.996	101324.996	101324.996	101324.997	1.86246471e-05	0.00101324996	0	0	0.152577	0	0	3
3151	1980	132.209689	23.2167666	101324.997	101324.996	101324.996	101324.997	1.92606531e-05	0.00101324997	0	0	0.152498	0	0	3
3152	1981	132.251589	23.2241346	101324.997	101324.996	101324.996	101324.997	1.92606531e-05	0.00101324997	0	0	0.152444	0	0	3
3153	1981	132.293482	23.2315027	101324.996	101324.996	101324.996	101324.997	1.92606531e-05	0.00101324996	0	0	0.152396	0	0	3
3154	1982	132.335368	23.2388708	101324.996	101324.996	101324.996	101324.997	1.92606531e-05	0.00101324996	0	0	0.152342	0	0	3
3155	1983	132.377249	23.2462388	101324.996	101324.996	101324.996	101324.997	1.92606531e-05	0.00101324996	0	0	0.1522	0	0	3
3156	1983	132.419128	23.2536069	101324.996	101324.996	101324.996	101324.997	1.92606531e-05	0.00101324996	0	0	0.152079	0	0	3
3157	1984	132.461007	23.260975	101324.997	101324.996	101324.996	101324.997	1.92606531e-05	0.00101324997	0	0	0.151907	0	0	3
3158	1985	132.502888	23.268343	101324.997	101324.996	101324.996	101324.997	1.92606531e-05	0.00101324997	0	0	0.151754	0	0	3
3159	1985	132.544774	23.2757111	101324.997	101324.996	101324.996	101324.997	1.9331419e-05	0.00101324997	0	0	0.151592	0	0	3
3160	1986	132.586666	23.2830791	101324.997	101324.996	101324.996	101324.997	1.9331419e-05	0.00101324997	0	0	0.151376	0	0	3
3161	1986	132.628566	23.2904472	101324.997	101324.996	101324.996	101324.997	1.960597e-05	0.00101324997	0	0	0.151195	0	0	3
3162	1987	132.670477	23.2978153	101324.997	101324.996	101324.996	101324.997	1.85566314e-05	0.00101324997	0	0	0.150996	0	0	3
3163	1988	132.7124	23.3051833	101324.996	101324.996	101324.996	101324.997	1.85566314e-05	0.00101324996	0	0	0.150739	0	0	3
3164	1988	132.754338	23.3125514	101324.996	101324.996	101324.996	101324.997	1.85566314e-05	0.00101324996	0	0	0.150555	0	0	3
3165	1989	132.796291	23.3199195	101324.996	101324.996	101324.996	101324.997	1.85566314e-05	0.00101324996	0	0	0.150312	0	0	3
3166	1990	132.838261	23.3272875	101324.996	101324.996	101324.996	101324.997	1.85566314e-05	0.00101324996	0	0	0.150012	0	0	3
3167	1990	132.880252	23.3346556	101324.996	101324.996	101324.996	101324.997	1.85566314e-05	0.00101324996	0	0	0.149713	0	0	3
3168	1991	132.922264	23.3420237	101324.996	101324.996	101324.996	101324.997	1.85566314e-05	0.00101324996	0	0	0.149452	0	0	3
3169	1992	132.9643	23.3493917	101324.996	101324.996	101324.996	101324.997	1.85566314e-05	0.00101324996	0	0	0.149145	0	0	3
3170	1992	133	23.3567598	101324.996	101324.996	101324.996	101324.997	1.85566314e-05	0.00101324996	0	0	0.148872	0	0	3
3171	1993	133.042084	23.3641278	101324.996	101324.996	101324.996	101324.997	1.85566314e-05	0.00101324996	0	0	0.148578	0	0	3
3172	1994	133.084197	23.3714959	101324.996	101324.996	101324.996	101324.997	1.85566314e-05	0.00101324996	0	0	0.14824	0	0	3
3173	1994	133.12634	23.378864	101324.996	101324.996	101324.996	101324.997	1.85566314e-05	0.00101324996	0	0	0.147886	0	0	3
3174	1995	133.168514	23.386232	101324.996	101324.996	101324.996	101324.997	1.85566314e-05	0.00101324996	0	0	0.147619	0	0	3
3175	1996	133.210722	23.3936001	101324.996	101324.996	101324.996	101324.997	1.85566314e-05	0.00101324996	0	0	0.147203	0	0	3
3176	1996	133.252964	23.4009682	101324.996	101324.996	101324.996	101324.997	1.85566314e-05	0.00101324996	0	0	0.146897	0	0	3
3177	1997	133.295242	23.4083362	101324.996	101324.996	101324.996	101324.997	1.85566314e-05	0.00101324996	0	0	0.14649	0	0	3
3178	1998	133.337558	23.4157043	101324.996	101324.996	101324.996	101324.997	1.54735026e-05	0.00101324996	0	0	0.146151	0	0	3
3179	1998	133.379913	23.4230723	101324.996	101324.996	101324.996	101324.997	1.54735026e-05	0.00101324996	0	0	0.14576	0	0	3
3180	1999	133.422307	23.4304404	101324.996	101324.996	101324.996	101324.997	1.51253771e-05	0.00101324996	0	0	0.14547	0	0	3
3181	2000	133.464742	23.4378085	101324.996	101324.996	101324.996	101324.997	1.51253771e-05	0.00101324996	0	0	0.145	0	0	3
3182	2000	133.507219	23.4451765	101324.996	101324.996	101324.996	101324.997	1.50324486e-05	0.00101324996	0	0	0.144661	0	0	3
3183	2001	133.549739	23.4525446	101324.996	101324.996	101324.996	101324.997	1.50324486e-05	0.00101324996	0	0	0.144631	0	0	3
3184	2002	133.592302	23.4599127	101324.996	101324.996	101324.996	101324.997	1.50324486e-05	0.00101324996	0	0	0.14499	0	0	3
3185	2002	133.63491	23.4672807	101324.996	101324.996	101324.996	101324.997	1.50324486e-05	0.00101324996	0	0	0.145372	0	0	3
3186	2003	133.677564	23.4746488	101324.996	101324.996	101324.996	101324.997	1.50324486e-05	0.00101324996	0	0	0.145777	0	0	3
3187	2004	133.720264	23.4820168	101324.996	101324.996	101324.996	101324.997	1.50324486e-05	0.00101324996	0	0	0.146117	0	0	3
3188	2004	133.763011	23.4893849	101324.996	101324.996	101324.996	101324.997	1.50324486e-05	0.00101324996	0	0	0.146501	0	0	3
3189	2005	133.805804	23.496753	101324.996	101324.996	101324.996	101324.997	1.50324486e-05	0.00101324996	0	0	0.146884	0	0	3
3190	2006	133.848646	23.504121	101324.996	101324.996	101324.996	101324.997	1.50324486e-05	0.00101324996	0	0	0.147239	0	0	3
3191	2006	133.891535	23.5114891	101324.996	101324.996	101324.996	101324.997	1.50324486e-05	0.00101324996	0	0	0.147601	0	0	3
3192	2007	133.934433	23.5188572	101324.996	101324.996	101324.996	101324.997	1.50324486e-05	0.00101324996	0	0	0.147972	0	0	3
3193	2007	133.977283	23.5262252	101324.996	101324.996	101324.996	101324.997	1.50324486e-05	0.00101324996	0	0	0.148275	0	0	3
3194	2008	134	23.5335933	101324.996	101324.996	101324.996	101324.997	1.50324486e-05	0.00101324996	0	0	0.148582	0	0	3
3195	2009	134.042778	23.5409614	101324.996	101324.996	101324.996	101324.997	1.50324486e-05	0.00101324996	0	0	0.148804	0	0	3
3196	2010	134.085509	23.5483294	101324.996	101324.996	101324.996	101324.997	1.50324486e-05	0.00101324996	0	0	0.149073	0	0	3
3197	2010	134.128196	23.5556975	101324.996	101324.996	101324.996	101324.997	1.50324486e-05	0.00101324996	0	0	0.149445	0	0	3
3198	2011	134.170837	23.5630655	101324.996	101324.996	101324.996	101324.997	1.50324486e-05	0.00101324996	0	0	0.149734	0	0	3
3199	2012	134.213435	23.5704336	101324.996	101324.996	101324.996	101324.997	1.50324486e-05	0.00101324996	0	0	0.14997	0	0	3
3200	2012	134.25599	23.5778017	101324.996	101324.996	101324.996	101324.997	1.50324486e-05	0.00101324996	0	0	0.150299	0	0	3
3201	2013	134.298503	23.5851697	101324.996	101324.996	101324.996	101324.997	1.50324486e-05	0.00101324996	0	0	0.150529	0	0	3
3202	2014	134.340975	23.5925378	101324.996	101324.996	101324.996	101324.997	1.50324486e-05	0.00101324996	0	0	0.150782	0	0	3
3203	2014	134.383409	23.5999059	101324.996	101324.996	101324.996	101324.997	1.63671793e-05	0.00101324996	0	0	0.150998	0	0	3
3204	2015	134.425804	23.6072739	101324.996	101324.996	101324.996	101324.997	1.63671793e-05	0.00101324996	0	0	0.15126	0	0	3
3205	2016	134.468163	23.614642	101324.996	101324.996	101324.996	101324.997	1.63671793e-05	0.00101324996	0	0	0.151479	0	0	3
3206	2016	134.510485	23.62201	101324.996	101324.996	101324.996	101324.997	1.63671793e-05	0.00101324996	0	0	0.151692	0	0	3
3207	2017	134.552773	23.6293781	101324.996	101324.996	101324.996	101324.997	1.63671793e-05	0.00101324996	0	0	0.151844	0	0	3
3208	2018	134.595028	23.6367462	101324.996	101324.996	101324.996	101324.997	1.81217183e-05	0.00101324996	0	0	0.152021	0	0	3
3209	2018	134.637252	23.6441142	101324.996	101324.996	101324.996	101324.997	1.81217183e-05	0.00101324996	0	0	0.152185	0	0	3
3210	2019	134.679445	23.6514823	101324.996	101324.996	101324.996	101324.997	1.81217183e-05	0.00101324996	0	0	0.15237	0	0	3
3211	2020	134.72161	23.6588504	101324.996	101324.996	101324.996	101324.997	1.81217183e-05	0.00101324996	0	0	0.152451	0	0	3
3212	2020	134.763747	23.6662184	101324.996	101324.996	101324.996	101324.997	1.81217183e-05	0.00101324996	0	0	0.152541	0	0	3
3213	2021	134.805859	23.6735865	101324.996	101324.996	101324.996	101324.997	1.81217183e-05	0.00101324996	0	0	0.152601	0	0	3
3214	2022	134.847948	23.6809546	101324.996	101324.996	101324.996	101324.997	2.18782225e-05	0.00101324996	0	0	0.152681	0	0	3
3215	2022	134.890017	23.6883226	101324.996	101324.996	101324.996	101324.997	2.18782225e-05	0.00101324996	0	0	0.152749	0	0	3
3216	2023	134.932065	23.6956907	101324.996	101324.996	101324.996	101324.997	2.18782225e-05	0.00101324996	0	0	0.152824	0	0	3
3217	2024	134.974094	23.7030587	101324.996	101324.996	101324.996	101324.997	2.18782225e-05	0.00101324996	0	0	0.152809	0	0	3
3218	2024	135	23.7104268	101324.997	101324.996	101324.996	101324.997	2.18782225e-05	0.00101324997	0	0	0.152777	0	0	3
3219	2025	135.042005	23.7177949	101324.996	101324.996	101324.996	101324.997	2.18782225e-05	0.00101324996	0	0	0.152746	0	0	3
3220	2026	135.083997	23.7251629	101324.996	101324.996	101324.996	101324.997	2.18782225e-05	0.00101324996	0	0	0.152728	0	0	3
3221	2026	135.12598	23.732531	101324.996	101324.996	101324.996	101324.997	2.18782225e-05	0.00101324996	0	0	0.152698	0	0	3
3222	2027	135.167953	23.7398991	101324.997	101324.996	101324.996	101324.997	2.53258622e-05	0.00101324997	0	0	0.152614	0	0	3
3223	2028	135.209921	23.7472671	101324.996	101324.996	101324.996	101324.997	2.53258622e-05	0.00101324996	0	0	0.152532	0	0	3
3224	2028	135.251884	23.7546352	101324.996	101324.996	101324.996	101324.997	2.53258622e-05	0.00101324996	0	0	0.152505	0	0	3
3225	2029	135.293843	23.7620032	101324.996	101324.996	101324.996	101324.997	2.53258622e-05	0.00101324996	0	0	0.152331	0	0	3
3226	2030	135.335802	23.7693713	101324.997	101324.996	101324.996	101324.997	2.53258622e-05	0.00101324997	0	0	0.152199	0	0	3
3227	2030	135.377764	23.7767394	101324.997	101324.996	101324.996	101324.997	2.53258622e-05	0.00101324997	0	0	0.152017	0	0	3
3228	2031	135.419729	23.7841074	101324.997	101324.996	101324.996	101324.997	2.53258622e-05	0.00101324997	0	0	0.151881	0	0	3
3229	2032	135.4617	23.7914755	101324.997	101324.996	101324.996	101324.997	2.31379381e-05	0.00101324997	0	0	0.151671	0	0	3
3230	2032	135.503679	23.7988436	101324.997	101324.996	101324.996	101324.997	2.31379381e-05	0.00101324997	0	0	0.15149	0	0	3
3231	2033	135.545668	23.8062116	101324.997	101324.996	101324.996	101324.997	2.31379381e-05	0.00101324997	0	0	0.151264	0	0	3
3232	2034	135.58767	23.8135797	101324.996	101324.996	101324.996	101324.997	2.31379381e-05	0.00101324996	0	0	0.15105	0	0	3
3233	2034	135.629686	23.8209477	101324.996	101324.996	101324.996	101324.997	2.31379381e-05	0.00101324996	0	0	0.150812	0	0	3
3234	2035	135.671717	23.8283158	101324.996	101324.996	101324.996	101324.997	2.31379381e-05	0.00101324996	0	0	0.150601	0	0	3
3235	2035	135.713766	23.8356839	101324.996	101324.996	101324.996	101324.997	2.31379381e-05	0.00101324996	0	0	0.150327	0	0	3
3236	2036	135.755833	23.8430519	101324.996	101324.996	101324.996	101324.997	2.31379381e-05	0.00101324996	0	0	0.150033	0	0	3
3237	2037	135.797923	23.85042	101324.996	101324.996	101324.996	101324.997	2.31379381e-05	0.00101324996	0	0	0.149743	0	0	3
3238	2037	135.840036	23.8577881	101324.996	101324.996	101324.996	101324.997	2.15032051e-05	0.00101324996	0	0	0.149445	0	0	3
3239	2038	135.882174	23.8651561	101324.996	101324.996	101324.996	101324.997	1.96324108e-05	0.00101324996	0	0	0.149152	0	0	3
3240	2039	135.924339	23.8725242	101324.996	101324.996	101324.996	101324.997	1.96324108e-05	0.00101324996	0	0	0.148814	0	0	3
3241	2039	135.966533	23.8798923	101324.996	101324.996	101324.996	101324.997	1.90128776e-05	0.00101324996	0	0	0.148493	0	0	3
3242	2040	136	23.8872603	101324.996	101324.996	101324.996	101324.997	1.90128776e-05	0.00101324996	0	0	0.148196	0	0	3
3243	2041	136.042249	23.8946284	101324.996	101324.996	101324.996	101324.997	1.90128776e-05	0.00101324996	0	0	0.147879	0	0	3
3244	2042	136.084532	23.9019964	101324.996	101324.996	101324.996	101324.997	1.77521579e-05	0.00101324996	0	0	0.147578	0	0	3
3245	2042	136.126849	23.9093645	101324.996	101324.996	101324.996	101324.997	1.70152489e-05	0.00101324996	0	0	0.14721	0	0	3
3246	2043	136.169201	23.9167326	101324.996	101324.996	101324.996	101324.997	1.70152489e-05	0.00101324996	0	0	0.146824	0	0	3
3247	2043	136.211592	23.9241006	101324.996	101324.996	101324.996	101324.997	1.70152489e-05	0.00101324996	0	0	0.146479	0	0	3
3248	2044	136.254021	23.9314687	101324.996	101324.996	101324.996	101324.997	1.70152489e-05	0.00101324996	0	0	0.146136	0	0	3
3249	2045	136.296489	23.9388368	101324.996	101324.996	101324.996	101324.997	1.70152489e-05	0.00101324996	0	0	0.145735	0	0	3
3250	2046	136.338998	23.9462048	101324.996	101324.996	101324.996	101324.997	1.70152489e-05	0.00101324996	0	0	0.145361	0	0	3
3251	2046	136.38155	23.9535729	101324.996	101324.996	101324.996	101324.997	1.70152489e-05	0.00101324996	0	0	0.145001	0	0	3
3252	2047	136.424143	23.9609409	101324.996	101324.996	101324.996	101324.997	1.70152489e-05	0.00101324996	0	0	0.144628	0	0	3
3253	2048	136.466781	23.968309	101324.996	101324.996	101324.996	101324.997	1.70152489e-05	0.00101324996	0	0	0.144971	0	0	3
3254	2048	136.509463	23.9756771	101324.996	101324.996	101324.996	101324.997	1.70152489e-05	0.00101324996	0	0	0.145342	0	0	3
3255	2049	136.552191	23.9830451	101324.996	101324.996	101324.996	101324.997	1.70152489e-05	0.00101324996	0	0	0.145737	0	0	3
3256	2049	136.594964	23.9904132	101324.996	101324.996	101324.996	101324.997	1.70152489e-05	0.00101324996	0	0	0.146131	0	0	3
3257	2050	136.637785	23.9977813	101324.996	101324.996	101324.996	101324.997	1.70152489e-05	0.00101324996	0	0	0.146483	0	0	3
3258	2051	136.680652	24.0051493	101324.996	101324.996	101324.996	101324.997	1.70152489e-05	0.00101324996	0	0	0.146848	0	0	3
3259	2051	136.723567	24.0125174	101324.996	101324.996	101324.996	101324.997	1.70152489e-05	0.00101324996	0	0	0.147207	0	0	3
3260	2052	136.766439	24.0198855	101324.996	101324.996	101324.996	101324.997	1.70152489e-05	0.00101324996	0	0	0.147597	0	0	3
3261	2053	136.809262	24.0272535	101324.996	101324.996	101324.996	101324.997	1.70152489e-05	0.00101324996	0	0	0.147927	0	0	3
3262	2053	136.852037	24.0346216	101324.996	101324.996	101324.996	101324.997	1.70152489e-05	0.00101324996	0	0	0.148264	0	0	3
3263	2054	136.894765	24.0419896	101324.996	101324.996	101324.996	101324.997	1.70152489e-05	0.00101324996	0	0	0.148586	0	0	3
3264	2055	136.937447	24.0493577	101324.996	101324.996	101324.996	101324.997	1.70152489e-05	0.00101324996	0	0	0.148913	0	0	3
3265	2055	136.980083	24.0567258	101324.996	101324.996	101324.996	101324.997	1.70152489e-05	0.00101324996	0	0	0.14918	0	0	3
3266	2056	137	24.0640938	101324.995	101324.996	101324.995	101324.997	1.70152489e-05	0.00101324995	0	0	0.149542	0	0	3
3267	2057	137.042569	24.0714619	101324.996	101324.996	101324.995	101324.997	1.70152489e-05	0.00101324996	0	0	0.149665	0	0	3
3268	2057	137.085094	24.07883	101324.996	101324.996	101324.995	101324.997	1.70152489e-05	0.00101324996	0	0	0.149902	0	0	3
3269	2058	137.127576	24.086198	101324.996	101324.996	101324.995	101324.997	1.70152489e-05	0.00101324996	0	0	0.150219	0	0	3
3270	2059	137.170017	24.0935661	101324.996	101324.996	101324.995	101324.997	1.70152489e-05	0.00101324996	0	0	0.150505	0	0	3
3271	2059	137.212417	24.1009341	101324.996	101324.996	101324.995	101324.997	1.70152489e-05	0.00101324996	0	0	0.150698	0	0	3
3272	2060	137.254777	24.1083022	101324.996	101324.996	101324.995	101324.997	1.70152489e-05	0.00101324996	0	0	0.15094	0	0	3
3273	2061	137.2971	24.1156703	101324.996	101324.996	101324.995	101324.997	1.70152489e-05	0.00101324996	0	0	0.151181	0	0	3
3274	2061	137.339386	24.1230383	101324.996	101324.996	101324.995	101324.997	1.70152489e-05	0.00101324996	0	0	0.151377	0	0	3
3275	2062	137.381635	24.1304064	101324.996	101324.996	101324.995	101324.997	1.70152489e-05	0.00101324996	0	0	0.151553	0	0	3
3276	2063	137.423851	24.1377745	101324.996	101324.996	101324.995	101324.997	1.70152489e-05	0.00101324996	0	0	0.151771	0	0	3
3277	2063	137.466033	24.1451425	101324.996	101324.996	101324.995	101324.997	1.70152489e-05	0.00101324996	0	0	0.151869	0	0	3
3278	2064	137.508183	24.1525106	101324.996	101324.996	101324.995	101324.997	1.70152489e-05	0.00101324996	0	0	0.152066	0	0	3
3279	2065	137.550303	24.1598786	101324.996	101324.996	101324.995	101324.997	1.70152489e-05	0.00101324996	0	0	0.152216	0	0	3
3280	2065	137.592393	24.1672467	101324.996	101324.996	101324.995	101324.997	1.78756891e-05	0.00101324996	0	0	0.152309	0	0	3
3281	2066	137.634457	24.1746148	101324.996	101324.996	101324.995	101324.997	1.86719262e-05	0.00101324996	0	0	0.15237	0	0	3
3282	2067	137.676494	24.1819828	101324.996	101324.996	101324.995	101324.997	1.90581341e-05	0.00101324996	0	0	0.152482	0	0	3
3283	2067	137.718509	24.1893509	101324.996	101324.996	101324.995	101324.997	1.90581341e-05	0.00101324996	0	0	0.152501	0	0	3
3284	2068	137.760501	24.196719	101324.996	101324.996	101324.995	101324.997	1.90581341e-05	0.00101324996	0	0	0.152594	0	0	3
3285	2069	137.802474	24.204087	101324.996	101324.996	101324.995	101324.997	1.90581341e-05	0.00101324996	0	0	0.152641	0	0	3
3286	2069	137.844427	24.2114551	101324.996	101324.996	101324.995	101324.997	1.90581341e-05	0.00101324996	0	0	0.152622	0	0	3
3287	2070	137.886364	24.2188232	101324.997	101324.996	101324.995	101324.997	1.90581341e-05	0.00101324997	0	0	0.152581	0	0	3
3288	2071	137.928287	24.2261912	101324.996	101324.996	101324.995	101324.997	1.90581341e-05	0.00101324996	0	0	0.152585	0	0	3
3289	2071	137.970198	24.2335593	101324.996	101324.996	101324.995	101324.997	1.90581341e-05	0.00101324996	0	0	0.152495	0	0	3
3290	2072	138	24.2409273	101324.996	101324.996	101324.995	101324.997	1.79349299e-05	0.00101324996	0	0	0.152463	0	0	3
3291	2073	138.041895	24.2482954	101324.997	101324.996	101324.995	101324.997	1.79156632e-05	0.00101324997	0	0	0.152393	0	0	3
3292	2073	138.083783	24.2556635	101324.996	101324.996	101324.995	101324.997	1.79156632e-05	0.00101324996	0	0	0.152318	0	0	3
3293	2074	138.125666	24.2630315	101324.996	101324.996	101324.995	101324.997	1.79156632e-05	0.00101324996	0	0	0.152259	0	0	3
3294	2075	138.167546	24.2703996	101324.996	101324.996	101324.995	101324.997	1.79156632e-05	0.00101324996	0	0	0.152143	0	0	3
3295	2075	138.209425	24.2777677	101324.996	101324.996	101324.995	101324.997	1.79156632e-05	0.00101324996	0	0	0.151966	0	0	3
3296	2076	138.251305	24.2851357	101324.997	101324.996	101324.995	101324.997	1.79156632e-05	0.00101324997	0	0	0.151807	0	0	3
3297	2077	138.293189	24.2925038	101324.997	101324.996	101324.995	101324.997	1.79156632e-05	0.00101324997	0	0	0.151656	0	0	3
3298	2077	138.335078	24.2998718	101324.997	101324.996	101324.995	101324.997	1.79156632e-05	0.00101324997	0	0	0.151441	0	0	3
3299	2078	138.376976	24.3072399	101324.997	101324.996	101324.995	101324.997	1.79156632e-05	0.00101324997	0	0	0.151267	0	0	3
3300	2079	138.418882	24.314608	101324.997	101324.996	101324.995	101324.997	1.79156632e-05	0.00101324997	0	0	0.151047	0	0	3
3301	2079	138.460802	24.321976	101324.996	101324.996	101324.995	101324.997	1.79156632e-05	0.00101324996	0	0	0.150828	0	0	3
3302	2080	138.502734	24.3293441	101324.996	101324.996	101324.995	101324.997	1.79156632e-05	0.00101324996	0	0	0.150614	0	0	3
3303	2081	138.544682	24.3367122	101324.996	101324.996	101324.995	101324.997	1.79156632e-05	0.00101324996	0	0	0.150398	0	0	3
3304	2081	138.586646	24.3440802	101324.996	101324.996	101324.995	101324.997	1.79156632e-05	0.00101324996	0	0	0.150098	0	0	3
3305	2082	138.62863	24.3514483	101324.996	101324.996	101324.995	101324.997	1.79156632e-05	0.00101324996	0	0	0.14982	0	0	3
3306	2083	138.670635	24.3588163	101324.996	101324.996	101324.995	101324.997	1.79156632e-05	0.00101324996	0	0	0.14957	0	0	3
3307	2083	138.712663	24.3661844	101324.996	101324.996	101324.995	101324.997	1.79156632e-05	0.00101324996	0	0	0.149242	0	0	3
3308	2084	138.754715	24.3735525	101324.996	101324.996	101324.995	101324.997	1.79156632e-05	0.00101324996	0	0	0.148932	0	0	3
3309	2085	138.796794	24.3809205	101324.996	101324.996	101324.995	101324.997	1.79156632e-05	0.00101324996	0	0	0.148652	0	0	3
3310	2085	138.838901	24.3882886	101324.996	101324.996	101324.995	101324.997	1.79156632e-05	0.00101324996	0	0	0.148288	0	0	3
3311	2086	138.881039	24.3956567	101324.996	101324.996	101324.995	101324.997	1.79156632e-05	0.00101324996	0	0	0.147976	0	0	3
3312	2087	138.923207	24.4030247	101324.996	101324.996	101324.995	101324.997	1.79156632e-05	0.00101324996	0	0	0.147638	0	0	3
3313	2087	138.965409	24.4103928	101324.996	101324.996	101324.995	101324.997	1.79156632e-05	0.00101324996	0	0	0.147302	0	0	3
3314	2088	139	24.4177609	101324.996	101324.996	101324.995	101324.997	1.79156632e-05	0.00101324996	0	0	0.146966	0	0	3
3315	2089	139.042265	24.4251289	101324.996	101324.996	101324.995	101324.997	1.79156632e-05	0.00101324996	0	0	0.146641	0	0	3
3316	2089	139.084566	24.432497	101324.996	101324.996	101324.995	101324.997	1.57455361e-05	0.00101324996	0	0	0.146283	0	0	3
3317	2090	139.126906	24.439865	101324.996	101324.996	101324.995	101324.997	1.57455361e-05	0.00101324996	0	0	0.145901	0	0	3
3318	2091	139.169286	24.4472331	101324.996	101324.996	101324.995	101324.997	1.57298346e-05	0.00101324996	0	0	0.145572	0	0	3
3319	2092	139.211706	24.4546012	101324.996	101324.996	101324.995	101324.997	1.57298346e-05	0.00101324996	0	0	0.145134	0	0	3
3320	2092	139.254167	24.4619692	101324.996	101324.996	101324.995	101324.997	1.57298346e-05	0.00101324996	0	0	0.144829	0	0	3
3321	2093	139.296671	24.4693373	101324.996	101324.996	101324.995	101324.997	1.57298346e-05	0.00101324996	0	0	0.144492	0	0	3
3322	2094	139.339218	24.4767054	101324.996	101324.996	101324.995	101324.997	1.54401641e-05	0.00101324996	0	0	0.144866	0	0	3
3323	2094	139.38181	24.4840734	101324.996	101324.996	101324.995	101324.997	1.54401641e-05	0.00101324996	0	0	0.145236	0	0	3
3324	2095	139.424447	24.4914415	101324.996	101324.996	101324.995	101324.997	1.54401641e-05	0.00101324996	0	0	0.145603	0	0	3
3325	2096	139.46713	24.4988095	101324.996	101324.996	101324.995	101324.997	1.54401641e-05	0.00101324996	0	0	0.145987	0	0	3
3326	2096	139.509859	24.5061776	101324.996	101324.996	101324.995	101324.997	1.54401641e-05	0.00101324996	0	0	0.146386	0	0	3
3327	2097	139.552636	24.5135457	101324.996	101324.996	101324.995	101324.997	1.54401641e-05	0.00101324996	0	0	0.146734	0	0	3
3328	2098	139.595459	24.5209137	101324.996	101324.996	101324.995	101324.997	1.54401641e-05	0.00101324996	0	0	0.147101	0	0	3
3329	2098	139.638331	24.5282818	101324.996	101324.996	101324.995	101324.997	1.54401641e-05	0.00101324996	0	0	0.147465	0	0	3
3330	2099	139.681246	24.5356499	101324.996	101324.996	101324.995	101324.997	1.54401641e-05	0.00101324996	0	0	0.147819	0	0	3
3331	2099	139.724114	24.5430179	101324.996	101324.996	101324.995	101324.997	1.54401641e-05	0.00101324996	0	0	0.148171	0	0	3
3332	2100	139.766935	24.550386	101324.996	101324.996	101324.995	101324.997	1.54401641e-05	0.00101324996	0	0	0.148515	0	0	3
3333	2101	139.809708	24.5577541	101324.996	101324.996	101324.995	101324.997	1.54401641e-05	0.00101324996	0	0	0.148822	0	0	3
3334	2101	139.852435	24.5651221	101324.996	101324.996	101324.996	101324.997	1.54401641e-05	0.00101324996	0	0	0.149118	0	0	3
3335	2102	139.895118	24.5724902	101324.996	101324.996	101324.996	101324.997	1.54401641e-05	0.00101324996	0	0	0.149446	0	0	3
3336	2103	139.937755	24.5798582	101324.996	101324.996	101324.996	101324.997	1.54401641e-05	0.00101324996	0	0	0.149761	0	0	3
3337	2103	139.980349	24.5872263	101324.996	101324.996	101324.996	101324.997	1.54401641e-05	0.00101324996	0	0	0.149985	0	0	3
3338	2104	140	24.5945944	101324.996	101324.996	101324.996	101324.997	1.54401641e-05	0.00101324996	0	0	0.150336	0	0	3
3339	2105	140.042531	24.6019624	101324.996	101324.996	101324.996	101324.997	1.54401641e-05	0.00101324996	0	0	0.150421	0	0	3
3340	2106	140.08502	24.6093305	101324.996	101324.996	101324.996	101324.997	1.54401641e-05	0.00101324996	0	0	0.150657	0	0	3
3341	2106	140.127471	24.6166986	101324.996	101324.996	101324.996	101324.997	1.54401641e-05	0.00101324996	0	0	0.150945	0	0	3
3342	2107	140.169882	24.6240666	101324.996	101324.996	101324.996	101324.997	1.61348871e-05	0.00101324996	0	0	0.151143	0	0	3
3343	2107	140.212256	24.6314347	101324.996	101324.996	101324.996	101324.997	1.68277911e-05	0.00101324996	0	0	0.151352	0	0	3
3344	2108	140.254594	24.6388027	101324.996	101324.996	101324.996	101324.997	1.68277911e-05	0.00101324996	0	0	0.151625	0	0	3
3345	2109	140.296898	24.6461708	101324.996	101324.996	101324.996	101324.997	1.68277911e-05	0.00101324996	0	0	0.15178	0	0	3
3346	2109	140.339167	24.6535389	101324.996	101324.996	101324.996	101324.997	1.68277911e-05	0.00101324996	0	0	0.151954	0	0	3
3347	2110	140.381404	24.6609069	101324.996	101324.996	101324.996	101324.997	1.68277911e-05	0.00101324996	0	0	0.152128	0	0	3
3348	2111	140.42361	24.668275	101324.996	101324.996	101324.996	101324.997	1.68277911e-05	0.00101324996	0	0	0.152316	0	0	3
3349	2111	140.465786	24.6756431	101324.996	101324.996	101324.996	101324.997	1.68277911e-05	0.00101324996	0	0	0.152398	0	0	3
3350	2112	140.507935	24.6830111	101324.996	101324.996	101324.996	101324.997	1.68277911e-05	0.00101324996	0	0	0.152511	0	0	3
3351	2113	140.550057	24.6903792	101324.996	101324.996	101324.996	101324.997	1.68277911e-05	0.00101324996	0	0	0.152577	0	0	3
3352	2113	140.592156	24.6977472	101324.996	101324.996	101324.996	101324.997	1.68277911e-05	0.00101324996	0	0	0.152659	0	0	3
3353	2114	140.634233	24.7051153	101324.996	101324.996	101324.996	101324.997	1.68277911e-05	0.00101324996	0	0	0.152735	0	0	3
3354	2115	140.676289	24.7124834	101324.996	101324.996	101324.996	101324.997	1.68277911e-05	0.00101324996	0	0	0.15282	0	0	3
3355	2115	140.718325	24.7198514	101324.996	101324.996	101324.996	101324.997	1.68277911e-05	0.00101324996	0	0	0.152798	0	0	3
3356	2116	140.760345	24.7272195	101324.996	101324.996	101324.996	101324.997	1.68277911e-05	0.00101324996	0	0	0.152793	0	0	3
3357	2117	140.80235	24.7345876	101324.996	101324.996	101324.996	101324.997	1.68277911e-05	0.00101324996	0	0	0.152761	0	0	3
3358	2117	140.844342	24.7419556	101324.996	101324.996	101324.996	101324.997	1.61511416e-05	0.00101324996	0	0	0.152731	0	0	3
3359	2118	140.886324	24.7493237	101324.996	101324.996	101324.996	101324.997	1.61511416e-05	0.00101324996	0	0	0.152678	0	0	3
3360	2119	140.928298	24.7566918	101324.997	101324.996	101324.996	101324.997	1.61511416e-05	0.00101324997	0	0	0.152617	0	0	3
3361	2119	140.970265	24.7640598	101324.996	101324.996	101324.996	101324.997	1.61511416e-05	0.00101324996	0	0	0.152532	0	0	3
3362	2120	141	24.7714279	101324.996	101324.996	101324.996	101324.997	1.61511416e-05	0.00101324996	0	0	0.152526	0	0	3
3363	2121	141.04196	24.7787959	101324.996	101324.996	101324.996	101324.997	1.61511416e-05	0.00101324996	0	0	0.152389	0	0	3
3364	2121	141.083918	24.786164	101324.996	101324.996	101324.996	101324.997	1.61511416e-05	0.00101324996	0	0	0.15226	0	0	3
3365	2122	141.125878	24.7935321	101324.997	101324.996	101324.996	101324.997	1.61511416e-05	0.00101324997	0	0	0.15207	0	0	3
3366	2123	141.167841	24.8009001	101324.997	101324.996	101324.996	101324.997	1.61511416e-05	0.00101324997	0	0	0.151942	0	0	3
3367	2123	141.209809	24.8082682	101324.997	101324.996	101324.996	101324.997	1.38514879e-05	0.00101324997	0	0	0.151722	0	0	3
3368	2124	141.251785	24.8156363	101324.997	101324.996	101324.996	101324.997	1.45519298e-05	0.00101324997	0	0	0.151568	0	0	3
3369	2125	141.29377	24.8230043	101324.997	101324.996	101324.996	101324.997	1.45519298e-05	0.00101324997	0	0	0.151328	0	0	3
3370	2125	141.335767	24.8303724	101324.997	101324.996	101324.996	101324.997	1.45519298e-05	0.00101324997	0	0	0.151137	0	0	3
3371	2126	141.377777	24.8377404	101324.996	101324.996	101324.996	101324.997	1.45519298e-05	0.00101324996	0	0	0.150868	0	0	3
3372	2127	141.419802	24.8451085	101324.996	101324.996	101324.996	101324.997	1.45519298e-05	0.00101324996	0	0	0.1507	0	0	3
3373	2127	141.461844	24.8524766	101324.996	101324.996	101324.996	101324.997	1.45519298e-05	0.00101324996	0	0	0.150412	0	0	3
3374	2128	141.503905	24.8598446	101324.996	101324.996	101324.996	101324.997	1.45519298e-05	0.00101324996	0	0	0.150149	0	0	3
3375	2129	141.545986	24.8672127	101324.996	101324.996	101324.996	101324.997	1.45519298e-05	0.00101324996	0	0	0.149823	0	0	3
3376	2129	141.58809	24.8745808	101324.997	101324.996	101324.996	101324.997	1.45519298e-05	0.00101324997	0	0	0.149546	0	0	3
3377	2130	141.63022	24.8819488	101324.996	101324.996	101324.996	101324.997	1.45519298e-05	0.00101324996	0	0	0.149245	0	0	3
3378	2131	141.672375	24.8893169	101324.996	101324.996	101324.996	101324.997	1.45519298e-05	0.00101324996	0	0	0.148934	0	0	3
3379	2131	141.714558	24.896685	101324.996	101324.996	101324.996	101324.997	1.45519298e-05	0.00101324996	0	0	0.148607	0	0	3
3380	2132	141.756771	24.904053	101324.996	101324.996	101324.996	101324.997	1.45519298e-05	0.00101324996	0	0	0.148295	0	0	3
3381	2133	141.799016	24.9114211	101324.996	101324.996	101324.996	101324.997	1.45519298e-05	0.00101324996	0	0	0.147932	0	0	3
3382	2133	141.841292	24.9187891	101324.996	101324.996	101324.996	101324.997	1.45519298e-05	0.00101324996	0	0	0.147616	0	0	3
3383	2134	141.883604	24.9261572	101324.996	101324.996	101324.996	101324.997	1.45519298e-05	0.00101324996	0	0	0.147248	0	0	3
3384	2135	141.925951	24.9335253	101324.996	101324.996	101324.996	101324.997	1.45519298e-05	0.00101324996	0	0	0.146901	0	0	3
3385	2135	141.968335	24.9408933	101324.996	101324.996	101324.996	101324.997	1.45519298e-05	0.00101324996	0	0	0.146531	0	0	3
3386	2136	142	24.9482614	101324.996	101324.996	101324.996	101324.997	1.45519298e-05	0.00101324996	0	0	0.146167	0	0	3
3387	2137	142.042453	24.9556295	101324.996	101324.996	101324.996	101324.997	1.45519298e-05	0.00101324996	0	0	0.145866	0	0	3
3388	2137	142.084945	24.9629975	101324.996	101324.996	101324.996	101324.997	1.45519298e-05	0.00101324996	0	0	0.145565	0	0	3
3389	2138	142.127479	24.9703656	101324.996	101324.996	101324.996	101324.997	1.45519298e-05	0.00101324996	0	0	0.145121	0	0	3
3390	2139	142.170055	24.9777336	101324.996	101324.996	101324.996	101324.997	1.45519298e-05	0.00101324996	0	0	0.144777	0	0	3
3391	2139	142.212675	24.9851017	101324.996	101324.996	101324.996	101324.997	1.45519298e-05	0.00101324996	0	0	0.144821	0	0	3
3392	2140	142.255339	24.9924698	101324.996	101324.996	101324.996	101324.997	1.45519298e-05	0.00101324996	0	0	0.145205	0	0	3
3393	2141	142.298048	24.9998378	101324.996	101324.996	101324.996	101324.997	1.45519298e-05	0.00101324996	0	0	0.14557	0	0	3
3394	2141	142.340803	25.0072059	101324.996	101324.996	101324.996	101324.997	1.45519298e-05	0.00101324996	0	0	0.145972	0	0	3
3395	2142	142.383605	25.014574	101324.996	101324.996	101324.996	101324.997	1.45519298e-05	0.00101324996	0	0	0.146343	0	0	3
3396	2143	142.426453	25.021942	101324.996	101324.996	101324.996	101324.997	1.45519298e-05	0.00101324996	0	0	0.14671	0	0	3
3397	2143	142.46935	25.0293101	101324.996	101324.996	101324.996	101324.997	1.45519298e-05	0.00101324996	0	0	0.147083	0	0	3
3398	2144	142.51224	25.0366781	101324.996	101324.996	101324.996	101324.997	1.45519298e-05	0.00101324996	0	0	0.147433	0	0	3
3399	2145	142.555081	25.0440462	101324.996	101324.996	101324.996	101324.997	1.45519298e-05	0.00101324996	0	0	0.147777	0	0	3
3400	2145	142.597875	25.0514143	101324.996	101324.996	101324.996	101324.997	1.45519298e-05	0.00101324996	0	0	0.148152	0	0	3
3401	2146	142.640621	25.0587823	101324.996	101324.996	101324.996	101324.997	1.45519298e-05	0.00101324996	0	0	0.148471	0	0	3
3402	2147	142.68332	25.0661504	101324.996	101324.996	101324.996	101324.997	1.45519298e-05	0.00101324996	0	0	0.148781	0	0	3
3403	2148	142.725974	25.0735185	101324.996	101324.996	101324.996	101324.997	1.45519298e-05	0.00101324996	0	0	0.149069	0	0	3
3404	2148	142.768582	25.0808865	101324.996	101324.996	101324.996	101324.997	1.45519298e-05	0.00101324996	0	0	0.149405	0	0	3
3405	2149	142.811145	25.0882546	101324.996	101324.996	101324.996	101324.997	1.45519298e-05	0.00101324996	0	0	0.149705	0	0	3
3406	2149	142.853665	25.0956227	101324.996	101324.996	101324.996	101324.997	1.45519298e-05	0.00101324996	0	0	0.149938	0	0	3
3407	2150	142.896142	25.1029907	101324.996	101324.996	101324.996	101324.997	1.45519298e-05	0.00101324996	0	0	0.150267	0	0	3
3408	2151	142.938577	25.1103588	101324.996	101324.996	101324.996	101324.997	1.45519298e-05	0.00101324996	0	0	0.1505	0	0	3
3409	2151	142.980972	25.1177268	101324.996	101324.996	101324.996	101324.997	1.45519298e-05	0.00101324996	0	0	0.150715	0	0	3
3410	2152	143	25.1250949	101324.996	101324.996	101324.996	101324.997	1.45519298e-05	0.00101324996	0	0	0.151019	0	0	3
3411	2153	143.042337	25.132463	101324.996	101324.996	101324.996	101324.997	1.47840183e-05	0.00101324996	0	0	0.151059	0	0	3
3412	2154	143.084636	25.139831	101324.996	101324.996	101324.996	101324.997	1.47840183e-05	0.00101324996	0	0	0.15128	0	0	3
3413	2154	143.126899	25.1471991	101324.996	101324.996	101324.996	101324.997	1.47840183e-05	0.00101324996	0	0	0.151427	0	0	3
3414	2155	143.169127	25.1545672	101324.996	101324.996	101324.996	101324.997	1.47840183e-05	0.00101324996	0	0	0.151662	0	0	3
3415	2156	143.211322	25.1619352	101324.996	101324.996	101324.996	101324.997	1.47840183e-05	0.00101324996	0	0	0.151819	0	0	3
3416	2156	143.253484	25.1693033	101324.996	101324.996	101324.996	101324.997	1.47840183e-05	0.00101324996	0	0	0.151996	0	0	3
3417	2157	143.295616	25.1766713	101324.996	101324.996	101324.996	101324.997	1.47840183e-05	0.00101324996	0	0	0.152152	0	0	3
3418	2158	143.337717	25.1840394	101324.996	101324.996	101324.996	101324.997	1.5567377e-05	0.00101324996	0	0	0.152283	0	0	3
3419	2158	143.379791	25.1914075	101324.996	101324.996	101324.996	101324.997	1.66072568e-05	0.00101324996	0	0	0.152329	0	0	3
3420	2159	143.421838	25.1987755	101324.996	101324.996	101324.996	101324.997	1.70843268e-05	0.00101324996	0	0	0.152423	0	0	3
3421	2160	143.463862	25.2061436	101324.996	101324.996	101324.996	101324.997	1.70843268e-05	0.00101324996	0	0	0.152489	0	0	3
3422	2160	143.505863	25.2135117	101324.996	101324.996	101324.996	101324.997	1.70843268e-05	0.00101324996	0	0	0.15256	0	0	3
3423	2161	143.547843	25.2208797	101324.996	101324.996	101324.996	101324.997	1.70843268e-05	0.00101324996	0	0	0.152624	0	0	3
3424	2162	143.589803	25.2282478	101324.996	101324.996	101324.996	101324.997	1.75348978e-05	0.00101324996	0	0	0.152646	0	0	3
3425	2162	143.631746	25.2356158	101324.996	101324.996	101324.996	101324.997	1.83788798e-05	0.00101324996	0	0	0.152582	0	0	3
3426	2163	143.673673	25.2429839	101324.996	101324.996	101324.996	101324.997	1.83788798e-05	0.00101324996	0	0	0.152584	0	0	3
3427	2163	143.715588	25.250352	101324.996	101324.996	101324.996	101324.997	1.83788798e-05	0.00101324996	0	0	0.152528	0	0	3
3428	2164	143.757492	25.25772	101324.996	101324.996	101324.996	101324.997	2.09900609e-05	0.00101324996	0	0	0.152489	0	0	3
3429	2165	143.799387	25.2650881	101324.997	101324.996	101324.996	101324.997	2.09900609e-05	0.00101324997	0	0	0.152382	0	0	3
3430	2165	143.841275	25.2724562	101324.996	101324.996	101324.996	101324.997	2.09900609e-05	0.00101324996	0	0	0.152352	0	0	3
3431	2166	143.883159	25.2798242	101324.996	101324.996	101324.996	101324.997	2.09900609e-05	0.00101324996	0	0	0.152258	0	0	3
3432	2167	143.925038	25.2871923	101324.996	101324.996	101324.996	101324.997	2.09900609e-05	0.00101324996	0	0	0.152155	0	0	3
3433	2167	143.966917	25.2945604	101324.996	101324.996	101324.996	101324.997	2.09900609e-05	0.00101324996	0	0	0.151986	0	0	3
3434	2168	144	25.3019284	101324.997	101324.996	101324.996	101324.997	2.09900609e-05	0.00101324997	0	0	0.151834	0	0	3
3435	2169	144.041882	25.3092965	101324.997	101324.996	101324.996	101324.997	2.09900609e-05	0.00101324997	0	0	0.151675	0	0	3
3436	2169	144.083769	25.3166645	101324.997	101324.996	101324.996	101324.997	2.09900609e-05	0.00101324997	0	0	0.151544	0	0	3
3437	2170	144.125663	25.3240326	101324.997	101324.996	101324.996	101324.997	2.09900609e-05	0.00101324997	0	0	0.151302	0	0	3
3438	2171	144.167566	25.3314007	101324.997	101324.996	101324.996	101324.997	2.09900609e-05	0.00101324997	0	0	0.151109	0	0	3
3439	2171	144.20948	25.3387687	101324.997	101324.996	101324.996	101324.997	2.06270633e-05	0.00101324997	0	0	0.150901	0	0	3
3440	2172	144.251408	25.3461368	101324.996	101324.996	101324.996	101324.997	2.06270633e-05	0.00101324996	0	0	0.150665	0	0	3
3441	2173	144.29335	25.3535049	101324.996	101324.996	101324.996	101324.997	2.06270633e-05	0.00101324996	0	0	0.150466	0	0	3
3442	2173	144.335308	25.3608729	101324.996	101324.996	101324.996	101324.997	2.06270633e-05	0.00101324996	0	0	0.15023	0	0	3
3443	2174	144.377285	25.368241	101324.996	101324.996	101324.996	101324.997	2.06270633e-05	0.00101324996	0	0	0.149903	0	0	3
3444	2175	144.419282	25.375609	101324.997	101324.996	101324.996	101324.997	2.06270633e-05	0.00101324997	0	0	0.14962	0	0	3
3445	2175	144.461302	25.3829771	101324.996	101324.996	101324.996	101324.997	2.06270633e-05	0.00101324996	0	0	0.14936	0	0	3
3446	2176	144.503345	25.3903452	101324.996	101324.996	101324.996	101324.997	2.06270633e-05	0.00101324996	0	0	0.149036	0	0	3
3447	2177	144.545415	25.3977132	101324.996	101324.996	101324.996	101324.997	2.06270633e-05	0.00101324996	0	0	0.148741	0	0	3
3448	2177	144.587512	25.4050813	101324.996	101324.996	101324.996	101324.997	2.06270633e-05	0.00101324996	0	0	0.148393	0	0	3
3449	2178	144.629639	25.4124494	101324.996	101324.996	101324.996	101324.997	2.06270633e-05	0.00101324996	0	0	0.148071	0	0	3
3450	2179	144.671797	25.4198174	101324.996	101324.996	101324.996	101324.997	2.06270633e-05	0.00101324996	0	0	0.147753	0	0	3
3451	2179	144.713987	25.4271855	101324.996	101324.996	101324.996	101324.997	2.06270633e-05	0.00101324996	0	0	0.147404	0	0	3
3452	2180	144.756211	25.4345536	101324.996	101324.996	101324.996	101324.997	2.06270633e-05	0.00101324996	0	0	0.14707	0	0	3
3453	2181	144.79847	25.4419216	101324.996	101324.996	101324.996	101324.997	2.06270633e-05	0.00101324996	0	0	0.146664	0	0	3
3454	2182	144.840765	25.4492897	101324.996	101324.996	101324.996	101324.997	2.06270633e-05	0.00101324996	0	0	0.146358	0	0	3
3455	2182	144.883099	25.4566577	101324.996	101324.996	101324.996	101324.997	1.7087179e-05	0.00101324996	0	0	0.145933	0	0	3
3456	2183	144.925473	25.4640258	101324.996	101324.996	101324.996	101324.997	1.86925026e-05	0.00101324996	0	0	0.145612	0	0	3
3457	2184	144.967886	25.4713939	101324.996	101324.996	101324.996	101324.997	1.86925026e-05	0.00101324996	0	0	0.145215	0	0	3
3458	2184	145	25.4787619	101324.996	101324.996	101324.996	101324.997	1.86925026e-05	0.00101324996	0	0	0.144878	0	0	3
3459	2185	145.042487	25.48613	101324.996	101324.996	101324.996	101324.997	1.86925026e-05	0.00101324996	0	0	0.144522	0	0	3
3460	2186	145.085017	25.4934981	101324.996	101324.996	101324.996	101324.997	1.86925026e-05	0.00101324996	0	0	0.144729	0	0	3
3461	2186	145.127591	25.5008661	101324.996	101324.996	101324.996	101324.997	1.86925026e-05	0.00101324996	0	0	0.145067	0	0	3
3462	2187	145.17021	25.5082342	101324.996	101324.996	101324.996	101324.997	1.86925026e-05	0.00101324996	0	0	0.145496	0	0	3
3463	2188	145.212875	25.5156022	101324.996	101324.996	101324.996	101324.997	1.86925026e-05	0.00101324996	0	0	0.145806	0	0	3
3464	2188	145.255586	25.5229703	101324.996	101324.996	101324.996	101324.997	1.86925026e-05	0.00101324996	0	0	0.146214	0	0	3
3465	2189	145.298344	25.5303384	101324.996	101324.996	101324.996	101324.997	1.86925026e-05	0.00101324996	0	0	0.146562	0	0	3
3466	2190	145.341148	25.5377064	101324.996	101324.996	101324.996	101324.997	1.95070897e-05	0.00101324996	0	0	0.146977	0	0	3
3467	2190	145.384001	25.5450745	101324.996	101324.996	101324.996	101324.997	1.95070897e-05	0.00101324996	0	0	0.147287	0	0	3
3468	2191	145.426902	25.5524426	101324.996	101324.996	101324.996	101324.997	1.95070897e-05	0.00101324996	0	0	0.147698	0	0	3
3469	2192	145.469788	25.5598106	101324.996	101324.996	101324.996	101324.997	1.95070897e-05	0.00101324996	0	0	0.148009	0	0	3
3470	2192	145.512627	25.5671787	101324.996	101324.996	101324.996	101324.997	1.98880443e-05	0.00101324996	0	0	0.148362	0	0	3
3471	2193	145.555419	25.5745467	101324.996	101324.996	101324.996	101324.997	1.98880443e-05	0.00101324996	0	0	0.148662	0	0	3
3472	2194	145.598164	25.5819148	101324.996	101324.996	101324.996	101324.997	1.98880443e-05	0.00101324996	0	0	0.149026	0	0	3
3473	2194	145.640864	25.5892829	101324.996	101324.996	101324.996	101324.997	1.98880443e-05	0.00101324996	0	0	0.1493	0	0	3
3474	2195	145.683518	25.5966509	101324.996	101324.996	101324.996	101324.997	1.98880443e-05	0.00101324996	0	0	0.149649	0	0	3
3475	2196	145.726128	25.604019	101324.996	101324.996	101324.996	101324.997	1.98880443e-05	0.00101324996	0	0	0.14986	0	0	3
3476	2196	145.768696	25.6113871	101324.996	101324.996	101324.996	101324.997	1.98880443e-05	0.00101324996	0	0	0.150207	0	0	3
3477	2197	145.811221	25.6187551	101324.996	101324.996	101324.996	101324.997	1.98880443e-05	0.00101324996	0	0	0.150439	0	0	3
3478	2198	145.853705	25.6261232	101324.996	101324.996	101324.996	101324.997	1.98880443e-05	0.00101324996	0	0	0.150708	0	0	3
3479	2199	145.896149	25.6334913	101324.996	101324.996	101324.996	101324.997	1.98880443e-05	0.00101324996	0	0	0.150924	0	0	3
3480	2199	145.938555	25.6408593	101324.996	101324.996	101324.996	101324.997	1.98880443e-05	0.00101324996	0	0	0.151203	0	0	3
3481	2200	145.980924	25.6482274	101324.996	101324.996	101324.996	101324.997	1.98880443e-05	0.00101324996	0	0	0.15138	0	0	3
3482	2201	146	25.6555954	101324.996	101324.996	101324.996	101324.997	1.98880443e-05	0.00101324996	0	0	0.151641	0	0	3
3483	2201	146.042316	25.6629635	101324.996	101324.996	101324.996	101324.997	1.98880443e-05	0.00101324996	0	0	0.151679	0	0	3
3484	2202	146.084598	25.6703316	101324.996	101324.996	101324.996	101324.997	1.98880443e-05	0.00101324996	0	0	0.151875	0	0	3
3485	2203	146.126847	25.6776996	101324.996	101324.996	101324.996	101324.997	1.98880443e-05	0.00101324996	0	0	0.152068	0	0	3
3486	2203	146.169065	25.6850677	101324.996	101324.996	101324.996	101324.997	1.98880443e-05	0.00101324996	0	0	0.152272	0	0	3
3487	2204	146.211251	25.6924358	101324.996	101324.996	101324.996	101324.997	1.98880443e-05	0.00101324996	0	0	0.152336	0	0	3
3488	2205	146.25341	25.6998038	101324.996	101324.996	101324.996	101324.997	1.98880443e-05	0.00101324996	0	0	0.152477	0	0	3
3489	2205	146.295542	25.7071719	101324.996	101324.996	101324.996	101324.997	1.98880443e-05	0.00101324996	0	0	0.152526	0	0	3
3490	2206	146.337649	25.7145399	101324.996	101324.996	101324.996	101324.997	1.98880443e-05	0.00101324996	0	0	0.152647	0	0	3
3491	2207	146.379734	25.721908	101324.996	101324.996	101324.996	101324.997	1.98880443e-05	0.00101324996	0	0	0.152699	0	0	3
3492	2207	146.421797	25.7292761	101324.996	101324.996	101324.996	101324.997	1.98880443e-05	0.00101324996	0	0	0.152827	0	0	3
3493	2208	146.463841	25.7366441	101324.996	101324.996	101324.996	101324.997	1.98880443e-05	0.00101324996	0	0	0.152777	0	0	3
3494	2209	146.505866	25.7440122	101324.996	101324.996	101324.996	101324.997	1.98880443e-05	0.00101324996	0	0	0.152822	0	0	3
3495	2209	146.547876	25.7513803	101324.997	101324.996	101324.996	101324.997	1.98880443e-05	0.00101324997	0	0	0.152759	0	0	3
3496	2210	146.589873	25.7587483	101324.996	101324.996	101324.996	101324.997	1.81767682e-05	0.00101324996	0	0	0.152769	0	0	3
3497	2211	146.631858	25.7661164	101324.996	101324.996	101324.996	101324.997	1.81767682e-05	0.00101324996	0	0	0.152677	0	0	3
3498	2211	146.673834	25.7734844	101324.997	101324.996	101324.996	101324.997	1.81767682e-05	0.00101324997	0	0	0.15267	0	0	3
3499	2212	146.715804	25.7808525	101324.996	101324.996	101324.996	101324.997	1.81767682e-05	0.00101324996	0	0	0.152555	0	0	3
3500	2213	146.757767	25.7882206	101324.996	101324.996	101324.996	101324.997	1.81767682e-05	0.00101324996	0	0	0.152558	0	0	3
3501	2213	146.799727	25.7955886	101324.996	101324.996	101324.996	101324.997	1.81767682e-05	0.00101324996	0	0	0.152381	0	0	3
3502	2214	146.841685	25.8029567	101324.996	101324.996	101324.996	101324.997	1.81767682e-05	0.00101324996	0	0	0.15228	0	0	3
3503	2215	146.883644	25.8103248	101324.997	101324.996	101324.996	101324.997	1.81767682e-05	0.00101324997	0	0	0.152069	0	0	3
3504	2215	146.925606	25.8176928	101324.996	101324.996	101324.996	101324.997	1.81767682e-05	0.00101324996	0	0	0.151984	0	0	3
3505	2216	146.967573	25.8250609	101324.997	101324.996	101324.996	101324.997	1.81767682e-05	0.00101324997	0	0	0.151735	0	0	3
3506	2217	147	25.832429	101324.997	101324.996	101324.996	101324.997	1.49014231e-05	0.00101324997	0	0	0.151609	0	0	3
3507	2218	147.041982	25.839797	101324.997	101324.996	101324.996	101324.997	1.49014231e-05	0.00101324997	0	0	0.151373	0	0	3
3508	2218	147.083974	25.8471651	101324.997	101324.996	101324.996	101324.997	1.49014231e-05	0.00101324997	0	0	0.151228	0	0	3
3509	2219	147.125979	25.8545331	101324.996	101324.996	101324.996	101324.997	1.49014231e-05	0.00101324996	0	0	0.150931	0	0	3
3510	2220	147.167999	25.8619012	101324.996	101324.996	101324.996	101324.997	1.49014231e-05	0.00101324996	0	0	0.150809	0	0	3
3511	2220	147.210034	25.8692693	101324.996	101324.996	101324.996	101324.997	1.48914696e-05	0.00101324996	0	0	0.15046	0	0	3
3512	2221	147.252088	25.8766373	101324.996	101324.996	101324.996	101324.997	1.46131933e-05	0.00101324996	0	0	0.15026	0	0	3
3513	2222	147.294162	25.8840054	101324.997	101324.996	101324.996	101324.997	1.46131933e-05	0.00101324997	0	0	0.149886	0	0	3
3514	2222	147.336259	25.8913735	101324.996	101324.996	101324.996	101324.997	1.46131933e-05	0.00101324996	0	0	0.149691	0	0	3
3515	2223	147.378379	25.8987415	101324.996	101324.996	101324.996	101324.997	1.46131933e-05	0.00101324996	0	0	0.149326	0	0	3
3516	2224	147.420525	25.9061096	101324.996	101324.996	101324.996	101324.997	1.46131933e-05	0.00101324996	0	0	0.149074	0	0	3
3517	2224	147.462698	25.9134776	101324.996	101324.996	101324.996	101324.997	1.46131933e-05	0.00101324996	0	0	0.148677	0	0	3
3518	2225	147.504901	25.9208457	101324.996	101324.996	101324.996	101324.997	1.46131933e-05	0.00101324996	0	0	0.148421	0	0	3
3519	2226	147.547135	25.9282138	101324.996	101324.996	101324.996	101324.997	1.46131933e-05	0.00101324996	0	0	0.148031	0	0	3
3520	2226	147.5894	25.9355818	101324.996	101324.996	101324.996	101324.997	1.46131933e-05	0.00101324996	0	0	0.147755	0	0	3
3521	2227	147.6317	25.9429499	101324.996	101324.996	101324.996	101324.997	1.46131933e-05	0.00101324996	0	0	0.147323	0	0	3
3522	2228	147.674035	25.950318	101324.996	101324.996	101324.996	101324.997	1.46131933e-05	0.00101324996	0	0	0.147063	0	0	3
3523	2228	147.716406	25.957686	101324.996	101324.996	101324.996	101324.997	1.46131933e-05	0.00101324996	0	0	0.146617	0	0	3
3524	2229	147.758815	25.9650541	101324.996	101324.996	101324.996	101324.997	1.46131933e-05	0.00101324996	0	0	0.146289	0	0	3
3525	2230	147.801265	25.9724222	101324.996	101324.996	101324.996	101324.997	1.46131933e-05	0.00101324996	0	0	0.145918	0	0	3
3526	2230	147.843753	25.9797902	101324.996	101324.996	101324.996	101324.997	1.46131933e-05	0.00101324996	0	0	0.145541	0	0	3
3527	2231	147.886284	25.9871583	101324.996	101324.996	101324.996	101324.997	1.46131933e-05	0.00101324996	0	0	0.145142	0	0	3
3528	2232	147.928857	25.9945263	101324.996	101324.996	101324.996	101324.997	1.46131933e-05	0.00101324996	0	0	0.144812	0	0	3
3529	2233	147.971473	26.0018944	101324.996	101324.996	101324.996	101324.997	1.46131933e-05	0.00101324996	0	0	0.144768	0	0	3
3530	2233	148	26.0092625	101324.996	101324.996	101324.996	101324.997	1.46131933e-05	0.00101324996	0	0	0.145161	0	0	3
3531	2234	148.042691	26.0166305	101324.996	101324.996	101324.996	101324.997	1.46131933e-05	0.00101324996	0	0	0.145392	0	0	3
3532	2235	148.085427	26.0239986	101324.996	101324.996	101324.996	101324.997	1.46131933e-05	0.00101324996	0	0	0.14583	0	0	3
3533	2235	148.12821	26.0313667	101324.996	101324.996	101324.996	101324.997	1.46131933e-05	0.00101324996	0	0	0.146166	0	0	3
3534	2236	148.171039	26.0387347	101324.996	101324.996	101324.996	101324.997	1.46131933e-05	0.00101324996	0	0	0.146558	0	0	3
3535	2237	148.213916	26.0461028	101324.996	101324.996	101324.996	101324.997	1.46131933e-05	0.00101324996	0	0	0.146902	0	0	3
3536	2237	148.256825	26.0534708	101324.996	101324.996	101324.996	101324.997	1.46131933e-05	0.00101324996	0	0	0.147308	0	0	3
3537	2238	148.299686	26.0608389	101324.996	101324.996	101324.996	101324.997	1.46131933e-05	0.00101324996	0	0	0.147627	0	0	3
3538	2239	148.3425	26.068207	101324.996	101324.996	101324.996	101324.997	1.30945555e-05	0.00101324996	0	0	0.148017	0	0	3
3539	2239	148.385265	26.075575	101324.996	101324.996	101324.996	101324.997	1.30945555e-05	0.00101324996	0	0	0.148297	0	0	3
3540	2240	148.427984	26.0829431	101324.996	101324.996	101324.996	101324.997	1.30945555e-05	0.00101324996	0	0	0.148669	0	0	3
3541	2241	148.470656	26.0903112	101324.996	101324.996	101324.996	101324.997	1.30945555e-05	0.00101324996	0	0	0.148944	0	0	3
3542	2241	148.513282	26.0976792	101324.996	101324.996	101324.996	101324.997	1.30945555e-05	0.00101324996	0	0	0.149305	0	0	3
3543	2242	148.555864	26.1050473	101324.996	101324.996	101324.996	101324.997	1.30945555e-05	0.00101324996	0	0	0.149554	0	0	3
3544	2243	148.598401	26.1124153	101324.996	101324.996	101324.996	101324.997	1.30945555e-05	0.00101324996	0	0	0.149873	0	0	3
3545	2243	148.640895	26.1197834	101324.996	101324.996	101324.996	101324.997	1.30945555e-05	0.00101324996	0	0	0.150113	0	0	3
3546	2244	148.683347	26.1271515	101324.996	101324.996	101324.996	101324.997	1.30945555e-05	0.00101324996	0	0	0.150418	0	0	3
3547	2245	148.725758	26.1345195	101324.996	101324.996	101324.996	101324.997	1.30945555e-05	0.00101324996	0	0	0.150604	0	0	3
3548	2245	148.768129	26.1418876	101324.996	101324.996	101324.996	101324.997	1.30945555e-05	0.00101324996	0	0	0.150899	0	0	3
3549	2246	148.810461	26.1492557	101324.996	101324.996	101324.996	101324.997	1.30945555e-05	0.00101324996	0	0	0.151118	0	0	3
3550	2247	148.852756	26.1566237	101324.996	101324.996	101324.996	101324.997	1.30945555e-05	0.00101324996	0	0	0.15131	0	0	3
3551	2247	148.895014	26.1639918	101324.996	101324.996	101324.996	101324.997	1.30945555e-05	0.00101324996	0	0	0.151483	0	0	3
3552	2248	148.937238	26.1713599	101324.996	101324.996	101324.996	101324.997	1.30945555e-05	0.00101324996	0	0	0.151714	0	0	3
3553	2249	148.979429	26.1787279	101324.996	101324.996	101324.996	101324.997	1.30945555e-05	0.00101324996	0	0	0.151828	0	0	3
3554	2249	149	26.186096	101324.996	101324.996	101324.996	101324.997	1.30945555e-05	0.00101324996	0	0	0.15204	0	0	3
3555	2250	149.042142	26.193464	101324.996	101324.996	101324.996	101324.997	1.30945555e-05	0.00101324996	0	0	0.152122	0	0	3
3556	2251	149.084253	26.2008321	101324.996	101324.996	101324.996	101324.997	1.3239056e-05	0.00101324996	0	0	0.152197	0	0	3
3557	2251	149.126336	26.2082002	101324.996	101324.996	101324.996	101324.997	1.41384371e-05	0.00101324996	0	0	0.152288	0	0	3
3558	2252	149.168392	26.2155682	101324.996	101324.996	101324.996	101324.997	1.481254e-05	0.00101324996	0	0	0.152413	0	0	3
3559	2253	149.210424	26.2229363	101324.996	101324.996	101324.996	101324.997	1.481254e-05	0.00101324996	0	0	0.152448	0	0	3
3560	2253	149.252432	26.2303044	101324.997	101324.996	101324.996	101324.997	1.481254e-05	0.00101324997	0	0	0.152518	0	0	3
3561	2254	149.29442	26.2376724	101324.996	101324.996	101324.996	101324.997	1.481254e-05	0.00101324996	0	0	0.152586	0	0	3
3562	2255	149.336388	26.2450405	101324.996	101324.996	101324.996	101324.997	1.481254e-05	0.00101324996	0	0	0.15264	0	0	3
3563	2255	149.378337	26.2524085	101324.996	101324.996	101324.996	101324.997	1.481254e-05	0.00101324996	0	0	0.152595	0	0	3
3564	2256	149.42027	26.2597766	101324.996	101324.996	101324.996	101324.997	1.481254e-05	0.00101324996	0	0	0.152599	0	0	3
3565	2257	149.46219	26.2671447	101324.996	101324.996	101324.996	101324.997	1.481254e-05	0.00101324996	0	0	0.152516	0	0	3
3566	2257	149.504098	26.2745127	101324.997	101324.996	101324.996	101324.997	1.481254e-05	0.00101324997	0	0	0.152499	0	0	3
3567	2258	149.545996	26.2818808	101324.997	101324.996	101324.996	101324.997	1.46936218e-05	0.00101324997	0	0	0.152432	0	0	3
3568	2259	149.587887	26.2892489	101324.996	101324.996	101324.996	101324.997	1.46936218e-05	0.00101324996	0	0	0.152373	0	0	3
3569	2259	149.629772	26.2966169	101324.996	101324.996	101324.996	101324.997	1.46936218e-05	0.00101324996	0	0	0.152301	0	0	3
3570	2260	149.671653	26.303985	101324.996	101324.996	101324.996	101324.997	1.46936218e-05	0.00101324996	0	0	0.152213	0	0	3
3571	2261	149.713531	26.3113531	101324.996	101324.996	101324.996	101324.997	1.46936218e-05	0.00101324996	0	0	0.152012	0	0	3
3572	2261	149.75541	26.3187211	101324.997	101324.996	101324.996	101324.997	1.46936218e-05	0.00101324997	0	0	0.151888	0	0	3
3573	2262	149.797292	26.3260892	101324.997	101324.996	101324.996	101324.997	1.46936218e-05	0.00101324997	0	0	0.151712	0	0	3
3574	2263	149.839178	26.3334572	101324.997	101324.996	101324.996	101324.997	1.46936218e-05	0.00101324997	0	0	0.151571	0	0	3
3575	2263	149.881071	26.3408253	101324.997	101324.996	101324.996	101324.997	1.46936218e-05	0.00101324997	0	0	0.151331	0	0	3
3576	2264	149.922972	26.3481934	101324.997	101324.996	101324.996	101324.997	1.46936218e-05	0.00101324997	0	0	0.151173	0	0	3
3577	2265	149.964885	26.3555614	101324.997	101324.996	101324.996	101324.997	1.38126779e-05	0.00101324997	0	0	0.1509	0	0	3
3578	2265	150	26.3629295	101324.996	101324.996	101324.996	101324.997	1.38126779e-05	0.00101324996	0	0	0.150737	0	0	3
3579	2266	150.041937	26.3702976	101324.996	101324.996	101324.996	101324.997	1.38126779e-05	0.00101324996	0	0	0.150537	0	0	3
3580	2267	150.08389	26.3776656	101324.996	101324.996	101324.996	101324.997	1.38126779e-05	0.00101324996	0	0	0.150296	0	0	3
3581	2267	150.12586	26.3850337	101324.996	101324.996	101324.996	101324.997	1.38126779e-05	0.00101324996	0	0	0.149977	0	0	3
3582	2268	150.167851	26.3924017	101324.996	101324.996	101324.996	101324.997	1.38126779e-05	0.00101324996	0	0	0.149747	0	0	3
3583	2269	150.209863	26.3997698	101324.996	101324.996	101324.996	101324.997	1.38126779e-05	0.00101324996	0	0	0.149411	0	0	3
3584	2269	150.251899	26.4071379	101324.996	101324.996	101324.996	101324.997	1.38126779e-05	0.00101324996	0	0	0.149168	0	0	3
3585	2270	150.29396	26.4145059	101324.996	101324.996	101324.996	101324.997	1.38126779e-05	0.00101324996	0	0	0.148806	0	0	3
3586	2271	150.336048	26.421874	101324.996	101324.996	101324.996	101324.997	1.38126779e-05	0.00101324996	0	0	0.148524	0	0	3
3587	2271	150.378165	26.4292421	101324.996	101324.996	101324.996	101324.997	1.38126779e-05	0.00101324996	0	0	0.148176	0	0	3
3588	2272	150.420313	26.4366101	101324.996	101324.996	101324.996	101324.997	1.38126779e-05	0.00101324996	0	0	0.14788	0	0	3
3589	2273	150.462492	26.4439782	101324.996	101324.996	101324.996	101324.997	1.38126779e-05	0.00101324996	0	0	0.147473	0	0	3
3590	2273	150.504705	26.4513462	101324.996	101324.996	101324.996	101324.997	1.38126779e-05	0.00101324996	0	0	0.147201	0	0	3
3591	2274	150.546953	26.4587143	101324.996	101324.996	101324.996	101324.997	1.38126779e-05	0.00101324996	0	0	0.146799	0	0	3
3592	2275	150.589236	26.4660824	101324.996	101324.996	101324.996	101324.997	1.38126779e-05	0.00101324996	0	0	0.146444	0	0	3
3593	2275	150.631558	26.4734504	101324.996	101324.996	101324.996	101324.997	1.28590327e-05	0.00101324996	0	0	0.146058	0	0	3
3594	2276	150.673918	26.4808185	101324.996	101324.996	101324.996	101324.997	1.38212781e-05	0.00101324996	0	0	0.145737	0	0	3
3595	2277	150.716319	26.4881866	101324.996	101324.996	101324.996	101324.997	1.38212781e-05	0.00101324996	0	0	0.145338	0	0	3
3596	2278	150.75876	26.4955546	101324.996	101324.996	101324.996	101324.997	1.38212781e-05	0.00101324996	0	0	0.144964	0	0	3
3597	2278	150.801244	26.5029227	101324.996	101324.996	101324.996	101324.997	1.38212781e-05	0.00101324996	0	0	0.144586	0	0	3
3598	2279	150.84377	26.5102908	101324.996	101324.996	101324.996	101324.997	1.38212781e-05	0.00101324996	0	0	0.144688	0	0	3
3599	2280	150.886341	26.5176588	101324.996	101324.996	101324.996	101324.997	1.38212781e-05	0.00101324996	0	0	0.145046	0	0	3
3600	2280	150.928956	26.5250269	101324.996	101324.996	101324.996	101324.997	1.38212781e-05	0.00101324996	0	0	0.145433	0	0	3
3601	2281	150.971617	26.5323949	101324.996	101324.996	101324.996	101324.997	1.38212781e-05	0.00101324996	0	0	0.145796	0	0	3
3602	2282	151	26.539763	101324.996	101324.996	101324.996	101324.997	1.38212781e-05	0.00101324996	0	0	0.146153	0	0	3
3603	2282	151.042738	26.5471311	101324.996	101324.996	101324.996	101324.997	1.38212781e-05	0.00101324996	0	0	0.146423	0	0	3
3604	2283	151.085523	26.5544991	101324.996	101324.996	101324.996	101324.997	1.38212781e-05	0.00101324996	0	0	0.146804	0	0	3
3605	2284	151.128356	26.5618672	101324.996	101324.996	101324.996	101324.997	1.38212781e-05	0.00101324996	0	0	0.147176	0	0	3
3606	2284	151.171237	26.5692353	101324.996	101324.996	101324.996	101324.997	1.38212781e-05	0.00101324996	0	0	0.147548	0	0	3
3607	2285	151.214142	26.5766033	101324.996	101324.996	101324.996	101324.997	1.38212781e-05	0.00101324996	0	0	0.147887	0	0	3
3608	2286	151.257	26.5839714	101324.996	101324.996	101324.996	101324.997	1.38212781e-05	0.00101324996	0	0	0.148224	0	0	3
3609	2286	151.29981	26.5913394	101324.996	101324.996	101324.996	101324.997	1.38212781e-05	0.00101324996	0	0	0.148556	0	0	3
3610	2287	151.342574	26.5987075	101324.996	101324.996	101324.996	101324.997	1.38212781e-05	0.00101324996	0	0	0.148892	0	0	3
3611	2288	151.385292	26.6060756	101324.996	101324.996	101324.996	101324.997	1.38212781e-05	0.00101324996	0	0	0.149158	0	0	3
3612	2288	151.427965	26.6134436	101324.996	101324.996	101324.996	101324.997	1.38212781e-05	0.00101324996	0	0	0.149531	0	0	3
3613	2289	151.470593	26.6208117	101324.996	101324.996	101324.996	101324.997	1.38212781e-05	0.00101324996	0	0	0.149775	0	0	3
3614	2290	151.513177	26.6281798	101324.996	101324.996	101324.996	101324.997	1.40671327e-05	0.00101324996	0	0	0.15003	0	0	3
3615	2290	151.55572	26.6355478	101324.996	101324.996	101324.996	101324.997	1.40671327e-05	0.00101324996	0	0	0.150355	0	0	3
3616	2291	151.598221	26.6429159	101324.996	101324.996	101324.996	101324.997	1.40671327e-05	0.00101324996	0	0	0.150609	0	0	3
3617	2292	151.640682	26.6502839	101324.996	101324.996	101324.996	101324.997	1.40671327e-05	0.00101324996	0	0	0.15083	0	0	3
3618	2292	151.683104	26.657652	101324.996	101324.996	101324.996	101324.997	1.40671327e-05	0.00101324996	0	0	0.151129	0	0	3
3619	2293	151.725487	26.6650201	101324.996	101324.996	101324.996	101324.997	1.40671327e-05	0.00101324996	0	0	0.151312	0	0	3
3620	2294	151.767834	26.6723881	101324.996	101324.996	101324.996	101324.997	1.40671327e-05	0.00101324996	0	0	0.151536	0	0	3
3621	2295	151.810146	26.6797562	101324.996	101324.996	101324.996	101324.997	1.40671327e-05	0.00101324996	0	0	0.151719	0	0	3
3622	2295	151.852424	26.6871243	101324.996	101324.996	101324.996	101324.997	1.40671327e-05	0.00101324996	0	0	0.151905	0	0	3
3623	2296	151.894669	26.6944923	101324.996	101324.996	101324.996	101324.997	1.43967918e-05	0.00101324996	0	0	0.152083	0	0	3
3624	2297	151.936883	26.7018604	101324.996	101324.996	101324.996	101324.997	1.43967918e-05	0.00101324996	0	0	0.152275	0	0	3
3625	2297	151.979066	26.7092285	101324.996	101324.996	101324.996	101324.997	1.43967918e-05	0.00101324996	0	0	0.152362	0	0	3
3626	2298	152	26.7165965	101324.996	101324.996	101324.996	101324.997	1.41156925e-05	0.00101324996	0	0	0.152438	0	0	3
3627	2299	152.042142	26.7239646	101324.996	101324.996	101324.996	101324.997	1.41156925e-05	0.00101324996	0	0	0.152508	0	0	3
3628	2299	152.084258	26.7313326	101324.996	101324.996	101324.996	101324.997	1.41156925e-05	0.00101324996	0	0	0.152587	0	0	3
3629	2300	152.126352	26.7387007	101324.996	101324.996	101324.996	101324.997	1.41156925e-05	0.00101324996	0	0	0.152679	0	0	3
3630	2301	152.168423	26.7460688	101324.996	101324.996	101324.996	101324.997	1.41156925e-05	0.00101324996	0	0	0.152761	0	0	3
3631	2301	152.210474	26.7534368	101324.996	101324.996	101324.996	101324.997	1.41156925e-05	0.00101324996	0	0	0.152815	0	0	3
3632	2302	152.252506	26.7608049	101324.996	101324.996	101324.996	101324.997	1.41156925e-05	0.00101324996	0	0	0.15281	0	0	3
3633	2303	152.294522	26.768173	101324.996	101324.996	101324.996	101324.997	1.41156925e-05	0.00101324996	0	0	0.152778	0	0	3
3634	2303	152.336524	26.775541	101324.996	101324.996	101324.996	101324.997	1.41156925e-05	0.00101324996	0	0	0.152761	0	0	3
3635	2304	152.378514	26.7829091	101324.997	101324.996	101324.996	101324.997	1.41156925e-05	0.00101324997	0	0	0.152701	0	0	3
3636	2305	152.420494	26.7902771	101324.996	101324.996	101324.996	101324.997	1.41156925e-05	0.00101324996	0	0	0.152673	0	0	3
3637	2305	152.462466	26.7976452	101324.996	101324.996	101324.996	101324.997	1.41156925e-05	0.00101324996	0	0	0.152609	0	0	3
3638	2306	152.504431	26.8050133	101324.996	101324.996	101324.996	101324.997	1.41156925e-05	0.00101324996	0	0	0.152572	0	0	3
3639	2307	152.546392	26.8123813	101324.996	101324.996	101324.996	101324.997	1.37406023e-05	0.00101324996	0	0	0.152446	0	0	3
3640	2307	152.588351	26.8197494	101324.996	101324.996	101324.996	101324.997	1.37406023e-05	0.00101324996	0	0	0.1523	0	0	3
3641	2308	152.63031	26.8271175	101324.997	101324.996	101324.996	101324.997	1.3405981e-05	0.00101324997	0	0	0.152154	0	0	3
3642	2308	152.67227	26.8344855	101324.997	101324.996	101324.996	101324.997	1.33071007e-05	0.00101324997	0	0	0.151996	0	0	3
3643	2309	152.714236	26.8418536	101324.997	101324.996	101324.996	101324.997	1.34845177e-05	0.00101324997	0	0	0.151835	0	0	3
3644	2310	152.756207	26.8492217	101324.997	101324.996	101324.996	101324.997	1.34845177e-05	0.00101324997	0	0	0.151634	0	0	3
3645	2310	152.798188	26.8565897	101324.997	101324.996	101324.996	101324.997	1.36362651e-05	0.00101324997	0	0	0.15144	0	0	3
3646	2311	152.840179	26.8639578	101324.997	101324.996	101324.996	101324.997	1.36362651e-05	0.00101324997	0	0	0.151232	0	0	3
3647	2312	152.882182	26.8713258	101324.996	101324.996	101324.996	101324.997	1.36362651e-05	0.00101324996	0	0	0.150984	0	0	3
3648	2313	152.9242	26.8786939	101324.996	101324.996	101324.996	101324.997	1.36362651e-05	0.00101324996	0	0	0.150812	0	0	3
3649	2313	152.966233	26.886062	101324.996	101324.996	101324.996	101324.997	1.36362651e-05	0.00101324996	0	0	0.150536	0	0	3
3650	2314	153	26.89343	101324.996	101324.996	101324.996	101324.997	1.36362651e-05	0.00101324996	0	0	0.15028	0	0	3
3651	2315	153.042067	26.9007981	101324.997	101324.996	101324.996	101324.997	1.36362651e-05	0.00101324997	0	0	0.150003	0	0	3
3652	2315	153.084156	26.9081662	101324.996	101324.996	101324.996	101324.997	1.36362651e-05	0.00101324996	0	0	0.149749	0	0	3
3653	2316	153.126269	26.9155342	101324.996	101324.996	101324.996	101324.997	1.36362651e-05	0.00101324996	0	0	0.14945	0	0	3
3654	2317	153.168406	26.9229023	101324.996	101324.996	101324.996	101324.997	1.36362651e-05	0.00101324996	0	0	0.149159	0	0	3
3655	2317	153.21057	26.9302703	101324.996	101324.996	101324.996	101324.997	1.36362651e-05	0.00101324996	0	0	0.14881	0	0	3
3656	2318	153.252763	26.9376384	101324.996	101324.996	101324.996	101324.997	1.36362651e-05	0.00101324996	0	0	0.148507	0	0	3
3657	2319	153.294986	26.9450065	101324.996	101324.996	101324.996	101324.997	1.36362651e-05	0.00101324996	0	0	0.148138	0	0	3
3658	2319	153.337241	26.9523745	101324.996	101324.996	101324.996	101324.997	1.36362651e-05	0.00101324996	0	0	0.147829	0	0	3
3659	2320	153.37953	26.9597426	101324.996	101324.996	101324.996	101324.997	1.36362651e-05	0.00101324996	0	0	0.147492	0	0	3
3660	2321	153.421853	26.9671107	101324.996	101324.996	101324.996	101324.997	1.36362651e-05	0.00101324996	0	0	0.147155	0	0	3
3661	2322	153.464212	26.9744787	101324.996	101324.996	101324.996	101324.997	1.36362651e-05	0.00101324996	0	0	0.14672	0	0	3
3662	2322	153.506609	26.9818468	101324.996	101324.996	101324.996	101324.997	1.36362651e-05	0.00101324996	0	0	0.14641	0	0	3
3663	2323	153.549045	26.9892148	101324.996	101324.996	101324.996	101324.997	1.38911564e-05	0.00101324996	0	0	0.146028	0	0	3
3664	2324	153.591521	26.9965829	101324.996	101324.996	101324.996	101324.997	1.38911564e-05	0.00101324996	0	0	0.145661	0	0	3
3665	2324	153.634038	27.003951	101324.996	101324.996	101324.996	101324.997	1.38911564e-05	0.00101324996	0	0	0.145284	0	0	3
3666	2325	153.676597	27.011319	101324.996	101324.996	101324.996	101324.997	1.38911564e-05	0.00101324996	0	0	0.144917	0	0	3
3667	2326	153.719199	27.0186871	101324.996	101324.996	101324.996	101324.997	1.38911564e-05	0.00101324996	0	0	0.144654	0	0	3
3668	2326	153.761844	27.0260552	101324.996	101324.996	101324.996	101324.997	1.38911564e-05	0.00101324996	0	0	0.145046	0	0	3
3669	2327	153.804535	27.0334232	101324.996	101324.996	101324.996	101324.997	1.38911564e-05	0.00101324996	0	0	0.145407	0	0	3
3670	2328	153.84727	27.0407913	101324.996	101324.996	101324.996	101324.997	1.38911564e-05	0.00101324996	0	0	0.1458	0	0	3
3671	2328	153.890053	27.0481594	101324.996	101324.996	101324.996	101324.997	1.38911564e-05	0.00101324996	0	0	0.146167	0	0	3
3672	2329	153.932882	27.0555274	101324.996	101324.996	101324.996	101324.997	1.38911564e-05	0.00101324996	0	0	0.146549	0	0	3
3673	2330	153.975759	27.0628955	101324.996	101324.996	101324.996	101324.997	1.38911564e-05	0.00101324996	0	0	0.146899	0	0	3
3674	2330	154	27.0702635	101324.996	101324.996	101324.996	101324.997	1.38911564e-05	0.00101324996	0	0	0.147234	0	0	3
3675	2331	154.042882	27.0776316	101324.996	101324.996	101324.996	101324.997	1.38911564e-05	0.00101324996	0	0	0.147487	0	0	3
3676	2332	154.085716	27.0849997	101324.996	101324.996	101324.996	101324.997	1.38911564e-05	0.00101324996	0	0	0.147846	0	0	3
3677	2332	154.128502	27.0923677	101324.996	101324.996	101324.996	101324.997	1.38911564e-05	0.00101324996	0	0	0.14816	0	0	3
3678	2333	154.171241	27.0997358	101324.996	101324.996	101324.996	101324.997	1.38911564e-05	0.00101324996	0	0	0.148524	0	0	3
3679	2334	154.213933	27.1071039	101324.996	101324.996	101324.996	101324.997	1.38911564e-05	0.00101324996	0	0	0.14882	0	0	3
3680	2334	154.256579	27.1144719	101324.996	101324.996	101324.996	101324.997	1.38911564e-05	0.00101324996	0	0	0.149115	0	0	3
3681	2335	154.299181	27.12184	101324.996	101324.996	101324.996	101324.997	1.38911564e-05	0.00101324996	0	0	0.149423	0	0	3
3682	2336	154.341738	27.129208	101324.996	101324.996	101324.996	101324.997	1.38911564e-05	0.00101324996	0	0	0.149742	0	0	3
3683	2336	154.384251	27.1365761	101324.996	101324.996	101324.996	101324.997	1.38911564e-05	0.00101324996	0	0	0.149964	0	0	3
3684	2337	154.426723	27.1439442	101324.996	101324.996	101324.996	101324.997	1.38911564e-05	0.00101324996	0	0	0.150299	0	0	3
3685	2338	154.469152	27.1513122	101324.996	101324.996	101324.996	101324.997	1.38911564e-05	0.00101324996	0	0	0.150528	0	0	3
3686	2338	154.511541	27.1586803	101324.996	101324.996	101324.996	101324.997	1.38911564e-05	0.00101324996	0	0	0.150753	0	0	3
3687	2339	154.553891	27.1660484	101324.996	101324.996	101324.996	101324.997	1.38911564e-05	0.00101324996	0	0	0.151026	0	0	3
3688	2340	154.596202	27.1734164	101324.996	101324.996	101324.996	101324.997	1.38911564e-05	0.00101324996	0	0	0.151247	0	0	3
3689	2340	154.638477	27.1807845	101324.996	101324.996	101324.996	101324.997	1.38911564e-05	0.00101324996	0	0	0.151361	0	0	3
3690	2341	154.680716	27.1881525	101324.996	101324.996	101324.996	101324.997	1.38911564e-05	0.00101324996	0	0	0.151616	0	0	3
3691	2342	154.722922	27.1955206	101324.996	101324.996	101324.996	101324.997	1.38911564e-05	0.00101324996	0	0	0.151781	0	0	3
3692	2342	154.765095	27.2028887	101324.996	101324.996	101324.996	101324.997	1.38911564e-05	0.00101324996	0	0	0.151954	0	0	3
3693	2343	154.807236	27.2102567	101324.996	101324.996	101324.996	101324.997	1.38911564e-05	0.00101324996	0	0	0.152102	0	0	3
3694	2344	154.849346	27.2176248	101324.996	101324.996	101324.996	101324.997	1.38911564e-05	0.00101324996	0	0	0.152242	0	0	3
3695	2344	154.891428	27.2249929	101324.996	101324.996	101324.996	101324.997	1.38911564e-05	0.00101324996	0	0	0.152291	0	0	3
3696	2345	154.933484	27.2323609	101324.996	101324.996	101324.996	101324.997	1.38911564e-05	0.00101324996	0	0	0.152403	0	0	3
3697	2346	154.975514	27.239729	101324.996	101324.996	101324.996	101324.997	1.38911564e-05	0.00101324996	0	0	0.152464	0	0	3
3698	2346	155	27.2470971	101324.996	101324.996	101324.996	101324.997	1.6449776e-05	0.00101324996	0	0	0.152578	0	0	3
3699	2347	155.041994	27.2544651	101324.996	101324.996	101324.996	101324.997	1.6449776e-05	0.00101324996	0	0	0.152579	0	0	3
3700	2348	155.083967	27.2618332	101324.996	101324.996	101324.996	101324.997	1.6449776e-05	0.00101324996	0	0	0.152628	0	0	3
3701	2349	155.125922	27.2692012	101324.996	101324.996	101324.996	101324.997	1.6449776e-05	0.00101324996	0	0	0.152586	0	0	3
3702	2349	155.16786	27.2765693	101324.996	101324.996	101324.996	101324.997	1.6449776e-05	0.00101324996	0	0	0.152592	0	0	3
3703	2350	155.209784	27.2839374	101324.996	101324.996	101324.996	101324.997	1.6449776e-05	0.00101324996	0	0	0.152567	0	0	3
3704	2351	155.251696	27.2913054	101324.997	101324.996	101324.996	101324.997	1.6449776e-05	0.00101324997	0	0	0.152511	0	0	3
3705	2351	155.293598	27.2986735	101324.996	101324.996	101324.996	101324.997	1.6449776e-05	0.00101324996	0	0	0.152431	0	0	3
3706	2352	155.335491	27.3060416	101324.996	101324.996	101324.996	101324.997	1.6449776e-05	0.00101324996	0	0	0.152419	0	0	3
3707	2353	155.377378	27.3134096	101324.996	101324.996	101324.996	101324.997	1.6449776e-05	0.00101324996	0	0	0.15234	0	0	3
3708	2353	155.419259	27.3207777	101324.996	101324.996	101324.996	101324.997	1.6449776e-05	0.00101324996	0	0	0.152243	0	0	3
3709	2354	155.461138	27.3281457	101324.996	101324.996	101324.996	101324.997	1.6449776e-05	0.00101324996	0	0	0.152072	0	0	3
3710	2355	155.503017	27.3355138	101324.996	101324.996	101324.996	101324.997	1.6449776e-05	0.00101324996	0	0	0.151946	0	0	3
3711	2355	155.544897	27.3428819	101324.997	101324.996	101324.996	101324.997	1.6449776e-05	0.00101324997	0	0	0.151744	0	0	3
3712	2356	155.586782	27.3502499	101324.997	101324.996	101324.996	101324.997	1.73275184e-05	0.00101324997	0	0	0.151661	0	0	3
3713	2357	155.628672	27.357618	101324.997	101324.996	101324.996	101324.997	1.73275184e-05	0.00101324997	0	0	0.151392	0	0	3
3714	2357	155.67057	27.3649861	101324.997	101324.996	101324.996	101324.997	1.73275184e-05	0.00101324997	0	0	0.151244	0	0	3
3715	2358	155.712478	27.3723541	101324.997	101324.996	101324.996	101324.997	1.73275184e-05	0.00101324997	0	0	0.150988	0	0	3
3716	2359	155.754399	27.3797222	101324.996	101324.996	101324.996	101324.997	1.73275184e-05	0.00101324996	0	0	0.150815	0	0	3
3717	2359	155.796333	27.3870903	101324.996	101324.996	101324.996	101324.997	1.73275184e-05	0.00101324996	0	0	0.150562	0	0	3
3718	2360	155.838283	27.3944583	101324.996	101324.996	101324.996	101324.997	1.73275184e-05	0.00101324996	0	0	0.15037	0	0	3
3719	2361	155.88025	27.4018264	101324.996	101324.996	101324.996	101324.997	1.73275184e-05	0.00101324996	0	0	0.150011	0	0	3
3720	2361	155.922237	27.4091944	101324.996	101324.996	101324.996	101324.997	1.73275184e-05	0.00101324996	0	0	0.149814	0	0	3
3721	2362	155.964244	27.4165625	101324.996	101324.996	101324.996	101324.997	1.73275184e-05	0.00101324996	0	0	0.149471	0	0	3
3722	2363	156	27.4239306	101324.996	101324.996	101324.996	101324.997	1.73275184e-05	0.00101324996	0	0	0.149247	0	0	3
3723	2363	156.042052	27.4312986	101324.996	101324.996	101324.996	101324.997	1.73275184e-05	0.00101324996	0	0	0.148899	0	0	3
3724	2364	156.084131	27.4386667	101324.996	101324.996	101324.996	101324.997	1.73275184e-05	0.00101324996	0	0	0.148671	0	0	3
3725	2365	156.126238	27.4460348	101324.996	101324.996	101324.996	101324.997	1.73275184e-05	0.00101324996	0	0	0.148268	0	0	3
3726	2365	156.168375	27.4534028	101324.996	101324.996	101324.996	101324.997	1.73275184e-05	0.00101324996	0	0	0.147978	0	0	3
3727	2366	156.210544	27.4607709	101324.996	101324.996	101324.996	101324.997	1.73275184e-05	0.00101324996	0	0	0.147622	0	0	3
3728	2367	156.252745	27.4681389	101324.996	101324.996	101324.996	101324.997	1.73275184e-05	0.00101324996	0	0	0.147281	0	0	3
3729	2368	156.294981	27.475507	101324.996	101324.996	101324.996	101324.997	1.73275184e-05	0.00101324996	0	0	0.14692	0	0	3
3730	2368	156.337253	27.4828751	101324.996	101324.996	101324.996	101324.997	1.73275184e-05	0.00101324996	0	0	0.146591	0	0	3
3731	2369	156.379562	27.4902431	101324.996	101324.996	101324.996	101324.997	1.42480276e-05	0.00101324996	0	0	0.146187	0	0	3
3732	2370	156.421909	27.4976112	101324.996	101324.996	101324.996	101324.997	1.42480276e-05	0.00101324996	0	0	0.145834	0	0	3
3733	2370	156.464296	27.5049793	101324.996	101324.996	101324.996	101324.997	1.42480276e-05	0.00101324996	0	0	0.145484	0	0	3
3734	2371	156.506723	27.5123473	101324.996	101324.996	101324.996	101324.997	1.39779731e-05	0.00101324996	0	0	0.145082	0	0	3
3735	2372	156.549193	27.5197154	101324.996	101324.996	101324.996	101324.997	1.39779731e-05	0.00101324996	0	0	0.144715	0	0	3
3736	2372	156.591705	27.5270834	101324.996	101324.996	101324.996	101324.997	1.39779731e-05	0.00101324996	0	0	0.144575	0	0	3
3737	2373	156.634261	27.5344515	101324.996	101324.996	101324.996	101324.997	1.39779731e-05	0.00101324996	0	0	0.144895	0	0	3
3738	2374	156.676861	27.5418196	101324.996	101324.996	101324.996	101324.997	1.39779731e-05	0.00101324996	0	0	0.145324	0	0	3
3739	2375	156.719506	27.5491876	101324.996	101324.996	101324.996	101324.997	1.39779731e-05	0.00101324996	0	0	0.145678	0	0	3
3740	2375	156.762198	27.5565557	101324.996	101324.996	101324.996	101324.997	1.39779731e-05	0.00101324996	0	0	0.146068	0	0	3
3741	2376	156.804936	27.5639238	101324.996	101324.996	101324.996	101324.997	1.39779731e-05	0.00101324996	0	0	0.146411	0	0	3
3742	2377	156.847722	27.5712918	101324.996	101324.996	101324.996	101324.997	1.39779731e-05	0.00101324996	0	0	0.146818	0	0	3
3743	2377	156.890554	27.5786599	101324.996	101324.996	101324.996	101324.997	1.39779731e-05	0.00101324996	0	0	0.147138	0	0	3
3744	2378	156.933435	27.586028	101324.996	101324.996	101324.996	101324.997	1.39779731e-05	0.00101324996	0	0	0.147563	0	0	3
3745	2379	156.976341	27.593396	101324.996	101324.996	101324.996	101324.997	1.39779731e-05	0.00101324996	0	0	0.147874	0	0	3
3746	2379	157	27.6007641	101324.996	101324.996	101324.996	101324.997	1.39779731e-05	0.00101324996	0	0	0.148175	0	0	3
3747	2380	157.042832	27.6081321	101324.996	101324.996	101324.996	101324.997	1.39779731e-05	0.00101324996	0	0	0.14836	0	0	3
3748	2381	157.085617	27.6155002	101324.996	101324.996	101324.996	101324.997	1.39779731e-05	0.00101324996	0	0	0.148756	0	0	3
3749	2381	157.128355	27.6228683	101324.996	101324.996	101324.996	101324.997	1.39779731e-05	0.00101324996	0	0	0.149024	0	0	3
3750	2382	157.171048	27.6302363	101324.996	101324.996	101324.996	101324.997	1.39779731e-05	0.00101324996	0	0	0.149388	0	0	3
3751	2383	157.213696	27.6376044	101324.996	101324.996	101324.996	101324.997	1.39779731e-05	0.00101324996	0	0	0.149647	0	0	3
3752	2383	157.256299	27.6449725	101324.996	101324.996	101324.996	101324.997	1.39779731e-05	0.00101324996	0	0	0.149944	0	0	3
3753	2384	157.298861	27.6523405	101324.996	101324.996	101324.996	101324.997	1.39779731e-05	0.00101324996	0	0	0.150201	0	0	3
3754	2385	157.34138	27.6597086	101324.996	101324.996	101324.996	101324.997	1.39779731e-05	0.00101324996	0	0	0.150513	0	0	3
3755	2385	157.383859	27.6670766	101324.996	101324.996	101324.996	101324.997	1.39779731e-05	0.00101324996	0	0	0.150709	0	0	3
3756	2386	157.426297	27.6744447	101324.996	101324.996	101324.996	101324.997	1.39779731e-05	0.00101324996	0	0	0.151002	0	0	3
3757	2387	157.468698	27.6818128	101324.996	101324.996	101324.996	101324.997	1.39779731e-05	0.00101324996	0	0	0.151187	0	0	3
3758	2387	157.511062	27.6891808	101324.996	101324.996	101324.996	101324.997	1.39779731e-05	0.00101324996	0	0	0.15145	0	0	3
3759	2388	157.55339	27.6965489	101324.996	101324.996	101324.996	101324.997	1.39779731e-05	0.00101324996	0	0	0.151634	0	0	3
3760	2389	157.595682	27.703917	101324.996	101324.996	101324.996	101324.997	1.39779731e-05	0.00101324996	0	0	0.151848	0	0	3
3761	2389	157.637942	27.711285	101324.996	101324.996	101324.996	101324.997	1.56947208e-05	0.00101324996	0	0	0.151967	0	0	3
3762	2390	157.68017	27.7186531	101324.996	101324.996	101324.996	101324.997	1.56947208e-05	0.00101324996	0	0	0.152187	0	0	3
3763	2391	157.722368	27.7260212	101324.996	101324.996	101324.996	101324.997	1.56947208e-05	0.00101324996	0	0	0.152317	0	0	3
3764	2391	157.764536	27.7333892	101324.996	101324.996	101324.996	101324.997	1.56947208e-05	0.00101324996	0	0	0.152454	0	0	3
3765	2392	157.806677	27.7407573	101324.996	101324.996	101324.996	101324.997	1.56947208e-05	0.00101324996	0	0	0.152496	0	0	3
3766	2393	157.848792	27.7481253	101324.996	101324.996	101324.996	101324.997	1.56947208e-05	0.00101324996	0	0	0.152611	0	0	3
3767	2393	157.890885	27.7554934	101324.996	101324.996	101324.996	101324.997	1.57657632e-05	0.00101324996	0	0	0.152636	0	0	3
3768	2394	157.932955	27.7628615	101324.996	101324.996	101324.996	101324.997	1.60317577e-05	0.00101324996	0	0	0.152768	0	0	3
3769	2395	157.975006	27.7702295	101324.996	101324.996	101324.996	101324.997	1.60317577e-05	0.00101324996	0	0	0.152794	0	0	3
3770	2395	158	27.7775976	101324.996	101324.996	101324.996	101324.997	1.60317577e-05	0.00101324996	0	0	0.152825	0	0	3
3771	2396	158.042022	27.7849657	101324.996	101324.996	101324.996	101324.997	1.60317577e-05	0.00101324996	0	0	0.152758	0	0	3
3772	2397	158.084028	27.7923337	101324.996	101324.996	101324.996	101324.997	1.60317577e-05	0.00101324996	0	0	0.15276	0	0	3
3773	2398	158.126022	27.7997018	101324.996	101324.996	101324.996	101324.997	1.60317577e-05	0.00101324996	0	0	0.152712	0	0	3
3774	2398	158.168006	27.8070698	101324.996	101324.996	101324.996	101324.997	1.60317577e-05	0.00101324996	0	0	0.152717	0	0	3
3775	2399	158.20998	27.8144379	101324.997	101324.996	101324.996	101324.997	2.19336944e-05	0.00101324997	0	0	0.152581	0	0	3
3776	2400	158.251948	27.821806	101324.996	101324.996	101324.996	101324.997	2.19336944e-05	0.00101324996	0	0	0.152566	0	0	3
3777	2400	158.293912	27.829174	101324.996	101324.996	101324.996	101324.997	2.19336944e-05	0.00101324996	0	0	0.152481	0	0	3
3778	2401	158.335872	27.8365421	101324.996	101324.996	101324.996	101324.997	2.19336944e-05	0.00101324996	0	0	0.152373	0	0	3
3779	2401	158.377831	27.8439102	101324.996	101324.996	101324.996	101324.997	2.19336944e-05	0.00101324996	0	0	0.1522	0	0	3
3780	2402	158.41979	27.8512782	101324.997	101324.996	101324.996	101324.997	2.19278154e-05	0.00101324997	0	0	0.152056	0	0	3
3781	2403	158.461755	27.8586463	101324.997	101324.996	101324.996	101324.997	2.19278154e-05	0.00101324997	0	0	0.151876	0	0	3
3782	2403	158.503724	27.8660143	101324.997	101324.996	101324.996	101324.997	1.83005031e-05	0.00101324997	0	0	0.151712	0	0	3
3783	2404	158.545702	27.8733824	101324.997	101324.996	101324.996	101324.997	1.83005031e-05	0.00101324997	0	0	0.151502	0	0	3
3784	2405	158.587689	27.8807505	101324.997	101324.996	101324.996	101324.997	1.83005031e-05	0.00101324997	0	0	0.151297	0	0	3
3785	2406	158.629689	27.8881185	101324.996	101324.996	101324.996	101324.997	1.83005031e-05	0.00101324996	0	0	0.151093	0	0	3
3786	2406	158.671701	27.8954866	101324.996	101324.996	101324.996	101324.997	1.83005031e-05	0.00101324996	0	0	0.150866	0	0	3
3787	2407	158.713729	27.9028547	101324.996	101324.996	101324.996	101324.997	1.82028452e-05	0.00101324996	0	0	0.15061	0	0	3
3788	2408	158.755774	27.9102227	101324.996	101324.996	101324.996	101324.997	1.77173206e-05	0.00101324996	0	0	0.150366	0	0	3
3789	2408	158.797839	27.9175908	101324.996	101324.996	101324.996	101324.997	1.715502e-05	0.00101324996	0	0	0.150063	0	0	3
3790	2409	158.839924	27.9249589	101324.996	101324.996	101324.996	101324.997	1.715502e-05	0.00101324996	0	0	0.149789	0	0	3
3791	2410	158.882033	27.9323269	101324.996	101324.996	101324.996	101324.997	1.715502e-05	0.00101324996	0	0	0.14949	0	0	3
3792	2410	158.924166	27.939695	101324.996	101324.996	101324.996	101324.997	1.715502e-05	0.00101324996	0	0	0.149193	0	0	3
3793	2411	158.966327	27.947063	101324.996	101324.996	101324.996	101324.997	1.67306716e-05	0.00101324996	0	0	0.148854	0	0	3
3794	2412	159	27.9544311	101324.996	101324.996	101324.996	101324.997	1.67306716e-05	0.00101324996	0	0	0.148592	0	0	3
3795	2412	159.042213	27.9617992	101324.996	101324.996	101324.996	101324.997	1.67306716e-05	0.00101324996	0	0	0.148251	0	0	3
3796	2413	159.084456	27.9691672	101324.996	101324.996	101324.996	101324.997	1.67306716e-05	0.00101324996	0	0	0.147966	0	0	3
3797	2414	159.126733	27.9765353	101324.996	101324.996	101324.996	101324.997	1.67306716e-05	0.00101324996	0	0	0.147588	0	0	3
3798	2414	159.169043	27.9839034	101324.996	101324.996	101324.996	101324.997	1.67306716e-05	0.00101324996	0	0	0.147285	0	0	3
3799	2415	159.21139	27.9912714	101324.996	101324.996	101324.996	101324.997	1.67306716e-05	0.00101324996	0	0	0.14689	0	0	3
3800	2416	159.253772	27.9986395	101324.996	101324.996	101324.996	101324.997	1.67306716e-05	0.00101324996	0	0	0.14655	0	0	3
3801	2416	159.296194	28.0060075	101324.996	101324.996	101324.996	101324.997	1.67306716e-05	0.00101324996	0	0	0.146143	0	0	3
3802	2417	159.338655	28.0133756	101324.996	101324.996	101324.996	101324.997	1.67306716e-05	0.00101324996	0	0	0.145823	0	0	3
3803	2418	159.381157	28.0207437	101324.996	101324.996	101324.996	101324.997	1.67306716e-05	0.00101324996	0	0	0.145387	0	0	3
3804	2418	159.423701	28.0281117	101324.996	101324.996	101324.996	101324.997	1.67306716e-05	0.00101324996	0	0	0.145087	0	0	3
3805	2419	159.466287	28.0354798	101324.996	101324.996	101324.996	101324.997	1.67306716e-05	0.00101324996	0	0	0.144661	0	0	3
3806	2420	159.508916	28.0428479	101324.996	101324.996	101324.996	101324.997	1.67306716e-05	0.00101324996	0	0	0.144909	0	0	3
3807	2420	159.551591	28.0502159	101324.996	101324.996	101324.996	101324.997	1.67306716e-05	0.00101324996	0	0	0.145267	0	0	3
3808	2421	159.59431	28.057584	101324.996	101324.996	101324.996	101324.997	1.67306716e-05	0.00101324996	0	0	0.145691	0	0	3
3809	2422	159.637076	28.064952	101324.996	101324.996	101324.996	101324.997	1.67306716e-05	0.00101324996	0	0	0.146018	0	0	3
3810	2422	159.679888	28.0723201	101324.996	101324.996	101324.996	101324.997	1.67306716e-05	0.00101324996	0	0	0.146442	0	0	3
3811	2423	159.722748	28.0796882	101324.996	101324.996	101324.996	101324.997	1.67306716e-05	0.00101324996	0	0	0.146769	0	0	3
3812	2424	159.765654	28.0870562	101324.996	101324.996	101324.996	101324.997	1.67306716e-05	0.00101324996	0	0	0.147167	0	0	3
3813	2424	159.808533	28.0944243	101324.996	101324.996	101324.996	101324.997	1.67306716e-05	0.00101324996	0	0	0.147497	0	0	3
3814	2425	159.851364	28.1017924	101324.996	101324.996	101324.996	101324.997	1.67306716e-05	0.00101324996	0	0	0.147897	0	0	3
3815	2426	159.894146	28.1091604	101324.996	101324.996	101324.996	101324.997	1.67306716e-05	0.00101324996	0	0	0.148171	0	0	3
3816	2427	159.936882	28.1165285	101324.996	101324.996	101324.996	101324.997	1.67306716e-05	0.00101324996	0	0	0.148545	0	0	3
3817	2427	159.979571	28.1238966	101324.996	101324.996	101324.996	101324.997	1.67306716e-05	0.00101324996	0	0	0.148833	0	0	3
3818	2428	160	28.1312646	101324.996	101324.996	101324.996	101324.997	1.67306716e-05	0.00101324996	0	0	0.149077	0	0	3
