Iteration	CPUTime	PhysTime	Travels	Value	AvValue	MinValue	MaxValue	Delta	Criteria	Progress	dGMaxMin	CriteriaType	CriteriaVarType	CriteriaPercentage
1	1	0.00524655639	0.00736806302	1.6745431e-05	1.6745431e-05	1.6745431e-05	1.6745431e-05	0	0	0	0	0	0	0	3
2	2	0.00819179626	0.014736126	1.08098792e-05	1.46113906e-05	1.08098792e-05	1.6745431e-05	2.13404033e-06	0	0	0	0	0	0	3
3	2	0.0111375805	0.0221041891	8.16704016e-06	1.29069212e-05	8.16704016e-06	1.6745431e-05	3.83850979e-06	0	0	0	0	0	0	3
4	3	0.0140968006	0.0294722521	6.83919438e-06	1.16331755e-05	6.83919438e-06	1.6745431e-05	5.11225551e-06	0	0	0	0	0	0	3
5	3	0.017117596	0.0368403151	6.02334615e-06	1.06431915e-05	6.02334615e-06	1.6745431e-05	6.10223952e-06	0	0	0	0	0	0	3
6	3	0.0220268933	0.0442083781	5.26513617e-06	9.44454433e-06	5.26513617e-06	1.6745431e-05	7.30088665e-06	0	0	0	0	0	0	3
7	4	0.027407794	0.0515764412	4.67747412e-06	8.50863785e-06	4.67747412e-06	1.6745431e-05	8.23679312e-06	0	0	0	0	0	0	3
8	5	0.0329551885	0.0589445042	4.23659339e-06	7.78951845e-06	4.23659339e-06	1.6745431e-05	8.95591253e-06	0	0	0	0	0	0	3
9	5	0.0385542927	0.0663125672	3.89212229e-06	7.22351332e-06	3.89212229e-06	1.6745431e-05	9.52191766e-06	0	0	0	0	0	0	3
10	5	0.0441768009	0.0736806302	3.64199025e-06	6.76768261e-06	3.64199025e-06	1.6745431e-05	9.97774837e-06	0	0	0	0	0	0	3
11	6	0.0526406142	0.0810486932	3.33674715e-06	6.21604016e-06	3.33674715e-06	1.6745431e-05	1.05293908e-05	0	0	0	0	0	0	3
12	7	0.0611697506	0.0884167563	3.10674577e-06	5.78249914e-06	3.10674577e-06	1.6745431e-05	1.09629318e-05	0	0	0	0	0	0	3
13	7	0.0697371403	0.0957848193	2.91040687e-06	5.42965511e-06	2.91040687e-06	1.6745431e-05	1.13157759e-05	0	0	0	0	0	0	3
14	8	0.0783533982	0.103152882	2.75968149e-06	5.13604715e-06	2.75968149e-06	1.6745431e-05	1.16093838e-05	0	0	0	0	0	0	3
15	8	0.087027957	0.110520945	2.62428368e-06	4.88568576e-06	2.62428368e-06	1.6745431e-05	1.18597452e-05	0	0	0	0	0	0	3
16	8	0.100106698	0.117889008	2.47105237e-06	4.57021871e-06	2.47105237e-06	1.6745431e-05	1.21752123e-05	0	0	0	0	0	0	3
17	8	0.113275352	0.125257071	2.33873802e-06	4.31080132e-06	2.33873802e-06	1.6745431e-05	1.24346297e-05	0	0	0	0	0	0	3
18	9	0.126539678	0.132625134	2.23337665e-06	4.09303849e-06	2.23337665e-06	1.6745431e-05	1.26523925e-05	0	0	0	0	0	0	3
19	9	0.139903985	0.139993197	2.14148862e-06	3.90661699e-06	2.14148862e-06	1.6745431e-05	1.2838814e-05	0	0	0	0	0	0	3
20	9	0.153333442	0.14736126	2.06567756e-06	3.74538133e-06	2.06567756e-06	1.6745431e-05	1.30000496e-05	0	0	0	0	0	0	3
21	10	0.173578756	0.154729323	1.96881176e-06	3.5381716e-06	1.96881176e-06	1.6745431e-05	1.32072594e-05	0	0	0	0	0	0	3
22	10	0.193970753	0.162097386	1.8911741e-06	3.365024e-06	1.8911741e-06	1.6745431e-05	1.3380407e-05	0	0	0	0	0	0	3
23	10	0.21450771	0.169465449	1.82716678e-06	3.21778964e-06	1.82716678e-06	1.6745431e-05	1.35276413e-05	0	0	0	0	0	0	3
24	10	0.235151372	0.176833513	1.7747742e-06	3.09110901e-06	1.7747742e-06	1.6745431e-05	1.3654322e-05	0	0	0	0	0	0	3
25	11	0.255886144	0.184201576	1.72995357e-06	2.98081289e-06	1.72995357e-06	1.6745431e-05	1.37646181e-05	0	0	0	0	0	0	3
26	11	0.287116271	0.191569639	1.6723113e-06	2.83848494e-06	1.6723113e-06	1.6745431e-05	1.3906946e-05	0	0	0	0	0	0	3
27	11	0.318517817	0.198937702	1.62973221e-06	2.71931828e-06	1.62973221e-06	1.6745431e-05	1.40261127e-05	0	0	0	0	0	0	3
28	11	0.350069321	0.206305765	1.59700415e-06	2.61816489e-06	1.59700415e-06	1.6745431e-05	1.41272661e-05	0	0	0	0	0	0	3
29	12	0.381753984	0.213673828	1.57163242e-06	2.53130521e-06	1.57163242e-06	1.6745431e-05	1.42141258e-05	0	0	0	0	0	0	3
30	12	0.413541371	0.221041891	1.55189907e-06	2.45602191e-06	1.55189907e-06	1.6745431e-05	1.42894091e-05	0	0	0	0	0	0	3
31	12	0.455496367	0.228409954	1.52821614e-06	2.3705633e-06	1.52821614e-06	1.6745431e-05	1.43748677e-05	0	0	0	0	0	0	3
32	13	0.497554264	0.235778017	1.51365729e-06	2.29812966e-06	1.51365729e-06	1.6745431e-05	1.44473013e-05	0	0	0	0	0	0	3
33	13	0.539695954	0.24314608	1.50792304e-06	2.23642706e-06	1.50792304e-06	1.6745431e-05	1.45090039e-05	0	0	0	0	0	0	3
34	13	0.581903554	0.250514143	1.5052556e-06	2.18339251e-06	1.5052556e-06	1.6745431e-05	1.45620385e-05	0	0	0	0	0	0	3
35	13	0.624161703	0.257882206	1.50555936e-06	2.1375006e-06	1.5052556e-06	1.6745431e-05	1.46079304e-05	0	0	0	0	0	0	3
36	14	0.66645503	0.265250269	1.50785451e-06	2.09754317e-06	1.5052556e-06	1.6745431e-05	1.46478878e-05	0	0	0	0	0	0	3
37	14	0.70876898	0.272618332	1.51278834e-06	2.06263295e-06	1.5052556e-06	1.6745431e-05	1.4682798e-05	0	0	0	0	0	0	3
38	14	0.751087391	0.279986395	1.51821876e-06	2.03195909e-06	1.5052556e-06	1.6745431e-05	1.47134719e-05	0	0	0	0	0	0	3
39	15	0.793399075	0.287354458	1.52590628e-06	2.00497148e-06	1.5052556e-06	1.6745431e-05	1.47404595e-05	0	0	0	0	0	0	3
40	15	0.835690411	0.294722521	1.53438009e-06	1.98115652e-06	1.5052556e-06	1.6745431e-05	1.47642745e-05	0	0	0	0	0	0	3
41	15	0.877949757	0.302090584	1.54269876e-06	1.96005173e-06	1.5052556e-06	1.6745431e-05	1.47853792e-05	0	0	0	0	0	0	3
42	16	0.92016601	0.309458647	1.55187489e-06	1.94132501e-06	1.5052556e-06	1.6745431e-05	1.4804106e-05	0	0	0	0	0	0	3
43	16	0.96233063	0.31682671	1.56286928e-06	1.92474293e-06	1.5052556e-06	1.6745431e-05	1.4820688e-05	0	0	0	0	0	0	3
44	17	1	0.324194773	1.57264344e-06	1.91147956e-06	1.5052556e-06	1.6745431e-05	1.48339514e-05	0	0	0	0	0	0	3
45	18	1.04204501	0.331562836	1.58128685e-06	1.89815676e-06	1.5052556e-06	1.6745431e-05	1.48472742e-05	0	0	0	0	0	0	3
46	18	1.08401898	0.338930899	1.59153224e-06	1.88628405e-06	1.5052556e-06	1.6745431e-05	1.48591469e-05	0	0	0	0	0	0	3
47	18	1.12592006	0.346298962	1.60168091e-06	1.87569255e-06	1.5052556e-06	1.6745431e-05	1.48697384e-05	0	0	0	0	0	0	3
48	18	1.16774677	0.353667025	1.61110266e-06	1.86621539e-06	1.5052556e-06	1.6745431e-05	1.48792156e-05	0	0	0	0	0	0	3
49	19	1.2095012	0.361035088	1.62073676e-06	1.85774097e-06	1.5052556e-06	1.6745431e-05	1.488769e-05	0	0	0	0	0	0	3
50	19	1.25118507	0.368403151	1.63148458e-06	1.85020312e-06	1.5052556e-06	1.6745431e-05	1.48952279e-05	0	0	0	0	0	0	3
51	19	1.29280226	0.375771214	1.64051791e-06	1.84345305e-06	1.5052556e-06	1.6745431e-05	1.49019779e-05	0	0	0	0	0	0	3
52	20	1.33435701	0.383139277	1.64997399e-06	1.8374277e-06	1.5052556e-06	1.6745431e-05	1.49080033e-05	0	0	0	0	0	0	3
53	20	1.37585572	0.39050734	1.65847692e-06	1.83203016e-06	1.5052556e-06	1.6745431e-05	1.49134008e-05	0	0	0	0	0	0	3
54	20	1.41730404	0.397875403	1.66660153e-06	1.82719229e-06	1.5052556e-06	1.6745431e-05	1.49182387e-05	0	0	0	0	0	0	3
55	21	1.45870982	0.405243466	1.67539477e-06	1.82288349e-06	1.5052556e-06	1.6745431e-05	1.49225475e-05	0	0	0	0	0	0	3
56	21	1.50008051	0.412611529	1.68181407e-06	1.81899293e-06	1.5052556e-06	1.6745431e-05	1.4926438e-05	0	0	0	0	0	0	3
57	21	1.54142413	0.419979592	1.68933259e-06	1.81551522e-06	1.5052556e-06	1.6745431e-05	1.49299158e-05	0	0	0	0	0	0	3
58	22	1.58274792	0.427347655	1.69567375e-06	1.8123863e-06	1.5052556e-06	1.6745431e-05	1.49330447e-05	0	0	0	0	0	0	3
59	22	1.62405894	0.434715718	1.70212957e-06	1.80958171e-06	1.5052556e-06	1.6745431e-05	1.49358493e-05	0	0	0	0	0	0	3
60	22	1.6653636	0.442083781	1.70632645e-06	1.80702075e-06	1.5052556e-06	1.6745431e-05	1.49384102e-05	0	0	0	0	0	0	3
61	22	1.70666953	0.449451844	1.71335869e-06	1.80475388e-06	1.5052556e-06	1.6745431e-05	1.49406771e-05	0	0	0	0	0	0	3
62	23	1.74798054	0.456819907	1.71659365e-06	1.80267034e-06	1.5052556e-06	1.6745431e-05	1.49427606e-05	0	0	0	0	0	0	3
63	23	1.78930341	0.46418797	1.72074841e-06	1.8007784e-06	1.5052556e-06	1.6745431e-05	1.49446526e-05	0	0	0	0	0	0	3
64	23	1.83064273	0.471556033	1.72460849e-06	1.79905834e-06	1.5052556e-06	1.6745431e-05	1.49463726e-05	0	0	0	0	0	0	3
65	24	1.87200236	0.478924096	1.72791143e-06	1.79748644e-06	1.5052556e-06	1.6745431e-05	1.49479445e-05	0	0	0	0	0	0	3
66	24	1.91338513	0.486292159	1.72882921e-06	1.79600152e-06	1.5052556e-06	1.6745431e-05	1.49494295e-05	0	0	0	0	0	0	3
67	24	1.95479502	0.493660222	1.73252964e-06	1.79465695e-06	1.5052556e-06	1.6745431e-05	1.4950774e-05	0	0	0	0	0	0	3
68	25	1.99623364	0.501028285	1.73222126e-06	1.79336088e-06	1.5052556e-06	1.6745431e-05	1.49520701e-05	0	0	0	0	0	0	3
69	25	2	0.508396348	1.74289258e-06	1.75393899e-06	1.5052556e-06	1.08098792e-05	9.30462364e-06	0	0	0	0	0	0	3
70	25	2.04147292	0.515764412	1.73327357e-06	1.7403998e-06	1.5052556e-06	8.16704016e-06	6.66178456e-06	0	0	0	0	0	0	3
71	26	2.08298019	0.523132475	1.73519218e-06	1.73115795e-06	1.5052556e-06	6.83919438e-06	5.33393878e-06	0	0	0	0	0	0	3
72	26	2.12452091	0.530500538	1.73565975e-06	1.72408412e-06	1.5052556e-06	6.02334615e-06	4.51809055e-06	0	0	0	0	0	0	3
73	26	2.16609436	0.537868601	1.73526994e-06	1.71825708e-06	1.5052556e-06	5.26513617e-06	3.75988056e-06	0	0	0	0	0	0	3
74	27	2.20770186	0.545236664	1.73475804e-06	1.71060447e-06	1.5052556e-06	4.67747412e-06	3.17221851e-06	0	0	0	0	0	0	3
75	27	2.24934335	0.552604727	1.73244831e-06	1.70382893e-06	1.5052556e-06	4.23659339e-06	2.73133778e-06	0	0	0	0	0	0	3
76	27	2.29101964	0.55997279	1.73155722e-06	1.69811845e-06	1.5052556e-06	3.89212229e-06	2.38686669e-06	0	0	0	0	0	0	3
77	28	2.33272977	0.567340853	1.73266521e-06	1.69339191e-06	1.5052556e-06	3.64199025e-06	2.13673465e-06	0	0	0	0	0	0	3
78	28	2.37447342	0.574708916	1.72786632e-06	1.68930792e-06	1.5052556e-06	3.33674715e-06	1.83149154e-06	0	0	0	0	0	0	3
79	28	2.41625013	0.582076979	1.728201e-06	1.68409606e-06	1.5052556e-06	3.10674577e-06	1.60149017e-06	0	0	0	0	0	0	3
80	29	2.45805913	0.589445042	1.72440052e-06	1.67973671e-06	1.5052556e-06	2.91040687e-06	1.40515127e-06	0	0	0	0	0	0	3
81	29	2.4998993	0.596813105	1.72092969e-06	1.67610728e-06	1.5052556e-06	2.75968149e-06	1.25442589e-06	0	0	0	0	0	0	3
82	29	2.54177123	0.604181168	1.72042859e-06	1.67307063e-06	1.5052556e-06	2.62428368e-06	1.11902808e-06	0	0	0	0	0	0	3
83	30	2.58367198	0.611549231	1.71693817e-06	1.67050187e-06	1.5052556e-06	2.47105237e-06	9.65796768e-07	0	0	0	0	0	0	3
84	30	2.62560254	0.618917294	1.71578918e-06	1.66710797e-06	1.5052556e-06	2.33873802e-06	8.33482412e-07	0	0	0	0	0	0	3
85	30	2.66755981	0.626285357	1.71129537e-06	1.66437121e-06	1.5052556e-06	2.23337665e-06	7.28121044e-07	0	0	0	0	0	0	3
86	31	2.70954532	0.63365342	1.70977165e-06	1.6621872e-06	1.5052556e-06	2.14148862e-06	6.36233018e-07	0	0	0	0	0	0	3
87	31	2.75155701	0.641021483	1.70538973e-06	1.66042949e-06	1.5052556e-06	2.06567756e-06	5.60421957e-07	0	0	0	0	0	0	3
88	31	2.79359444	0.648389546	1.70441282e-06	1.65906852e-06	1.5052556e-06	1.96881176e-06	4.63556159e-07	0	0	0	0	0	0	3
89	31	2.83565579	0.655757609	1.70110811e-06	1.65737713e-06	1.5052556e-06	1.8911741e-06	3.85918498e-07	0	0	0	0	0	0	3
90	32	2.87774097	0.663125672	1.69637402e-06	1.6562122e-06	1.5052556e-06	1.82716678e-06	3.21911179e-07	0	0	0	0	0	0	3
91	32	2.91984969	0.670493735	1.69660905e-06	1.65554322e-06	1.5052556e-06	1.7747742e-06	2.69518592e-07	0	0	0	0	0	0	3
92	32	2.96198004	0.677861798	1.69037588e-06	1.65517875e-06	1.5052556e-06	1.74289258e-06	2.37636972e-07	0	0	0	0	0	0	3
93	33	3	0.685229861	1.69091159e-06	1.65510883e-06	1.5052556e-06	1.74289258e-06	2.37636972e-07	0	0	0	0	0	0	3
94	33	3.04217171	0.692597924	1.68464899e-06	1.655366e-06	1.5052556e-06	1.74289258e-06	2.37636972e-07	0	0	0	0	0	0	3
95	33	3.0843639	0.699965987	1.68410968e-06	1.6560955e-06	1.5052556e-06	1.74289258e-06	2.37636972e-07	0	0	0	0	0	0	3
96	34	3.12657627	0.70733405	1.67969111e-06	1.65712574e-06	1.5052556e-06	1.74289258e-06	2.37636972e-07	0	0	0	0	0	0	3
97	34	3.16880713	0.714702113	1.67719435e-06	1.65840176e-06	1.5052556e-06	1.74289258e-06	2.37636972e-07	0	0	0	0	0	0	3
98	34	3.21105778	0.722070176	1.67561842e-06	1.65987194e-06	1.5052556e-06	1.74289258e-06	2.37636972e-07	0	0	0	0	0	0	3
99	35	3.25332628	0.729438239	1.6697654e-06	1.66199566e-06	1.5052556e-06	1.74289258e-06	2.37636972e-07	0	0	0	0	0	0	3
100	35	3.29561364	0.736806302	1.66976751e-06	1.6643428e-06	1.5052556e-06	1.74289258e-06	2.37636972e-07	0	0	0	0	0	0	3
101	36	3.33791839	0.744174365	1.66730379e-06	1.66674327e-06	1.5052556e-06	1.74289258e-06	2.37636972e-07	0	0	0	0	0	0	3
102	36	3.38024047	0.751542428	1.66266937e-06	1.6691174e-06	1.50555936e-06	1.74289258e-06	2.37333213e-07	0	0	0	0	0	0	3
103	36	3.42257978	0.758910491	1.66074225e-06	1.67146053e-06	1.50785451e-06	1.74289258e-06	2.35038072e-07	0	0	0	0	0	0	3
104	37	3.46493629	0.766278554	1.65795998e-06	1.67372876e-06	1.51278834e-06	1.74289258e-06	2.3010424e-07	0	0	0	0	0	0	3
105	37	3.50730928	0.773646617	1.65628311e-06	1.67589803e-06	1.51821876e-06	1.74289258e-06	2.24673818e-07	0	0	0	0	0	0	3
106	37	3.54969867	0.78101468	1.65245597e-06	1.67792727e-06	1.52590628e-06	1.74289258e-06	2.16986297e-07	0	0	0	0	0	0	3
107	37	3.59210435	0.788382743	1.65050003e-06	1.67981e-06	1.53438009e-06	1.74289258e-06	2.0851249e-07	0	0	0	0	0	0	3
108	38	3.63452603	0.795750806	1.64765873e-06	1.68152018e-06	1.54269876e-06	1.74289258e-06	2.00193814e-07	0	0	0	0	0	0	3
109	38	3.67696314	0.803118869	1.6457547e-06	1.68307384e-06	1.55187489e-06	1.74289258e-06	1.91017691e-07	0	0	0	0	0	0	3
110	38	3.7194163	0.810486932	1.64378772e-06	1.68445667e-06	1.56286928e-06	1.74289258e-06	1.80023294e-07	0	0	0	0	0	0	3
111	39	3.76188456	0.817854995	1.64119354e-06	1.68563164e-06	1.57264344e-06	1.74289258e-06	1.70249142e-07	0	0	0	0	0	0	3
112	39	3.8043682	0.825223058	1.63802676e-06	1.68642817e-06	1.58128685e-06	1.74289258e-06	1.61605725e-07	0	0	0	0	0	0	3
113	39	3.84686712	0.832591121	1.63631479e-06	1.68724494e-06	1.59153224e-06	1.74289258e-06	1.5136034e-07	0	0	0	0	0	0	3
114	40	3.88938098	0.839959184	1.6345288e-06	1.68787811e-06	1.60168091e-06	1.74289258e-06	1.4121167e-07	0	0	0	0	0	0	3
115	40	3.93190949	0.847327247	1.63190719e-06	1.68831696e-06	1.61110266e-06	1.74289258e-06	1.31789914e-07	0	0	0	0	0	0	3
116	40	3.97445323	0.854695311	1.63011924e-06	1.68858549e-06	1.62073676e-06	1.74289258e-06	1.22155818e-07	0	0	0	0	0	0	3
117	41	4	0.862063374	1.62786719e-06	1.68904484e-06	1.62786719e-06	1.74289258e-06	1.15025386e-07	0	0	0	0	0	0	3
118	41	4.04256738	0.869431437	1.62592317e-06	1.68894181e-06	1.62592317e-06	1.74289258e-06	1.16969408e-07	0	0	0	0	0	0	3
119	42	4.085149	0.8767995	1.62521575e-06	1.68869174e-06	1.62521575e-06	1.74289258e-06	1.1767683e-07	0	0	0	0	0	0	3
120	42	4.12774504	0.884167563	1.62146036e-06	1.6882425e-06	1.62146036e-06	1.74289258e-06	1.21432216e-07	0	0	0	0	0	0	3
121	42	4.17035474	0.891535626	1.62093226e-06	1.6876582e-06	1.62093226e-06	1.74289258e-06	1.21960315e-07	0	0	0	0	0	0	3
122	43	4.21297858	0.898903689	1.61826491e-06	1.68691239e-06	1.61826491e-06	1.74289258e-06	1.24627663e-07	0	0	0	0	0	0	3
123	43	4.25561586	0.906271752	1.61614077e-06	1.68600402e-06	1.61614077e-06	1.74289258e-06	1.2675181e-07	0	0	0	0	0	0	3
124	43	4.29826703	0.913639815	1.61455169e-06	1.68497687e-06	1.61455169e-06	1.74289258e-06	1.28340884e-07	0	0	0	0	0	0	3
125	44	4.34093168	0.921007878	1.61275444e-06	1.68381187e-06	1.61275444e-06	1.74289258e-06	1.30138141e-07	0	0	0	0	0	0	3
126	44	4.38360945	0.928375941	1.61029573e-06	1.68251666e-06	1.61029573e-06	1.74289258e-06	1.32596843e-07	0	0	0	0	0	0	3
127	44	4.42630041	0.935744004	1.60962694e-06	1.68111708e-06	1.60962694e-06	1.74289258e-06	1.33265641e-07	0	0	0	0	0	0	3
128	45	4.46900431	0.943112067	1.60575137e-06	1.67959775e-06	1.60575137e-06	1.74289258e-06	1.37141209e-07	0	0	0	0	0	0	3
129	45	4.51172076	0.95048013	1.60496981e-06	1.67796413e-06	1.60496981e-06	1.74289258e-06	1.37922772e-07	0	0	0	0	0	0	3
130	45	4.55445052	0.957848193	1.60320159e-06	1.67625722e-06	1.60320159e-06	1.74289258e-06	1.39690986e-07	0	0	0	0	0	0	3
131	46	4.59719232	0.965216256	1.60128117e-06	1.67446116e-06	1.60128117e-06	1.74289258e-06	1.41611409e-07	0	0	0	0	0	0	3
132	46	4.63994682	0.972584319	1.60017882e-06	1.67259274e-06	1.60017882e-06	1.74289258e-06	1.42377614e-07	0	0	0	0	0	0	3
133	46	4.68271281	0.979952382	1.59687401e-06	1.67062664e-06	1.59687401e-06	1.74289258e-06	1.40892692e-07	0	0	0	0	0	0	3
134	47	4.72549144	0.987320445	1.59645085e-06	1.66864175e-06	1.59645085e-06	1.74289258e-06	1.3954812e-07	0	0	0	0	0	0	3
135	47	4.76828126	0.994688508	1.59455821e-06	1.6665747e-06	1.59455821e-06	1.74289258e-06	1.38252055e-07	0	0	0	0	0	0	3
136	47	4.81108273	1.00205657	1.59284563e-06	1.6644872e-06	1.59284563e-06	1.74289258e-06	9.88301599e-08	1.99853537e-07	0	100	0	0	0	3
137	48	4.85389566	1.00942463	1.59065474e-06	1.66327612e-06	1.59065474e-06	1.73565975e-06	8.52909739e-08	1.99853537e-07	0	100	0	0	0	3
138	48	4.89672033	1.0167927	1.58955392e-06	1.66115367e-06	1.58955392e-06	1.73565975e-06	7.60491282e-08	1.99853537e-07	0	100	0	0	0	3
139	48	4.93955572	1.02416076	1.58812032e-06	1.65898269e-06	1.58812032e-06	1.73565975e-06	6.89752911e-08	1.99853537e-07	0	100	0	0	0	3
140	49	4.98240226	1.03152882	1.58508863e-06	1.6567603e-06	1.58508863e-06	1.73526994e-06	6.31482584e-08	1.99853537e-07	0	100	0	0	0	3
141	49	5	1.03889689	1.58600221e-06	1.65516918e-06	1.58508863e-06	1.73475804e-06	5.54956474e-08	1.99853537e-07	0	100	0	0	0	3
142	49	5.0428622	1.04626495	1.58394222e-06	1.65292435e-06	1.58394222e-06	1.73266521e-06	5.09045752e-08	1.99853537e-07	0	100	0	0	0	3
143	50	5.08573479	1.05363301	1.58275668e-06	1.65069625e-06	1.58275668e-06	1.73266521e-06	4.7422196e-08	1.99853537e-07	0	100	0	0	0	3
144	50	5.12861754	1.06100108	1.58015066e-06	1.64844253e-06	1.58015066e-06	1.73266521e-06	4.49493866e-08	1.99853537e-07	0	100	0	0	0	3
145	50	5.17151046	1.06836914	1.57967171e-06	1.64616594e-06	1.57967171e-06	1.728201e-06	4.31419737e-08	1.99853537e-07	0	100	0	0	0	3
146	51	5.21441296	1.0757372	1.57718989e-06	1.64392304e-06	1.57718989e-06	1.728201e-06	4.51218037e-08	1.99853537e-07	0	100	0	0	0	3
147	51	5.25732548	1.08310526	1.57610661e-06	1.64165945e-06	1.57610661e-06	1.72440052e-06	4.73853938e-08	1.99853537e-07	0	100	0	0	0	3
148	51	5.30024774	1.09047333	1.57512524e-06	1.63943752e-06	1.57512524e-06	1.72092969e-06	4.96073152e-08	1.99853537e-07	0	100	0	0	0	3
149	52	5.3431793	1.09784139	1.57317753e-06	1.63723785e-06	1.57317753e-06	1.72042859e-06	5.18069898e-08	1.99853537e-07	0	100	0	0	0	3
150	52	5.38612053	1.10520945	1.57145539e-06	1.63502007e-06	1.57145539e-06	1.71693817e-06	5.40247682e-08	1.99853537e-07	0	100	0	0	0	3
151	52	5.42907095	1.11257752	1.57050873e-06	1.63283998e-06	1.57050873e-06	1.71578918e-06	5.62048556e-08	1.99853537e-07	0	100	0	0	0	3
152	53	5.47203061	1.11994558	1.56945188e-06	1.63066138e-06	1.56945188e-06	1.71129537e-06	5.83834589e-08	1.99853537e-07	0	100	0	0	0	3
153	53	5.51499869	1.12731364	1.56705182e-06	1.62851336e-06	1.56705182e-06	1.70977165e-06	6.05314813e-08	1.99853537e-07	0	100	0	0	0	3
154	53	5.55797599	1.13468171	1.56551115e-06	1.62636504e-06	1.56551115e-06	1.70538973e-06	6.26797998e-08	1.99853537e-07	0	100	0	0	0	3
155	54	5.60096159	1.14204977	1.56610464e-06	1.62429082e-06	1.56551115e-06	1.70441282e-06	6.47540191e-08	1.99853537e-07	0	100	0	0	0	3
156	54	5.64395593	1.14941783	1.56243493e-06	1.62217615e-06	1.56243493e-06	1.70110811e-06	6.68686899e-08	1.99853537e-07	0	100	0	0	0	3
157	54	5.68695873	1.15678589	1.56224059e-06	1.62010784e-06	1.56224059e-06	1.69660905e-06	6.89370011e-08	1.99853537e-07	0	100	0	0	0	3
158	55	5.72997004	1.16415396	1.56137036e-06	1.61809676e-06	1.56137036e-06	1.69660905e-06	7.09480781e-08	1.99853537e-07	0	100	0	0	0	3
159	55	5.7729889	1.17152202	1.55953999e-06	1.61605512e-06	1.55953999e-06	1.69091159e-06	7.2989723e-08	1.99853537e-07	0	100	0	0	0	3
160	55	5.8160164	1.17889008	1.55852886e-06	1.61409075e-06	1.55852886e-06	1.69091159e-06	7.49540886e-08	1.99853537e-07	0	100	0	0	0	3
161	55	5.85905149	1.18625815	1.55729137e-06	1.61221422e-06	1.55729137e-06	1.68464899e-06	7.68306173e-08	1.99853537e-07	0	100	0	0	0	3
162	56	5.90209458	1.19362621	1.55482993e-06	1.61028246e-06	1.55482993e-06	1.68410968e-06	7.87623811e-08	1.99853537e-07	0	100	0	0	0	3
163	57	5.94514517	1.20099427	1.55387811e-06	1.60834482e-06	1.55387811e-06	1.67969111e-06	8.07000239e-08	1.99853537e-07	0	100	0	0	0	3
164	57	5.9882039	1.20836234	1.55408091e-06	1.60647587e-06	1.55387811e-06	1.67719435e-06	8.25689715e-08	1.99853537e-07	0	100	0	0	0	3
165	57	6	1.2157304	1.55007326e-06	1.60518601e-06	1.55007326e-06	1.67561842e-06	8.3858828e-08	1.99853537e-07	0	100	0	0	0	3
166	58	6.0430682	1.22309846	1.55182027e-06	1.60332367e-06	1.55007326e-06	1.66976751e-06	8.57211735e-08	1.99853537e-07	0	100	0	0	0	3
167	58	6.08614364	1.23046652	1.55052893e-06	1.6015295e-06	1.55007326e-06	1.66976751e-06	8.75153411e-08	1.99853537e-07	0	100	0	0	0	3
168	58	6.12922644	1.23783459	1.54930924e-06	1.59971718e-06	1.54930924e-06	1.66730379e-06	8.93276566e-08	1.99853537e-07	0	100	0	0	0	3
169	59	6.17231596	1.24520265	1.54865365e-06	1.59793213e-06	1.54865365e-06	1.66266937e-06	9.11127052e-08	1.99853537e-07	0	100	0	0	0	3
170	59	6.21541254	1.25257071	1.54564781e-06	1.59617101e-06	1.54564781e-06	1.66074225e-06	9.28738295e-08	1.99853537e-07	0	100	0	0	0	3
171	59	6.2585164	1.25993878	1.54699752e-06	1.59445959e-06	1.54564781e-06	1.65795998e-06	9.4585246e-08	1.99853537e-07	0	100	0	0	0	3
172	60	6.30162697	1.26730684	1.54523241e-06	1.5927633e-06	1.54523241e-06	1.65628311e-06	9.62815419e-08	1.99853537e-07	0	100	0	0	0	3
173	60	6.34474433	1.2746749	1.54348906e-06	1.59106596e-06	1.54348906e-06	1.65245597e-06	9.79788843e-08	1.99853537e-07	0	100	0	0	0	3
174	60	6.38786849	1.28204297	1.54148072e-06	1.58939565e-06	1.54148072e-06	1.65050003e-06	9.96491885e-08	1.99853537e-07	0	100	0	0	0	3
175	61	6.43099949	1.28941103	1.54127683e-06	1.58775185e-06	1.54127683e-06	1.64765873e-06	1.01292992e-07	1.99853537e-07	0	100	0	0	0	3
176	61	6.47413721	1.29677909	1.54067603e-06	1.58614174e-06	1.54067603e-06	1.6457547e-06	1.02903105e-07	1.99853537e-07	0	100	0	0	0	3
177	61	6.51728111	1.30414715	1.53958946e-06	1.58454394e-06	1.53958946e-06	1.64378772e-06	1.04198263e-07	1.99853537e-07	0	100	0	0	0	3
178	62	6.56043176	1.31151522	1.53778218e-06	1.58294842e-06	1.53778218e-06	1.64119354e-06	1.03411357e-07	1.99853537e-07	0	100	0	0	0	3
179	62	6.60358868	1.31888328	1.53628552e-06	1.5813693e-06	1.53628552e-06	1.63802676e-06	1.01741237e-07	1.99853537e-07	0	100	0	0	0	3
180	62	6.64675233	1.32625134	1.53660622e-06	1.57984271e-06	1.53628552e-06	1.63631479e-06	1.00029266e-07	1.99853537e-07	0	100	0	0	0	3
181	62	6.6899219	1.33361941	1.53491383e-06	1.57831634e-06	1.53491383e-06	1.6345288e-06	9.96149678e-08	1.99853537e-07	0	100	0	0	0	3
182	63	6.73309796	1.34098747	1.53457852e-06	1.57681189e-06	1.53457852e-06	1.63190719e-06	9.73286704e-08	1.99853537e-07	0	100	0	0	0	3
183	63	6.77627977	1.34835553	1.53262116e-06	1.57531723e-06	1.53262116e-06	1.63011924e-06	9.74980801e-08	1.99853537e-07	0	100	0	0	0	3
184	63	6.81946799	1.3557236	1.53173384e-06	1.57383612e-06	1.53173384e-06	1.62786719e-06	9.6133348e-08	1.99853537e-07	0	100	0	0	0	3
185	64	6.8626623	1.36309166	1.53101678e-06	1.57270785e-06	1.53101678e-06	1.62592317e-06	9.49063906e-08	1.99853537e-07	0	100	0	0	0	3
186	64	6.90586263	1.37045972	1.53000505e-06	1.57127244e-06	1.53000505e-06	1.62521575e-06	9.52106949e-08	1.99853537e-07	0	100	0	0	0	3
187	64	6.94906886	1.37782779	1.52930764e-06	1.56983729e-06	1.52930764e-06	1.62146036e-06	9.21527188e-08	1.99853537e-07	0	100	0	0	0	3
188	65	6.99228137	1.38519585	1.5285749e-06	1.56844719e-06	1.5285749e-06	1.62093226e-06	9.23573647e-08	1.99853537e-07	0	100	0	0	0	3
189	65	7	1.39256391	1.53108171e-06	1.56755493e-06	1.5285749e-06	1.61826491e-06	8.96900167e-08	1.99853537e-07	0	100	0	0	0	3
190	65	7.04321954	1.39993197	1.52624887e-06	1.56616046e-06	1.52624887e-06	1.61614077e-06	8.98918948e-08	1.99853537e-07	0	100	0	0	0	3
191	66	7.08644489	1.40730004	1.5265639e-06	1.56480305e-06	1.52624887e-06	1.61455169e-06	8.83028208e-08	1.99853537e-07	0	100	0	0	0	3
192	66	7.12967606	1.4146681	1.5256131e-06	1.56345529e-06	1.5256131e-06	1.61275444e-06	8.7141335e-08	1.99853537e-07	0	100	0	0	0	3
193	66	7.17291228	1.42203616	1.52468304e-06	1.56212064e-06	1.52468304e-06	1.61029573e-06	8.56126982e-08	1.99853537e-07	0	100	0	0	0	3
194	67	7.2161546	1.42940423	1.52318687e-06	1.56080042e-06	1.52318687e-06	1.60962694e-06	8.64400661e-08	1.99853537e-07	0	100	0	0	0	3
195	67	7.2594023	1.43677229	1.52299941e-06	1.55948763e-06	1.52299941e-06	1.60575137e-06	8.27519577e-08	1.99853537e-07	0	100	0	0	0	3
196	67	7.30265616	1.44414035	1.52207084e-06	1.55821928e-06	1.52207084e-06	1.60496981e-06	8.28989627e-08	1.99853537e-07	0	100	0	0	0	3
197	68	7.34591518	1.45150842	1.52052507e-06	1.55693933e-06	1.52052507e-06	1.60320159e-06	8.26765229e-08	1.99853537e-07	0	100	0	0	0	3
198	68	7.38918048	1.45887648	1.52066747e-06	1.55568839e-06	1.52052507e-06	1.60128117e-06	8.07561001e-08	1.99853537e-07	0	100	0	0	0	3
199	68	7.43245089	1.46624454	1.51839733e-06	1.55443195e-06	1.51839733e-06	1.60017882e-06	8.17814847e-08	1.99853537e-07	0	100	0	0	0	3
200	69	7.47572761	1.4736126	1.51940139e-06	1.55320764e-06	1.51839733e-06	1.59687401e-06	7.84766795e-08	1.99853537e-07	0	100	0	0	0	3
201	70	7.51900924	1.48098067	1.51786533e-06	1.55200991e-06	1.51786533e-06	1.59645085e-06	7.85855191e-08	1.99853537e-07	0	100	0	0	0	3
202	70	7.56229675	1.48834873	1.51640753e-06	1.55079648e-06	1.51640753e-06	1.59455821e-06	7.81506807e-08	1.99853537e-07	0	100	0	0	0	3
203	70	7.60558963	1.49571679	1.51637491e-06	1.54961128e-06	1.51637491e-06	1.59284563e-06	7.64707137e-08	1.99853537e-07	0	100	0	0	0	3
204	71	7.64888839	1.50308486	1.51411511e-06	1.5484176e-06	1.51411511e-06	1.59065474e-06	7.6539637e-08	1.99853537e-07	0	100	0	0	0	3
205	71	7.69219276	1.51045292	1.5154569e-06	1.54727761e-06	1.51411511e-06	1.58955392e-06	7.54388154e-08	1.99853537e-07	0	100	0	0	0	3
206	71	7.73550256	1.51782098	1.5128791e-06	1.54611505e-06	1.5128791e-06	1.58812032e-06	7.52412183e-08	1.99853537e-07	0	100	0	0	0	3
207	72	7.77881791	1.52518905	1.51347606e-06	1.54498339e-06	1.5128791e-06	1.58600221e-06	7.31231107e-08	1.99853537e-07	0	100	0	0	0	3
208	72	7.82213893	1.53255711	1.51206691e-06	1.54387612e-06	1.51206691e-06	1.58600221e-06	7.39352983e-08	1.99853537e-07	0	100	0	0	0	3
209	72	7.86546537	1.53992517	1.51115765e-06	1.5431227e-06	1.51115765e-06	1.58394222e-06	7.27845713e-08	1.99853537e-07	0	100	0	0	0	3
210	73	7.90879761	1.54729323	1.51135422e-06	1.54203188e-06	1.51115765e-06	1.58275668e-06	7.15990332e-08	1.99853537e-07	0	100	0	0	0	3
211	73	7.9521349	1.5546613	1.50948167e-06	1.54093064e-06	1.50948167e-06	1.58015066e-06	7.0668986e-08	1.99853537e-07	0	100	0	0	0	3
212	73	7.99547798	1.56202936	1.50930552e-06	1.53986585e-06	1.50930552e-06	1.57967171e-06	7.03661886e-08	1.99853537e-07	0	100	0	0	0	3
213	74	8	1.56939742	1.50932314e-06	1.53921338e-06	1.50930552e-06	1.57718989e-06	6.78843664e-08	1.99853537e-07	0	100	0	0	0	3
214	74	8.0433497	1.57676549	1.50817257e-06	1.53816178e-06	1.50817257e-06	1.57610661e-06	6.79340339e-08	1.99853537e-07	0	100	0	0	0	3
215	74	8.08670547	1.58413355	1.50767333e-06	1.5371191e-06	1.50767333e-06	1.57512524e-06	6.74519149e-08	1.99853537e-07	0	100	0	0	0	3
216	75	8.13006644	1.59150161	1.50746891e-06	1.5360883e-06	1.50746891e-06	1.57317753e-06	6.57086225e-08	1.99853537e-07	0	100	0	0	0	3
217	75	8.17343193	1.59886968	1.50659675e-06	1.53507383e-06	1.50659675e-06	1.57145539e-06	6.48586409e-08	1.99853537e-07	0	100	0	0	0	3
218	75	8.21680302	1.60623774	1.50595289e-06	1.53407574e-06	1.50595289e-06	1.57050873e-06	6.45558363e-08	1.99853537e-07	0	100	0	0	0	3
219	76	8.26017925	1.6136058	1.50479433e-06	1.53307439e-06	1.50479433e-06	1.56945188e-06	6.465755e-08	1.99853537e-07	0	100	0	0	0	3
220	76	8.30356134	1.62097386	1.50409579e-06	1.53207849e-06	1.50409579e-06	1.56705182e-06	6.29560331e-08	1.99853537e-07	0	100	0	0	0	3
221	76	8.34694895	1.62834193	1.50376284e-06	1.53111404e-06	1.50376284e-06	1.56610464e-06	6.23418018e-08	1.99853537e-07	0	100	0	0	0	3
222	77	8.39034226	1.63570999	1.50302097e-06	1.53016171e-06	1.50302097e-06	1.56610464e-06	6.30836711e-08	1.99853537e-07	0	100	0	0	0	3
223	77	8.43374093	1.64307805	1.50241896e-06	1.52919127e-06	1.50241896e-06	1.56243493e-06	6.00159679e-08	1.99853537e-07	0	100	0	0	0	3
224	78	8.47714539	1.65044612	1.50262626e-06	1.52827981e-06	1.50241896e-06	1.56224059e-06	5.98216369e-08	1.99853537e-07	0	100	0	0	0	3
225	78	8.52055487	1.65781418	1.50054144e-06	1.52733948e-06	1.50054144e-06	1.56137036e-06	6.08289199e-08	1.99853537e-07	0	100	0	0	0	3
226	78	8.5639704	1.66518224	1.4999997e-06	1.52640417e-06	1.4999997e-06	1.55953999e-06	5.95402895e-08	1.99853537e-07	0	100	0	0	0	3
227	79	8.60739122	1.67255031	1.50002765e-06	1.52549719e-06	1.4999997e-06	1.55852886e-06	5.85291592e-08	1.99853537e-07	0	100	0	0	0	3
228	79	8.65081785	1.67991837	1.49948629e-06	1.52459736e-06	1.49948629e-06	1.55729137e-06	5.7805077e-08	1.99853537e-07	0	100	0	0	0	3
229	79	8.69424964	1.68728643	1.4986878e-06	1.5237042e-06	1.4986878e-06	1.55482993e-06	5.61421335e-08	1.99853537e-07	0	100	0	0	0	3
230	80	8.73768731	1.69465449	1.49800569e-06	1.52283805e-06	1.49800569e-06	1.55408091e-06	5.60752135e-08	1.99853537e-07	0	100	0	0	0	3
231	80	8.78113017	1.70202256	1.49692753e-06	1.52196995e-06	1.49692753e-06	1.55408091e-06	5.71533807e-08	1.99853537e-07	0	100	0	0	0	3
232	80	8.82457907	1.70939062	1.49680217e-06	1.52109695e-06	1.49680217e-06	1.55182027e-06	5.50181034e-08	1.99853537e-07	0	100	0	0	0	3
233	81	8.8680333	1.71675868	1.49614983e-06	1.52059979e-06	1.49614983e-06	1.55182027e-06	5.56704363e-08	1.99853537e-07	0	100	0	0	0	3
234	81	8.91149337	1.72412675	1.495591e-06	1.51975211e-06	1.495591e-06	1.55052893e-06	5.49379213e-08	1.99853537e-07	0	100	0	0	0	3
235	81	8.95495867	1.73149481	1.49562467e-06	1.51892444e-06	1.495591e-06	1.54930924e-06	5.37182319e-08	1.99853537e-07	0	100	0	0	0	3
236	82	8.99842964	1.73886287	1.49405121e-06	1.51809135e-06	1.49405121e-06	1.54865365e-06	5.46024374e-08	1.99853537e-07	0	100	0	0	0	3
237	82	9	1.74623094	1.51717021e-06	1.51762511e-06	1.49405121e-06	1.54699752e-06	5.29463077e-08	1.99853537e-07	0	100	0	0	0	3
238	83	9.04347699	1.753599	1.49306731e-06	1.51682054e-06	1.49306731e-06	1.54699752e-06	5.39302143e-08	1.99853537e-07	0	100	0	0	0	3
239	83	9.08696053	1.76096706	1.49325052e-06	1.5159983e-06	1.49306731e-06	1.54523241e-06	5.21651068e-08	1.99853537e-07	0	100	0	0	0	3
240	83	9.13044956	1.76833513	1.49386469e-06	1.51521251e-06	1.49306731e-06	1.54348906e-06	5.04217554e-08	1.99853537e-07	0	100	0	0	0	3
241	84	9.17394229	1.77570319	1.49212671e-06	1.51442668e-06	1.49212671e-06	1.54148072e-06	4.93540089e-08	1.99853537e-07	0	100	0	0	0	3
242	84	9.21744097	1.78307125	1.49198715e-06	1.5136694e-06	1.49198715e-06	1.54127683e-06	4.92896791e-08	1.99853537e-07	0	100	0	0	0	3
243	84	9.26094352	1.79043931	1.49143919e-06	1.51290691e-06	1.49143919e-06	1.54067603e-06	4.92368373e-08	1.99853537e-07	0	100	0	0	0	3
244	85	9.30445199	1.79780738	1.49136182e-06	1.51215247e-06	1.49136182e-06	1.53958946e-06	4.82276425e-08	1.99853537e-07	0	100	0	0	0	3
245	85	9.34796521	1.80517544	1.49018421e-06	1.5113966e-06	1.49018421e-06	1.53778218e-06	4.75979726e-08	1.99853537e-07	0	100	0	0	0	3
246	85	9.39148475	1.8125435	1.48990327e-06	1.51066403e-06	1.48990327e-06	1.53660622e-06	4.6702953e-08	1.99853537e-07	0	100	0	0	0	3
247	86	9.43500911	1.81991157	1.48852792e-06	1.50993323e-06	1.48852792e-06	1.53660622e-06	4.80783013e-08	1.99853537e-07	0	100	0	0	0	3
248	86	9.47853984	1.82727963	1.48862775e-06	1.50919915e-06	1.48852792e-06	1.53491383e-06	4.63859131e-08	1.99853537e-07	0	100	0	0	0	3
249	86	9.52207544	1.83464769	1.48861288e-06	1.50849074e-06	1.48852792e-06	1.53457852e-06	4.60506038e-08	1.99853537e-07	0	100	0	0	0	3
250	87	9.56561699	1.84201576	1.48797139e-06	1.50777766e-06	1.48797139e-06	1.53262116e-06	4.46497728e-08	1.99853537e-07	0	100	0	0	0	3
251	87	9.60916339	1.84938382	1.48753055e-06	1.50708774e-06	1.48753055e-06	1.53173384e-06	4.42032915e-08	1.99853537e-07	0	100	0	0	0	3
252	88	9.65271556	1.85675188	1.48687555e-06	1.50640135e-06	1.48687555e-06	1.53108171e-06	4.42061661e-08	1.99853537e-07	0	100	0	0	0	3
253	88	9.69627264	1.86411994	1.48626124e-06	1.50571654e-06	1.48626124e-06	1.53108171e-06	4.48204731e-08	1.99853537e-07	0	100	0	0	0	3
254	89	9.73983542	1.87148801	1.48531803e-06	1.50503273e-06	1.48531803e-06	1.53108171e-06	4.57636833e-08	1.99853537e-07	0	100	0	0	0	3
255	89	9.7834032	1.87885607	1.48605264e-06	1.50437094e-06	1.48531803e-06	1.53108171e-06	4.57636833e-08	1.99853537e-07	0	100	0	0	0	3
256	89	9.82697643	1.88622413	1.48463341e-06	1.50369858e-06	1.48463341e-06	1.53108171e-06	4.64483e-08	1.99853537e-07	0	100	0	0	0	3
257	90	9.87055459	1.8935922	1.48455259e-06	1.50333429e-06	1.48455259e-06	1.5265639e-06	4.20113118e-08	1.99853537e-07	0	100	0	0	0	3
258	90	9.91413822	1.90096026	1.48340859e-06	1.50268683e-06	1.48340859e-06	1.5265639e-06	4.31553093e-08	1.99853537e-07	0	100	0	0	0	3
259	90	9.95772671	1.90832832	1.48336939e-06	1.50203412e-06	1.48336939e-06	1.5256131e-06	4.22437142e-08	1.99853537e-07	0	100	0	0	0	3
260	91	10	1.91569639	1.48288382e-06	1.50139695e-06	1.48288382e-06	1.52468304e-06	4.17992148e-08	1.99853537e-07	0	100	0	0	0	3
261	91	10.0435985	1.92306445	1.48330699e-06	1.50077149e-06	1.48288382e-06	1.52318687e-06	4.03030491e-08	1.99853537e-07	0	100	0	0	0	3
262	92	10.087202	1.93043251	1.48187742e-06	1.50014693e-06	1.48187742e-06	1.52299941e-06	4.11219885e-08	1.99853537e-07	0	100	0	0	0	3
263	92	10.1308103	1.93780057	1.48210516e-06	1.49952874e-06	1.48187742e-06	1.52207084e-06	4.01934206e-08	1.99853537e-07	0	100	0	0	0	3
264	92	10.1744236	1.94516864	1.48137679e-06	1.49891354e-06	1.48137679e-06	1.52066747e-06	3.92906736e-08	1.99853537e-07	0	100	0	0	0	3
265	92	10.2180416	1.9525367	1.48129478e-06	1.49832047e-06	1.48129478e-06	1.52066747e-06	3.93726904e-08	1.99853537e-07	0	100	0	0	0	3
266	93	10.2616644	1.95990476	1.47993761e-06	1.49770471e-06	1.47993761e-06	1.51940139e-06	3.94637822e-08	1.99853537e-07	0	100	0	0	0	3
267	93	10.3052917	1.96727283	1.48017633e-06	1.49712685e-06	1.47993761e-06	1.51940139e-06	3.94637822e-08	1.99853537e-07	0	100	0	0	0	3
268	93	10.348924	1.97464089	1.47964977e-06	1.49652594e-06	1.47964977e-06	1.51786533e-06	3.82155592e-08	1.99853537e-07	0	100	0	0	0	3
269	94	10.3925606	1.98200895	1.47982971e-06	1.49595098e-06	1.47964977e-06	1.51717021e-06	3.75204392e-08	1.99853537e-07	0	100	0	0	0	3
270	94	10.4362019	1.98937702	1.47929528e-06	1.49538993e-06	1.47929528e-06	1.51717021e-06	3.78749365e-08	1.99853537e-07	0	100	0	0	0	3
271	94	10.4798473	1.99674508	1.47852104e-06	1.4948177e-06	1.47852104e-06	1.51717021e-06	3.86491703e-08	1.99853537e-07	0	100	0	0	0	3
272	102	10.5234973	2.00411314	1.47762253e-06	1.49426593e-06	1.47762253e-06	1.51717021e-06	3.95476816e-08	1.99853537e-07	0	100	0	0	0	3
273	102	10.5671515	2.0114812	1.47807536e-06	1.4937009e-06	1.47762253e-06	1.51717021e-06	3.95476816e-08	1.99853537e-07	0	100	0	0	0	3
274	103	10.6108103	2.01884927	1.47731405e-06	1.4931632e-06	1.47731405e-06	1.51717021e-06	3.98561619e-08	1.99853537e-07	0	100	0	0	0	3
275	103	10.654473	2.02621733	1.47731378e-06	1.49261658e-06	1.47731378e-06	1.51717021e-06	3.98564305e-08	1.99853537e-07	0	100	0	0	0	3
276	104	10.69814	2.03358539	1.47654844e-06	1.49207964e-06	1.47654844e-06	1.51717021e-06	4.0621768e-08	1.99853537e-07	0	100	0	0	0	3
277	104	10.7418109	2.04095346	1.47672174e-06	1.49155909e-06	1.47654844e-06	1.51717021e-06	4.0621768e-08	1.99853537e-07	0	100	0	0	0	3
278	105	10.7854859	2.04832152	1.47607356e-06	1.4910258e-06	1.47607356e-06	1.51717021e-06	4.10966545e-08	1.99853537e-07	0	100	0	0	0	3
279	105	10.8291644	2.05568958	1.47554372e-06	1.49051275e-06	1.47554372e-06	1.51717021e-06	4.16264883e-08	1.99853537e-07	0	100	0	0	0	3
280	106	10.8728471	2.06305765	1.47569963e-06	1.49000479e-06	1.47554372e-06	1.51717021e-06	4.16264883e-08	1.99853537e-07	0	100	0	0	0	3
281	106	10.9165331	2.07042571	1.47448156e-06	1.48974231e-06	1.47448156e-06	1.51717021e-06	4.26886573e-08	1.99853537e-07	0	100	0	0	0	3
282	107	10.9602232	2.07779377	1.4754986e-06	1.48925506e-06	1.47448156e-06	1.51717021e-06	4.26886573e-08	1.99853537e-07	0	100	0	0	0	3
283	107	11	2.08516184	1.47325086e-06	1.48876245e-06	1.47325086e-06	1.51717021e-06	4.39193566e-08	1.99853537e-07	0	100	0	0	0	3
284	108	11.043697	2.0925299	1.47491806e-06	1.48827642e-06	1.47325086e-06	1.51717021e-06	4.39193566e-08	1.99853537e-07	0	100	0	0	0	3
285	108	11.0873967	2.09989796	1.47292326e-06	1.48777354e-06	1.47292326e-06	1.51717021e-06	4.42469505e-08	1.99853537e-07	0	100	0	0	0	3
286	109	11.1311003	2.10726602	1.47470309e-06	1.48730698e-06	1.47292326e-06	1.51717021e-06	4.42469505e-08	1.99853537e-07	0	100	0	0	0	3
287	109	11.1748064	2.11463409	1.4729205e-06	1.486831e-06	1.4729205e-06	1.51717021e-06	4.42497092e-08	1.99853537e-07	0	100	0	0	0	3
288	110	11.218515	2.12200215	1.47250844e-06	1.48635929e-06	1.47250844e-06	1.51717021e-06	4.46617725e-08	1.99853537e-07	0	100	0	0	0	3
289	110	11.2622252	2.12937021	1.4725492e-06	1.48589321e-06	1.47250844e-06	1.51717021e-06	4.42684919e-08	1.99853537e-07	0	100	0	0	0	3
290	111	11.3059379	2.13673828	1.47234624e-06	1.48543519e-06	1.47234624e-06	1.51717021e-06	4.37560786e-08	1.99853537e-07	0	100	0	0	0	3
291	111	11.349652	2.14410634	1.4717753e-06	1.48497763e-06	1.4717753e-06	1.51717021e-06	4.33021816e-08	1.99853537e-07	0	100	0	0	0	3
292	112	11.3933688	2.1514744	1.47182359e-06	1.48451776e-06	1.4717753e-06	1.51717021e-06	4.282172e-08	1.99853537e-07	0	100	0	0	0	3
293	112	11.437087	2.15884247	1.47123644e-06	1.48408018e-06	1.47123644e-06	1.51717021e-06	4.23239845e-08	1.99853537e-07	0	100	0	0	0	3
294	113	11.4808079	2.16621053	1.4712597e-06	1.48365106e-06	1.47123644e-06	1.51717021e-06	4.18461227e-08	1.99853537e-07	0	100	0	0	0	3
295	114	11.5245303	2.17357859	1.47065233e-06	1.48321248e-06	1.47065233e-06	1.51717021e-06	4.13848815e-08	1.99853537e-07	0	100	0	0	0	3
296	114	11.5682555	2.18094665	1.47087034e-06	1.48278526e-06	1.47065233e-06	1.51717021e-06	4.09189378e-08	1.99853537e-07	0	100	0	0	0	3
297	115	11.6119822	2.18831472	1.46961909e-06	1.48235123e-06	1.46961909e-06	1.51717021e-06	4.04868263e-08	1.99853537e-07	0	100	0	0	0	3
298	116	11.6557119	2.19568278	1.46983119e-06	1.48193057e-06	1.46961909e-06	1.51717021e-06	4.00393838e-08	1.99853537e-07	0	100	0	0	0	3
299	117	11.6994434	2.20305084	1.46889329e-06	1.48151195e-06	1.46889329e-06	1.51717021e-06	3.95849941e-08	1.99853537e-07	0	100	0	0	0	3
300	117	11.7431779	2.21041891	1.46949819e-06	1.48110431e-06	1.46889329e-06	1.51717021e-06	3.94954838e-08	1.99853537e-07	0	100	0	0	0	3
301	118	11.7869143	2.21778697	1.46893649e-06	1.480698e-06	1.46889329e-06	1.51717021e-06	3.90541174e-08	1.99853537e-07	0	100	0	0	0	3
302	118	11.8306536	2.22515503	1.46867142e-06	1.48029607e-06	1.46867142e-06	1.51717021e-06	3.86283734e-08	1.99853537e-07	0	100	0	0	0	3
303	120	11.8743949	2.2325231	1.46816294e-06	1.47988607e-06	1.46816294e-06	1.51717021e-06	3.82052806e-08	1.99853537e-07	0	100	0	0	0	3
304	120	11.9181392	2.23989116	1.46831899e-06	1.47950186e-06	1.46816294e-06	1.51717021e-06	3.81232517e-08	1.99853537e-07	0	100	0	0	0	3
305	121	11.9618857	2.24725922	1.46807376e-06	1.4793131e-06	1.46807376e-06	1.49386469e-06	2.57909303e-08	1.99853537e-07	0	100	0	0	0	3
306	121	12	2.25462728	1.46786588e-06	1.47896326e-06	1.46786588e-06	1.49386469e-06	2.59988147e-08	1.99853537e-07	0	100	0	0	0	3
307	122	12.0437511	2.26199535	1.46756463e-06	1.47858449e-06	1.46756463e-06	1.49386469e-06	2.63000621e-08	1.99853537e-07	0	100	0	0	0	3
308	122	12.0875053	2.26936341	1.46669794e-06	1.47818388e-06	1.46669794e-06	1.49212671e-06	2.54287736e-08	1.99853537e-07	0	100	0	0	0	3
309	123	12.1312606	2.27673147	1.46715296e-06	1.47781562e-06	1.46669794e-06	1.49198715e-06	2.52892135e-08	1.99853537e-07	0	100	0	0	0	3
310	123	12.1750174	2.28409954	1.46626543e-06	1.47743631e-06	1.46626543e-06	1.49143919e-06	2.51737682e-08	1.99853537e-07	0	100	0	0	0	3
311	124	12.2187753	2.2914676	1.46665035e-06	1.47707079e-06	1.46626543e-06	1.49136182e-06	2.50963914e-08	1.99853537e-07	0	100	0	0	0	3
312	124	12.2625345	2.29883566	1.4661009e-06	1.47669832e-06	1.4661009e-06	1.49018421e-06	2.40833099e-08	1.99853537e-07	0	100	0	0	0	3
313	124	12.3062944	2.30620373	1.46665032e-06	1.47635133e-06	1.4661009e-06	1.48990327e-06	2.38023664e-08	1.99853537e-07	0	100	0	0	0	3
314	125	12.3500554	2.31357179	1.46543574e-06	1.47599053e-06	1.46543574e-06	1.48862775e-06	2.31920103e-08	1.99853537e-07	0	100	0	0	0	3
315	125	12.393817	2.32093985	1.46529809e-06	1.47564796e-06	1.46529809e-06	1.48862775e-06	2.33296565e-08	1.99853537e-07	0	100	0	0	0	3
316	126	12.4375798	2.32830791	1.46483283e-06	1.47529706e-06	1.46483283e-06	1.48861288e-06	2.3780051e-08	1.99853537e-07	0	100	0	0	0	3
317	126	12.4813432	2.33567598	1.46502751e-06	1.47494929e-06	1.46483283e-06	1.48797139e-06	2.31385628e-08	1.99853537e-07	0	100	0	0	0	3
318	127	12.5251074	2.34304404	1.46491368e-06	1.4746093e-06	1.46483283e-06	1.48753055e-06	2.26977234e-08	1.99853537e-07	0	100	0	0	0	3
319	127	12.568872	2.3504121	1.46473347e-06	1.47427315e-06	1.46473347e-06	1.48687555e-06	2.21420771e-08	1.99853537e-07	0	100	0	0	0	3
320	128	12.6126373	2.35778017	1.46430539e-06	1.47394034e-06	1.46430539e-06	1.48626124e-06	2.1955853e-08	1.99853537e-07	0	100	0	0	0	3
321	128	12.6564028	2.36514823	1.46414602e-06	1.47361423e-06	1.46414602e-06	1.48605264e-06	2.1906616e-08	1.99853537e-07	0	100	0	0	0	3
322	129	12.700169	2.37251629	1.46391358e-06	1.47329859e-06	1.46391358e-06	1.48605264e-06	2.2139057e-08	1.99853537e-07	0	100	0	0	0	3
323	129	12.7439352	2.37988436	1.46314053e-06	1.47296073e-06	1.46314053e-06	1.48463341e-06	2.14928794e-08	1.99853537e-07	0	100	0	0	0	3
324	129	12.7877022	2.38725242	1.46348937e-06	1.47264893e-06	1.46314053e-06	1.48455259e-06	2.14120528e-08	1.99853537e-07	0	100	0	0	0	3
325	130	12.8314691	2.39462048	1.46344655e-06	1.47233771e-06	1.46314053e-06	1.48340859e-06	2.02680553e-08	1.99853537e-07	0	100	0	0	0	3
326	130	12.8752364	2.40198855	1.46328535e-06	1.47204096e-06	1.46314053e-06	1.48336939e-06	2.02288543e-08	1.99853537e-07	0	100	0	0	0	3
327	131	12.9190036	2.40935661	1.46254245e-06	1.47173383e-06	1.46254245e-06	1.48330699e-06	2.07645413e-08	1.99853537e-07	0	100	0	0	0	3
328	144	12.9627712	2.41672467	1.4628625e-06	1.47144368e-06	1.46254245e-06	1.48330699e-06	2.07645413e-08	1.99853537e-07	0	100	0	0	0	3
329	144	13	2.42409273	1.46243407e-06	1.47115528e-06	1.46243407e-06	1.48210516e-06	1.96710845e-08	1.99853537e-07	0	100	0	0	0	3
330	145	13.0437677	2.4314608	1.46207655e-06	1.47086275e-06	1.46207655e-06	1.48210516e-06	2.00286037e-08	1.99853537e-07	0	100	0	0	0	3
331	146	13.0875349	2.43882886	1.46227014e-06	1.47056975e-06	1.46207655e-06	1.48137679e-06	1.93002402e-08	1.99853537e-07	0	100	0	0	0	3
332	146	13.1313023	2.44619692	1.46185976e-06	1.47028142e-06	1.46185976e-06	1.48129478e-06	1.94350126e-08	1.99853537e-07	0	100	0	0	0	3
333	147	13.1750693	2.45356499	1.46177672e-06	1.46999309e-06	1.46177672e-06	1.48017633e-06	1.83996092e-08	1.99853537e-07	0	100	0	0	0	3
334	147	13.2188364	2.46093305	1.46115105e-06	1.46971553e-06	1.46115105e-06	1.48017633e-06	1.90252769e-08	1.99853537e-07	0	100	0	0	0	3
335	148	13.2626032	2.46830111	1.46119444e-06	1.4694351e-06	1.46115105e-06	1.47982971e-06	1.86786579e-08	1.99853537e-07	0	100	0	0	0	3
336	149	13.3063701	2.47566918	1.46088895e-06	1.46915792e-06	1.46088895e-06	1.47982971e-06	1.89407582e-08	1.99853537e-07	0	100	0	0	0	3
337	149	13.3501365	2.48303724	1.46125956e-06	1.46888359e-06	1.46088895e-06	1.47929528e-06	1.84063222e-08	1.99853537e-07	0	100	0	0	0	3
338	150	13.3939029	2.4904053	1.46090379e-06	1.46861188e-06	1.46088895e-06	1.47852104e-06	1.76320884e-08	1.99853537e-07	0	100	0	0	0	3
339	150	13.4376686	2.49777336	1.46026181e-06	1.46834211e-06	1.46026181e-06	1.47807536e-06	1.78135504e-08	1.99853537e-07	0	100	0	0	0	3
340	152	13.4814345	2.50514143	1.4604607e-06	1.46808855e-06	1.46026181e-06	1.47807536e-06	1.78135504e-08	1.99853537e-07	0	100	0	0	0	3
341	152	13.5251997	2.51250949	1.45996299e-06	1.46782094e-06	1.45996299e-06	1.47731405e-06	1.7351059e-08	1.99853537e-07	0	100	0	0	0	3
342	153	13.568965	2.51987755	1.4603379e-06	1.46757013e-06	1.45996299e-06	1.47731378e-06	1.73507903e-08	1.99853537e-07	0	100	0	0	0	3
343	154	13.6127295	2.52724562	1.45954184e-06	1.46730754e-06	1.45954184e-06	1.47672174e-06	1.71799008e-08	1.99853537e-07	0	100	0	0	0	3
344	154	13.6564942	2.53461368	1.46015631e-06	1.46706535e-06	1.45954184e-06	1.47672174e-06	1.71799008e-08	1.99853537e-07	0	100	0	0	0	3
345	155	13.700258	2.54198174	1.45933691e-06	1.46680848e-06	1.45933691e-06	1.47607356e-06	1.67366532e-08	1.99853537e-07	0	100	0	0	0	3
346	155	13.744022	2.54934981	1.45970022e-06	1.46656656e-06	1.45933691e-06	1.47569963e-06	1.6362728e-08	1.99853537e-07	0	100	0	0	0	3
347	156	13.7877852	2.55671787	1.45893132e-06	1.46632109e-06	1.45893132e-06	1.47569963e-06	1.67683088e-08	1.99853537e-07	0	100	0	0	0	3
348	156	13.8315484	2.56408593	1.45921652e-06	1.46607754e-06	1.45893132e-06	1.4754986e-06	1.65672804e-08	1.99853537e-07	0	100	0	0	0	3
349	157	13.875311	2.57145399	1.45864752e-06	1.46584356e-06	1.45864752e-06	1.4754986e-06	1.68510822e-08	1.99853537e-07	0	100	0	0	0	3
350	158	13.9190736	2.57882206	1.45940754e-06	1.4656058e-06	1.45864752e-06	1.47491806e-06	1.62705368e-08	1.99853537e-07	0	100	0	0	0	3
351	158	13.9628355	2.58619012	1.45824975e-06	1.46539451e-06	1.45824975e-06	1.47491806e-06	1.6668311e-08	1.99853537e-07	0	100	0	0	0	3
352	159	14	2.59355818	1.45896344e-06	1.4651729e-06	1.45824975e-06	1.47470309e-06	1.64533412e-08	1.99853537e-07	0	100	0	0	0	3
353	160	14.0437614	2.60092625	1.45798664e-06	1.46495196e-06	1.45798664e-06	1.47470309e-06	1.67164494e-08	1.99853537e-07	0	100	0	0	0	3
354	161	14.0875229	2.60829431	1.45865682e-06	1.46471463e-06	1.45798664e-06	1.4729205e-06	1.49338633e-08	1.99853537e-07	0	100	0	0	0	3
355	161	14.1312838	2.61566237	1.4575478e-06	1.46448724e-06	1.4575478e-06	1.4725492e-06	1.50013945e-08	1.99853537e-07	0	100	0	0	0	3
356	162	14.1750449	2.62303044	1.45870744e-06	1.46428311e-06	1.4575478e-06	1.4725492e-06	1.50013945e-08	1.99853537e-07	0	100	0	0	0	3
357	162	14.2188053	2.6303985	1.45753123e-06	1.46406097e-06	1.45753123e-06	1.47234624e-06	1.48150046e-08	1.99853537e-07	0	100	0	0	0	3
358	163	14.262566	2.63776656	1.45822519e-06	1.4638521e-06	1.45753123e-06	1.47182359e-06	1.42923565e-08	1.99853537e-07	0	100	0	0	0	3
359	163	14.306326	2.64513462	1.45700786e-06	1.46363366e-06	1.45700786e-06	1.47182359e-06	1.48157346e-08	1.99853537e-07	0	100	0	0	0	3
360	164	14.3500864	2.65250269	1.45776521e-06	1.46342571e-06	1.45700786e-06	1.4712597e-06	1.42518411e-08	1.99853537e-07	0	100	0	0	0	3
361	165	14.3938463	2.65987075	1.45726721e-06	1.46321908e-06	1.45700786e-06	1.4712597e-06	1.42518411e-08	1.99853537e-07	0	100	0	0	0	3
362	165	14.4376065	2.66723881	1.45774548e-06	1.46301918e-06	1.45700786e-06	1.47087034e-06	1.38624807e-08	1.99853537e-07	0	100	0	0	0	3
363	166	14.4813663	2.67460688	1.4569119e-06	1.46281592e-06	1.4569119e-06	1.47087034e-06	1.39584407e-08	1.99853537e-07	0	100	0	0	0	3
364	166	14.5251264	2.68197494	1.45697193e-06	1.46261033e-06	1.4569119e-06	1.46983119e-06	1.29192886e-08	1.99853537e-07	0	100	0	0	0	3
365	167	14.5688863	2.689343	1.45667097e-06	1.46241878e-06	1.45667097e-06	1.46983119e-06	1.31602176e-08	1.99853537e-07	0	100	0	0	0	3
366	168	14.6126466	2.69671107	1.45679734e-06	1.46222597e-06	1.45667097e-06	1.46949819e-06	1.28272198e-08	1.99853537e-07	0	100	0	0	0	3
367	168	14.6564068	2.70407913	1.45672165e-06	1.46204591e-06	1.45667097e-06	1.46949819e-06	1.28272198e-08	1.99853537e-07	0	100	0	0	0	3
368	169	14.7001675	2.71144719	1.45615913e-06	1.46184857e-06	1.45615913e-06	1.46893649e-06	1.27773564e-08	1.99853537e-07	0	100	0	0	0	3
369	169	14.7439282	2.71881525	1.45622527e-06	1.46166051e-06	1.45615913e-06	1.46867142e-06	1.25122844e-08	1.99853537e-07	0	100	0	0	0	3
370	170	14.7876895	2.72618332	1.45618084e-06	1.46147571e-06	1.45615913e-06	1.46831899e-06	1.21598619e-08	1.99853537e-07	0	100	0	0	0	3
371	171	14.831451	2.73355138	1.45607323e-06	1.46129684e-06	1.45607323e-06	1.46831899e-06	1.22457678e-08	1.99853537e-07	0	100	0	0	0	3
372	171	14.8752131	2.74091944	1.45585232e-06	1.46111239e-06	1.45585232e-06	1.46807376e-06	1.22214435e-08	1.99853537e-07	0	100	0	0	0	3
373	172	14.9189754	2.74828751	1.45577527e-06	1.46093042e-06	1.45577527e-06	1.46786588e-06	1.20906045e-08	1.99853537e-07	0	100	0	0	0	3
374	172	14.9627386	2.75565557	1.45600188e-06	1.4607684e-06	1.45577527e-06	1.46756463e-06	1.17893571e-08	1.99853537e-07	0	100	0	0	0	3
375	173	15	2.76302363	1.45559297e-06	1.46060259e-06	1.45559297e-06	1.46715296e-06	1.15599951e-08	1.99853537e-07	0	100	0	0	0	3
376	173	15.0437643	2.7703917	1.45528184e-06	1.4604336e-06	1.45528184e-06	1.46715296e-06	1.18711263e-08	1.99853537e-07	0	100	0	0	0	3
377	174	15.087529	2.77775976	1.45532938e-06	1.46025859e-06	1.45528184e-06	1.46665035e-06	1.13685114e-08	1.99853537e-07	0	100	0	0	0	3
378	174	15.1312948	2.78512782	1.45517199e-06	1.46009437e-06	1.45517199e-06	1.46665035e-06	1.14783577e-08	1.99853537e-07	0	100	0	0	0	3
379	175	15.1750611	2.79249589	1.45511004e-06	1.45992355e-06	1.45511004e-06	1.46665032e-06	1.15402719e-08	1.99853537e-07	0	100	0	0	0	3
380	176	15.2188286	2.79986395	1.4553738e-06	1.45976475e-06	1.45511004e-06	1.46665032e-06	1.15402719e-08	1.99853537e-07	0	100	0	0	0	3
381	176	15.2625966	2.80723201	1.45495842e-06	1.45959167e-06	1.45495842e-06	1.46543574e-06	1.04773139e-08	1.99853537e-07	0	100	0	0	0	3
382	177	15.306366	2.81460007	1.4551793e-06	1.45943984e-06	1.45495842e-06	1.46529809e-06	1.03396677e-08	1.99853537e-07	0	100	0	0	0	3
383	177	15.3501361	2.82196814	1.45483149e-06	1.45928489e-06	1.45483149e-06	1.46502751e-06	1.01960197e-08	1.99853537e-07	0	100	0	0	0	3
384	178	15.3939076	2.8293362	1.45462503e-06	1.45913377e-06	1.45462503e-06	1.46502751e-06	1.04024825e-08	1.99853537e-07	0	100	0	0	0	3
385	178	15.4376799	2.83670426	1.45430098e-06	1.45897497e-06	1.45430098e-06	1.46491368e-06	1.06127032e-08	1.99853537e-07	0	100	0	0	0	3
386	179	15.481454	2.84407233	1.45502381e-06	1.45882855e-06	1.45430098e-06	1.46473347e-06	1.04324895e-08	1.99853537e-07	0	100	0	0	0	3
387	179	15.5252288	2.85144039	1.45440261e-06	1.4586756e-06	1.45430098e-06	1.46430539e-06	1.00044066e-08	1.99853537e-07	0	100	0	0	0	3
388	180	15.5690053	2.85880845	1.4544253e-06	1.45852932e-06	1.45430098e-06	1.46414602e-06	9.84504073e-09	1.99853537e-07	0	100	0	0	0	3
389	181	15.6127829	2.86617652	1.45425396e-06	1.45838286e-06	1.45425396e-06	1.46391358e-06	9.65962056e-09	1.99853537e-07	0	100	0	0	0	3
390	181	15.6565622	2.87354458	1.45452363e-06	1.45824384e-06	1.45425396e-06	1.46348937e-06	9.2354106e-09	1.99853537e-07	0	100	0	0	0	3
391	182	15.7003427	2.88091264	1.45335727e-06	1.45809899e-06	1.45335727e-06	1.46348937e-06	1.01321005e-08	1.99853537e-07	0	100	0	0	0	3
392	182	15.7441252	2.8882807	1.45428123e-06	1.45796265e-06	1.45335727e-06	1.46344655e-06	1.00892805e-08	1.99853537e-07	0	100	0	0	0	3
393	183	15.7879089	2.89564877	1.4537982e-06	1.45781979e-06	1.45335727e-06	1.46328535e-06	9.92807873e-09	1.99853537e-07	0	100	0	0	0	3
394	184	15.8316946	2.90301683	1.45423886e-06	1.45768584e-06	1.45335727e-06	1.4628625e-06	9.50522826e-09	1.99853537e-07	0	100	0	0	0	3
395	184	15.8754817	2.91038489	1.45339167e-06	1.45755035e-06	1.45335727e-06	1.4628625e-06	9.50522826e-09	1.99853537e-07	0	100	0	0	0	3
396	185	15.9192709	2.91775296	1.45401342e-06	1.45741932e-06	1.45335727e-06	1.46243407e-06	9.07680521e-09	1.99853537e-07	0	100	0	0	0	3
397	185	15.9630614	2.92512102	1.45364807e-06	1.45730058e-06	1.45335727e-06	1.46227014e-06	8.91287675e-09	1.99853537e-07	0	100	0	0	0	3
398	186	16	2.93248908	1.45353315e-06	1.4571828e-06	1.45335727e-06	1.46227014e-06	8.91287675e-09	1.99853537e-07	0	100	0	0	0	3
399	187	16.0437941	2.93985715	1.45276555e-06	1.45704204e-06	1.45276555e-06	1.46185976e-06	9.0942112e-09	1.99853537e-07	0	100	0	0	0	3
400	187	16.0875906	2.94722521	1.45358649e-06	1.45691952e-06	1.45276555e-06	1.46177672e-06	9.01116856e-09	1.99853537e-07	0	100	0	0	0	3
401	188	16.1313887	2.95459327	1.45324649e-06	1.4567932e-06	1.45276555e-06	1.46125956e-06	8.49400899e-09	1.99853537e-07	0	100	0	0	0	3
402	188	16.1751892	2.96196133	1.45345447e-06	1.45667922e-06	1.45276555e-06	1.46125956e-06	8.49400899e-09	1.99853537e-07	0	100	0	0	0	3
403	189	16.2189914	2.9693294	1.45283059e-06	1.45655535e-06	1.45276555e-06	1.46125956e-06	8.49400899e-09	1.99853537e-07	0	100	0	0	0	3
404	190	16.2627961	2.97669746	1.45292489e-06	1.45643741e-06	1.45276555e-06	1.46125956e-06	8.49400899e-09	1.99853537e-07	0	100	0	0	0	3
405	190	16.3066026	2.98406552	1.45285402e-06	1.45631292e-06	1.45276555e-06	1.46090379e-06	8.13823578e-09	1.99853537e-07	0	100	0	0	0	3
406	191	16.3504117	2.99143359	1.4531677e-06	1.45619836e-06	1.45276555e-06	1.4604607e-06	7.69514939e-09	1.99853537e-07	0	100	0	0	0	3
407	191	16.3942226	2.99880165	1.45252808e-06	1.45608382e-06	1.45252808e-06	1.4604607e-06	7.93262755e-09	1.99853537e-07	0	100	0	0	0	3
408	192	16.438036	3.00616971	1.4527435e-06	1.45596953e-06	1.45252808e-06	1.4603379e-06	7.80981971e-09	1.99853537e-07	0	100	0	0	0	3
409	192	16.4818515	3.01353778	1.45255851e-06	1.45585987e-06	1.45252808e-06	1.4603379e-06	7.80981971e-09	1.99853537e-07	0	100	0	0	0	3
410	193	16.5256696	3.02090584	1.4527164e-06	1.455747e-06	1.45252808e-06	1.46015631e-06	7.62823194e-09	1.99853537e-07	0	100	0	0	0	3
411	193	16.5694897	3.0282739	1.45224688e-06	1.45563896e-06	1.45224688e-06	1.46015631e-06	7.90942284e-09	1.99853537e-07	0	100	0	0	0	3
412	194	16.6133125	3.03564196	1.4520328e-06	1.45551865e-06	1.4520328e-06	1.45970022e-06	7.66742528e-09	1.99853537e-07	0	100	0	0	0	3
413	195	16.6571376	3.04301003	1.45245978e-06	1.4554168e-06	1.4520328e-06	1.45970022e-06	7.66742528e-09	1.99853537e-07	0	100	0	0	0	3
414	195	16.7009652	3.05037809	1.45257271e-06	1.45531125e-06	1.4520328e-06	1.45940754e-06	7.37474662e-09	1.99853537e-07	0	100	0	0	0	3
415	196	16.7447949	3.05774615	1.45205809e-06	1.45520945e-06	1.4520328e-06	1.45940754e-06	7.37474662e-09	1.99853537e-07	0	100	0	0	0	3
416	196	16.7886273	3.06511422	1.45189347e-06	1.455101e-06	1.45189347e-06	1.45940754e-06	7.51406981e-09	1.99853537e-07	0	100	0	0	0	3
417	197	16.832462	3.07248228	1.45199901e-06	1.45500253e-06	1.45189347e-06	1.45940754e-06	7.51406981e-09	1.99853537e-07	0	100	0	0	0	3
418	197	16.8762993	3.07985034	1.45231804e-06	1.45489755e-06	1.45189347e-06	1.45896344e-06	7.06996325e-09	1.99853537e-07	0	100	0	0	0	3
419	198	16.9201388	3.08721841	1.4519444e-06	1.45480416e-06	1.45189347e-06	1.45896344e-06	7.06996325e-09	1.99853537e-07	0	100	0	0	0	3
420	199	16.9639809	3.09458647	1.45131604e-06	1.45470042e-06	1.45131604e-06	1.45870744e-06	7.3913988e-09	1.99853537e-07	0	100	0	0	0	3
421	199	17	3.10195453	1.4516585e-06	1.45461471e-06	1.45131604e-06	1.45870744e-06	7.3913988e-09	1.99853537e-07	0	100	0	0	0	3
422	200	17.0438468	3.1093226	1.45208769e-06	1.4545174e-06	1.45131604e-06	1.45870744e-06	7.3913988e-09	1.99853537e-07	0	100	0	0	0	3
423	201	17.0876955	3.11669066	1.45177547e-06	1.45443187e-06	1.45131604e-06	1.45870744e-06	7.3913988e-09	1.99853537e-07	0	100	0	0	0	3
424	201	17.1315469	3.12405872	1.45138587e-06	1.45432341e-06	1.45131604e-06	1.45822519e-06	6.90914797e-09	1.99853537e-07	0	100	0	0	0	3
425	202	17.1754005	3.13142678	1.45149567e-06	1.45423399e-06	1.45131604e-06	1.45822519e-06	6.90914797e-09	1.99853537e-07	0	100	0	0	0	3
426	202	17.2192568	3.13879485	1.45134131e-06	1.45413201e-06	1.45131604e-06	1.45776521e-06	6.44917e-09	1.99853537e-07	0	100	0	0	0	3
427	203	17.2631151	3.14616291	1.45176141e-06	1.45405428e-06	1.45131604e-06	1.45776521e-06	6.44917e-09	1.99853537e-07	0	100	0	0	0	3
428	204	17.3069761	3.15353097	1.45153541e-06	1.453962e-06	1.45131604e-06	1.45774548e-06	6.42943809e-09	1.99853537e-07	0	100	0	0	0	3
429	204	17.350839	3.16089904	1.451181e-06	1.45387183e-06	1.451181e-06	1.45774548e-06	6.56447518e-09	1.99853537e-07	0	100	0	0	0	3
430	205	17.3947045	3.1682671	1.45139269e-06	1.45377773e-06	1.451181e-06	1.45697193e-06	5.79092399e-09	1.99853537e-07	0	100	0	0	0	3
431	205	17.438572	3.17563516	1.45091275e-06	1.45368886e-06	1.45091275e-06	1.45697193e-06	6.05917517e-09	1.99853537e-07	0	100	0	0	0	3
432	206	17.4824421	3.18300323	1.45130549e-06	1.45360492e-06	1.45091275e-06	1.45679734e-06	5.88459001e-09	1.99853537e-07	0	100	0	0	0	3
433	207	17.526314	3.19037129	1.45098356e-06	1.45352067e-06	1.45091275e-06	1.45679734e-06	5.88459001e-09	1.99853537e-07	0	100	0	0	0	3
434	208	17.5701884	3.19773935	1.45134332e-06	1.45343988e-06	1.45091275e-06	1.45672165e-06	5.8088981e-09	1.99853537e-07	0	100	0	0	0	3
435	209	17.6140645	3.20510741	1.45057096e-06	1.45334877e-06	1.45057096e-06	1.45622527e-06	5.65431039e-09	1.99853537e-07	0	100	0	0	0	3
436	210	17.6579431	3.21247548	1.45125904e-06	1.45327619e-06	1.45057096e-06	1.45622527e-06	5.65431039e-09	1.99853537e-07	0	100	0	0	0	3
437	211	17.7018233	3.21984354	1.45061889e-06	1.45319314e-06	1.45057096e-06	1.45618084e-06	5.60987741e-09	1.99853537e-07	0	100	0	0	0	3
438	211	17.7457058	3.2272116	1.45099446e-06	1.45311632e-06	1.45057096e-06	1.45607323e-06	5.50226651e-09	1.99853537e-07	0	100	0	0	0	3
439	212	17.78959	3.23457967	1.45077893e-06	1.4530379e-06	1.45057096e-06	1.45600188e-06	5.43091518e-09	1.99853537e-07	0	100	0	0	0	3
440	213	17.8334762	3.24194773	1.45073292e-06	1.45296207e-06	1.45057096e-06	1.45600188e-06	5.43091518e-09	1.99853537e-07	0	100	0	0	0	3
441	213	17.877364	3.24931579	1.45020164e-06	1.4528795e-06	1.45020164e-06	1.45600188e-06	5.80023745e-09	1.99853537e-07	0	100	0	0	0	3
442	214	17.921254	3.25668386	1.45062146e-06	1.45279982e-06	1.45020164e-06	1.45559297e-06	5.39132932e-09	1.99853537e-07	0	100	0	0	0	3
443	214	17.9651429	3.26405192	1.45036269e-06	1.45272865e-06	1.45020164e-06	1.4553738e-06	5.17215682e-09	1.99853537e-07	0	100	0	0	0	3
444	215	18	3.27141998	1.45112941e-06	1.45267199e-06	1.45020164e-06	1.4553738e-06	5.17215682e-09	1.99853537e-07	0	100	0	0	0	3
445	215	18.0438873	3.27878804	1.45028802e-06	1.45259726e-06	1.45020164e-06	1.4553738e-06	5.17215682e-09	1.99853537e-07	0	100	0	0	0	3
446	216	18.0877744	3.28615611	1.45048482e-06	1.45252779e-06	1.45020164e-06	1.4553738e-06	5.17215682e-09	1.99853537e-07	0	100	0	0	0	3
447	217	18.1316605	3.29352417	1.45011397e-06	1.45245374e-06	1.45011397e-06	1.4553738e-06	5.25982548e-09	1.99853537e-07	0	100	0	0	0	3
448	217	18.1755464	3.30089223	1.45049733e-06	1.45238147e-06	1.45011397e-06	1.4551793e-06	5.06532898e-09	1.99853537e-07	0	100	0	0	0	3
449	218	18.2194313	3.3082603	1.44991007e-06	1.45230665e-06	1.44991007e-06	1.4551793e-06	5.26922539e-09	1.99853537e-07	0	100	0	0	0	3
450	218	18.2633163	3.31562836	1.45077085e-06	1.45224133e-06	1.44991007e-06	1.45502381e-06	5.11373586e-09	1.99853537e-07	0	100	0	0	0	3
451	219	18.3072004	3.32299642	1.44996536e-06	1.45216922e-06	1.44991007e-06	1.45502381e-06	5.11373586e-09	1.99853537e-07	0	100	0	0	0	3
452	219	18.3510846	3.33036449	1.45032464e-06	1.45210549e-06	1.44991007e-06	1.45502381e-06	5.11373586e-09	1.99853537e-07	0	100	0	0	0	3
453	220	18.3949681	3.33773255	1.44923066e-06	1.45203034e-06	1.44923066e-06	1.45502381e-06	5.79314418e-09	1.99853537e-07	0	100	0	0	0	3
454	221	18.4388519	3.34510061	1.45070472e-06	1.45196636e-06	1.44923066e-06	1.45452363e-06	5.29296692e-09	1.99853537e-07	0	100	0	0	0	3
455	221	18.4827351	3.35246867	1.44966138e-06	1.4518961e-06	1.44923066e-06	1.45452363e-06	5.29296692e-09	1.99853537e-07	0	100	0	0	0	3
456	222	18.5266188	3.35983674	1.45039784e-06	1.45183643e-06	1.44923066e-06	1.45452363e-06	5.29296692e-09	1.99853537e-07	0	100	0	0	0	3
457	222	18.5705019	3.3672048	1.44939958e-06	1.45176449e-06	1.44923066e-06	1.45452363e-06	5.29296692e-09	1.99853537e-07	0	100	0	0	0	3
458	223	18.6143857	3.37457286	1.45023954e-06	1.45170103e-06	1.44923066e-06	1.45428123e-06	5.05056077e-09	1.99853537e-07	0	100	0	0	0	3
459	223	18.6582693	3.38194093	1.44931322e-06	1.45164109e-06	1.44923066e-06	1.45428123e-06	5.05056077e-09	1.99853537e-07	0	100	0	0	0	3
460	224	18.7021536	3.38930899	1.45009534e-06	1.45157908e-06	1.44923066e-06	1.45423886e-06	5.0081973e-09	1.99853537e-07	0	100	0	0	0	3
461	224	18.7460378	3.39667705	1.44966603e-06	1.45151786e-06	1.44923066e-06	1.45423886e-06	5.0081973e-09	1.99853537e-07	0	100	0	0	0	3
462	225	18.7899227	3.40404512	1.44972028e-06	1.45145091e-06	1.44923066e-06	1.45401342e-06	4.78276005e-09	1.99853537e-07	0	100	0	0	0	3
463	226	18.8338078	3.41141318	1.44907786e-06	1.45138699e-06	1.44907786e-06	1.45401342e-06	4.9355657e-09	1.99853537e-07	0	100	0	0	0	3
464	226	18.877694	3.41878124	1.44973649e-06	1.45132363e-06	1.44907786e-06	1.45364807e-06	4.57021399e-09	1.99853537e-07	0	100	0	0	0	3
465	227	18.9215804	3.42614931	1.449801e-06	1.45126663e-06	1.44907786e-06	1.45358649e-06	4.50863548e-09	1.99853537e-07	0	100	0	0	0	3
466	227	18.9654679	3.43351737	1.449426e-06	1.45121116e-06	1.44907786e-06	1.45358649e-06	4.50863548e-09	1.99853537e-07	0	100	0	0	0	3
467	228	19	3.44088543	1.4492113e-06	1.45116477e-06	1.44907786e-06	1.45358649e-06	4.50863548e-09	1.99853537e-07	0	100	0	0	0	3
468	229	19.0438891	3.44825349	1.44901978e-06	1.45109705e-06	1.44901978e-06	1.45345447e-06	4.43468743e-09	1.99853537e-07	0	100	0	0	0	3
469	229	19.0877789	3.45562156	1.44950469e-06	1.45104157e-06	1.44901978e-06	1.45345447e-06	4.43468743e-09	1.99853537e-07	0	100	0	0	0	3
470	230	19.13167	3.46298962	1.44949384e-06	1.45098284e-06	1.44901978e-06	1.4531677e-06	4.14792049e-09	1.99853537e-07	0	100	0	0	0	3
471	230	19.1755618	3.47035768	1.44907913e-06	1.45092721e-06	1.44901978e-06	1.4531677e-06	4.14792049e-09	1.99853537e-07	0	100	0	0	0	3
472	231	19.2194552	3.47772575	1.44913157e-06	1.45087095e-06	1.44901978e-06	1.4531677e-06	4.14792049e-09	1.99853537e-07	0	100	0	0	0	3
473	231	19.2633495	3.48509381	1.44896542e-06	1.45081329e-06	1.44896542e-06	1.4531677e-06	4.202275e-09	1.99853537e-07	0	100	0	0	0	3
474	232	19.3072456	3.49246187	1.44941503e-06	1.45075764e-06	1.44896542e-06	1.4527435e-06	3.77807871e-09	1.99853537e-07	0	100	0	0	0	3
475	233	19.3511427	3.49982994	1.44890317e-06	1.45070388e-06	1.44890317e-06	1.4527435e-06	3.84032908e-09	1.99853537e-07	0	100	0	0	0	3
476	233	19.3950417	3.507198	1.44903184e-06	1.45064884e-06	1.44890317e-06	1.4527164e-06	3.81322958e-09	1.99853537e-07	0	100	0	0	0	3
477	234	19.4389419	3.51456606	1.44869497e-06	1.45059154e-06	1.44869497e-06	1.4527164e-06	4.02143498e-09	1.99853537e-07	0	100	0	0	0	3
478	234	19.4828442	3.52193412	1.44913709e-06	1.45053846e-06	1.44869497e-06	1.45257271e-06	3.87774583e-09	1.99853537e-07	0	100	0	0	0	3
479	235	19.5267463	3.52930219	1.44843792e-06	1.45048196e-06	1.44843792e-06	1.45257271e-06	4.13479034e-09	1.99853537e-07	0	100	0	0	0	3
480	236	19.5706477	3.53667025	1.44924858e-06	1.45044067e-06	1.44843792e-06	1.45257271e-06	4.13479034e-09	1.99853537e-07	0	100	0	0	0	3
481	236	19.6145475	3.54403831	1.44853529e-06	1.45038246e-06	1.44843792e-06	1.45257271e-06	4.13479034e-09	1.99853537e-07	0	100	0	0	0	3
482	237	19.6584464	3.55140638	1.44898137e-06	1.45032921e-06	1.44843792e-06	1.45231804e-06	3.88011277e-09	1.99853537e-07	0	100	0	0	0	3
483	237	19.7023435	3.55877444	1.44839768e-06	1.45027492e-06	1.44839768e-06	1.45231804e-06	3.92035965e-09	1.99853537e-07	0	100	0	0	0	3
484	238	19.7462397	3.5661425	1.44850668e-06	1.45022469e-06	1.44839768e-06	1.45231804e-06	3.92035965e-09	1.99853537e-07	0	100	0	0	0	3
485	238	19.7901342	3.57351057	1.44864624e-06	1.45017497e-06	1.44839768e-06	1.45231804e-06	3.92035965e-09	1.99853537e-07	0	100	0	0	0	3
486	239	19.8340274	3.58087863	1.4483929e-06	1.45011676e-06	1.4483929e-06	1.45208769e-06	3.69479138e-09	1.99853537e-07	0	100	0	0	0	3
487	240	19.8779189	3.58824669	1.44866069e-06	1.45006806e-06	1.4483929e-06	1.45208769e-06	3.69479138e-09	1.99853537e-07	0	100	0	0	0	3
488	240	19.921809	3.59561475	1.448416e-06	1.45002505e-06	1.4483929e-06	1.45208769e-06	3.69479138e-09	1.99853537e-07	0	100	0	0	0	3
489	241	19.9656972	3.60298282	1.44856037e-06	1.44998354e-06	1.4483929e-06	1.45208769e-06	3.69479138e-09	1.99853537e-07	0	100	0	0	0	3
490	241	20	3.61035088	1.44840358e-06	1.44993399e-06	1.4483929e-06	1.45177547e-06	3.38257066e-09	1.99853537e-07	0	100	0	0	0	3
491	242	20.0438851	3.61771894	1.44814786e-06	1.44988016e-06	1.44814786e-06	1.45176141e-06	3.61354465e-09	1.99853537e-07	0	100	0	0	0	3
492	243	20.0877688	3.62508701	1.44803497e-06	1.44983044e-06	1.44803497e-06	1.45176141e-06	3.72643397e-09	1.99853537e-07	0	100	0	0	0	3
493	243	20.1316506	3.63245507	1.44806468e-06	1.44977952e-06	1.44803497e-06	1.45176141e-06	3.72643397e-09	1.99853537e-07	0	100	0	0	0	3
494	244	20.1755309	3.63982313	1.44825568e-06	1.44973374e-06	1.44803497e-06	1.45176141e-06	3.72643397e-09	1.99853537e-07	0	100	0	0	0	3
495	245	20.219409	3.6471912	1.4479552e-06	1.44967726e-06	1.4479552e-06	1.45153541e-06	3.58021436e-09	1.99853537e-07	0	100	0	0	0	3
496	245	20.2632856	3.65455926	1.44810062e-06	1.44962629e-06	1.4479552e-06	1.45139269e-06	3.4374899e-09	1.99853537e-07	0	100	0	0	0	3
497	246	20.30716	3.66192732	1.44785367e-06	1.44957691e-06	1.44785367e-06	1.45139269e-06	3.53901425e-09	1.99853537e-07	0	100	0	0	0	3
498	246	20.3510329	3.66929538	1.44810262e-06	1.44952809e-06	1.44785367e-06	1.45134332e-06	3.48965115e-09	1.99853537e-07	0	100	0	0	0	3
499	247	20.3949034	3.67666345	1.44778874e-06	1.44948174e-06	1.44778874e-06	1.45134332e-06	3.55458091e-09	1.99853537e-07	0	100	0	0	0	3
500	248	20.4387724	3.68403151	1.44771314e-06	1.44942843e-06	1.44771314e-06	1.45134332e-06	3.6301885e-09	1.99853537e-07	0	100	0	0	0	3
501	249	20.4826392	3.69139957	1.44784666e-06	1.44938188e-06	1.44771314e-06	1.45134332e-06	3.6301885e-09	1.99853537e-07	0	100	0	0	0	3
502	249	20.5265044	3.69876764	1.44783304e-06	1.44932979e-06	1.44771314e-06	1.45125904e-06	3.54590141e-09	1.99853537e-07	0	100	0	0	0	3
503	250	20.5703673	3.7061357	1.44754614e-06	1.4492849e-06	1.44754614e-06	1.45125904e-06	3.71290076e-09	1.99853537e-07	0	100	0	0	0	3
504	251	20.6142287	3.71350376	1.44768096e-06	1.44923181e-06	1.44754614e-06	1.45112941e-06	3.58326882e-09	1.99853537e-07	0	100	0	0	0	3
505	252	20.6580878	3.72087183	1.44758146e-06	1.44918673e-06	1.44754614e-06	1.45112941e-06	3.58326882e-09	1.99853537e-07	0	100	0	0	0	3
506	252	20.7019454	3.72823989	1.44742959e-06	1.44913383e-06	1.44742959e-06	1.45112941e-06	3.69981264e-09	1.99853537e-07	0	100	0	0	0	3
507	253	20.7458009	3.73560795	1.44764702e-06	1.44908735e-06	1.44742959e-06	1.45112941e-06	3.69981264e-09	1.99853537e-07	0	100	0	0	0	3
508	253	20.7896547	3.74297601	1.44723862e-06	1.4490355e-06	1.44723862e-06	1.45112941e-06	3.84400739e-09	1.99853537e-07	0	100	0	0	0	3
509	254	20.8335065	3.75034408	1.44755819e-06	1.44899627e-06	1.44723862e-06	1.45112941e-06	3.80354944e-09	1.99853537e-07	0	100	0	0	0	3
510	254	20.8773568	3.75771214	1.44747664e-06	1.4489496e-06	1.44723862e-06	1.45112941e-06	3.77904742e-09	1.99853537e-07	0	100	0	0	0	3
511	255	20.9212049	3.7650802	1.44680443e-06	1.4488968e-06	1.44680443e-06	1.45112941e-06	3.77519329e-09	1.99853537e-07	0	100	0	0	0	3
512	256	20.9650518	3.77244827	1.44740372e-06	1.44884847e-06	1.44680443e-06	1.45077085e-06	3.74879015e-09	1.99853537e-07	0	100	0	0	0	3
513	256	21	3.77981633	1.44706511e-06	1.44880602e-06	1.44680443e-06	1.45077085e-06	3.72177306e-09	1.99853537e-07	0	100	0	0	0	3
514	257	21.0438438	3.78718439	1.44753701e-06	1.44876227e-06	1.44680443e-06	1.45077085e-06	3.6914647e-09	1.99853537e-07	0	100	0	0	0	3
515	258	21.0876855	3.79455246	1.446985e-06	1.44871584e-06	1.44680443e-06	1.45077085e-06	3.66562837e-09	1.99853537e-07	0	100	0	0	0	3
516	258	21.1315259	3.80192052	1.44713912e-06	1.44866601e-06	1.44680443e-06	1.45077085e-06	3.6406368e-09	1.99853537e-07	0	100	0	0	0	3
517	259	21.1753645	3.80928858	1.44686596e-06	1.44862084e-06	1.44680443e-06	1.45077085e-06	3.62048784e-09	1.99853537e-07	0	100	0	0	0	3
518	260	21.2192019	3.81665665	1.44718053e-06	1.44856756e-06	1.44680443e-06	1.45070472e-06	3.60165325e-09	1.99853537e-07	0	100	0	0	0	3
519	260	21.2630376	3.82402471	1.44644609e-06	1.44851535e-06	1.44644609e-06	1.45070472e-06	3.5901438e-09	1.99853537e-07	0	100	0	0	0	3
520	261	21.3068723	3.83139277	1.44757123e-06	1.44847449e-06	1.44644609e-06	1.45070472e-06	3.55585113e-09	1.99853537e-07	0	100	0	0	0	3
521	262	21.3507053	3.83876083	1.44644381e-06	1.44843314e-06	1.44644381e-06	1.45070472e-06	3.53321424e-09	1.99853537e-07	0	100	0	0	0	3
522	262	21.3945374	3.8461289	1.44718892e-06	1.44838097e-06	1.44644381e-06	1.45039784e-06	3.51513181e-09	1.99853537e-07	0	100	0	0	0	3
523	263	21.4383679	3.85349696	1.44675322e-06	1.44833782e-06	1.44644381e-06	1.45039784e-06	3.49861511e-09	1.99853537e-07	0	100	0	0	0	3
524	264	21.4821977	3.86086502	1.44712529e-06	1.44828925e-06	1.44644381e-06	1.45023954e-06	3.47524571e-09	1.99853537e-07	0	100	0	0	0	3
525	264	21.526026	3.86823309	1.44655857e-06	1.4482471e-06	1.44644381e-06	1.45023954e-06	3.45393293e-09	1.99853537e-07	0	100	0	0	0	3
526	265	21.5698536	3.87560115	1.4467413e-06	1.44819518e-06	1.44644381e-06	1.45009534e-06	3.44590794e-09	1.99853537e-07	0	100	0	0	0	3
527	266	21.61368	3.88296921	1.44658709e-06	1.44815474e-06	1.44644381e-06	1.45009534e-06	3.42434646e-09	1.99853537e-07	0	100	0	0	0	3
528	266	21.6575059	3.89033728	1.44681027e-06	1.44810598e-06	1.44644381e-06	1.449801e-06	3.35719615e-09	1.99853537e-07	0	100	0	0	0	3
529	267	21.7013307	3.89770534	1.44681981e-06	1.44806374e-06	1.44644381e-06	1.449801e-06	3.35719615e-09	1.99853537e-07	0	100	0	0	0	3
530	267	21.7451551	3.9050734	1.44654125e-06	1.44801657e-06	1.44644381e-06	1.449801e-06	3.35719615e-09	1.99853537e-07	0	100	0	0	0	3
531	268	21.7889785	3.91244146	1.44638849e-06	1.44797666e-06	1.44638849e-06	1.449801e-06	3.34696476e-09	1.99853537e-07	0	100	0	0	0	3
532	269	21.8328018	3.91980953	1.44645824e-06	1.44792801e-06	1.44638849e-06	1.449801e-06	3.33862568e-09	1.99853537e-07	0	100	0	0	0	3
533	269	21.8766243	3.92717759	1.44645044e-06	1.44787828e-06	1.44638849e-06	1.44950469e-06	3.11620444e-09	1.99853537e-07	0	100	0	0	0	3
534	270	21.9204468	3.93454565	1.44677601e-06	1.44783895e-06	1.44638849e-06	1.44950469e-06	3.11620444e-09	1.99853537e-07	0	100	0	0	0	3
535	271	21.9642686	3.94191372	1.44675097e-06	1.44780688e-06	1.44638849e-06	1.44950469e-06	3.11620444e-09	1.99853537e-07	0	100	0	0	0	3
536	271	22	3.94928178	1.44647045e-06	1.44777271e-06	1.44638849e-06	1.44950469e-06	3.11620444e-09	1.99853537e-07	0	100	0	0	0	3
537	272	22.0438215	3.95664984	1.44605005e-06	1.44772146e-06	1.44605005e-06	1.44949384e-06	3.26138352e-09	1.99853537e-07	0	100	0	0	0	3
538	273	22.0876434	3.96401791	1.44630966e-06	1.44767421e-06	1.44605005e-06	1.44941503e-06	3.25299371e-09	1.99853537e-07	0	100	0	0	0	3
539	273	22.1314651	3.97138597	1.44608731e-06	1.44762983e-06	1.44605005e-06	1.44941503e-06	3.24112698e-09	1.99853537e-07	0	100	0	0	0	3
540	274	22.1752874	3.97875403	1.44652121e-06	1.44759109e-06	1.44605005e-06	1.44941503e-06	3.2221944e-09	1.99853537e-07	0	100	0	0	0	3
541	274	22.2191096	3.98612209	1.44636677e-06	1.44755253e-06	1.44605005e-06	1.44941503e-06	3.20511422e-09	1.99853537e-07	0	100	0	0	0	3
542	275	22.2629324	3.99349016	1.44649322e-06	1.44750916e-06	1.44605005e-06	1.44924858e-06	3.19471882e-09	1.99853537e-07	0	100	0	0	0	3
543	276	22.3067552	4.00085822	1.44626926e-06	1.44747007e-06	1.44605005e-06	1.44924858e-06	3.17876341e-09	1.99853537e-07	0	100	0	0	0	3
544	276	22.3505789	4.00822628	1.44565168e-06	1.44741992e-06	1.44565168e-06	1.44924858e-06	3.17162062e-09	1.99853537e-07	0	100	0	0	0	3
545	277	22.3944031	4.01559435	1.44609659e-06	1.44738135e-06	1.44565168e-06	1.44924858e-06	3.15710471e-09	1.99853537e-07	0	100	0	0	0	3
546	277	22.4382282	4.02296241	1.44594872e-06	1.44733403e-06	1.44565168e-06	1.44924858e-06	3.14793195e-09	1.99853537e-07	0	100	0	0	0	3
547	278	22.482054	4.03033047	1.44606471e-06	1.44729881e-06	1.44565168e-06	1.44924858e-06	3.14186378e-09	1.99853537e-07	0	100	0	0	0	3
548	279	22.525881	4.03769854	1.44589108e-06	1.44724896e-06	1.44565168e-06	1.44898137e-06	3.13350155e-09	1.99853537e-07	0	100	0	0	0	3
549	279	22.5697087	4.0450666	1.44591283e-06	1.44721004e-06	1.44565168e-06	1.44898137e-06	3.11917156e-09	1.99853537e-07	0	100	0	0	0	3
550	280	22.6135379	4.05243466	1.44584774e-06	1.44716352e-06	1.44565168e-06	1.44866069e-06	3.00901366e-09	1.99853537e-07	0	100	0	0	0	3
551	280	22.657368	4.05980272	1.44578568e-06	1.44712475e-06	1.44565168e-06	1.44866069e-06	3.00901366e-09	1.99853537e-07	0	100	0	0	0	3
552	281	22.7011996	4.06717079	1.44586444e-06	1.44708553e-06	1.44565168e-06	1.44866069e-06	3.00901366e-09	1.99853537e-07	0	100	0	0	0	3
553	282	22.7450324	4.07453885	1.44567198e-06	1.44704137e-06	1.44565168e-06	1.44866069e-06	3.00901366e-09	1.99853537e-07	0	100	0	0	0	3
554	282	22.788867	4.08190691	1.44569018e-06	1.44700125e-06	1.44565168e-06	1.44866069e-06	3.00901366e-09	1.99853537e-07	0	100	0	0	0	3
555	283	22.8327029	4.08927498	1.4457522e-06	1.44695807e-06	1.44565168e-06	1.44856037e-06	2.90869415e-09	1.99853537e-07	0	100	0	0	0	3
556	283	22.8765407	4.09664304	1.44545922e-06	1.44691418e-06	1.44545922e-06	1.44856037e-06	3.06935767e-09	1.99853537e-07	0	100	0	0	0	3
557	284	22.9203801	4.1040111	1.44541387e-06	1.44686747e-06	1.44541387e-06	1.44840358e-06	2.98970981e-09	1.99853537e-07	0	100	0	0	0	3
558	285	22.9642216	4.11137917	1.44562027e-06	1.44683124e-06	1.44541387e-06	1.44825568e-06	2.84180945e-09	1.99853537e-07	0	100	0	0	0	3
559	285	23	4.11874723	1.44536495e-06	1.44679395e-06	1.44536495e-06	1.44825568e-06	2.89073377e-09	1.99853537e-07	0	100	0	0	0	3
560	286	23.0438451	4.12611529	1.44550214e-06	1.44675637e-06	1.44536495e-06	1.44825568e-06	2.89073377e-09	1.99853537e-07	0	100	0	0	0	3
561	286	23.0876918	4.13348336	1.44540246e-06	1.44671686e-06	1.44536495e-06	1.44825568e-06	2.89073377e-09	1.99853537e-07	0	100	0	0	0	3
562	287	23.131541	4.14085142	1.44553645e-06	1.44667651e-06	1.44536495e-06	1.44810262e-06	2.73767315e-09	1.99853537e-07	0	100	0	0	0	3
563	288	23.175392	4.14821948	1.44490629e-06	1.44663127e-06	1.44490629e-06	1.44810262e-06	2.99502105e-09	1.99853537e-07	0	100	0	0	0	3
564	288	23.2192457	4.15558754	1.44581782e-06	1.44659739e-06	1.44490629e-06	1.44810262e-06	2.97952485e-09	1.99853537e-07	0	100	0	0	0	3
565	289	23.2631013	4.16295561	1.44456745e-06	1.44654863e-06	1.44456745e-06	1.44810262e-06	2.97946749e-09	1.99853537e-07	0	100	0	0	0	3
566	290	23.3069598	4.17032367	1.44557707e-06	1.44651115e-06	1.44456745e-06	1.44784666e-06	2.97059046e-09	1.99853537e-07	0	100	0	0	0	3
567	290	23.3508203	4.17769173	1.44486707e-06	1.44646779e-06	1.44456745e-06	1.44784666e-06	2.96063968e-09	1.99853537e-07	0	100	0	0	0	3
568	291	23.3946838	4.1850598	1.44518301e-06	1.44643024e-06	1.44456745e-06	1.44784666e-06	2.95163829e-09	1.99853537e-07	0	100	0	0	0	3
569	291	23.4385495	4.19242786	1.44488027e-06	1.44638622e-06	1.44456745e-06	1.44783304e-06	2.9435691e-09	1.99853537e-07	0	100	0	0	0	3
570	292	23.4824181	4.19979592	1.4454934e-06	1.4463515e-06	1.44456745e-06	1.44768096e-06	2.93340486e-09	1.99853537e-07	0	100	0	0	0	3
571	293	23.526289	4.20716399	1.44472508e-06	1.44630963e-06	1.44456745e-06	1.44768096e-06	2.92217263e-09	1.99853537e-07	0	100	0	0	0	3
572	293	23.5701629	4.21453205	1.44493998e-06	1.44626895e-06	1.44456745e-06	1.44764702e-06	2.917777e-09	1.99853537e-07	0	100	0	0	0	3
573	294	23.6140393	4.22190011	1.44460047e-06	1.44622471e-06	1.44456745e-06	1.44764702e-06	2.90911526e-09	1.99853537e-07	0	100	0	0	0	3
574	294	23.6579189	4.22926817	1.44518291e-06	1.44619137e-06	1.44456745e-06	1.44764702e-06	2.89597892e-09	1.99853537e-07	0	100	0	0	0	3
575	295	23.7018008	4.23663624	1.44434387e-06	1.44614235e-06	1.44434387e-06	1.44757123e-06	2.89314652e-09	1.99853537e-07	0	100	0	0	0	3
576	296	23.745686	4.2440043	1.44484647e-06	1.44610685e-06	1.44434387e-06	1.44757123e-06	2.88942126e-09	1.99853537e-07	0	100	0	0	0	3
577	296	23.7895737	4.25137236	1.44440436e-06	1.44606004e-06	1.44434387e-06	1.44757123e-06	2.8895561e-09	1.99853537e-07	0	100	0	0	0	3
578	297	23.8334646	4.25874043	1.44466001e-06	1.44601824e-06	1.44434387e-06	1.44757123e-06	2.87855656e-09	1.99853537e-07	0	100	0	0	0	3
579	298	23.8773582	4.26610849	1.44419181e-06	1.44597946e-06	1.44419181e-06	1.44757123e-06	2.86901109e-09	1.99853537e-07	0	100	0	0	0	3
580	298	23.921255	4.27347655	1.44472089e-06	1.44593965e-06	1.44419181e-06	1.44757123e-06	2.866369e-09	1.99853537e-07	0	100	0	0	0	3
581	299	23.9651545	4.28084462	1.44399554e-06	1.4458976e-06	1.44399554e-06	1.44757123e-06	2.86467089e-09	1.99853537e-07	0	100	0	0	0	3
582	299	24	4.28821268	1.44484519e-06	1.44586088e-06	1.44399554e-06	1.44757123e-06	2.8549638e-09	1.99853537e-07	0	100	0	0	0	3
583	300	24.0439047	4.29558074	1.44396086e-06	1.44581599e-06	1.44396086e-06	1.44757123e-06	2.85001981e-09	1.99853537e-07	0	100	0	0	0	3
584	301	24.0878129	4.3029488	1.44465883e-06	1.44577918e-06	1.44396086e-06	1.44757123e-06	2.84166194e-09	1.99853537e-07	0	100	0	0	0	3
585	301	24.1317236	4.31031687	1.44432402e-06	1.44574145e-06	1.44396086e-06	1.44757123e-06	2.82610975e-09	1.99853537e-07	0	100	0	0	0	3
586	302	24.1756374	4.31768493	1.44392971e-06	1.4456932e-06	1.44392971e-06	1.44757123e-06	2.82214484e-09	1.99853537e-07	0	100	0	0	0	3
587	303	24.2195539	4.32505299	1.44410294e-06	1.44565842e-06	1.44392971e-06	1.44757123e-06	2.816066e-09	1.99853537e-07	0	100	0	0	0	3
588	303	24.2634736	4.33242106	1.44386807e-06	1.44560346e-06	1.44386807e-06	1.44718892e-06	2.82967923e-09	1.99853537e-07	0	100	0	0	0	3
589	304	24.3073959	4.33978912	1.44436833e-06	1.44557266e-06	1.44386807e-06	1.44718892e-06	2.80830717e-09	1.99853537e-07	0	100	0	0	0	3
590	305	24.3513211	4.34715718	1.44418054e-06	1.44552802e-06	1.44386807e-06	1.44712529e-06	2.80979876e-09	1.99853537e-07	0	100	0	0	0	3
591	305	24.3952488	4.35452525	1.44366322e-06	1.44548215e-06	1.44366322e-06	1.44712529e-06	2.80709597e-09	1.99853537e-07	0	100	0	0	0	3
592	306	24.4391796	4.36189331	1.44375624e-06	1.44543216e-06	1.44366322e-06	1.44681981e-06	2.81494167e-09	1.99853537e-07	0	100	0	0	0	3
593	306	24.4831128	4.36926137	1.44358485e-06	1.44538802e-06	1.44358485e-06	1.44681981e-06	2.8071676e-09	1.99853537e-07	0	100	0	0	0	3
594	307	24.5270491	4.37662943	1.44457315e-06	1.44535585e-06	1.44358485e-06	1.44681981e-06	2.79888307e-09	1.99853537e-07	0	100	0	0	0	3
595	308	24.5709843	4.3839975	1.44356049e-06	1.44531093e-06	1.44356049e-06	1.44681981e-06	2.79504861e-09	1.99853537e-07	0	100	0	0	0	3
596	308	24.614918	4.39136556	1.44400914e-06	1.44526938e-06	1.44356049e-06	1.44681981e-06	2.79436735e-09	1.99853537e-07	0	100	0	0	0	3
597	309	24.6588494	4.39873362	1.44341662e-06	1.44521888e-06	1.44341662e-06	1.44677601e-06	2.79768589e-09	1.99853537e-07	0	100	0	0	0	3
598	309	24.7027794	4.40610169	1.44386173e-06	1.44517913e-06	1.44341662e-06	1.44677601e-06	2.7975341e-09	1.99853537e-07	0	100	0	0	0	3
599	310	24.7467073	4.41346975	1.44372086e-06	1.44513955e-06	1.44341662e-06	1.44677601e-06	2.78845794e-09	1.99853537e-07	0	100	0	0	0	3
600	311	24.7906337	4.42083781	1.44370201e-06	1.44509866e-06	1.44341662e-06	1.44677601e-06	2.77961593e-09	1.99853537e-07	0	100	0	0	0	3
601	311	24.8345582	4.42820588	1.44380301e-06	1.4450594e-06	1.44341662e-06	1.44677601e-06	2.77954936e-09	1.99853537e-07	0	100	0	0	0	3
602	312	24.8784814	4.43557394	1.44352094e-06	1.44501112e-06	1.44341662e-06	1.44675097e-06	2.7957535e-09	1.99853537e-07	0	100	0	0	0	3
603	313	24.9224028	4.442942	1.44379939e-06	1.44496736e-06	1.44341662e-06	1.44652121e-06	2.80535722e-09	1.99853537e-07	0	100	0	0	0	3
604	313	24.9663231	4.45031007	1.44352458e-06	1.44492789e-06	1.44341662e-06	1.44652121e-06	2.79357234e-09	1.99853537e-07	0	100	0	0	0	3
605	314	25	4.45767813	1.44387795e-06	1.44489929e-06	1.44341662e-06	1.44652121e-06	2.77492148e-09	1.99853537e-07	0	100	0	0	0	3
606	315	25.0439179	4.46504619	1.44311544e-06	1.44485189e-06	1.44311544e-06	1.44652121e-06	2.77794099e-09	1.99853537e-07	0	100	0	0	0	3
607	315	25.0878344	4.47241425	1.44375297e-06	1.44481725e-06	1.44311544e-06	1.44652121e-06	2.77384125e-09	1.99853537e-07	0	100	0	0	0	3
608	316	25.13175	4.47978232	1.44350557e-06	1.44477251e-06	1.44311544e-06	1.44649322e-06	2.78002085e-09	1.99853537e-07	0	100	0	0	0	3
609	317	25.1756643	4.48715038	1.44370308e-06	1.44473299e-06	1.44311544e-06	1.44649322e-06	2.77616883e-09	1.99853537e-07	0	100	0	0	0	3
610	317	25.2195779	4.49451844	1.44334443e-06	1.44468628e-06	1.44311544e-06	1.44626926e-06	2.78379412e-09	1.99853537e-07	0	100	0	0	0	3
611	318	25.2634904	4.50188651	1.44321007e-06	1.44464089e-06	1.44311544e-06	1.44609659e-06	2.77902061e-09	1.99853537e-07	0	100	0	0	0	3
612	319	25.3074026	4.50925457	1.44350306e-06	1.44460902e-06	1.44311544e-06	1.44609659e-06	2.77233774e-09	1.99853537e-07	0	100	0	0	0	3
613	319	25.3513137	4.51662263	1.44304704e-06	1.44456377e-06	1.44304704e-06	1.44606471e-06	2.77025484e-09	1.99853537e-07	0	100	0	0	0	3
614	320	25.3952249	4.5239907	1.4437852e-06	1.44453168e-06	1.44304704e-06	1.44606471e-06	2.76712055e-09	1.99853537e-07	0	100	0	0	0	3
615	320	25.4391351	4.53135876	1.44303157e-06	1.44448669e-06	1.44303157e-06	1.44591283e-06	2.76227466e-09	1.99853537e-07	0	100	0	0	0	3
616	321	25.4830455	4.53872682	1.4440984e-06	1.44446011e-06	1.44303157e-06	1.44591283e-06	2.74992956e-09	1.99853537e-07	0	100	0	0	0	3
617	322	25.5269551	4.54609488	1.44261161e-06	1.44441113e-06	1.44261161e-06	1.44586444e-06	2.75238745e-09	1.99853537e-07	0	100	0	0	0	3
618	322	25.5708652	4.55346295	1.44332576e-06	1.44437373e-06	1.44261161e-06	1.44586444e-06	2.75102418e-09	1.99853537e-07	0	100	0	0	0	3
619	323	25.6147749	4.56083101	1.44277905e-06	1.44432912e-06	1.44261161e-06	1.44586444e-06	2.75640359e-09	1.99853537e-07	0	100	0	0	0	3
620	324	25.6586852	4.56819907	1.44345432e-06	1.44429338e-06	1.44261161e-06	1.44581782e-06	2.74799369e-09	1.99853537e-07	0	100	0	0	0	3
621	324	25.7025952	4.57556714	1.44333527e-06	1.44425872e-06	1.44261161e-06	1.44581782e-06	2.74252879e-09	1.99853537e-07	0	100	0	0	0	3
622	325	25.7465061	4.5829352	1.44293694e-06	1.44421788e-06	1.44261161e-06	1.44581782e-06	2.74018765e-09	1.99853537e-07	0	100	0	0	0	3
623	325	25.790417	4.59030326	1.44299322e-06	1.44417696e-06	1.44261161e-06	1.44581782e-06	2.73721517e-09	1.99853537e-07	0	100	0	0	0	3
624	326	25.834329	4.59767133	1.44251805e-06	1.44413333e-06	1.44251805e-06	1.44581782e-06	2.73413575e-09	1.99853537e-07	0	100	0	0	0	3
625	327	25.8782414	4.60503939	1.4433246e-06	1.44410234e-06	1.44251805e-06	1.44581782e-06	2.72889879e-09	1.99853537e-07	0	100	0	0	0	3
626	327	25.9221549	4.61240745	1.44297703e-06	1.44406314e-06	1.44251805e-06	1.44581782e-06	2.73081075e-09	1.99853537e-07	0	100	0	0	0	3
627	328	25.966069	4.61977551	1.44298849e-06	1.44403153e-06	1.44251805e-06	1.44581782e-06	2.7248409e-09	1.99853537e-07	0	100	0	0	0	3
628	329	26	4.62714358	1.44255496e-06	1.44399277e-06	1.44251805e-06	1.44581782e-06	2.72409674e-09	1.99853537e-07	0	100	0	0	0	3
629	329	26.043916	4.63451164	1.44313964e-06	1.44395918e-06	1.44251805e-06	1.44581782e-06	2.71732568e-09	1.99853537e-07	0	100	0	0	0	3
630	330	26.0878336	4.6418797	1.44269059e-06	1.44391694e-06	1.44251805e-06	1.44581782e-06	2.71432482e-09	1.99853537e-07	0	100	0	0	0	3
631	331	26.1317524	4.64924777	1.44282929e-06	1.44388611e-06	1.44251805e-06	1.44581782e-06	2.71127904e-09	1.99853537e-07	0	100	0	0	0	3
632	331	26.1756729	4.65661583	1.44248251e-06	1.4438366e-06	1.44248251e-06	1.44557707e-06	2.71202093e-09	1.99853537e-07	0	100	0	0	0	3
633	332	26.2195948	4.66398389	1.44279188e-06	1.44381024e-06	1.44248251e-06	1.44557707e-06	2.70090227e-09	1.99853537e-07	0	100	0	0	0	3
634	332	26.2635186	4.67135196	1.44266703e-06	1.44376705e-06	1.44248251e-06	1.4454934e-06	2.70073914e-09	1.99853537e-07	0	100	0	0	0	3
635	333	26.3074439	4.67872002	1.44262391e-06	1.44373375e-06	1.44248251e-06	1.4454934e-06	2.69649328e-09	1.99853537e-07	0	100	0	0	0	3
636	334	26.3513713	4.68608808	1.44235499e-06	1.44369176e-06	1.44235499e-06	1.4454934e-06	2.69445598e-09	1.99853537e-07	0	100	0	0	0	3
637	334	26.3953005	4.69345614	1.44266381e-06	1.44365886e-06	1.44235499e-06	1.4454934e-06	2.69264009e-09	1.99853537e-07	0	100	0	0	0	3
638	335	26.4392321	4.70082421	1.44236532e-06	1.44361242e-06	1.44235499e-06	1.44518291e-06	2.69721124e-09	1.99853537e-07	0	100	0	0	0	3
639	335	26.4831656	4.70819227	1.44256997e-06	1.44358042e-06	1.44235499e-06	1.44518291e-06	2.68853089e-09	1.99853537e-07	0	100	0	0	0	3
640	336	26.5271018	4.71556033	1.44219342e-06	1.44353964e-06	1.44219342e-06	1.44518291e-06	2.6850721e-09	1.99853537e-07	0	100	0	0	0	3
641	337	26.57104	4.7229284	1.44246339e-06	1.44350791e-06	1.44219342e-06	1.44518291e-06	2.68346338e-09	1.99853537e-07	0	100	0	0	0	3
642	337	26.614981	4.73029646	1.44222117e-06	1.44346393e-06	1.44219342e-06	1.44484647e-06	2.65305439e-09	1.99853537e-07	0	100	0	0	0	3
643	338	26.6589242	4.73766452	1.4424781e-06	1.44343623e-06	1.44219342e-06	1.44484647e-06	2.65305439e-09	1.99853537e-07	0	100	0	0	0	3
644	339	26.7028704	4.74503259	1.44190487e-06	1.44339254e-06	1.44190487e-06	1.44484519e-06	2.66750127e-09	1.99853537e-07	0	100	0	0	0	3
645	339	26.7468191	4.75240065	1.44241053e-06	1.44336293e-06	1.44190487e-06	1.44484519e-06	2.65531074e-09	1.99853537e-07	0	100	0	0	0	3
646	340	26.7907669	4.75976871	1.44183777e-06	1.44332102e-06	1.44183777e-06	1.44484519e-06	2.65844591e-09	1.99853537e-07	0	100	0	0	0	3
647	340	26.8347121	4.76713677	1.44212048e-06	1.44329025e-06	1.44183777e-06	1.44484519e-06	2.64939662e-09	1.99853537e-07	0	100	0	0	0	3
648	341	26.8786552	4.77450484	1.4418481e-06	1.44324759e-06	1.44183777e-06	1.44484519e-06	2.65001246e-09	1.99853537e-07	0	100	0	0	0	3
649	342	26.9225954	4.7818729	1.44207814e-06	1.44321911e-06	1.44183777e-06	1.44484519e-06	2.64177e-09	1.99853537e-07	0	100	0	0	0	3
650	342	26.9665334	4.78924096	1.44186433e-06	1.44317994e-06	1.44183777e-06	1.44465883e-06	2.63604669e-09	1.99853537e-07	0	100	0	0	0	3
651	343	27	4.79660903	1.44241791e-06	1.44315972e-06	1.44183777e-06	1.44465883e-06	2.61946426e-09	1.99853537e-07	0	100	0	0	0	3
652	343	27.0439332	4.80397709	1.44150062e-06	1.44311279e-06	1.44150062e-06	1.44457315e-06	2.62865943e-09	1.99853537e-07	0	100	0	0	0	3
653	344	27.0878634	4.81134515	1.44186152e-06	1.44307621e-06	1.44150062e-06	1.44457315e-06	2.61699652e-09	1.99853537e-07	0	100	0	0	0	3
654	345	27.1317912	4.81871322	1.44152597e-06	1.44304049e-06	1.44150062e-06	1.44457315e-06	2.61792664e-09	1.99853537e-07	0	100	0	0	0	3
655	345	27.1757159	4.82608128	1.44187308e-06	1.44300736e-06	1.44150062e-06	1.44457315e-06	2.59610192e-09	1.99853537e-07	0	100	0	0	0	3
656	346	27.2196381	4.83344934	1.44157736e-06	1.44297333e-06	1.44150062e-06	1.44457315e-06	2.59932984e-09	1.99853537e-07	0	100	0	0	0	3
657	347	27.2635572	4.84081741	1.44165084e-06	1.44293295e-06	1.44150062e-06	1.44457315e-06	2.59506369e-09	1.99853537e-07	0	100	0	0	0	3
658	347	27.3074737	4.84818547	1.44156893e-06	1.44289415e-06	1.44150062e-06	1.44457315e-06	2.58800029e-09	1.99853537e-07	0	100	0	0	0	3
659	348	27.3513871	4.85555353	1.44138238e-06	1.44286027e-06	1.44138238e-06	1.44457315e-06	2.57188927e-09	1.99853537e-07	0	100	0	0	0	3
660	348	27.3952979	4.86292159	1.44137622e-06	1.44282491e-06	1.44137622e-06	1.44457315e-06	2.56310839e-09	1.99853537e-07	0	100	0	0	0	3
661	349	27.4392055	4.87028966	1.44135918e-06	1.44279184e-06	1.44135918e-06	1.44457315e-06	2.56400996e-09	1.99853537e-07	0	100	0	0	0	3
662	350	27.4831105	4.87765772	1.44139838e-06	1.44274467e-06	1.44135918e-06	1.4440984e-06	2.56626284e-09	1.99853537e-07	0	100	0	0	0	3
663	350	27.5270124	4.88502578	1.44106553e-06	1.44270761e-06	1.44106553e-06	1.4440984e-06	2.56176893e-09	1.99853537e-07	0	100	0	0	0	3
664	351	27.5709117	4.89239385	1.44142407e-06	1.4426692e-06	1.44106553e-06	1.4440984e-06	2.54967928e-09	1.99853537e-07	0	100	0	0	0	3
665	351	27.6148078	4.89976191	1.44116089e-06	1.44263569e-06	1.44106553e-06	1.4440984e-06	2.54343362e-09	1.99853537e-07	0	100	0	0	0	3
666	352	27.6587014	4.90712997	1.44139473e-06	1.44259905e-06	1.44106553e-06	1.4440984e-06	2.54050541e-09	1.99853537e-07	0	100	0	0	0	3
667	353	27.7025918	4.91449804	1.44102668e-06	1.44255903e-06	1.44102668e-06	1.4440984e-06	2.53963758e-09	1.99853537e-07	0	100	0	0	0	3
668	353	27.7464797	4.9218661	1.44169518e-06	1.44252922e-06	1.44102668e-06	1.4440984e-06	2.53018256e-09	1.99853537e-07	0	100	0	0	0	3
669	354	27.7903644	4.92923416	1.44058627e-06	1.44248144e-06	1.44058627e-06	1.4440984e-06	2.52968313e-09	1.99853537e-07	0	100	0	0	0	3
670	354	27.8342467	4.93660222	1.44140368e-06	1.44244999e-06	1.44058627e-06	1.4440984e-06	2.51736571e-09	1.99853537e-07	0	100	0	0	0	3
671	355	27.878126	4.94397029	1.44073594e-06	1.44240449e-06	1.44058627e-06	1.4440984e-06	2.52339569e-09	1.99853537e-07	0	100	0	0	0	3
672	356	27.9220029	4.95133835	1.44121287e-06	1.44237016e-06	1.44058627e-06	1.4440984e-06	2.52913377e-09	1.99853537e-07	0	100	0	0	0	3
673	356	27.9658769	4.95870641	1.44089309e-06	1.44233119e-06	1.44058627e-06	1.4440984e-06	2.52069752e-09	1.99853537e-07	0	100	0	0	0	3
674	357	28	4.96607448	1.44163626e-06	1.44231152e-06	1.44058627e-06	1.4440984e-06	2.505734e-09	1.99853537e-07	0	100	0	0	0	3
675	358	28.0438692	4.97344254	1.44098058e-06	1.44227035e-06	1.44058627e-06	1.4440984e-06	2.50215994e-09	1.99853537e-07	0	100	0	0	0	3
676	358	28.0877364	4.9808106	1.44110494e-06	1.4422347e-06	1.44058627e-06	1.4440984e-06	2.49829124e-09	1.99853537e-07	0	100	0	0	0	3
677	359	28.1316008	4.98817867	1.44100645e-06	1.44219466e-06	1.44058627e-06	1.4440984e-06	2.49161915e-09	1.99853537e-07	0	100	0	0	0	3
678	359	28.1754632	4.99554673	1.44129475e-06	1.44216423e-06	1.44058627e-06	1.4440984e-06	2.47666826e-09	1.99853537e-07	0	100	0	0	0	3
679	360	28.2193229	5.00291479	1.44076678e-06	1.44212795e-06	1.44058627e-06	1.4440984e-06	2.48106203e-09	1.99853537e-07	0	100	0	0	0	3
680	361	28.2631807	5.01028285	1.44092103e-06	1.44208962e-06	1.44058627e-06	1.4440984e-06	2.47415635e-09	1.99853537e-07	0	100	0	0	0	3
681	361	28.307036	5.01765092	1.44104606e-06	1.44205991e-06	1.44058627e-06	1.4440984e-06	2.471776e-09	1.99853537e-07	0	100	0	0	0	3
682	362	28.3508895	5.02501898	1.44127962e-06	1.4420227e-06	1.44058627e-06	1.4440984e-06	2.46398926e-09	1.99853537e-07	0	100	0	0	0	3
683	363	28.3947407	5.03238704	1.44069461e-06	1.44198801e-06	1.44058627e-06	1.4440984e-06	2.47210224e-09	1.99853537e-07	0	100	0	0	0	3
684	363	28.4385903	5.03975511	1.44069653e-06	1.44193749e-06	1.44058627e-06	1.44345432e-06	2.47364016e-09	1.99853537e-07	0	100	0	0	0	3
685	364	28.4824378	5.04712317	1.44100233e-06	1.4419136e-06	1.44058627e-06	1.44345432e-06	2.46012276e-09	1.99853537e-07	0	100	0	0	0	3
686	364	28.526284	5.05449123	1.44074687e-06	1.44187531e-06	1.44058627e-06	1.44345432e-06	2.45381074e-09	1.99853537e-07	0	100	0	0	0	3
687	365	28.5701283	5.0618593	1.44114181e-06	1.441851e-06	1.44058627e-06	1.44345432e-06	2.4423774e-09	1.99853537e-07	0	100	0	0	0	3
688	366	28.6139713	5.06922736	1.44064482e-06	1.44180929e-06	1.44058627e-06	1.44333527e-06	2.44943782e-09	1.99853537e-07	0	100	0	0	0	3
689	366	28.6578127	5.07659542	1.44086331e-06	1.44177258e-06	1.44058627e-06	1.4433246e-06	2.4453062e-09	1.99853537e-07	0	100	0	0	0	3
690	367	28.7016532	5.08396348	1.44060985e-06	1.44173803e-06	1.44058627e-06	1.4433246e-06	2.4389354e-09	1.99853537e-07	0	100	0	0	0	3
691	368	28.7454922	5.09133155	1.44084837e-06	1.44170618e-06	1.44058627e-06	1.4433246e-06	2.42715187e-09	1.99853537e-07	0	100	0	0	0	3
692	368	28.7893306	5.09869961	1.4404979e-06	1.44167619e-06	1.4404979e-06	1.4433246e-06	2.42615581e-09	1.99853537e-07	0	100	0	0	0	3
693	369	28.8331677	5.10606767	1.44102197e-06	1.44164199e-06	1.4404979e-06	1.44313964e-06	2.42115331e-09	1.99853537e-07	0	100	0	0	0	3
694	369	28.8770044	5.11343574	1.44028236e-06	1.44160197e-06	1.44028236e-06	1.44313964e-06	2.42955091e-09	1.99853537e-07	0	100	0	0	0	3
695	370	28.9208402	5.1208038	1.44098612e-06	1.44157223e-06	1.44028236e-06	1.44313964e-06	2.42053404e-09	1.99853537e-07	0	100	0	0	0	3
696	371	28.9646758	5.12817186	1.44075692e-06	1.44154893e-06	1.44028236e-06	1.44313964e-06	2.41025461e-09	1.99853537e-07	0	100	0	0	0	3
697	371	29	5.13553993	1.44132442e-06	1.44152261e-06	1.44028236e-06	1.44282929e-06	2.39432878e-09	1.99853537e-07	0	100	0	0	0	3
698	372	29.0438349	5.14290799	1.43971896e-06	1.44147851e-06	1.43971896e-06	1.44282929e-06	2.40759563e-09	1.99853537e-07	0	100	0	0	0	3
699	373	29.0876694	5.15027605	1.44111509e-06	1.44145306e-06	1.43971896e-06	1.44279188e-06	2.38354913e-09	1.99853537e-07	0	100	0	0	0	3
700	373	29.1315041	5.15764412	1.44038078e-06	1.44142186e-06	1.43971896e-06	1.44279188e-06	2.3883857e-09	1.99853537e-07	0	100	0	0	0	3
701	374	29.1753387	5.16501218	1.44077009e-06	1.44139183e-06	1.43971896e-06	1.44266703e-06	2.37521617e-09	1.99853537e-07	0	100	0	0	0	3
702	375	29.2191738	5.17238024	1.44065105e-06	1.4413619e-06	1.43971896e-06	1.44266381e-06	2.37185173e-09	1.99853537e-07	0	100	0	0	0	3
703	375	29.263009	5.1797483	1.44044224e-06	1.4413295e-06	1.43971896e-06	1.44266381e-06	2.3622629e-09	1.99853537e-07	0	100	0	0	0	3
704	376	29.3068451	5.18711637	1.44076529e-06	1.44130589e-06	1.43971896e-06	1.44266381e-06	2.35296835e-09	1.99853537e-07	0	100	0	0	0	3
705	377	29.3506815	5.19448443	1.4405045e-06	1.44127382e-06	1.43971896e-06	1.44256997e-06	2.33860234e-09	1.99853537e-07	0	100	0	0	0	3
706	377	29.394519	5.20185249	1.44001101e-06	1.44123886e-06	1.43971896e-06	1.44256997e-06	2.34156269e-09	1.99853537e-07	0	100	0	0	0	3
707	378	29.4383573	5.20922056	1.44059649e-06	1.44120954e-06	1.43971896e-06	1.4424781e-06	2.3300992e-09	1.99853537e-07	0	100	0	0	0	3
708	378	29.4821969	5.21658862	1.44060223e-06	1.44118591e-06	1.43971896e-06	1.4424781e-06	2.32200409e-09	1.99853537e-07	0	100	0	0	0	3
709	379	29.5260374	5.22395668	1.44038731e-06	1.44115506e-06	1.43971896e-06	1.4424781e-06	2.30887138e-09	1.99853537e-07	0	100	0	0	0	3
710	380	29.5698796	5.23132475	1.44075901e-06	1.44113333e-06	1.43971896e-06	1.4424781e-06	2.3028939e-09	1.99853537e-07	0	100	0	0	0	3
711	380	29.6137229	5.23869281	1.44012576e-06	1.44109838e-06	1.43971896e-06	1.44241791e-06	2.29415792e-09	1.99853537e-07	0	100	0	0	0	3
712	381	29.6575682	5.24606087	1.44070213e-06	1.44108051e-06	1.43971896e-06	1.44241791e-06	2.28242302e-09	1.99853537e-07	0	100	0	0	0	3
713	381	29.7014148	5.25342893	1.4398303e-06	1.44104217e-06	1.43971896e-06	1.44241791e-06	2.27884421e-09	1.99853537e-07	0	100	0	0	0	3
714	382	29.7452638	5.260797	1.44055602e-06	1.44102312e-06	1.43971896e-06	1.44241791e-06	2.26712984e-09	1.99853537e-07	0	100	0	0	0	3
715	383	29.7891144	5.26816506	1.44026845e-06	1.4409956e-06	1.43971896e-06	1.44241791e-06	2.25198999e-09	1.99853537e-07	0	100	0	0	0	3
716	383	29.8329674	5.27553312	1.44041531e-06	1.4409743e-06	1.43971896e-06	1.44241791e-06	2.24480641e-09	1.99853537e-07	0	100	0	0	0	3
717	384	29.8768224	5.28290119	1.44038887e-06	1.44094919e-06	1.43971896e-06	1.44241791e-06	2.23074901e-09	1.99853537e-07	0	100	0	0	0	3
718	385	29.92068	5.29026925	1.43986845e-06	1.44091954e-06	1.43971896e-06	1.44241791e-06	2.24017938e-09	1.99853537e-07	0	100	0	0	0	3
719	385	29.9645399	5.29763731	1.44020211e-06	1.44089201e-06	1.43971896e-06	1.44187308e-06	2.15411642e-09	1.99853537e-07	0	100	0	0	0	3
720	386	30	5.30500538	1.44067659e-06	1.44088038e-06	1.43971896e-06	1.44187308e-06	2.15411642e-09	1.99853537e-07	0	100	0	0	0	3
721	387	30.0438646	5.31237344	1.44005507e-06	1.44085355e-06	1.43971896e-06	1.44187308e-06	2.15411642e-09	1.99853537e-07	0	100	0	0	0	3
722	387	30.0877324	5.3197415	1.44016775e-06	1.44083338e-06	1.43971896e-06	1.44187308e-06	2.15411642e-09	1.99853537e-07	0	100	0	0	0	3
723	388	30.1316028	5.32710956	1.44010149e-06	1.44080707e-06	1.43971896e-06	1.44169518e-06	1.97621834e-09	1.99853537e-07	0	100	0	0	0	3
724	388	30.1754766	5.33447763	1.43983884e-06	1.44078125e-06	1.43971896e-06	1.44169518e-06	1.97621834e-09	1.99853537e-07	0	100	0	0	0	3
725	389	30.2193531	5.34184569	1.43997487e-06	1.44075636e-06	1.43971896e-06	1.44169518e-06	1.97621834e-09	1.99853537e-07	0	100	0	0	0	3
726	390	30.2632332	5.34921375	1.43978663e-06	1.44072989e-06	1.43971896e-06	1.44169518e-06	1.97621834e-09	1.99853537e-07	0	100	0	0	0	3
727	390	30.3071163	5.35658182	1.43998812e-06	1.44070918e-06	1.43971896e-06	1.44169518e-06	1.97621834e-09	1.99853537e-07	0	100	0	0	0	3
728	391	30.3510031	5.36394988	1.4400986e-06	1.44069021e-06	1.43971896e-06	1.44169518e-06	1.97621834e-09	1.99853537e-07	0	100	0	0	0	3
729	392	30.394893	5.37131794	1.4397833e-06	1.4406668e-06	1.43971896e-06	1.44169518e-06	1.97621834e-09	1.99853537e-07	0	100	0	0	0	3
730	392	30.4387868	5.37868601	1.4398401e-06	1.44064366e-06	1.43971896e-06	1.44169518e-06	1.97621834e-09	1.99853537e-07	0	100	0	0	0	3
731	393	30.4826838	5.38605407	1.43941979e-06	1.44061922e-06	1.43941979e-06	1.44169518e-06	2.0499838e-09	1.99853537e-07	0	100	0	0	0	3
732	393	30.526585	5.39342213	1.44011788e-06	1.44059982e-06	1.43941979e-06	1.44169518e-06	2.0358778e-09	1.99853537e-07	0	100	0	0	0	3
733	394	30.5704895	5.40079019	1.4391687e-06	1.44057023e-06	1.4391687e-06	1.44169518e-06	2.02882037e-09	1.99853537e-07	0	100	0	0	0	3
734	395	30.6143983	5.40815826	1.43975052e-06	1.4405458e-06	1.4391687e-06	1.44169518e-06	2.01322335e-09	1.99853537e-07	0	100	0	0	0	3
735	395	30.6583105	5.41552632	1.43971684e-06	1.44052635e-06	1.4391687e-06	1.44169518e-06	2.00286774e-09	1.99853537e-07	0	100	0	0	0	3
736	396	30.702227	5.42289438	1.43960302e-06	1.44049527e-06	1.4391687e-06	1.44163626e-06	1.98616587e-09	1.99853537e-07	0	100	0	0	0	3
737	397	30.7461471	5.43026245	1.43945715e-06	1.4404785e-06	1.4391687e-06	1.44163626e-06	1.97149436e-09	1.99853537e-07	0	100	0	0	0	3
738	397	30.7900715	5.43763051	1.4394666e-06	1.44044972e-06	1.4391687e-06	1.44163626e-06	1.95476898e-09	1.99853537e-07	0	100	0	0	0	3
739	398	30.8339997	5.44499857	1.4397469e-06	1.44043503e-06	1.4391687e-06	1.44163626e-06	1.93512886e-09	1.99853537e-07	0	100	0	0	0	3
740	399	30.8779321	5.45236664	1.43929099e-06	1.44040648e-06	1.4391687e-06	1.44163626e-06	1.92470735e-09	1.99853537e-07	0	100	0	0	0	3
741	399	30.9218682	5.4597347	1.43953619e-06	1.44038632e-06	1.4391687e-06	1.44163626e-06	1.92519195e-09	1.99853537e-07	0	100	0	0	0	3
742	400	30.9658087	5.46710276	1.43931701e-06	1.4403561e-06	1.4391687e-06	1.44132442e-06	1.914249e-09	1.99853537e-07	0	100	0	0	0	3
743	400	31	5.47447083	1.43919161e-06	1.44033336e-06	1.4391687e-06	1.44132442e-06	1.90133924e-09	1.99853537e-07	0	100	0	0	0	3
744	401	31.0439478	5.48183889	1.43967176e-06	1.44031208e-06	1.4391687e-06	1.44132442e-06	1.88258283e-09	1.99853537e-07	0	100	0	0	0	3
745	402	31.0878992	5.48920695	1.43944862e-06	1.44028894e-06	1.4391687e-06	1.44132442e-06	1.87528744e-09	1.99853537e-07	0	100	0	0	0	3
746	402	31.1318549	5.49657501	1.43893312e-06	1.44025386e-06	1.43893312e-06	1.44132442e-06	1.87409544e-09	1.99853537e-07	0	100	0	0	0	3
747	403	31.1758144	5.50394308	1.43967117e-06	1.44023758e-06	1.43893312e-06	1.44132442e-06	1.85203117e-09	1.99853537e-07	0	100	0	0	0	3
748	404	31.2197781	5.51131114	1.43923951e-06	1.44021261e-06	1.43893312e-06	1.44132442e-06	1.8473029e-09	1.99853537e-07	0	100	0	0	0	3
749	404	31.2637455	5.5186792	1.43966217e-06	1.44019206e-06	1.43893312e-06	1.44132442e-06	1.83064118e-09	1.99853537e-07	0	100	0	0	0	3
750	405	31.3077145	5.52604727	1.43875444e-06	1.44015455e-06	1.43875444e-06	1.44132442e-06	1.83345645e-09	1.99853537e-07	0	100	0	0	0	3
751	406	31.3516798	5.53341533	1.43950816e-06	1.44013693e-06	1.43875444e-06	1.44132442e-06	1.80056168e-09	1.99853537e-07	0	100	0	0	0	3
752	406	31.3956419	5.54078339	1.43896222e-06	1.44011117e-06	1.43875444e-06	1.44132442e-06	1.80243466e-09	1.99853537e-07	0	100	0	0	0	3
753	407	31.4396003	5.54815146	1.43946228e-06	1.44008831e-06	1.43875444e-06	1.44132442e-06	1.78700371e-09	1.99853537e-07	0	100	0	0	0	3
754	407	31.4835555	5.55551952	1.43908534e-06	1.44006364e-06	1.43875444e-06	1.44132442e-06	1.78736616e-09	1.99853537e-07	0	100	0	0	0	3
755	408	31.5275071	5.56288758	1.43926981e-06	1.44003585e-06	1.43875444e-06	1.44132442e-06	1.77343136e-09	1.99853537e-07	0	100	0	0	0	3
756	409	31.5714558	5.57025564	1.43956493e-06	1.44001983e-06	1.43875444e-06	1.44132442e-06	1.75274923e-09	1.99853537e-07	0	100	0	0	0	3
757	409	31.6154009	5.57762371	1.43931078e-06	1.43999679e-06	1.43875444e-06	1.44132442e-06	1.74123706e-09	1.99853537e-07	0	100	0	0	0	3
758	410	31.6593431	5.58499177	1.43908908e-06	1.43997422e-06	1.43875444e-06	1.44132442e-06	1.73196036e-09	1.99853537e-07	0	100	0	0	0	3
759	411	31.703282	5.59235983	1.43941528e-06	1.43995296e-06	1.43875444e-06	1.44132442e-06	1.72323016e-09	1.99853537e-07	0	100	0	0	0	3
760	411	31.7472183	5.5997279	1.4392205e-06	1.439934e-06	1.43875444e-06	1.44132442e-06	1.70798436e-09	1.99853537e-07	0	100	0	0	0	3
761	412	31.7911513	5.60709596	1.43907504e-06	1.43990512e-06	1.43875444e-06	1.44132442e-06	1.69685405e-09	1.99853537e-07	0	100	0	0	0	3
762	412	31.835082	5.61446402	1.43953025e-06	1.43989396e-06	1.43875444e-06	1.44132442e-06	1.67826857e-09	1.99853537e-07	0	100	0	0	0	3
763	413	31.8790096	5.62183209	1.43928501e-06	1.43986874e-06	1.43875444e-06	1.44132442e-06	1.68019283e-09	1.99853537e-07	0	100	0	0	0	3
764	414	31.9229351	5.62920015	1.43925331e-06	1.43984644e-06	1.43875444e-06	1.44132442e-06	1.67617741e-09	1.99853537e-07	0	100	0	0	0	3
765	414	31.9668577	5.63656821	1.43925452e-06	1.43982008e-06	1.43875444e-06	1.44111509e-06	1.65843836e-09	1.99853537e-07	0	100	0	0	0	3
766	415	32	5.64393627	1.43898984e-06	1.43981227e-06	1.43875444e-06	1.44111509e-06	1.64078786e-09	1.99853537e-07	0	100	0	0	0	3
767	416	32.0439186	5.65130434	1.43956515e-06	1.43978928e-06	1.43875444e-06	1.44077009e-06	1.63257871e-09	1.99853537e-07	0	100	0	0	0	3
768	416	32.0878355	5.6586724	1.43937936e-06	1.43977442e-06	1.43875444e-06	1.44077009e-06	1.61741445e-09	1.99853537e-07	0	100	0	0	0	3
769	417	32.1317501	5.66604046	1.43902219e-06	1.43974848e-06	1.43875444e-06	1.44076529e-06	1.61341364e-09	1.99853537e-07	0	100	0	0	0	3
770	417	32.1756634	5.67340853	1.43985944e-06	1.43973675e-06	1.43875444e-06	1.44076529e-06	1.59275212e-09	1.99853537e-07	0	100	0	0	0	3
771	418	32.2195744	5.68077659	1.43924609e-06	1.439719e-06	1.43875444e-06	1.44076529e-06	1.58688881e-09	1.99853537e-07	0	100	0	0	0	3
772	419	32.2634842	5.68814465	1.4391985e-06	1.43969576e-06	1.43875444e-06	1.44075901e-06	1.57806037e-09	1.99853537e-07	0	100	0	0	0	3
773	419	32.3073923	5.69551272	1.43911621e-06	1.43967516e-06	1.43875444e-06	1.44075901e-06	1.56369969e-09	1.99853537e-07	0	100	0	0	0	3
774	420	32.3512995	5.70288078	1.43942877e-06	1.43966652e-06	1.43875444e-06	1.44075901e-06	1.54301978e-09	1.99853537e-07	0	100	0	0	0	3
775	421	32.3952052	5.71024884	1.43903981e-06	1.43964343e-06	1.43875444e-06	1.44075901e-06	1.54247569e-09	1.99853537e-07	0	100	0	0	0	3
776	421	32.4391104	5.7176169	1.44003377e-06	1.43963501e-06	1.43875444e-06	1.44075901e-06	1.52005213e-09	1.99853537e-07	0	100	0	0	0	3
777	422	32.4830142	5.72498497	1.43907006e-06	1.43961547e-06	1.43875444e-06	1.44075901e-06	1.51786404e-09	1.99853537e-07	0	100	0	0	0	3
778	422	32.5269179	5.73235303	1.43947954e-06	1.4395965e-06	1.43875444e-06	1.44070213e-06	1.50188718e-09	1.99853537e-07	0	100	0	0	0	3
779	423	32.5708206	5.73972109	1.43925834e-06	1.43958363e-06	1.43875444e-06	1.44070213e-06	1.49687951e-09	1.99853537e-07	0	100	0	0	0	3
780	424	32.6147234	5.74708916	1.43977378e-06	1.43956987e-06	1.43875444e-06	1.44067659e-06	1.47230345e-09	1.99853537e-07	0	100	0	0	0	3
781	424	32.6586256	5.75445722	1.43919196e-06	1.4395604e-06	1.43875444e-06	1.44067659e-06	1.46272559e-09	1.99853537e-07	0	100	0	0	0	3
782	425	32.7025282	5.76182528	1.43958415e-06	1.43954599e-06	1.43875444e-06	1.44067659e-06	1.44961181e-09	1.99853537e-07	0	100	0	0	0	3
783	426	32.7464306	5.76919335	1.43967153e-06	1.43953714e-06	1.43875444e-06	1.44067659e-06	1.43716691e-09	1.99853537e-07	0	100	0	0	0	3
784	426	32.7903336	5.77656141	1.43899978e-06	1.43951614e-06	1.43875444e-06	1.44067659e-06	1.43305723e-09	1.99853537e-07	0	100	0	0	0	3
785	427	32.8342368	5.78392947	1.43946279e-06	1.4395024e-06	1.43875444e-06	1.44067659e-06	1.41713489e-09	1.99853537e-07	0	100	0	0	0	3
786	427	32.878141	5.79129753	1.43936549e-06	1.43949494e-06	1.43875444e-06	1.44067659e-06	1.39706638e-09	1.99853537e-07	0	100	0	0	0	3
787	428	32.9220457	5.7986656	1.43994228e-06	1.4394911e-06	1.43875444e-06	1.44067659e-06	1.38928363e-09	1.99853537e-07	0	100	0	0	0	3
788	429	32.9659516	5.80603366	1.4390838e-06	1.43947089e-06	1.43875444e-06	1.44016775e-06	1.38265855e-09	1.99853537e-07	0	100	0	0	0	3
789	429	33	5.81340172	1.43935583e-06	1.4394609e-06	1.43875444e-06	1.44016775e-06	1.37248172e-09	1.99853537e-07	0	100	0	0	0	3
790	430	33.0439083	5.82076979	1.43910353e-06	1.4394451e-06	1.43875444e-06	1.44011788e-06	1.36196648e-09	1.99853537e-07	0	100	0	0	0	3
791	431	33.0878176	5.82813785	1.43957055e-06	1.43943723e-06	1.43875444e-06	1.44011788e-06	1.34402646e-09	1.99853537e-07	0	100	0	0	0	3
792	431	33.1317289	5.83550591	1.43980986e-06	1.4394368e-06	1.43875444e-06	1.44011788e-06	1.31956089e-09	1.99853537e-07	0	100	0	0	0	3
793	432	33.1756414	5.84287398	1.43924254e-06	1.43942593e-06	1.43875444e-06	1.44011788e-06	1.30396309e-09	1.99853537e-07	0	100	0	0	0	3
794	432	33.2195564	5.85024204	1.43946628e-06	1.43942117e-06	1.43875444e-06	1.44011788e-06	1.28801055e-09	1.99853537e-07	0	100	0	0	0	3
795	433	33.2634731	5.8576101	1.43915618e-06	1.43940882e-06	1.43875444e-06	1.44011788e-06	1.28138687e-09	1.99853537e-07	0	100	0	0	0	3
796	434	33.3073925	5.86497817	1.439586e-06	1.43940121e-06	1.43875444e-06	1.44011788e-06	1.26558952e-09	1.99853537e-07	0	100	0	0	0	3
797	434	33.3513139	5.87234623	1.43918536e-06	1.43939234e-06	1.43875444e-06	1.44011788e-06	1.25132429e-09	1.99853537e-07	0	100	0	0	0	3
798	435	33.3952382	5.87971429	1.43941211e-06	1.43938598e-06	1.43875444e-06	1.44011788e-06	1.2332354e-09	1.99853537e-07	0	100	0	0	0	3
799	435	33.4391649	5.88708235	1.43893744e-06	1.43937882e-06	1.43875444e-06	1.44011788e-06	1.22100112e-09	1.99853537e-07	0	100	0	0	0	3
800	436	33.483095	5.89445042	1.43972262e-06	1.43937295e-06	1.43875444e-06	1.44003377e-06	1.1972761e-09	1.99853537e-07	0	100	0	0	0	3
801	437	33.5270276	5.90181848	1.43930095e-06	1.43937491e-06	1.43875444e-06	1.44003377e-06	1.17285449e-09	1.99853537e-07	0	100	0	0	0	3
802	438	33.5709637	5.90918654	1.43948842e-06	1.43937102e-06	1.43875444e-06	1.44003377e-06	1.15532631e-09	1.99853537e-07	0	100	0	0	0	3
803	438	33.6149026	5.91655461	1.43888845e-06	1.43935871e-06	1.43875444e-06	1.44003377e-06	1.13656017e-09	1.99853537e-07	0	100	0	0	0	3
804	439	33.6588455	5.92392267	1.4392794e-06	1.43935391e-06	1.43875444e-06	1.44003377e-06	1.12459139e-09	1.99853537e-07	0	100	0	0	0	3
805	439	33.7027915	5.93129073	1.43927529e-06	1.4393512e-06	1.43875444e-06	1.44003377e-06	1.09852103e-09	1.99853537e-07	0	100	0	0	0	3
806	440	33.7467416	5.9386588	1.4393401e-06	1.43934932e-06	1.43875444e-06	1.44003377e-06	1.08570678e-09	1.99853537e-07	0	100	0	0	0	3
807	441	33.790695	5.94602686	1.43907521e-06	1.43933934e-06	1.43875444e-06	1.44003377e-06	1.06713931e-09	1.99853537e-07	0	100	0	0	0	3
808	441	33.8346527	5.95339492	1.43924663e-06	1.43933868e-06	1.43875444e-06	1.44003377e-06	1.04764145e-09	1.99853537e-07	0	100	0	0	0	3
809	442	33.8786141	5.96076298	1.43911287e-06	1.43933239e-06	1.43875444e-06	1.44003377e-06	1.02371001e-09	1.99853537e-07	0	100	0	0	0	3
810	443	33.9225799	5.96813105	1.43917706e-06	1.43933031e-06	1.43875444e-06	1.44003377e-06	1.00305494e-09	1.99853537e-07	0	100	0	0	0	3
811	443	33.9665496	5.97549911	1.43905372e-06	1.43932781e-06	1.43875444e-06	1.44003377e-06	9.84270941e-10	1.99853537e-07	0	100	0	0	0	3
812	444	34	5.98286717	1.43880857e-06	1.43931682e-06	1.43875444e-06	1.44003377e-06	9.7212039e-10	1.99853537e-07	0	100	0	0	0	3
813	445	34.0439703	5.99023524	1.43892467e-06	1.43930903e-06	1.43875444e-06	1.44003377e-06	9.44832083e-10	1.99853537e-07	0	100	0	0	0	3
814	445	34.0879366	5.9976033	1.43888539e-06	1.43930831e-06	1.43875444e-06	1.44003377e-06	9.29270122e-10	1.99853537e-07	0	100	0	0	0	3
815	446	34.1318982	6.00497136	1.43899616e-06	1.43929828e-06	1.43875444e-06	1.44003377e-06	9.14329201e-10	1.99853537e-07	0	100	0	0	0	3
816	446	34.1758557	6.01233943	1.43893023e-06	1.43929368e-06	1.43875444e-06	1.44003377e-06	8.98380655e-10	1.99853537e-07	0	100	0	0	0	3
817	447	34.2198083	6.01970749	1.43863387e-06	1.43927839e-06	1.43863387e-06	1.44003377e-06	8.76163958e-10	1.99853537e-07	0	100	0	0	0	3
818	448	34.2637567	6.02707555	1.43875834e-06	1.43927845e-06	1.43863387e-06	1.44003377e-06	8.58543947e-10	1.99853537e-07	0	100	0	0	0	3
819	448	34.3077001	6.03444361	1.43898844e-06	1.43927072e-06	1.43863387e-06	1.44003377e-06	8.40447359e-10	1.99853537e-07	0	100	0	0	0	3
820	449	34.3516392	6.04181168	1.43874465e-06	1.43926749e-06	1.43863387e-06	1.44003377e-06	8.20819554e-10	1.99853537e-07	0	100	0	0	0	3
821	449	34.3955732	6.04917974	1.43891871e-06	1.43925941e-06	1.43863387e-06	1.44003377e-06	8.04228228e-10	1.99853537e-07	0	100	0	0	0	3
822	450	34.4395028	6.0565478	1.43858251e-06	1.43925194e-06	1.43858251e-06	1.44003377e-06	7.83917566e-10	1.99853537e-07	0	100	0	0	0	3
823	451	34.4834275	6.06391587	1.43910534e-06	1.43924949e-06	1.43858251e-06	1.44003377e-06	7.70336278e-10	1.99853537e-07	0	100	0	0	0	3
824	451	34.5273476	6.07128393	1.43846032e-06	1.43923308e-06	1.43846032e-06	1.44003377e-06	7.6371354e-10	1.99853537e-07	0	100	0	0	0	3
825	452	34.5712628	6.07865199	1.43901002e-06	1.43922861e-06	1.43846032e-06	1.44003377e-06	7.45609837e-10	1.99853537e-07	0	100	0	0	0	3
826	453	34.6151735	6.08602006	1.43854533e-06	1.43922053e-06	1.43846032e-06	1.44003377e-06	7.32426601e-10	1.99853537e-07	0	100	0	0	0	3
827	453	34.6590793	6.09338812	1.4389473e-06	1.43921358e-06	1.43846032e-06	1.44003377e-06	7.20423935e-10	1.99853537e-07	0	100	0	0	0	3
828	454	34.7029806	6.10075618	1.43859284e-06	1.43920426e-06	1.43846032e-06	1.44003377e-06	7.00865438e-10	1.99853537e-07	0	100	0	0	0	3
829	455	34.746877	6.10812424	1.4385855e-06	1.43919699e-06	1.43846032e-06	1.44003377e-06	6.96976566e-10	1.99853537e-07	0	100	0	0	0	3
830	455	34.7907691	6.11549231	1.43896371e-06	1.43918857e-06	1.43846032e-06	1.44003377e-06	6.80167283e-10	1.99853537e-07	0	100	0	0	0	3
831	456	34.8346562	6.12286037	1.43832368e-06	1.43917429e-06	1.43832368e-06	1.44003377e-06	6.72143828e-10	1.99853537e-07	0	100	0	0	0	3
832	456	34.8785393	6.13022843	1.43906981e-06	1.43917157e-06	1.43832368e-06	1.44003377e-06	6.48509118e-10	1.99853537e-07	0	100	0	0	0	3
833	457	34.9224174	6.1375965	1.4386741e-06	1.43916295e-06	1.43832368e-06	1.44003377e-06	6.49318608e-10	1.99853537e-07	0	100	0	0	0	3
834	458	34.9662915	6.14496456	1.43896131e-06	1.4391619e-06	1.43832368e-06	1.44003377e-06	6.2737779e-10	1.99853537e-07	0	100	0	0	0	3
835	458	35	6.15233262	1.43885195e-06	1.43915238e-06	1.43832368e-06	1.44003377e-06	6.22043454e-10	1.99853537e-07	0	100	0	0	0	3
836	459	35.0438664	6.15970069	1.43871423e-06	1.4391425e-06	1.43832368e-06	1.44003377e-06	6.05981204e-10	1.99853537e-07	0	100	0	0	0	3
837	460	35.0877281	6.16706875	1.43875909e-06	1.4391386e-06	1.43832368e-06	1.44003377e-06	5.98149028e-10	1.99853537e-07	0	100	0	0	0	3
838	460	35.1315861	6.17443681	1.43907274e-06	1.43912691e-06	1.43832368e-06	1.44003377e-06	5.92087893e-10	1.99853537e-07	0	100	0	0	0	3
839	461	35.1754396	6.18180488	1.43883271e-06	1.43912078e-06	1.43832368e-06	1.44003377e-06	5.74980457e-10	1.99853537e-07	0	100	0	0	0	3
840	461	35.2192895	6.18917294	1.43940022e-06	1.43912377e-06	1.43832368e-06	1.44003377e-06	5.54383511e-10	1.99853537e-07	0	100	0	0	0	3
841	462	35.2631352	6.196541	1.43865384e-06	1.43911691e-06	1.43832368e-06	1.44003377e-06	5.49612929e-10	1.99853537e-07	0	100	0	0	0	3
842	463	35.3069775	6.20390906	1.43914137e-06	1.43911264e-06	1.43832368e-06	1.44003377e-06	5.30789117e-10	1.99853537e-07	0	100	0	0	0	3
843	463	35.3508159	6.21127713	1.43900703e-06	1.43911216e-06	1.43832368e-06	1.44003377e-06	5.2285417e-10	1.99853537e-07	0	100	0	0	0	3
844	464	35.3946511	6.21864519	1.43932508e-06	1.43910162e-06	1.43832368e-06	1.43994228e-06	5.13845214e-10	1.99853537e-07	0	100	0	0	0	3
845	464	35.4384825	6.22601325	1.43944871e-06	1.43910724e-06	1.43832368e-06	1.43994228e-06	4.94872566e-10	1.99853537e-07	0	100	0	0	0	3
846	465	35.4823111	6.23338132	1.43888085e-06	1.43909835e-06	1.43832368e-06	1.43994228e-06	4.85276827e-10	1.99853537e-07	0	100	0	0	0	3
847	466	35.5261362	6.24074938	1.43888422e-06	1.4390928e-06	1.43832368e-06	1.43994228e-06	4.77068157e-10	1.99853537e-07	0	100	0	0	0	3
848	466	35.5699588	6.24811744	1.43985462e-06	1.43909398e-06	1.43832368e-06	1.43994228e-06	4.67596316e-10	1.99853537e-07	0	100	0	0	0	3
849	467	35.6137781	6.25548551	1.43914321e-06	1.43909325e-06	1.43832368e-06	1.43994228e-06	4.53186329e-10	1.99853537e-07	0	100	0	0	0	3
850	468	35.6575951	6.26285357	1.43946425e-06	1.43909146e-06	1.43832368e-06	1.43994228e-06	4.4567468e-10	1.99853537e-07	0	100	0	0	0	3
851	468	35.7014093	6.27022163	1.43862908e-06	1.43907599e-06	1.43832368e-06	1.43994228e-06	4.40149522e-10	1.99853537e-07	0	100	0	0	0	3
852	469	35.7452217	6.27758969	1.4392175e-06	1.43907922e-06	1.43832368e-06	1.43994228e-06	4.2641594e-10	1.99853537e-07	0	100	0	0	0	3
853	469	35.7890316	6.28495776	1.4392539e-06	1.43907611e-06	1.43832368e-06	1.43994228e-06	4.18955134e-10	1.99853537e-07	0	100	0	0	0	3
854	470	35.83284	6.29232582	1.43965858e-06	1.43908045e-06	1.43832368e-06	1.43994228e-06	4.15108611e-10	1.99853537e-07	0	100	0	0	0	3
855	471	35.8766462	6.29969388	1.43975867e-06	1.43907769e-06	1.43832368e-06	1.43985462e-06	3.94905762e-10	1.99853537e-07	0	100	0	0	0	3
856	471	35.920451	6.30706195	1.43951664e-06	1.43908411e-06	1.43832368e-06	1.43985462e-06	3.84912189e-10	1.99853537e-07	0	100	0	0	0	3
857	472	35.9642541	6.31443001	1.43938295e-06	1.43908541e-06	1.43832368e-06	1.43985462e-06	3.69114986e-10	1.99853537e-07	0	100	0	0	0	3
858	473	36	6.32179807	1.43937922e-06	1.43908869e-06	1.43832368e-06	1.43985462e-06	3.61237326e-10	1.99853537e-07	0	100	0	0	0	3
859	473	36.0438011	6.32916614	1.4395787e-06	1.43908879e-06	1.43832368e-06	1.43985462e-06	3.60811946e-10	1.99853537e-07	0	100	0	0	0	3
860	474	36.0876017	6.3365342	1.43994098e-06	1.43909071e-06	1.43832368e-06	1.43994098e-06	3.49940498e-10	1.99853537e-07	0	100	0	0	0	3
861	475	36.1314013	6.34390226	1.43976094e-06	1.43909839e-06	1.43832368e-06	1.43994098e-06	3.45186031e-10	1.99853537e-07	0	100	0	0	0	3
862	475	36.1752007	6.35127032	1.4397193e-06	1.43910212e-06	1.43832368e-06	1.43994098e-06	3.32833951e-10	1.99853537e-07	0	100	0	0	0	3
863	476	36.2189996	6.35863839	1.43952281e-06	1.43910755e-06	1.43832368e-06	1.43994098e-06	3.25226553e-10	1.99853537e-07	0	100	0	0	0	3
864	477	36.2627987	6.36600645	1.43975561e-06	1.43911005e-06	1.43832368e-06	1.43994098e-06	3.16347532e-10	1.99853537e-07	0	100	0	0	0	3
865	477	36.3065977	6.37337451	1.43988953e-06	1.43912048e-06	1.43832368e-06	1.43994098e-06	3.09993443e-10	1.99853537e-07	0	100	0	0	0	3
866	478	36.3503972	6.38074258	1.43995417e-06	1.4391285e-06	1.43832368e-06	1.43995417e-06	3.02827188e-10	1.99853537e-07	0	100	0	0	0	3
867	479	36.394197	6.38811064	1.43990385e-06	1.43914283e-06	1.43832368e-06	1.43995417e-06	2.98924527e-10	1.99853537e-07	0	100	0	0	0	3
868	479	36.4379978	6.3954787	1.43986482e-06	1.43914492e-06	1.43832368e-06	1.43995417e-06	2.98924527e-10	1.99853537e-07	0	100	0	0	0	3
869	480	36.4817992	6.40284677	1.43998593e-06	1.43915506e-06	1.43832368e-06	1.43998593e-06	2.95033036e-10	1.99853537e-07	0	100	0	0	0	3
870	481	36.5256021	6.41021483	1.43980296e-06	1.43915971e-06	1.43832368e-06	1.43998593e-06	2.82725178e-10	1.99853537e-07	0	100	0	0	0	3
871	481	36.5694062	6.41758289	1.44001179e-06	1.43917638e-06	1.43832368e-06	1.44001179e-06	2.77917491e-10	1.99853537e-07	0	100	0	0	0	3
872	482	36.6132121	6.42495095	1.44034956e-06	1.43919224e-06	1.43832368e-06	1.44034956e-06	2.75215334e-10	1.99853537e-07	0	100	0	0	0	3
873	482	36.6570194	6.43231902	1.44014776e-06	1.43920517e-06	1.43832368e-06	1.44034956e-06	2.73336032e-10	1.99853537e-07	0	100	0	0	0	3
874	483	36.7008289	6.43968708	1.43979654e-06	1.43921194e-06	1.43832368e-06	1.44034956e-06	2.63354266e-10	1.99853537e-07	0	100	0	0	0	3
875	484	36.7446404	6.44705514	1.43986342e-06	1.43922363e-06	1.43832368e-06	1.44034956e-06	2.6269423e-10	1.99853537e-07	0	100	0	0	0	3
876	484	36.7884546	6.45442321	1.43979383e-06	1.43923175e-06	1.43832368e-06	1.44034956e-06	2.56401809e-10	1.99853537e-07	0	100	0	0	0	3
877	485	36.8322711	6.46179127	1.4402867e-06	1.43924917e-06	1.43832368e-06	1.44034956e-06	2.54320724e-10	1.99853537e-07	0	100	0	0	0	3
878	486	36.8760907	6.46915933	1.44038156e-06	1.43926704e-06	1.43832368e-06	1.44038156e-06	2.51819841e-10	1.99853537e-07	0	100	0	0	0	3
879	486	36.9199128	6.4765274	1.44020646e-06	1.43928416e-06	1.43832368e-06	1.44038156e-06	2.40830549e-10	1.99853537e-07	0	100	0	0	0	3
880	487	36.9637383	6.48389546	1.43968435e-06	1.43929544e-06	1.43832368e-06	1.44038156e-06	2.33037873e-10	1.99853537e-07	0	100	0	0	0	3
881	487	37	6.49126352	1.43973295e-06	1.43930633e-06	1.43832368e-06	1.44038156e-06	2.3232668e-10	1.99853537e-07	0	100	0	0	0	3
882	488	37.043832	6.49863159	1.44026166e-06	1.43932675e-06	1.43832368e-06	1.44038156e-06	2.50764897e-10	1.99853537e-07	0	100	0	0	0	3
883	489	37.0876672	6.50599965	1.43990259e-06	1.43934021e-06	1.43832368e-06	1.44038156e-06	2.64221822e-10	1.99853537e-07	0	100	0	0	0	3
884	489	37.1315067	6.51336771	1.4402189e-06	1.43935934e-06	1.43832368e-06	1.44038156e-06	2.83352238e-10	1.99853537e-07	0	100	0	0	0	3
885	490	37.1753497	6.52073577	1.44005377e-06	1.43938043e-06	1.43832368e-06	1.44038156e-06	3.04442159e-10	1.99853537e-07	0	100	0	0	0	3
886	491	37.2191972	6.52810384	1.43978636e-06	1.4393957e-06	1.43832368e-06	1.44038156e-06	3.19715179e-10	1.99853537e-07	0	100	0	0	0	3
887	491	37.2630488	6.5354719	1.44031759e-06	1.43941544e-06	1.43832368e-06	1.44038156e-06	3.39449739e-10	1.99853537e-07	0	100	0	0	0	3
888	492	37.3069051	6.54283996	1.44010052e-06	1.43943558e-06	1.43832368e-06	1.44038156e-06	3.59589667e-10	1.99853537e-07	0	100	0	0	0	3
889	493	37.3507657	6.55020803	1.43986019e-06	1.43944956e-06	1.43832368e-06	1.44038156e-06	3.73575814e-10	1.99853537e-07	0	100	0	0	0	3
890	493	37.3946314	6.55757609	1.44005523e-06	1.43947144e-06	1.43832368e-06	1.44038156e-06	3.95455597e-10	1.99853537e-07	0	100	0	0	0	3
891	494	37.4385017	6.56494415	1.4398152e-06	1.43948199e-06	1.43832368e-06	1.44038156e-06	4.06000729e-10	1.99853537e-07	0	100	0	0	0	3
892	495	37.4823773	6.57231222	1.44021995e-06	1.43950813e-06	1.43832368e-06	1.44038156e-06	4.32142598e-10	1.99853537e-07	0	100	0	0	0	3
893	495	37.5262576	6.57968028	1.43990572e-06	1.43952144e-06	1.43832368e-06	1.44038156e-06	4.45449295e-10	1.99853537e-07	0	100	0	0	0	3
894	496	37.5701436	6.58704834	1.43990472e-06	1.43954163e-06	1.43832368e-06	1.44038156e-06	4.65646456e-10	1.99853537e-07	0	100	0	0	0	3
895	496	37.6140345	6.5944164	1.43986165e-06	1.43955522e-06	1.43832368e-06	1.44038156e-06	4.79230628e-10	1.99853537e-07	0	100	0	0	0	3
896	497	37.6579313	6.60178447	1.43987462e-06	1.43957426e-06	1.43832368e-06	1.44038156e-06	4.98273403e-10	1.99853537e-07	0	100	0	0	0	3
897	498	37.7018332	6.60915253	1.43969027e-06	1.43959067e-06	1.43832368e-06	1.44038156e-06	5.14685183e-10	1.99853537e-07	0	100	0	0	0	3
898	498	37.7457412	6.61652059	1.44032474e-06	1.43961089e-06	1.43832368e-06	1.44038156e-06	5.34905454e-10	1.99853537e-07	0	100	0	0	0	3
899	499	37.7896543	6.62388866	1.43969064e-06	1.4396312e-06	1.43862908e-06	1.44038156e-06	5.55207982e-10	1.99853537e-07	0	100	0	0	0	3
900	500	37.8335736	6.63125672	1.43977209e-06	1.43964163e-06	1.43862908e-06	1.44038156e-06	5.65638659e-10	1.99853537e-07	0	100	0	0	0	3
901	500	37.8774983	6.63862478	1.43933717e-06	1.43965147e-06	1.43862908e-06	1.44038156e-06	5.75479264e-10	1.99853537e-07	0	100	0	0	0	3
902	501	37.9214294	6.64599285	1.44008904e-06	1.43966822e-06	1.43862908e-06	1.44038156e-06	5.92230806e-10	1.99853537e-07	0	100	0	0	0	3
903	502	37.9653659	6.65336091	1.4398039e-06	1.43967951e-06	1.43862908e-06	1.44038156e-06	6.03520055e-10	1.99853537e-07	0	100	0	0	0	3
904	502	38	6.66072897	1.44003045e-06	1.43969794e-06	1.43862908e-06	1.44038156e-06	6.219555e-10	1.99853537e-07	0	100	0	0	0	3
905	503	38.0439471	6.66809703	1.44003365e-06	1.43971686e-06	1.43862908e-06	1.44038156e-06	6.40876027e-10	1.99853537e-07	0	100	0	0	0	3
906	504	38.0879004	6.6754651	1.43988708e-06	1.43972895e-06	1.43862908e-06	1.44038156e-06	6.52962509e-10	1.99853537e-07	0	100	0	0	0	3
907	504	38.1318594	6.68283316	1.43969391e-06	1.43974172e-06	1.43862908e-06	1.44038156e-06	6.65735687e-10	1.99853537e-07	0	100	0	0	0	3
908	505	38.1758245	6.69020122	1.43998758e-06	1.43975044e-06	1.43862908e-06	1.44038156e-06	6.74456573e-10	1.99853537e-07	0	100	0	0	0	3
909	505	38.219792	6.69756929	1.43940082e-06	1.43976151e-06	1.43862908e-06	1.44038156e-06	6.85519497e-10	1.99853537e-07	0	100	0	0	0	3
910	506	38.263754	6.70493735	1.44026043e-06	1.43977812e-06	1.43862908e-06	1.44038156e-06	7.02132838e-10	1.99853537e-07	0	100	0	0	0	3
911	507	38.3077096	6.71230541	1.43952809e-06	1.43978584e-06	1.43862908e-06	1.44038156e-06	7.09848079e-10	1.99853537e-07	0	100	0	0	0	3
912	507	38.3516597	6.71967348	1.44058733e-06	1.43980458e-06	1.43862908e-06	1.44058733e-06	7.28591051e-10	1.99853537e-07	0	100	0	0	0	3
913	508	38.3956034	6.72704154	1.43963642e-06	1.43980736e-06	1.43862908e-06	1.44058733e-06	7.31367012e-10	1.99853537e-07	0	100	0	0	0	3
914	508	38.4395419	6.7344096	1.44038172e-06	1.43982962e-06	1.43862908e-06	1.44058733e-06	7.53632518e-10	1.99853537e-07	0	100	0	0	0	3
915	509	38.4834742	6.74177766	1.43999022e-06	1.43984602e-06	1.43862908e-06	1.44058733e-06	7.70028329e-10	1.99853537e-07	0	100	0	0	0	3
916	510	38.5274012	6.74914573	1.44015041e-06	1.43985041e-06	1.43862908e-06	1.44058733e-06	7.74422003e-10	1.99853537e-07	0	100	0	0	0	3
917	510	38.5713223	6.75651379	1.4398876e-06	1.43986144e-06	1.43862908e-06	1.44058733e-06	7.85452242e-10	1.99853537e-07	0	100	0	0	0	3
918	511	38.6152385	6.76388185	1.44039663e-06	1.43987527e-06	1.43862908e-06	1.44058733e-06	7.99283253e-10	1.99853537e-07	0	100	0	0	0	3
919	512	38.6591488	6.77124992	1.440287e-06	1.43989984e-06	1.4392175e-06	1.44058733e-06	8.23735021e-10	1.99853537e-07	0	100	0	0	0	3
920	512	38.7030543	6.77861798	1.44078125e-06	1.43992303e-06	1.4392539e-06	1.44078125e-06	8.4692543e-10	1.99853537e-07	0	100	0	0	0	3
921	513	38.7469542	6.78598604	1.43973238e-06	1.43993012e-06	1.43933717e-06	1.44078125e-06	8.52421391e-10	1.99853537e-07	0	100	0	0	0	3
922	514	38.7908496	6.79335411	1.44080853e-06	1.43994717e-06	1.43933717e-06	1.44080853e-06	8.69478186e-10	1.99853537e-07	0	100	0	0	0	3
923	514	38.8347397	6.80072217	1.43997802e-06	1.43995042e-06	1.43933717e-06	1.44080853e-06	8.6631015e-10	1.99853537e-07	0	100	0	0	0	3
924	515	38.8786256	6.80809023	1.44040904e-06	1.43996365e-06	1.43933717e-06	1.44080853e-06	8.78242578e-10	1.99853537e-07	0	100	0	0	0	3
925	515	38.9225066	6.81545829	1.4403918e-06	1.4399786e-06	1.43933717e-06	1.44080853e-06	8.89908198e-10	1.99853537e-07	0	100	0	0	0	3
926	516	38.9663837	6.82282636	1.44099945e-06	1.44000092e-06	1.43933717e-06	1.44099945e-06	9.12127612e-10	1.99853537e-07	0	100	0	0	0	3
927	517	39	6.83019442	1.44055514e-06	1.44001348e-06	1.43933717e-06	1.44099945e-06	9.22769816e-10	1.99853537e-07	0	100	0	0	0	3
928	517	39.0438697	6.83756248	1.44093801e-06	1.44002827e-06	1.43933717e-06	1.44099945e-06	9.29887636e-10	1.99853537e-07	0	100	0	0	0	3
929	518	39.0877349	6.84493055	1.44087181e-06	1.44004475e-06	1.43933717e-06	1.44099945e-06	9.42629456e-10	1.99853537e-07	0	100	0	0	0	3
930	519	39.1315968	6.85229861	1.44082787e-06	1.44006119e-06	1.43933717e-06	1.44099945e-06	9.5363855e-10	1.99853537e-07	0	100	0	0	0	3
931	519	39.1754549	6.85966667	1.44110969e-06	1.44008472e-06	1.43933717e-06	1.44110969e-06	9.74674438e-10	1.99853537e-07	0	100	0	0	0	3
932	520	39.2193099	6.86703474	1.44120048e-06	1.44010615e-06	1.43933717e-06	1.44120048e-06	9.85667381e-10	1.99853537e-07	0	100	0	0	0	3
933	521	39.2631614	6.8744028	1.4407518e-06	1.44011893e-06	1.43933717e-06	1.44120048e-06	9.90430947e-10	1.99853537e-07	0	100	0	0	0	3
934	521	39.3070105	6.88177086	1.44209248e-06	1.44015064e-06	1.43933717e-06	1.44209248e-06	1.00780874e-09	1.99853537e-07	0	100	0	0	0	3
935	522	39.3508562	6.88913893	1.44065181e-06	1.44016173e-06	1.43933717e-06	1.44209248e-06	1.01681423e-09	1.99853537e-07	0	100	0	0	0	3
936	522	39.3947	6.89650699	1.44176863e-06	1.44018996e-06	1.43933717e-06	1.44209248e-06	1.03489351e-09	1.99853537e-07	0	100	0	0	0	3
937	523	39.438541	6.90387505	1.44066277e-06	1.44019999e-06	1.43933717e-06	1.44209248e-06	1.04027854e-09	1.99853537e-07	0	100	0	0	0	3
938	524	39.4823806	6.91124311	1.4420422e-06	1.44023319e-06	1.43933717e-06	1.44209248e-06	1.05680714e-09	1.99853537e-07	0	100	0	0	0	3
939	524	39.5262178	6.91861118	1.44154523e-06	1.44025592e-06	1.43933717e-06	1.44209248e-06	1.06367618e-09	1.99853537e-07	0	100	0	0	0	3
940	525	39.5700539	6.92597924	1.44205039e-06	1.44028113e-06	1.43933717e-06	1.44209248e-06	1.07595883e-09	1.99853537e-07	0	100	0	0	0	3
941	526	39.6138881	6.9333473	1.44163133e-06	1.44030313e-06	1.43933717e-06	1.44209248e-06	1.09118812e-09	1.99853537e-07	0	100	0	0	0	3
942	526	39.6577217	6.94071537	1.44195024e-06	1.44033505e-06	1.43933717e-06	1.44209248e-06	1.11141409e-09	1.99853537e-07	0	100	0	0	0	3
943	527	39.701554	6.94808343	1.44211455e-06	1.44036841e-06	1.43933717e-06	1.44211455e-06	1.13666523e-09	1.99853537e-07	0	100	0	0	0	3
944	527	39.745386	6.95545149	1.4416947e-06	1.44039659e-06	1.43933717e-06	1.44211455e-06	1.14742011e-09	1.99853537e-07	0	100	0	0	0	3
945	528	39.7892173	6.96281956	1.44273966e-06	1.44043295e-06	1.43933717e-06	1.44273966e-06	1.16590621e-09	1.99853537e-07	0	100	0	0	0	3
946	529	39.8330488	6.97018762	1.44195595e-06	1.44045629e-06	1.43933717e-06	1.44273966e-06	1.1721286e-09	1.99853537e-07	0	100	0	0	0	3
947	529	39.8768801	6.97755568	1.44263602e-06	1.4404923e-06	1.43933717e-06	1.44273966e-06	1.19685576e-09	1.99853537e-07	0	100	0	0	0	3
948	530	39.920712	6.98492374	1.442641e-06	1.44053612e-06	1.43933717e-06	1.44273966e-06	1.22979908e-09	1.99853537e-07	0	100	0	0	0	3
949	531	39.9645442	6.99229181	1.44232329e-06	1.44057237e-06	1.43933717e-06	1.44273966e-06	1.24561995e-09	1.99853537e-07	0	100	0	0	0	3
950	531	40	6.99965987	1.44321128e-06	1.44060863e-06	1.43933717e-06	1.44321128e-06	1.26842074e-09	1.99853537e-07	0	100	0	0	0	3
951	532	40.0438339	7.00702793	1.44228621e-06	1.44064398e-06	1.43933717e-06	1.44321128e-06	1.28463479e-09	1.99853537e-07	0	100	0	0	0	3
952	533	40.0876696	7.014396	1.44281098e-06	1.44068241e-06	1.43933717e-06	1.44321128e-06	1.3019822e-09	1.99853537e-07	0	100	0	0	0	3
953	533	40.1315065	7.02176406	1.44295673e-06	1.44072546e-06	1.43933717e-06	1.44321128e-06	1.32975859e-09	1.99853537e-07	0	100	0	0	0	3
954	534	40.1753456	7.02913212	1.44263385e-06	1.44076769e-06	1.43933717e-06	1.44321128e-06	1.35225449e-09	1.99853537e-07	0	100	0	0	0	3
955	535	40.2191866	7.03650019	1.44357776e-06	1.44081604e-06	1.43933717e-06	1.44357776e-06	1.3804661e-09	1.99853537e-07	0	100	0	0	0	3
956	535	40.2630301	7.04386825	1.44204878e-06	1.44084494e-06	1.43933717e-06	1.44357776e-06	1.39537851e-09	1.99853537e-07	0	100	0	0	0	3
957	536	40.3068761	7.05123631	1.44333831e-06	1.44089654e-06	1.43933717e-06	1.44357776e-06	1.42509211e-09	1.99853537e-07	0	100	0	0	0	3
958	536	40.3507252	7.05860437	1.44268955e-06	1.44093562e-06	1.43933717e-06	1.44357776e-06	1.45362777e-09	1.99853537e-07	0	100	0	0	0	3
959	537	40.3945771	7.06597244	1.44330581e-06	1.44098741e-06	1.43933717e-06	1.44357776e-06	1.47927448e-09	1.99853537e-07	0	100	0	0	0	3
960	538	40.4384326	7.0733405	1.44271607e-06	1.44102444e-06	1.43933717e-06	1.44357776e-06	1.50300507e-09	1.99853537e-07	0	100	0	0	0	3
961	538	40.4822915	7.08070856	1.44319637e-06	1.44107327e-06	1.43933717e-06	1.44357776e-06	1.53163963e-09	1.99853537e-07	0	100	0	0	0	3
962	539	40.5261546	7.08807663	1.44303581e-06	1.44111974e-06	1.43933717e-06	1.44357776e-06	1.56452555e-09	1.99853537e-07	0	100	0	0	0	3
963	540	40.5700213	7.09544469	1.44299482e-06	1.44116625e-06	1.43933717e-06	1.44357776e-06	1.59198917e-09	1.99853537e-07	0	100	0	0	0	3
964	540	40.6138928	7.10281275	1.44319702e-06	1.44121557e-06	1.43933717e-06	1.44357776e-06	1.62489846e-09	1.99853537e-07	0	100	0	0	0	3
965	541	40.6577683	7.11018082	1.44306055e-06	1.44126561e-06	1.43933717e-06	1.44357776e-06	1.65471753e-09	1.99853537e-07	0	100	0	0	0	3
966	542	40.701649	7.11754888	1.44281895e-06	1.44130265e-06	1.43933717e-06	1.44357776e-06	1.67145037e-09	1.99853537e-07	0	100	0	0	0	3
967	542	40.7455344	7.12491694	1.44282897e-06	1.44134926e-06	1.43933717e-06	1.44357776e-06	1.70762902e-09	1.99853537e-07	0	100	0	0	0	3
968	543	40.7894253	7.132285	1.44323416e-06	1.44140068e-06	1.43933717e-06	1.44357776e-06	1.74921126e-09	1.99853537e-07	0	100	0	0	0	3
969	544	40.8333212	7.13965307	1.44275117e-06	1.4414514e-06	1.43940082e-06	1.44357776e-06	1.78318e-09	1.99853537e-07	0	100	0	0	0	3
970	544	40.877223	7.14702113	1.44307081e-06	1.4414957e-06	1.43940082e-06	1.44357776e-06	1.8161918e-09	1.99853537e-07	0	100	0	0	0	3
971	545	40.9211303	7.15438919	1.44288457e-06	1.44154148e-06	1.43940082e-06	1.44357776e-06	1.84353581e-09	1.99853537e-07	0	100	0	0	0	3
972	546	40.9650438	7.16175726	1.4429689e-06	1.44158027e-06	1.43940082e-06	1.44357776e-06	1.86340597e-09	1.99853537e-07	0	100	0	0	0	3
973	546	41	7.16912532	1.44285459e-06	1.44161833e-06	1.43940082e-06	1.44357776e-06	1.889382e-09	1.99853537e-07	0	100	0	0	0	3
974	547	41.0439247	7.17649338	1.44302715e-06	1.44166501e-06	1.43940082e-06	1.44357776e-06	1.92328518e-09	1.99853537e-07	0	100	0	0	0	3
975	548	41.0878552	7.18386145	1.44304038e-06	1.44171476e-06	1.43940082e-06	1.44357776e-06	1.96431675e-09	1.99853537e-07	0	100	0	0	0	3
976	548	41.1317927	7.19122951	1.44290183e-06	1.4417581e-06	1.43940082e-06	1.44357776e-06	1.99658745e-09	1.99853537e-07	0	100	0	0	0	3
977	549	41.1757363	7.19859757	1.44295764e-06	1.44181099e-06	1.43952809e-06	1.44357776e-06	2.03286942e-09	1.99853537e-07	0	100	0	0	0	3
978	550	41.2196871	7.20596564	1.4429753e-06	1.44185136e-06	1.43952809e-06	1.44357776e-06	2.06552641e-09	1.99853537e-07	0	100	0	0	0	3
979	550	41.263632	7.2133337	1.44314736e-06	1.44190518e-06	1.43963642e-06	1.44357776e-06	2.10059858e-09	1.99853537e-07	0	100	0	0	0	3
980	551	41.3075697	7.22070176	1.44281351e-06	1.44193827e-06	1.43963642e-06	1.44357776e-06	2.13091888e-09	1.99853537e-07	0	100	0	0	0	3
981	552	41.3514997	7.22806982	1.44308173e-06	1.44198949e-06	1.43973238e-06	1.44357776e-06	2.15986759e-09	1.99853537e-07	0	100	0	0	0	3
982	552	41.3954222	7.23543789	1.44305119e-06	1.44202916e-06	1.43973238e-06	1.44357776e-06	2.18314705e-09	1.99853537e-07	0	100	0	0	0	3
983	553	41.4393368	7.24280595	1.44313227e-06	1.44207586e-06	1.43973238e-06	1.44357776e-06	2.22544625e-09	1.99853537e-07	0	100	0	0	0	3
984	553	41.483244	7.25017401	1.44285767e-06	1.44211608e-06	1.43973238e-06	1.44357776e-06	2.25464363e-09	1.99853537e-07	0	100	0	0	0	3
985	554	41.5271432	7.25754208	1.4430974e-06	1.44216377e-06	1.43973238e-06	1.44357776e-06	2.28850035e-09	1.99853537e-07	0	100	0	0	0	3
986	555	41.571035	7.26491014	1.44273594e-06	1.44219852e-06	1.43973238e-06	1.44357776e-06	2.29867931e-09	1.99853537e-07	0	100	0	0	0	3
987	555	41.6149187	7.2722782	1.44311687e-06	1.44224056e-06	1.43973238e-06	1.44357776e-06	2.31752065e-09	1.99853537e-07	0	100	0	0	0	3
988	556	41.658795	7.27964627	1.44287208e-06	1.44227161e-06	1.43973238e-06	1.44357776e-06	2.34149121e-09	1.99853537e-07	0	100	0	0	0	3
989	557	41.7026633	7.28701433	1.44282619e-06	1.44231755e-06	1.43997802e-06	1.44357776e-06	2.37037953e-09	1.99853537e-07	0	100	0	0	0	3
990	557	41.7465243	7.29438239	1.44330007e-06	1.44235454e-06	1.43997802e-06	1.44357776e-06	2.40412124e-09	1.99853537e-07	0	100	0	0	0	3
991	558	41.7903773	7.30175045	1.44287492e-06	1.44239755e-06	1.4403918e-06	1.44357776e-06	2.43390534e-09	1.99853537e-07	0	100	0	0	0	3
992	558	41.834223	7.30911852	1.44329304e-06	1.44244037e-06	1.4403918e-06	1.44357776e-06	2.46176658e-09	1.99853537e-07	0	100	0	0	0	3
993	559	41.8780609	7.31648658	1.44283043e-06	1.44247657e-06	1.44055514e-06	1.44357776e-06	2.4756447e-09	1.99853537e-07	0	100	0	0	0	3
994	560	41.9218917	7.32385464	1.44334e-06	1.4425113e-06	1.44055514e-06	1.44357776e-06	2.49782045e-09	1.99853537e-07	0	100	0	0	0	3
995	560	41.9657148	7.33122271	1.44347316e-06	1.44254769e-06	1.44065181e-06	1.44357776e-06	2.51941271e-09	1.99853537e-07	0	100	0	0	0	3
996	561	42	7.33859077	1.44270613e-06	1.44257341e-06	1.44065181e-06	1.44357776e-06	2.52866141e-09	1.99853537e-07	0	100	0	0	0	3
997	562	42.0438101	7.34595883	1.44348971e-06	1.44261224e-06	1.44065181e-06	1.44357776e-06	2.55105128e-09	1.99853537e-07	0	100	0	0	0	3
998	562	42.0876135	7.3533269	1.44280158e-06	1.44264152e-06	1.44065181e-06	1.44357776e-06	2.55680379e-09	1.99853537e-07	0	100	0	0	0	3
999	563	42.1314098	7.36069496	1.44389073e-06	1.44268276e-06	1.44065181e-06	1.44389073e-06	2.57661461e-09	1.99853537e-07	0	100	0	0	0	3
1000	564	42.1751995	7.36806302	1.44334285e-06	1.44271453e-06	1.44065181e-06	1.44389073e-06	2.59559999e-09	1.99853537e-07	0	100	0	0	0	3
1001	564	42.2189823	7.37543108	1.44342788e-06	1.44275422e-06	1.44065181e-06	1.44389073e-06	2.60357454e-09	1.99853537e-07	0	100	0	0	0	3
1002	565	42.2627588	7.38279915	1.4440034e-06	1.44278253e-06	1.44065181e-06	1.4440034e-06	2.62080464e-09	1.99853537e-07	0	100	0	0	0	3
1003	566	42.3065285	7.39016721	1.44342569e-06	1.44282367e-06	1.44066277e-06	1.4440034e-06	2.63371052e-09	1.99853537e-07	0	100	0	0	0	3
1004	566	42.3502923	7.39753527	1.44394504e-06	1.44285592e-06	1.44066277e-06	1.4440034e-06	2.65593241e-09	1.99853537e-07	0	100	0	0	0	3
1005	567	42.3940498	7.40490334	1.44375135e-06	1.44290171e-06	1.44154523e-06	1.4440034e-06	2.45816699e-09	1.99853537e-07	0	100	0	0	0	3
1006	568	42.4378017	7.4122714	1.44426755e-06	1.44293468e-06	1.44154523e-06	1.44426755e-06	2.67876357e-09	1.99853537e-07	0	100	0	0	0	3
1007	568	42.4815476	7.41963946	1.4442785e-06	1.44297518e-06	1.44163133e-06	1.4442785e-06	2.64717604e-09	1.99853537e-07	0	100	0	0	0	3
1008	569	42.5252882	7.42700753	1.44416803e-06	1.44300656e-06	1.44163133e-06	1.4442785e-06	2.64717604e-09	1.99853537e-07	0	100	0	0	0	3
1009	569	42.5690234	7.43437559	1.44429753e-06	1.44304606e-06	1.4416947e-06	1.44429753e-06	2.60282968e-09	1.99853537e-07	0	100	0	0	0	3
1010	570	42.6127537	7.44174365	1.44493725e-06	1.4430903e-06	1.4416947e-06	1.44493725e-06	2.72188783e-09	1.99853537e-07	0	100	0	0	0	3
1011	571	42.6564789	7.44911171	1.44430379e-06	1.44312273e-06	1.4416947e-06	1.44493725e-06	2.72614404e-09	1.99853537e-07	0	100	0	0	0	3
1012	571	42.7001998	7.45647978	1.44511527e-06	1.4431734e-06	1.44195595e-06	1.44511527e-06	2.74045013e-09	1.99853537e-07	0	100	0	0	0	3
1013	572	42.743916	7.46384784	1.44510669e-06	1.44320844e-06	1.44195595e-06	1.44511527e-06	2.75215108e-09	1.99853537e-07	0	100	0	0	0	3
1014	573	42.7876284	7.4712159	1.44505178e-06	1.44325429e-06	1.44204878e-06	1.44511527e-06	2.76199091e-09	1.99853537e-07	0	100	0	0	0	3
1015	573	42.8313366	7.47858397	1.44544341e-06	1.44329585e-06	1.44204878e-06	1.44544341e-06	2.75972372e-09	1.99853537e-07	0	100	0	0	0	3
1016	574	42.8750414	7.48595203	1.44490125e-06	1.44332931e-06	1.44204878e-06	1.44544341e-06	2.75694052e-09	1.99853537e-07	0	100	0	0	0	3
1017	575	42.9187427	7.49332009	1.44614463e-06	1.44338589e-06	1.44204878e-06	1.44614463e-06	2.77725628e-09	1.99853537e-07	0	100	0	0	0	3
1018	575	42.9624411	7.50068816	1.44595676e-06	1.4434259e-06	1.44204878e-06	1.44614463e-06	2.78192391e-09	1.99853537e-07	0	100	0	0	0	3
1019	576	43	7.50805622	1.44547783e-06	1.44346887e-06	1.44204878e-06	1.44614463e-06	2.7864562e-09	1.99853537e-07	0	100	0	0	0	3
1020	577	43.0436934	7.51542428	1.44638683e-06	1.44352176e-06	1.44204878e-06	1.44638683e-06	2.79629357e-09	1.99853537e-07	0	100	0	0	0	3
1021	577	43.0873841	7.52279235	1.44586804e-06	1.44356482e-06	1.44204878e-06	1.44638683e-06	2.79712295e-09	1.99853537e-07	0	100	0	0	0	3
1022	578	43.1310732	7.53016041	1.4465423e-06	1.44362263e-06	1.44204878e-06	1.4465423e-06	2.80659013e-09	1.99853537e-07	0	100	0	0	0	3
1023	579	43.1747602	7.53752847	1.44608082e-06	1.44365963e-06	1.44204878e-06	1.4465423e-06	2.81469232e-09	1.99853537e-07	0	100	0	0	0	3
1024	579	43.2184463	7.54489653	1.44726917e-06	1.44373689e-06	1.44268955e-06	1.44726917e-06	2.84035108e-09	1.99853537e-07	0	100	0	0	0	3
1025	580	43.2621308	7.5522646	1.44644713e-06	1.44378286e-06	1.44268955e-06	1.44726917e-06	2.8472466e-09	1.99853537e-07	0	100	0	0	0	3
1026	581	43.3058151	7.55963266	1.44760321e-06	1.44385556e-06	1.44270613e-06	1.44760321e-06	2.86815613e-09	1.99853537e-07	0	100	0	0	0	3
1027	581	43.3494983	7.56700072	1.44685828e-06	1.44390811e-06	1.44270613e-06	1.44760321e-06	2.88366707e-09	1.99853537e-07	0	100	0	0	0	3
1028	582	43.3931819	7.57436879	1.44794759e-06	1.44398552e-06	1.44270613e-06	1.44794759e-06	2.91224847e-09	1.99853537e-07	0	100	0	0	0	3
1029	583	43.4368651	7.58173685	1.44690209e-06	1.44404036e-06	1.44270613e-06	1.44794759e-06	2.92061419e-09	1.99853537e-07	0	100	0	0	0	3
1030	583	43.4805492	7.58910491	1.44789995e-06	1.44411234e-06	1.44270613e-06	1.44794759e-06	2.94609058e-09	1.99853537e-07	0	100	0	0	0	3
1031	584	43.5242337	7.59647298	1.44771762e-06	1.44418225e-06	1.44270613e-06	1.44794759e-06	2.96667548e-09	1.99853537e-07	0	100	0	0	0	3
1032	584	43.5679196	7.60384104	1.44795537e-06	1.44425268e-06	1.44270613e-06	1.44795537e-06	2.98706742e-09	1.99853537e-07	0	100	0	0	0	3
1033	585	43.6116067	7.6112091	1.44756197e-06	1.44431933e-06	1.44270613e-06	1.44795537e-06	3.0166838e-09	1.99853537e-07	0	100	0	0	0	3
1034	586	43.6552959	7.61857716	1.44868037e-06	1.44440613e-06	1.44270613e-06	1.44868037e-06	3.05687166e-09	1.99853537e-07	0	100	0	0	0	3
1035	586	43.6989867	7.62594523	1.44791029e-06	1.4444814e-06	1.44270613e-06	1.44868037e-06	3.08072134e-09	1.99853537e-07	0	100	0	0	0	3
1036	587	43.7426803	7.63331329	1.4485383e-06	1.44455996e-06	1.44270613e-06	1.44868037e-06	3.10855949e-09	1.99853537e-07	0	100	0	0	0	3
1037	588	43.7863763	7.64068135	1.4482735e-06	1.44464179e-06	1.44270613e-06	1.44868037e-06	3.14609407e-09	1.99853537e-07	0	100	0	0	0	3
1038	588	43.8300756	7.64804942	1.44840776e-06	1.44472088e-06	1.44270613e-06	1.44868037e-06	3.17940412e-09	1.99853537e-07	0	100	0	0	0	3
1039	589	43.873778	7.65541748	1.44850465e-06	1.44480419e-06	1.44270613e-06	1.44868037e-06	3.22392407e-09	1.99853537e-07	0	100	0	0	0	3
1040	590	43.9174844	7.66278554	1.44842644e-06	1.44488511e-06	1.44270613e-06	1.44868037e-06	3.26678098e-09	1.99853537e-07	0	100	0	0	0	3
1041	590	43.9611945	7.67015361	1.44864035e-06	1.44496451e-06	1.44270613e-06	1.44868037e-06	3.29950539e-09	1.99853537e-07	0	100	0	0	0	3
1042	591	44	7.67752167	1.44923733e-06	1.44504939e-06	1.44270613e-06	1.44923733e-06	3.33463122e-09	1.99853537e-07	0	100	0	0	0	3
1043	592	44.0437183	7.68488973	1.44865379e-06	1.44513256e-06	1.44270613e-06	1.44923733e-06	3.3744663e-09	1.99853537e-07	0	100	0	0	0	3
1044	592	44.0874419	7.69225779	1.44884606e-06	1.44522066e-06	1.44270613e-06	1.44923733e-06	3.40966676e-09	1.99853537e-07	0	100	0	0	0	3
1045	593	44.1311703	7.69962586	1.44851736e-06	1.44530308e-06	1.44270613e-06	1.44923733e-06	3.45172065e-09	1.99853537e-07	0	100	0	0	0	3
1046	594	44.1749046	7.70699392	1.44873642e-06	1.44538851e-06	1.44270613e-06	1.44923733e-06	3.48333489e-09	1.99853537e-07	0	100	0	0	0	3
1047	594	44.2186442	7.71436198	1.44886536e-06	1.44547331e-06	1.44270613e-06	1.44923733e-06	3.53503131e-09	1.99853537e-07	0	100	0	0	0	3
1048	595	44.2623901	7.72173005	1.44897105e-06	1.44556464e-06	1.44270613e-06	1.44923733e-06	3.57515169e-09	1.99853537e-07	0	100	0	0	0	3
1049	596	44.306142	7.72909811	1.44879529e-06	1.44564939e-06	1.44270613e-06	1.44923733e-06	3.62023155e-09	1.99853537e-07	0	100	0	0	0	3
1050	596	44.3499006	7.73646617	1.44880943e-06	1.44573482e-06	1.44270613e-06	1.44923733e-06	3.65896792e-09	1.99853537e-07	0	100	0	0	0	3
1051	597	44.3936658	7.74383424	1.44888339e-06	1.44582015e-06	1.44270613e-06	1.44923733e-06	3.70406855e-09	1.99853537e-07	0	100	0	0	0	3
1052	597	44.4374382	7.7512023	1.44889628e-06	1.44590976e-06	1.44270613e-06	1.44923733e-06	3.74599031e-09	1.99853537e-07	0	100	0	0	0	3
1053	598	44.4812176	7.75857036	1.44901879e-06	1.44599763e-06	1.44270613e-06	1.44923733e-06	3.79910747e-09	1.99853537e-07	0	100	0	0	0	3
1054	599	44.5250047	7.76593842	1.44901228e-06	1.44609078e-06	1.44270613e-06	1.44923733e-06	3.85022629e-09	1.99853537e-07	0	100	0	0	0	3
1055	599	44.5687991	7.77330649	1.44938056e-06	1.44618374e-06	1.44270613e-06	1.44938056e-06	3.91213038e-09	1.99853537e-07	0	100	0	0	0	3
1056	600	44.6126016	7.78067455	1.4482908e-06	1.44626418e-06	1.44270613e-06	1.44938056e-06	3.94662308e-09	1.99853537e-07	0	100	0	0	0	3
1057	601	44.6564119	7.78804261	1.4489894e-06	1.44635566e-06	1.44270613e-06	1.44938056e-06	4.00111306e-09	1.99853537e-07	0	100	0	0	0	3
1058	601	44.7002307	7.79541068	1.44928802e-06	1.44644453e-06	1.44270613e-06	1.44938056e-06	4.04697759e-09	1.99853537e-07	0	100	0	0	0	3
1059	602	44.7440575	7.80277874	1.44898223e-06	1.44653518e-06	1.44270613e-06	1.44938056e-06	4.09481902e-09	1.99853537e-07	0	100	0	0	0	3
1060	602	44.787893	7.8101468	1.44894422e-06	1.44661906e-06	1.44270613e-06	1.44938056e-06	4.14249893e-09	1.99853537e-07	0	100	0	0	0	3
1061	603	44.8317368	7.81751487	1.44901523e-06	1.44671086e-06	1.44270613e-06	1.44938056e-06	4.19956336e-09	1.99853537e-07	0	100	0	0	0	3
1062	604	44.8755896	7.82488293	1.44943485e-06	1.44680133e-06	1.44270613e-06	1.44943485e-06	4.25364083e-09	1.99853537e-07	0	100	0	0	0	3
1063	604	44.9194508	7.83225099	1.44857169e-06	1.44687699e-06	1.44270613e-06	1.44943485e-06	4.3035825e-09	1.99853537e-07	0	100	0	0	0	3
1064	605	44.9633214	7.83961905	1.44911205e-06	1.44695834e-06	1.44280158e-06	1.44943485e-06	4.34609777e-09	1.99853537e-07	0	100	0	0	0	3
1065	606	45	7.84698712	1.44906978e-06	1.44703594e-06	1.44280158e-06	1.44943485e-06	4.39441696e-09	1.99853537e-07	0	100	0	0	0	3
1066	606	45.0438872	7.85435518	1.44893914e-06	1.44712694e-06	1.44334285e-06	1.44943485e-06	4.44417486e-09	1.99853537e-07	0	100	0	0	0	3
1067	607	45.087783	7.86172324	1.44945233e-06	1.4472094e-06	1.44334285e-06	1.44945233e-06	4.49487315e-09	1.99853537e-07	0	100	0	0	0	3
1068	608	45.1316882	7.86909131	1.44884071e-06	1.4472909e-06	1.44342569e-06	1.44945233e-06	4.53668308e-09	1.99853537e-07	0	100	0	0	0	3
1069	608	45.1755945	7.87645937	1.449209e-06	1.44737659e-06	1.44342569e-06	1.44945233e-06	4.5940542e-09	1.99853537e-07	0	100	0	0	0	3
1070	609	45.2194912	7.88382743	1.44917518e-06	1.44745323e-06	1.44342569e-06	1.44945233e-06	4.62956683e-09	1.99853537e-07	0	100	0	0	0	3
1071	609	45.2633776	7.8911955	1.44929222e-06	1.44754015e-06	1.44375135e-06	1.44945233e-06	4.68422566e-09	1.99853537e-07	0	100	0	0	0	3
1072	610	45.3072545	7.89856356	1.45001363e-06	1.44763006e-06	1.44375135e-06	1.45001363e-06	4.72834726e-09	1.99853537e-07	0	100	0	0	0	3
1073	611	45.351121	7.90593162	1.44880954e-06	1.44770495e-06	1.44416803e-06	1.45001363e-06	4.7702702e-09	1.99853537e-07	0	100	0	0	0	3
1074	611	45.3949782	7.91329969	1.44979156e-06	1.44778675e-06	1.44416803e-06	1.45001363e-06	4.81157142e-09	1.99853537e-07	0	100	0	0	0	3
1075	612	45.4388254	7.92066775	1.44953471e-06	1.44786457e-06	1.44416803e-06	1.45001363e-06	4.85801123e-09	1.99853537e-07	0	100	0	0	0	3
1076	613	45.4826634	7.92803581	1.44943348e-06	1.4479425e-06	1.44429753e-06	1.45001363e-06	4.89643564e-09	1.99853537e-07	0	100	0	0	0	3
1077	613	45.5264917	7.93540387	1.44963729e-06	1.44802151e-06	1.44430379e-06	1.45001363e-06	4.93121162e-09	1.99853537e-07	0	100	0	0	0	3
1078	614	45.570311	7.94277194	1.44923077e-06	1.44808503e-06	1.44430379e-06	1.45001363e-06	4.96230148e-09	1.99853537e-07	0	100	0	0	0	3
1079	615	45.6141211	7.95014	1.44976008e-06	1.44816575e-06	1.44490125e-06	1.45001363e-06	4.99234802e-09	1.99853537e-07	0	100	0	0	0	3
1080	615	45.6579226	7.95750806	1.45036203e-06	1.44824336e-06	1.44490125e-06	1.45036203e-06	5.03492682e-09	1.99853537e-07	0	100	0	0	0	3
1081	616	45.7017148	7.96487613	1.45006807e-06	1.44831674e-06	1.44490125e-06	1.45036203e-06	5.06245018e-09	1.99853537e-07	0	100	0	0	0	3
1082	616	45.7454988	7.97224419	1.4501506e-06	1.44839214e-06	1.44490125e-06	1.45036203e-06	5.0962884e-09	1.99853537e-07	0	100	0	0	0	3
1083	617	45.7892741	7.97961225	1.45014746e-06	1.44846169e-06	1.44490125e-06	1.45036203e-06	5.13237298e-09	1.99853537e-07	0	100	0	0	0	3
1084	618	45.8330416	7.98698032	1.44918828e-06	1.44852504e-06	1.44547783e-06	1.45036203e-06	4.88419517e-09	1.99853537e-07	0	100	0	0	0	3
1085	618	45.8768012	7.99434838	1.45071828e-06	1.44859266e-06	1.44547783e-06	1.45071828e-06	5.16675715e-09	1.99853537e-07	0	100	0	0	0	3
1086	619	45.9205534	8.00171644	1.45125098e-06	1.44867091e-06	1.44547783e-06	1.45125098e-06	5.20204424e-09	1.99853537e-07	0	100	0	0	0	3
1087	620	45.9642976	8.0090845	1.45096608e-06	1.44874524e-06	1.44586804e-06	1.45125098e-06	5.22348503e-09	1.99853537e-07	0	100	0	0	0	3
1088	620	46	8.01645257	1.4515472e-06	1.44881394e-06	1.44586804e-06	1.4515472e-06	5.24912032e-09	1.99853537e-07	0	100	0	0	0	3
1089	621	46.043731	8.02382063	1.45093924e-06	1.44888891e-06	1.44608082e-06	1.4515472e-06	5.2662759e-09	1.99853537e-07	0	100	0	0	0	3
1090	622	46.0874557	8.03118869	1.45111995e-06	1.44895658e-06	1.44608082e-06	1.4515472e-06	5.29695003e-09	1.99853537e-07	0	100	0	0	0	3
1091	622	46.1311736	8.03855676	1.45224586e-06	1.44904772e-06	1.44644713e-06	1.45224586e-06	5.31083323e-09	1.99853537e-07	0	100	0	0	0	3
1092	623	46.1748855	8.04592482	1.45155364e-06	1.44911105e-06	1.44644713e-06	1.45224586e-06	5.32818873e-09	1.99853537e-07	0	100	0	0	0	3
1093	624	46.2185912	8.05329288	1.45255305e-06	1.4492013e-06	1.44685828e-06	1.45255305e-06	5.34573614e-09	1.99853537e-07	0	100	0	0	0	3
1094	624	46.2622915	8.06066095	1.45293875e-06	1.44928015e-06	1.44685828e-06	1.45293875e-06	5.37204499e-09	1.99853537e-07	0	100	0	0	0	3
1095	625	46.305986	8.06802901	1.45254033e-06	1.44936412e-06	1.44690209e-06	1.45293875e-06	5.37859875e-09	1.99853537e-07	0	100	0	0	0	3
1096	626	46.3496757	8.07539707	1.45345276e-06	1.44944547e-06	1.44690209e-06	1.45345276e-06	5.40511305e-09	1.99853537e-07	0	100	0	0	0	3
1097	626	46.3933604	8.08276513	1.45283241e-06	1.4495331e-06	1.44756197e-06	1.45345276e-06	5.42075432e-09	1.99853537e-07	0	100	0	0	0	3
1098	627	46.4370411	8.0901332	1.45432076e-06	1.44962796e-06	1.44756197e-06	1.45432076e-06	5.44571436e-09	1.99853537e-07	0	100	0	0	0	3
1099	627	46.4807171	8.09750126	1.45361247e-06	1.44971505e-06	1.44756197e-06	1.45432076e-06	5.46237296e-09	1.99853537e-07	0	100	0	0	0	3
1100	628	46.5243898	8.10486932	1.45382369e-06	1.44980175e-06	1.44756197e-06	1.45432076e-06	5.48241536e-09	1.99853537e-07	0	100	0	0	0	3
1101	629	46.5680589	8.11223739	1.45459129e-06	1.44990559e-06	1.44791029e-06	1.45459129e-06	5.49946038e-09	1.99853537e-07	0	100	0	0	0	3
1102	630	46.6117253	8.11960545	1.45477524e-06	1.44999562e-06	1.44791029e-06	1.45477524e-06	5.51421841e-09	1.99853537e-07	0	100	0	0	0	3
1103	630	46.6553886	8.12697351	1.45492913e-06	1.4500993e-06	1.4482735e-06	1.45492913e-06	5.53934118e-09	1.99853537e-07	0	100	0	0	0	3
1104	631	46.6990501	8.13434158	1.45535706e-06	1.45020002e-06	1.4482735e-06	1.45535706e-06	5.55822609e-09	1.99853537e-07	0	100	0	0	0	3
1105	631	46.7427093	8.14170964	1.45573367e-06	1.45031022e-06	1.4482908e-06	1.45573367e-06	5.5893325e-09	1.99853537e-07	0	100	0	0	0	3
1106	632	46.7863673	8.1490777	1.4557833e-06	1.45041916e-06	1.4482908e-06	1.4557833e-06	5.61496926e-09	1.99853537e-07	0	100	0	0	0	3
1107	633	46.8300239	8.15644576	1.45570004e-06	1.45052545e-06	1.4482908e-06	1.4557833e-06	5.64033789e-09	1.99853537e-07	0	100	0	0	0	3
1108	633	46.8736802	8.16381383	1.45661506e-06	1.45064641e-06	1.4482908e-06	1.45661506e-06	5.68189996e-09	1.99853537e-07	0	100	0	0	0	3
1109	634	46.9173357	8.17118189	1.45589911e-06	1.45075365e-06	1.4482908e-06	1.45661506e-06	5.70425409e-09	1.99853537e-07	0	100	0	0	0	3
1110	635	46.9609918	8.17854995	1.45724356e-06	1.4508692e-06	1.4482908e-06	1.45724356e-06	5.73664347e-09	1.99853537e-07	0	100	0	0	0	3
1111	635	47	8.18591802	1.45694021e-06	1.45098207e-06	1.4482908e-06	1.45724356e-06	5.76141691e-09	1.99853537e-07	0	100	0	0	0	3
1112	636	47.0436574	8.19328608	1.45704256e-06	1.45110317e-06	1.4482908e-06	1.45724356e-06	5.80008433e-09	1.99853537e-07	0	100	0	0	0	3
1113	637	47.0873156	8.20065414	1.45726167e-06	1.45123237e-06	1.4482908e-06	1.45726167e-06	5.84385791e-09	1.99853537e-07	0	100	0	0	0	3
1114	637	47.1309761	8.20802221	1.45750831e-06	1.45136199e-06	1.4482908e-06	1.45750831e-06	5.88868611e-09	1.99853537e-07	0	100	0	0	0	3
1115	638	47.1746382	8.21539027	1.45813233e-06	1.45149894e-06	1.4482908e-06	1.45813233e-06	5.93429671e-09	1.99853537e-07	0	100	0	0	0	3
1116	639	47.2183032	8.22275833	1.45780966e-06	1.45162957e-06	1.4482908e-06	1.45813233e-06	5.98017559e-09	1.99853537e-07	0	100	0	0	0	3
1117	639	47.2619709	8.2301264	1.45802513e-06	1.45176601e-06	1.4482908e-06	1.45813233e-06	6.03118333e-09	1.99853537e-07	0	100	0	0	0	3
1118	640	47.3056424	8.23749446	1.45809433e-06	1.45190328e-06	1.4482908e-06	1.45813233e-06	6.08312801e-09	1.99853537e-07	0	100	0	0	0	3
1119	641	47.3493173	8.24486252	1.45819945e-06	1.45204103e-06	1.4482908e-06	1.45819945e-06	6.13127185e-09	1.99853537e-07	0	100	0	0	0	3
1120	641	47.3929969	8.25223058	1.45850323e-06	1.45218311e-06	1.4482908e-06	1.45850323e-06	6.18548087e-09	1.99853537e-07	0	100	0	0	0	3
1121	642	47.4366807	8.25959865	1.45845249e-06	1.45232265e-06	1.4482908e-06	1.45850323e-06	6.23186929e-09	1.99853537e-07	0	100	0	0	0	3
1122	643	47.4803701	8.26696671	1.45862901e-06	1.45246493e-06	1.4482908e-06	1.45862901e-06	6.28118767e-09	1.99853537e-07	0	100	0	0	0	3
1123	643	47.5240644	8.27433477	1.4585987e-06	1.45260132e-06	1.4482908e-06	1.45862901e-06	6.33714688e-09	1.99853537e-07	0	100	0	0	0	3
1124	644	47.5677651	8.28170284	1.45905186e-06	1.4527606e-06	1.44857169e-06	1.45905186e-06	6.40494783e-09	1.99853537e-07	0	100	0	0	0	3
1125	645	47.6114714	8.2890709	1.45871993e-06	1.45290465e-06	1.44857169e-06	1.45905186e-06	6.46012241e-09	1.99853537e-07	0	100	0	0	0	3
1126	645	47.6551848	8.29643896	1.45844306e-06	1.45304022e-06	1.44857169e-06	1.45905186e-06	6.5050324e-09	1.99853537e-07	0	100	0	0	0	3
1127	646	47.6989049	8.30380703	1.45885102e-06	1.45318638e-06	1.44857169e-06	1.45905186e-06	6.56731744e-09	1.99853537e-07	0	100	0	0	0	3
1128	646	47.7426328	8.31117509	1.45918257e-06	1.45333806e-06	1.44857169e-06	1.45918257e-06	6.62719338e-09	1.99853537e-07	0	100	0	0	0	3
1129	647	47.7863679	8.31854315	1.45894898e-06	1.45348526e-06	1.44857169e-06	1.45918257e-06	6.68393045e-09	1.99853537e-07	0	100	0	0	0	3
1130	648	47.8301114	8.32591121	1.45891757e-06	1.4536258e-06	1.44857169e-06	1.45918257e-06	6.74881052e-09	1.99853537e-07	0	100	0	0	0	3
1131	648	47.873863	8.33327928	1.45895585e-06	1.45377977e-06	1.44880954e-06	1.45918257e-06	6.82143068e-09	1.99853537e-07	0	100	0	0	0	3
1132	649	47.9176237	8.34064734	1.45934606e-06	1.45393153e-06	1.44880954e-06	1.45934606e-06	6.8955941e-09	1.99853537e-07	0	100	0	0	0	3
1133	650	47.9613929	8.3480154	1.45914524e-06	1.45406881e-06	1.44880954e-06	1.45934606e-06	6.94187344e-09	1.99853537e-07	0	100	0	0	0	3
1134	650	48	8.35538347	1.4593664e-06	1.45421415e-06	1.44880954e-06	1.4593664e-06	7.00474779e-09	1.99853537e-07	0	100	0	0	0	3
1135	651	48.0437868	8.36275153	1.4589954e-06	1.45435569e-06	1.44880954e-06	1.4593664e-06	7.06478868e-09	1.99853537e-07	0	100	0	0	0	3
1136	652	48.0875839	8.37011959	1.45988913e-06	1.45451959e-06	1.44880954e-06	1.45988913e-06	7.14300386e-09	1.99853537e-07	0	100	0	0	0	3
1137	652	48.1313904	8.37748766	1.45879128e-06	1.45466179e-06	1.44880954e-06	1.45988913e-06	7.2085529e-09	1.99853537e-07	0	100	0	0	0	3
1138	653	48.1752076	8.38485572	1.45948948e-06	1.45481484e-06	1.44880954e-06	1.45988913e-06	7.27469175e-09	1.99853537e-07	0	100	0	0	0	3
1139	654	48.2190349	8.39222378	1.45922795e-06	1.45496228e-06	1.44880954e-06	1.45988913e-06	7.33222069e-09	1.99853537e-07	0	100	0	0	0	3
1140	654	48.2628732	8.39959184	1.45995615e-06	1.45510981e-06	1.44880954e-06	1.45995615e-06	7.40486231e-09	1.99853537e-07	0	100	0	0	0	3
1141	655	48.3067218	8.40695991	1.45918132e-06	1.45526372e-06	1.44918828e-06	1.45995615e-06	7.47697065e-09	1.99853537e-07	0	100	0	0	0	3
1142	655	48.35056	8.41432797	1.45944599e-06	1.45540696e-06	1.44918828e-06	1.45995615e-06	7.54239079e-09	1.99853537e-07	0	100	0	0	0	3
1143	656	48.3943849	8.42169603	1.45957473e-06	1.45555587e-06	1.44918828e-06	1.45995615e-06	7.61337845e-09	1.99853537e-07	0	100	0	0	0	3
1144	657	48.4381969	8.4290641	1.45889917e-06	1.45569625e-06	1.44918828e-06	1.45995615e-06	7.6747311e-09	1.99853537e-07	0	100	0	0	0	3
1145	657	48.4819957	8.43643216	1.45968452e-06	1.4558452e-06	1.44918828e-06	1.45995615e-06	7.76016537e-09	1.99853537e-07	0	100	0	0	0	3
1146	658	48.5257816	8.44380022	1.45935709e-06	1.4559953e-06	1.44918828e-06	1.45995615e-06	7.82955092e-09	1.99853537e-07	0	100	0	0	0	3
1147	659	48.5695541	8.45116829	1.45984498e-06	1.45614474e-06	1.44918828e-06	1.45995615e-06	7.90137917e-09	1.99853537e-07	0	100	0	0	0	3
1148	659	48.6133137	8.45853635	1.45932274e-06	1.4562775e-06	1.44918828e-06	1.45995615e-06	7.96076379e-09	1.99853537e-07	0	100	0	0	0	3
1149	660	48.6570599	8.46590441	1.46018026e-06	1.45642729e-06	1.44918828e-06	1.46018026e-06	8.03514887e-09	1.99853537e-07	0	100	0	0	0	3
1150	660	48.7007932	8.47327247	1.45986684e-06	1.45657118e-06	1.44918828e-06	1.46018026e-06	8.10949056e-09	1.99853537e-07	0	100	0	0	0	3
1151	661	48.7445132	8.48064054	1.46029183e-06	1.45672137e-06	1.44918828e-06	1.46029183e-06	8.19633028e-09	1.99853537e-07	0	100	0	0	0	3
1152	662	48.7882205	8.4880086	1.4600694e-06	1.45688246e-06	1.45071828e-06	1.46029183e-06	8.28980345e-09	1.99853537e-07	0	100	0	0	0	3
1153	662	48.8319145	8.49537666	1.46047145e-06	1.45702681e-06	1.45093924e-06	1.46047145e-06	8.35589295e-09	1.99853537e-07	0	100	0	0	0	3
1154	663	48.8755961	8.50274473	1.4604862e-06	1.45716346e-06	1.45093924e-06	1.4604862e-06	8.41821866e-09	1.99853537e-07	0	100	0	0	0	3
1155	664	48.9192644	8.51011279	1.46010087e-06	1.45729861e-06	1.45093924e-06	1.4604862e-06	8.484676e-09	1.99853537e-07	0	100	0	0	0	3
1156	664	48.9629207	8.51748085	1.46070991e-06	1.45741818e-06	1.45093924e-06	1.46070991e-06	8.52926744e-09	1.99853537e-07	0	100	0	0	0	3
1157	665	49	8.52484892	1.4599901e-06	1.45754628e-06	1.45111995e-06	1.46070991e-06	8.58969167e-09	1.99853537e-07	0	100	0	0	0	3
1158	666	49.0436337	8.53221698	1.46148569e-06	1.45769947e-06	1.45155364e-06	1.46148569e-06	8.65175416e-09	1.99853537e-07	0	100	0	0	0	3
1159	666	49.0872551	8.53958504	1.46054323e-06	1.45782209e-06	1.45155364e-06	1.46148569e-06	8.71104058e-09	1.99853537e-07	0	100	0	0	0	3
1160	667	49.1308653	8.54695311	1.46128001e-06	1.4579658e-06	1.45254033e-06	1.46148569e-06	8.76450592e-09	1.99853537e-07	0	100	0	0	0	3
1161	667	49.1744637	8.55432117	1.46117552e-06	1.45809318e-06	1.45254033e-06	1.46148569e-06	8.81302466e-09	1.99853537e-07	0	100	0	0	0	3
1162	668	49.2180514	8.56168923	1.46213739e-06	1.45822902e-06	1.45254033e-06	1.46213739e-06	8.8649036e-09	1.99853537e-07	0	100	0	0	0	3
1163	669	49.2616277	8.56905729	1.46136482e-06	1.45835936e-06	1.45283241e-06	1.46213739e-06	8.91388418e-09	1.99853537e-07	0	100	0	0	0	3
1164	669	49.3051937	8.57642536	1.46206301e-06	1.45848648e-06	1.45283241e-06	1.46213739e-06	8.95338556e-09	1.99853537e-07	0	100	0	0	0	3
1165	670	49.3487491	8.58379342	1.46149846e-06	1.45861445e-06	1.45361247e-06	1.46213739e-06	8.52492487e-09	1.99853537e-07	0	100	0	0	0	3
1166	670	49.3922951	8.59116148	1.46220721e-06	1.45873085e-06	1.45361247e-06	1.46220721e-06	8.59473678e-09	1.99853537e-07	0	100	0	0	0	3
1167	671	49.4358311	8.59852955	1.46269913e-06	1.45886496e-06	1.45382369e-06	1.46269913e-06	8.87544142e-09	1.99853537e-07	0	100	0	0	0	3
1168	672	49.4793581	8.60589761	1.46266312e-06	1.45899541e-06	1.45459129e-06	1.46269913e-06	8.10784142e-09	1.99853537e-07	0	100	0	0	0	3
1169	672	49.522876	8.61326567	1.46318427e-06	1.4591222e-06	1.45477524e-06	1.46318427e-06	8.40903385e-09	1.99853537e-07	0	100	0	0	0	3
1170	673	49.5663856	8.62063374	1.46319831e-06	1.45924646e-06	1.45492913e-06	1.46319831e-06	8.26917649e-09	1.99853537e-07	0	100	0	0	0	3
1171	674	49.6098869	8.6280018	1.46366992e-06	1.4593754e-06	1.45535706e-06	1.46366992e-06	8.31285887e-09	1.99853537e-07	0	100	0	0	0	3
1172	674	49.6533806	8.63536986	1.46369818e-06	1.45949842e-06	1.45570004e-06	1.46369818e-06	7.99814612e-09	1.99853537e-07	0	100	0	0	0	3
1173	675	49.6968668	8.64273792	1.46379091e-06	1.45961725e-06	1.45570004e-06	1.46379091e-06	8.09087179e-09	1.99853537e-07	0	100	0	0	0	3
1174	676	49.7403463	8.65010599	1.46471859e-06	1.459749e-06	1.45570004e-06	1.46471859e-06	9.01854767e-09	1.99853537e-07	0	100	0	0	0	3
1175	676	49.783819	8.65747405	1.46452883e-06	1.45987919e-06	1.45589911e-06	1.46471859e-06	8.81947502e-09	1.99853537e-07	0	100	0	0	0	3
1176	677	49.827286	8.66484211	1.46645368e-06	1.46002419e-06	1.45589911e-06	1.46645368e-06	9.27054142e-09	1.99853537e-07	0	100	0	0	0	3
1177	678	49.8707465	8.67221018	1.46567301e-06	1.46016829e-06	1.45694021e-06	1.46645368e-06	9.29908221e-09	1.99853537e-07	0	100	0	0	0	3
1178	678	49.9142021	8.67957824	1.4665525e-06	1.46030546e-06	1.45694021e-06	1.4665525e-06	9.32338973e-09	1.99853537e-07	0	100	0	0	0	3
1179	679	49.9576523	8.6869463	1.46682444e-06	1.46044562e-06	1.45704256e-06	1.46682444e-06	9.3424489e-09	1.99853537e-07	0	100	0	0	0	3
1180	680	50	8.69431437	1.46717024e-06	1.4605922e-06	1.45726167e-06	1.46717024e-06	9.35982614e-09	1.99853537e-07	0	100	0	0	0	3
1181	680	50.0434416	8.70168243	1.46782622e-06	1.46074769e-06	1.45750831e-06	1.46782622e-06	9.38570019e-09	1.99853537e-07	0	100	0	0	0	3
1182	681	50.0868797	8.70905049	1.46812836e-06	1.460904e-06	1.45780966e-06	1.46812836e-06	9.40506439e-09	1.99853537e-07	0	100	0	0	0	3
1183	682	50.1303144	8.71641855	1.46853775e-06	1.46105713e-06	1.45780966e-06	1.46853775e-06	9.4275547e-09	1.99853537e-07	0	100	0	0	0	3
1184	682	50.1737465	8.72378662	1.46920455e-06	1.46122484e-06	1.45802513e-06	1.46920455e-06	9.45882888e-09	1.99853537e-07	0	100	0	0	0	3
1185	683	50.2171761	8.73115468	1.46964715e-06	1.46139589e-06	1.45809433e-06	1.46964715e-06	9.49261037e-09	1.99853537e-07	0	100	0	0	0	3
1186	684	50.2606041	8.73852274	1.47014254e-06	1.46157323e-06	1.45819945e-06	1.47014254e-06	9.53219734e-09	1.99853537e-07	0	100	0	0	0	3
1187	684	50.3040306	8.74589081	1.47014014e-06	1.46174901e-06	1.45844306e-06	1.47014254e-06	9.5658996e-09	1.99853537e-07	0	100	0	0	0	3
1188	685	50.3474566	8.75325887	1.47081462e-06	1.46193025e-06	1.45844306e-06	1.47081462e-06	9.60759753e-09	1.99853537e-07	0	100	0	0	0	3
1189	685	50.3908821	8.76062693	1.47117852e-06	1.46211762e-06	1.45844306e-06	1.47117852e-06	9.65269459e-09	1.99853537e-07	0	100	0	0	0	3
1190	686	50.434308	8.767995	1.47160387e-06	1.46230867e-06	1.45844306e-06	1.47160387e-06	9.70735253e-09	1.99853537e-07	0	100	0	0	0	3
1191	687	50.4777346	8.77536306	1.47074091e-06	1.46248753e-06	1.45844306e-06	1.47160387e-06	9.72692883e-09	1.99853537e-07	0	100	0	0	0	3
1192	687	50.5211631	8.78273112	1.47226664e-06	1.46268217e-06	1.45844306e-06	1.47226664e-06	9.77751274e-09	1.99853537e-07	0	100	0	0	0	3
1193	688	50.5645931	8.79009918	1.47236059e-06	1.46288314e-06	1.45844306e-06	1.47236059e-06	9.84292754e-09	1.99853537e-07	0	100	0	0	0	3
1194	689	50.6080258	8.79746725	1.47335212e-06	1.46310286e-06	1.45879128e-06	1.47335212e-06	9.91647826e-09	1.99853537e-07	0	100	0	0	0	3
1195	689	50.6514612	8.80483531	1.47240108e-06	1.46330261e-06	1.45879128e-06	1.47335212e-06	9.96455021e-09	1.99853537e-07	0	100	0	0	0	3
1196	690	50.6949005	8.81220337	1.47257903e-06	1.46350012e-06	1.45879128e-06	1.47335212e-06	1.00148663e-08	1.99853537e-07	0	100	0	0	0	3
1197	691	50.7383438	8.81957144	1.47367786e-06	1.46371733e-06	1.45879128e-06	1.47367786e-06	1.00915291e-08	1.99853537e-07	0	100	0	0	0	3
1198	691	50.7817921	8.8269395	1.47333656e-06	1.46393006e-06	1.45879128e-06	1.47367786e-06	1.01502891e-08	1.99853537e-07	0	100	0	0	0	3
1199	692	50.8252453	8.83430756	1.47329446e-06	1.46414167e-06	1.45879128e-06	1.47367786e-06	1.02101341e-08	1.99853537e-07	0	100	0	0	0	3
1200	693	50.8687046	8.84167563	1.47450163e-06	1.46436535e-06	1.45879128e-06	1.47450163e-06	1.02965397e-08	1.99853537e-07	0	100	0	0	0	3
1201	693	50.9121698	8.84904369	1.47336068e-06	1.46457528e-06	1.45879128e-06	1.47450163e-06	1.03611286e-08	1.99853537e-07	0	100	0	0	0	3
1202	694	50.9556422	8.85641175	1.47479764e-06	1.46479367e-06	1.45879128e-06	1.47479764e-06	1.04379858e-08	1.99853537e-07	0	100	0	0	0	3
1203	695	50.9991215	8.86377981	1.47375951e-06	1.46501149e-06	1.45879128e-06	1.47479764e-06	1.04918962e-08	1.99853537e-07	0	100	0	0	0	3
1204	695	51	8.87114788	1.5613849e-06	1.46511759e-06	1.45879128e-06	1.5613849e-06	1.04558036e-08	1.99853537e-07	0	100	0	0	0	3
1205	696	51.0434856	8.87851594	1.47771769e-06	1.46540091e-06	1.45889917e-06	1.5613849e-06	1.05860714e-08	1.99853537e-07	0	100	0	0	0	3
1206	697	51.0869883	8.885884	1.47250295e-06	1.46559597e-06	1.45889917e-06	1.5613849e-06	1.0633694e-08	1.99853537e-07	0	100	0	0	0	3
1207	698	51.130514	8.89325207	1.47540965e-06	1.46583854e-06	1.45889917e-06	1.5613849e-06	1.0728731e-08	1.99853537e-07	0	100	0	0	0	3
1208	698	51.1740433	8.90062013	1.47472174e-06	1.46605995e-06	1.45889917e-06	1.5613849e-06	1.07962267e-08	1.99853537e-07	0	100	0	0	0	3
1209	699	51.2175849	8.90798819	1.47481915e-06	1.46629459e-06	1.45889917e-06	1.5613849e-06	1.08876343e-08	1.99853537e-07	0	100	0	0	0	3
1210	700	51.2611299	8.91535626	1.47449162e-06	1.46652038e-06	1.45889917e-06	1.5613849e-06	1.09645044e-08	1.99853537e-07	0	100	0	0	0	3
1211	700	51.3046833	8.92272432	1.47441988e-06	1.46674319e-06	1.45889917e-06	1.5613849e-06	1.10469437e-08	1.99853537e-07	0	100	0	0	0	3
1212	701	51.3482461	8.93009238	1.47454351e-06	1.46697805e-06	1.45932274e-06	1.5613849e-06	1.11328535e-08	1.99853537e-07	0	100	0	0	0	3
1213	702	51.3918176	8.93746045	1.47517903e-06	1.46721064e-06	1.45932274e-06	1.5613849e-06	1.12153388e-08	1.99853537e-07	0	100	0	0	0	3
1214	702	51.4354006	8.94482851	1.47523145e-06	1.46744897e-06	1.45932274e-06	1.5613849e-06	1.1304222e-08	1.99853537e-07	0	100	0	0	0	3
1215	703	51.4789941	8.95219657	1.47538616e-06	1.46768229e-06	1.45932274e-06	1.5613849e-06	1.14047899e-08	1.99853537e-07	0	100	0	0	0	3
1216	704	51.5226	8.95956463	1.47601183e-06	1.46793288e-06	1.45986684e-06	1.5613849e-06	1.15055949e-08	1.99853537e-07	0	100	0	0	0	3
1217	704	51.5662177	8.9669327	1.47614681e-06	1.46817261e-06	1.45986684e-06	1.5613849e-06	1.16014362e-08	1.99853537e-07	0	100	0	0	0	3
1218	705	51.6098485	8.97430076	1.47547225e-06	1.46840696e-06	1.4599901e-06	1.5613849e-06	1.16855864e-08	1.99853537e-07	0	100	0	0	0	3
1219	706	51.6534921	8.98166882	1.47604455e-06	1.46864351e-06	1.4599901e-06	1.5613849e-06	1.17610525e-08	1.99853537e-07	0	100	0	0	0	3
1220	706	51.6971493	8.98903689	1.47507579e-06	1.46886888e-06	1.4599901e-06	1.5613849e-06	1.184207e-08	1.99853537e-07	0	100	0	0	0	3
1221	707	51.7408201	8.99640495	1.47596905e-06	1.46910161e-06	1.4599901e-06	1.5613849e-06	1.1938146e-08	1.99853537e-07	0	100	0	0	0	3
1222	708	51.7845051	9.00377301	1.47608111e-06	1.46933579e-06	1.4599901e-06	1.5613849e-06	1.20371822e-08	1.99853537e-07	0	100	0	0	0	3
1223	708	51.8282039	9.01114108	1.4755294e-06	1.46956747e-06	1.4599901e-06	1.5613849e-06	1.2149291e-08	1.99853537e-07	0	100	0	0	0	3
1224	709	51.8719174	9.01850914	1.47592362e-06	1.46979591e-06	1.4599901e-06	1.5613849e-06	1.22496342e-08	1.99853537e-07	0	100	0	0	0	3
1225	709	51.9156453	9.0258772	1.47592076e-06	1.47001247e-06	1.46054323e-06	1.5613849e-06	1.23129988e-08	1.99853537e-07	0	100	0	0	0	3
1226	710	51.959388	9.03324526	1.4761979e-06	1.47023287e-06	1.46054323e-06	1.5613849e-06	1.2410777e-08	1.99853537e-07	0	100	0	0	0	3
1227	711	52	9.04061333	1.47634854e-06	1.47046325e-06	1.46117552e-06	1.5613849e-06	1.24974487e-08	1.99853537e-07	0	100	0	0	0	3
1228	711	52.0437122	9.04798139	1.47571275e-06	1.47067952e-06	1.46117552e-06	1.5613849e-06	1.25863388e-08	1.99853537e-07	0	100	0	0	0	3
1229	712	52.0874072	9.05534945	1.47720056e-06	1.47091958e-06	1.46136482e-06	1.5613849e-06	1.26905583e-08	1.99853537e-07	0	100	0	0	0	3
1230	713	52.1310846	9.06271752	1.47631954e-06	1.47113196e-06	1.46136482e-06	1.5613849e-06	1.27726009e-08	1.99853537e-07	0	100	0	0	0	3
1231	713	52.174745	9.07008558	1.47655523e-06	1.47135934e-06	1.46149846e-06	1.5613849e-06	1.28728602e-08	1.99853537e-07	0	100	0	0	0	3
1232	714	52.2183883	9.07745364	1.4769788e-06	1.47158255e-06	1.46149846e-06	1.5613849e-06	1.29681068e-08	1.99853537e-07	0	100	0	0	0	3
1233	715	52.2620151	9.08482171	1.47776705e-06	1.47182593e-06	1.46220721e-06	1.5613849e-06	1.30950819e-08	1.99853537e-07	0	100	0	0	0	3
1234	715	52.3056251	9.09218977	1.47717626e-06	1.47204979e-06	1.46266312e-06	1.5613849e-06	1.31848329e-08	1.99853537e-07	0	100	0	0	0	3
1235	716	52.3492189	9.09955783	1.47747444e-06	1.47227069e-06	1.46266312e-06	1.5613849e-06	1.327528e-08	1.99853537e-07	0	100	0	0	0	3
1236	716	52.3927964	9.10692589	1.47730962e-06	1.4724896e-06	1.46318427e-06	1.5613849e-06	1.33674065e-08	1.99853537e-07	0	100	0	0	0	3
1237	717	52.4363585	9.11429396	1.47753769e-06	1.47270407e-06	1.46319831e-06	1.5613849e-06	1.34576093e-08	1.99853537e-07	0	100	0	0	0	3
1238	718	52.4799048	9.12166202	1.4771113e-06	1.4729119e-06	1.46366992e-06	1.5613849e-06	1.35365035e-08	1.99853537e-07	0	100	0	0	0	3
1239	718	52.5234365	9.12903008	1.47996874e-06	1.47315532e-06	1.46369818e-06	1.5613849e-06	1.36569029e-08	1.99853537e-07	0	100	0	0	0	3
1240	719	52.5669523	9.13639815	1.47942165e-06	1.47339009e-06	1.46379091e-06	1.5613849e-06	1.37728444e-08	1.99853537e-07	0	100	0	0	0	3
1241	720	52.6104535	9.14376621	1.47809029e-06	1.47360354e-06	1.46452883e-06	1.5613849e-06	1.38545415e-08	1.99853537e-07	0	100	0	0	0	3
1242	720	52.6539406	9.15113427	1.47900906e-06	1.47381681e-06	1.46452883e-06	1.5613849e-06	1.39376214e-08	1.99853537e-07	0	100	0	0	0	3
1243	721	52.6974141	9.15850234	1.47992448e-06	1.47404652e-06	1.46567301e-06	1.5613849e-06	1.4022336e-08	1.99853537e-07	0	100	0	0	0	3
1244	722	52.7408741	9.1658704	1.47916475e-06	1.47423614e-06	1.46567301e-06	1.5613849e-06	1.40678574e-08	1.99853537e-07	0	100	0	0	0	3
1245	722	52.7843216	9.17323846	1.48098829e-06	1.47446457e-06	1.4665525e-06	1.5613849e-06	1.41591022e-08	1.99853537e-07	0	100	0	0	0	3
1246	723	52.827756	9.18060652	1.47974688e-06	1.47466132e-06	1.46682444e-06	1.5613849e-06	1.42157049e-08	1.99853537e-07	0	100	0	0	0	3
1247	723	52.871179	9.18797459	1.48091285e-06	1.47487137e-06	1.46717024e-06	1.5613849e-06	1.42791704e-08	1.99853537e-07	0	100	0	0	0	3
1248	724	52.9145902	9.19534265	1.48032679e-06	1.47506452e-06	1.46782622e-06	1.5613849e-06	1.43168249e-08	1.99853537e-07	0	100	0	0	0	3
1249	725	52.9579912	9.20271071	1.48153214e-06	1.47526871e-06	1.46812836e-06	1.5613849e-06	1.4364713e-08	1.99853537e-07	0	100	0	0	0	3
1250	725	53	9.21007878	1.48163418e-06	1.47546698e-06	1.46853775e-06	1.5613849e-06	1.44098536e-08	1.99853537e-07	0	100	0	0	0	3
1251	726	53.0433813	9.21744684	1.48237965e-06	1.47567324e-06	1.46920455e-06	1.5613849e-06	1.44484024e-08	1.99853537e-07	0	100	0	0	0	3
1252	727	53.0867528	9.2248149	1.48364109e-06	1.47588832e-06	1.46964715e-06	1.5613849e-06	1.44924274e-08	1.99853537e-07	0	100	0	0	0	3
1253	728	53.1301157	9.23218297	1.48335903e-06	1.47609258e-06	1.47014014e-06	1.5613849e-06	1.45193489e-08	1.99853537e-07	0	100	0	0	0	3
1254	728	53.1734702	9.23955103	1.48393843e-06	1.47629807e-06	1.47014014e-06	1.5613849e-06	1.4549054e-08	1.99853537e-07	0	100	0	0	0	3
1255	729	53.2168172	9.24691909	1.48445266e-06	1.47651123e-06	1.47074091e-06	1.5613849e-06	1.45809788e-08	1.99853537e-07	0	100	0	0	0	3
1256	729	53.2601569	9.25428716	1.48514367e-06	1.47672461e-06	1.47074091e-06	1.5613849e-06	1.46069863e-08	1.99853537e-07	0	100	0	0	0	3
1257	730	53.3034906	9.26165522	1.48723203e-06	1.47696362e-06	1.47074091e-06	1.5613849e-06	1.46549496e-08	1.99853537e-07	0	100	0	0	0	3
1258	731	53.3468175	9.26902328	1.48574331e-06	1.47717415e-06	1.47074091e-06	1.5613849e-06	1.46866141e-08	1.99853537e-07	0	100	0	0	0	3
1259	731	53.3901394	9.27639134	1.48723756e-06	1.47741976e-06	1.47226664e-06	1.5613849e-06	1.47375976e-08	1.99853537e-07	0	100	0	0	0	3
1260	732	53.4334561	9.28375941	1.48729287e-06	1.47764346e-06	1.47236059e-06	1.5613849e-06	1.4760315e-08	1.99853537e-07	0	100	0	0	0	3
1261	733	53.476769	9.29112747	1.49018589e-06	1.47790879e-06	1.47240108e-06	1.5613849e-06	1.48059276e-08	1.99853537e-07	0	100	0	0	0	3
1262	733	53.5200775	9.29849553	1.48964277e-06	1.47815126e-06	1.47240108e-06	1.5613849e-06	1.48486528e-08	1.99853537e-07	0	100	0	0	0	3
1263	734	53.5633833	9.3058636	1.49001392e-06	1.47841345e-06	1.47250295e-06	1.5613849e-06	1.49133284e-08	1.99853537e-07	0	100	0	0	0	3
1264	735	53.6066863	9.31323166	1.49008945e-06	1.47867413e-06	1.47250295e-06	1.5613849e-06	1.49568001e-08	1.99853537e-07	0	100	0	0	0	3
1265	735	53.6499881	9.32059972	1.49070944e-06	1.47892767e-06	1.47250295e-06	1.5613849e-06	1.49976099e-08	1.99853537e-07	0	100	0	0	0	3
1266	736	53.6932885	9.32796779	1.49140278e-06	1.47919664e-06	1.47250295e-06	1.5613849e-06	1.50549683e-08	1.99853537e-07	0	100	0	0	0	3
1267	737	53.736589	9.33533585	1.49151026e-06	1.47946787e-06	1.47250295e-06	1.5613849e-06	1.51025222e-08	1.99853537e-07	0	100	0	0	0	3
1268	737	53.7798896	9.34270391	1.49148632e-06	1.47972077e-06	1.47250295e-06	1.5613849e-06	1.51454891e-08	1.99853537e-07	0	100	0	0	0	3
1269	738	53.8231921	9.35007197	1.49332248e-06	1.48001806e-06	1.47250295e-06	1.5613849e-06	1.52243908e-08	1.99853537e-07	0	100	0	0	0	3
1270	739	53.8664959	9.35744004	1.49257138e-06	1.48028278e-06	1.47250295e-06	1.5613849e-06	1.52712923e-08	1.99853537e-07	0	100	0	0	0	3
1271	739	53.9098028	9.3648081	1.49332421e-06	1.48057426e-06	1.47250295e-06	1.5613849e-06	1.54566726e-08	1.99853537e-07	0	100	0	0	0	3
1272	740	53.9531126	9.37217616	1.49487747e-06	1.48075999e-06	1.47250295e-06	1.49487747e-06	1.53590798e-08	1.99853537e-07	0	100	0	0	0	3
1273	741	53.9964265	9.37954423	1.494809e-06	1.48101086e-06	1.47250295e-06	1.49487747e-06	1.54148904e-08	1.99853537e-07	0	100	0	0	0	3
1274	741	54	9.38691229	1.49289018e-06	1.48115249e-06	1.47441988e-06	1.49487747e-06	1.53139484e-08	1.99853537e-07	0	100	0	0	0	3
1275	742	54.0433199	9.39428035	1.49465488e-06	1.48143912e-06	1.47441988e-06	1.49487747e-06	1.53791667e-08	1.99853537e-07	0	100	0	0	0	3
1276	743	54.0866426	9.40164842	1.4945171e-06	1.48173404e-06	1.47441988e-06	1.49487747e-06	1.54394433e-08	1.99853537e-07	0	100	0	0	0	3
1277	744	54.1299726	9.40901648	1.49517709e-06	1.48203742e-06	1.47441988e-06	1.49517709e-06	1.551704e-08	1.99853537e-07	0	100	0	0	0	3
1278	744	54.1733104	9.41638454	1.49551947e-06	1.48235088e-06	1.47441988e-06	1.49551947e-06	1.56076948e-08	1.99853537e-07	0	100	0	0	0	3
1279	745	54.2166558	9.4237526	1.49607223e-06	1.48267375e-06	1.47454351e-06	1.49607223e-06	1.56956971e-08	1.99853537e-07	0	100	0	0	0	3
1280	746	54.2600086	9.43112067	1.49497886e-06	1.4829786e-06	1.47507579e-06	1.49607223e-06	1.5767959e-08	1.99853537e-07	0	100	0	0	0	3
1281	746	54.3033713	9.43848873	1.49556493e-06	1.48328277e-06	1.47507579e-06	1.49607223e-06	1.58338032e-08	1.99853537e-07	0	100	0	0	0	3
1282	747	54.3467433	9.44585679	1.49538582e-06	1.4835836e-06	1.47507579e-06	1.49607223e-06	1.59013096e-08	1.99853537e-07	0	100	0	0	0	3
1283	748	54.3901267	9.45322486	1.49699683e-06	1.48390625e-06	1.47507579e-06	1.49699683e-06	1.59733698e-08	1.99853537e-07	0	100	0	0	0	3
1284	748	54.4335204	9.46059292	1.49610534e-06	1.48420636e-06	1.47507579e-06	1.49699683e-06	1.60337508e-08	1.99853537e-07	0	100	0	0	0	3
1285	749	54.4769264	9.46796098	1.49605879e-06	1.48450389e-06	1.47507579e-06	1.49699683e-06	1.60969279e-08	1.99853537e-07	0	100	0	0	0	3
1286	750	54.5203442	9.47532905	1.49572443e-06	1.48480666e-06	1.47507579e-06	1.49699683e-06	1.6163152e-08	1.99853537e-07	0	100	0	0	0	3
1287	750	54.5637758	9.48269711	1.49714654e-06	1.48512222e-06	1.47507579e-06	1.49714654e-06	1.6253342e-08	1.99853537e-07	0	100	0	0	0	3
1288	751	54.6072201	9.49006517	1.49624392e-06	1.48543897e-06	1.4755294e-06	1.49714654e-06	1.63373657e-08	1.99853537e-07	0	100	0	0	0	3
1289	751	54.6506789	9.49743323	1.49673616e-06	1.48574982e-06	1.4755294e-06	1.49714654e-06	1.64140243e-08	1.99853537e-07	0	100	0	0	0	3
1290	752	54.6941516	9.5048013	1.49651367e-06	1.4860558e-06	1.4755294e-06	1.49714654e-06	1.64883358e-08	1.99853537e-07	0	100	0	0	0	3
1291	753	54.7376401	9.51216936	1.49523744e-06	1.48635115e-06	1.47571275e-06	1.49714654e-06	1.65552383e-08	1.99853537e-07	0	100	0	0	0	3
1292	753	54.781144	9.51953742	1.49622426e-06	1.48665547e-06	1.47571275e-06	1.49714654e-06	1.66429982e-08	1.99853537e-07	0	100	0	0	0	3
1293	754	54.8246644	9.52690549	1.49750283e-06	1.48697912e-06	1.47571275e-06	1.49750283e-06	1.67462463e-08	1.99853537e-07	0	100	0	0	0	3
1294	755	54.8682004	9.53427355	1.49646687e-06	1.48728325e-06	1.47571275e-06	1.49750283e-06	1.68199939e-08	1.99853537e-07	0	100	0	0	0	3
1295	755	54.9117538	9.54164161	1.4982894e-06	1.48760039e-06	1.47571275e-06	1.4982894e-06	1.69208689e-08	1.99853537e-07	0	100	0	0	0	3
1296	756	54.9553232	9.54900968	1.4960406e-06	1.48790516e-06	1.47631954e-06	1.4982894e-06	1.69855728e-08	1.99853537e-07	0	100	0	0	0	3
1297	757	54.9989108	9.55637774	1.49793282e-06	1.48821593e-06	1.47631954e-06	1.4982894e-06	1.70839734e-08	1.99853537e-07	0	100	0	0	0	3
1298	757	55	9.5637458	1.44509441e-06	1.48838067e-06	1.44509441e-06	1.4982894e-06	1.70213322e-08	1.99853537e-07	0	100	0	0	0	3
1299	758	55.0436069	9.57111387	1.48663334e-06	1.48853408e-06	1.44509441e-06	1.4982894e-06	1.69515302e-08	1.99853537e-07	0	100	0	0	0	3
1300	759	55.0871959	9.57848193	1.49698237e-06	1.48883824e-06	1.44509441e-06	1.4982894e-06	1.7012307e-08	1.99853537e-07	0	100	0	0	0	3
1301	760	55.1307714	9.58584999	1.50454412e-06	1.48924517e-06	1.44509441e-06	1.50454412e-06	1.71953779e-08	1.99853537e-07	0	100	0	0	0	3
1302	761	55.1743219	9.59321805	1.49581655e-06	1.4895284e-06	1.44509441e-06	1.50454412e-06	1.72577103e-08	1.99853537e-07	0	100	0	0	0	3
1303	761	55.2178653	9.60058612	1.49883649e-06	1.48985287e-06	1.44509441e-06	1.50454412e-06	1.7363271e-08	1.99853537e-07	0	100	0	0	0	3
1304	762	55.2613819	9.60795418	1.4954443e-06	1.49012824e-06	1.44509441e-06	1.50454412e-06	1.7424172e-08	1.99853537e-07	0	100	0	0	0	3
1305	763	55.3048886	9.61532224	1.49776877e-06	1.49043533e-06	1.44509441e-06	1.50454412e-06	1.75234297e-08	1.99853537e-07	0	100	0	0	0	3
1306	763	55.3483659	9.62269031	1.49847831e-06	1.49075951e-06	1.44509441e-06	1.50454412e-06	1.76041845e-08	1.99853537e-07	0	100	0	0	0	3
1307	764	55.391822	9.63005837	1.49866585e-06	1.49104306e-06	1.44509441e-06	1.50454412e-06	1.76529633e-08	1.99853537e-07	0	100	0	0	0	3
1308	765	55.4352557	9.63742643	1.49596599e-06	1.49129391e-06	1.44509441e-06	1.50454412e-06	1.7690374e-08	1.99853537e-07	0	100	0	0	0	3
1309	765	55.4786689	9.6447945	1.49776602e-06	1.49159213e-06	1.44509441e-06	1.50454412e-06	1.777532e-08	1.99853537e-07	0	100	0	0	0	3
1310	766	55.5220598	9.65216256	1.49910098e-06	1.49189652e-06	1.44509441e-06	1.50454412e-06	1.78499916e-08	1.99853537e-07	0	100	0	0	0	3
1311	766	55.5654296	9.65953062	1.4972428e-06	1.49215883e-06	1.44509441e-06	1.50454412e-06	1.79226902e-08	1.99853537e-07	0	100	0	0	0	3
1312	767	55.6087783	9.66689868	1.49783696e-06	1.49244157e-06	1.44509441e-06	1.50454412e-06	1.7977005e-08	1.99853537e-07	0	100	0	0	0	3
1313	768	55.652107	9.67426675	1.49815208e-06	1.49270137e-06	1.44509441e-06	1.50454412e-06	1.80400482e-08	1.99853537e-07	0	100	0	0	0	3
1314	768	55.6954152	9.68163481	1.49995578e-06	1.49300714e-06	1.44509441e-06	1.50454412e-06	1.81357732e-08	1.99853537e-07	0	100	0	0	0	3
1315	769	55.7387036	9.68900287	1.49948449e-06	1.49328807e-06	1.44509441e-06	1.50454412e-06	1.82235505e-08	1.99853537e-07	0	100	0	0	0	3
1316	770	55.7819723	9.69637094	1.49863622e-06	1.493565e-06	1.44509441e-06	1.50454412e-06	1.8296286e-08	1.99853537e-07	0	100	0	0	0	3
1317	770	55.8252228	9.703739	1.50019411e-06	1.49384714e-06	1.44509441e-06	1.50454412e-06	1.8380157e-08	1.99853537e-07	0	100	0	0	0	3
1318	771	55.8684544	9.71110706	1.49862075e-06	1.49409794e-06	1.44509441e-06	1.50454412e-06	1.84247022e-08	1.99853537e-07	0	100	0	0	0	3
1319	772	55.911669	9.71847513	1.5005974e-06	1.4943731e-06	1.44509441e-06	1.50454412e-06	1.84847788e-08	1.99853537e-07	0	100	0	0	0	3
1320	772	55.9548659	9.72584319	1.50093771e-06	1.49463426e-06	1.44509441e-06	1.50454412e-06	1.85416763e-08	1.99853537e-07	0	100	0	0	0	3
1321	773	55.9980463	9.73321125	1.50114243e-06	1.49490273e-06	1.44509441e-06	1.50454412e-06	1.86046602e-08	1.99853537e-07	0	100	0	0	0	3
1322	774	56	9.74057931	1.50117046e-06	1.49507523e-06	1.44509441e-06	1.50454412e-06	1.85640057e-08	1.99853537e-07	0	100	0	0	0	3
1323	775	56.0431632	9.74794738	1.49948642e-06	1.49530552e-06	1.44509441e-06	1.50454412e-06	1.85809095e-08	1.99853537e-07	0	100	0	0	0	3
1324	775	56.0862993	9.75531544	1.5035832e-06	1.49558769e-06	1.44509441e-06	1.50454412e-06	1.86240703e-08	1.99853537e-07	0	100	0	0	0	3
1325	776	56.1294299	9.7626835	1.50432694e-06	1.4958492e-06	1.44509441e-06	1.50454412e-06	1.8675057e-08	1.99853537e-07	0	100	0	0	0	3
1326	777	56.1725407	9.77005157	1.50254454e-06	1.49610631e-06	1.44509441e-06	1.50454412e-06	1.86865408e-08	1.99853537e-07	0	100	0	0	0	3
1327	777	56.2156501	9.77741963	1.50446384e-06	1.4963698e-06	1.44509441e-06	1.50454412e-06	1.87263387e-08	1.99853537e-07	0	100	0	0	0	3
1328	778	56.2587401	9.78478769	1.50501446e-06	1.49664081e-06	1.44509441e-06	1.50501446e-06	1.87320198e-08	1.99853537e-07	0	100	0	0	0	3
1329	779	56.3018192	9.79215576	1.50483066e-06	1.49686466e-06	1.44509441e-06	1.50501446e-06	1.87134005e-08	1.99853537e-07	0	100	0	0	0	3
1330	779	56.3448871	9.79952382	1.50548749e-06	1.49710685e-06	1.44509441e-06	1.50548749e-06	1.86933967e-08	1.99853537e-07	0	100	0	0	0	3
1331	780	56.387953	9.80689188	1.50704607e-06	1.49736714e-06	1.44509441e-06	1.50704607e-06	1.86930046e-08	1.99853537e-07	0	100	0	0	0	3
1332	781	56.430999	9.81425994	1.50802576e-06	1.49764117e-06	1.44509441e-06	1.50802576e-06	1.87135028e-08	1.99853537e-07	0	100	0	0	0	3
1333	781	56.474037	9.82162801	1.50774725e-06	1.49790147e-06	1.44509441e-06	1.50802576e-06	1.87048351e-08	1.99853537e-07	0	100	0	0	0	3
1334	782	56.5170664	9.82899607	1.50895122e-06	1.4981695e-06	1.44509441e-06	1.50895122e-06	1.87016326e-08	1.99853537e-07	0	100	0	0	0	3
1335	783	56.5600886	9.83636413	1.5092729e-06	1.49844081e-06	1.44509441e-06	1.5092729e-06	1.87200422e-08	1.99853537e-07	0	100	0	0	0	3
1336	783	56.6031031	9.8437322	1.51198133e-06	1.49875378e-06	1.44509441e-06	1.51198133e-06	1.8735715e-08	1.99853537e-07	0	100	0	0	0	3
1337	784	56.6461112	9.85110026	1.51241544e-06	1.49904523e-06	1.44509441e-06	1.51241544e-06	1.87624522e-08	1.99853537e-07	0	100	0	0	0	3
1338	785	56.6891128	9.85846832	1.5125719e-06	1.49935063e-06	1.44509441e-06	1.5125719e-06	1.8776365e-08	1.99853537e-07	0	100	0	0	0	3
1339	785	56.73211	9.86583639	1.51318862e-06	1.49965392e-06	1.44509441e-06	1.51318862e-06	1.88939279e-08	1.99853537e-07	0	100	0	0	0	3
1340	786	56.7751028	9.87320445	1.51331458e-06	1.49993534e-06	1.44509441e-06	1.51331458e-06	1.89244792e-08	1.99853537e-07	0	100	0	0	0	3
1341	787	56.8180929	9.88057251	1.5144842e-06	1.5002357e-06	1.44509441e-06	1.5144842e-06	1.90832042e-08	1.99853537e-07	0	100	0	0	0	3
1342	787	56.8610804	9.88794057	1.51440612e-06	1.50045778e-06	1.44509441e-06	1.5144842e-06	1.90186629e-08	1.99853537e-07	0	100	0	0	0	3
1343	788	56.904067	9.89530864	1.51522907e-06	1.50076761e-06	1.44509441e-06	1.51522907e-06	1.90335768e-08	1.99853537e-07	0	100	0	0	0	3
1344	789	56.947053	9.9026767	1.51598189e-06	1.50109092e-06	1.44509441e-06	1.51598189e-06	1.90534993e-08	1.99853537e-07	0	100	0	0	0	3
1345	789	56.9900398	9.91004476	1.51630743e-06	1.50140922e-06	1.44509441e-06	1.51630743e-06	1.9058333e-08	1.99853537e-07	0	100	0	0	0	3
1346	790	57	9.91741283	1.52523706e-06	1.50158348e-06	1.44509441e-06	1.52523706e-06	1.89097267e-08	1.99853537e-07	0	100	0	0	0	3
1347	791	57.0429879	9.92478089	1.51847161e-06	1.50192486e-06	1.44509441e-06	1.52523706e-06	1.89462678e-08	1.99853537e-07	0	100	0	0	0	3
1348	791	57.0859761	9.93214895	1.51707165e-06	1.50226183e-06	1.44509441e-06	1.52523706e-06	1.8979064e-08	1.99853537e-07	0	100	0	0	0	3
1349	792	57.128976	9.93951702	1.51937146e-06	1.50262498e-06	1.44509441e-06	1.52523706e-06	1.90413753e-08	1.99853537e-07	0	100	0	0	0	3
1350	793	57.171971	9.94688508	1.5194626e-06	1.50299235e-06	1.44509441e-06	1.52523706e-06	1.9086101e-08	1.99853537e-07	0	100	0	0	0	3
1351	793	57.2149733	9.95425314	1.51831114e-06	1.50331763e-06	1.44509441e-06	1.52523706e-06	1.91112613e-08	1.99853537e-07	0	100	0	0	0	3
1352	794	57.2579824	9.96162121	1.51925554e-06	1.50367112e-06	1.44509441e-06	1.52523706e-06	1.91672358e-08	1.99853537e-07	0	100	0	0	0	3
1353	795	57.3009993	9.96898927	1.51945688e-06	1.50402858e-06	1.44509441e-06	1.52523706e-06	1.92219132e-08	1.99853537e-07	0	100	0	0	0	3
1354	795	57.3440241	9.97635733	1.51941611e-06	1.50439073e-06	1.44509441e-06	1.52523706e-06	1.92685088e-08	1.99853537e-07	0	100	0	0	0	3
1355	796	57.3870584	9.98372539	1.5194103e-06	1.5047311e-06	1.44509441e-06	1.52523706e-06	1.92921342e-08	1.99853537e-07	0	100	0	0	0	3
1356	797	57.4301026	9.99109346	1.51997913e-06	1.50509423e-06	1.44509441e-06	1.52523706e-06	1.93444114e-08	1.99853537e-07	0	100	0	0	0	3
1357	797	57.4731579	9.99846152	1.52064536e-06	1.50546015e-06	1.44509441e-06	1.52523706e-06	1.94043416e-08	1.99853537e-07	0	100	0	0	0	3
1358	798	57.5162247	10.0058296	1.52053871e-06	1.50582807e-06	1.44509441e-06	1.52523706e-06	1.94769223e-08	1.99853537e-07	0	100	0	0	0	3
1359	799	57.5593043	10.0131976	1.51956526e-06	1.50620103e-06	1.44509441e-06	1.52523706e-06	1.95455583e-08	1.99853537e-07	0	100	0	0	0	3
1360	799	57.6023973	10.0205657	1.52128978e-06	1.50658534e-06	1.44509441e-06	1.52523706e-06	1.96062281e-08	1.99853537e-07	0	100	0	0	0	3
1361	800	57.6455046	10.0279338	1.52063992e-06	1.50694025e-06	1.44509441e-06	1.52523706e-06	1.96570028e-08	1.99853537e-07	0	100	0	0	0	3
1362	800	57.6886267	10.0353018	1.52076546e-06	1.50731329e-06	1.44509441e-06	1.52523706e-06	1.9712905e-08	1.99853537e-07	0	100	0	0	0	3
1363	801	57.7317646	10.0426699	1.52090413e-06	1.50766056e-06	1.44509441e-06	1.52523706e-06	1.97554047e-08	1.99853537e-07	0	100	0	0	0	3
1364	802	57.7749187	10.050038	1.52068075e-06	1.50803939e-06	1.44509441e-06	1.52523706e-06	1.98234615e-08	1.99853537e-07	0	100	0	0	0	3
1365	802	57.8180903	10.057406	1.52083076e-06	1.50839153e-06	1.44509441e-06	1.52523706e-06	2.00108573e-08	1.99853537e-07	0	100	0	0	0	3
1366	803	57.8612794	10.0647741	1.52197751e-06	1.5086207e-06	1.48663334e-06	1.52523706e-06	2.00866152e-08	1.99853537e-07	0	100	0	0	0	3
1367	804	57.9044869	10.0721422	1.52149565e-06	1.50915029e-06	1.4954443e-06	1.52523706e-06	2.03120502e-08	1.99853537e-07	0	100	0	0	0	3
1368	804	57.9477132	10.0795102	1.52186306e-06	1.50952781e-06	1.4954443e-06	1.52523706e-06	2.02826408e-08	1.99853537e-07	0	100	0	0	0	3
1369	805	57.990959	10.0868783	1.52012981e-06	1.50976404e-06	1.4954443e-06	1.52523706e-06	2.02356358e-08	1.99853537e-07	0	100	0	0	0	3
1370	806	58	10.0942463	1.5242383e-06	1.51002532e-06	1.4954443e-06	1.52523706e-06	2.01724441e-08	1.99853537e-07	0	100	0	0	0	3
1371	807	58.0432699	10.1016144	1.51980974e-06	1.5103476e-06	1.4954443e-06	1.52523706e-06	2.0219353e-08	1.99853537e-07	0	100	0	0	0	3
1372	807	58.0865591	10.1089825	1.5209391e-06	1.51073944e-06	1.49596599e-06	1.52523706e-06	2.03041154e-08	1.99853537e-07	0	100	0	0	0	3
1373	808	58.1298774	10.1163505	1.52270886e-06	1.51112274e-06	1.49596599e-06	1.52523706e-06	2.03632301e-08	1.99853537e-07	0	100	0	0	0	3
1374	809	58.1732077	10.1237186	1.52088186e-06	1.51146705e-06	1.49596599e-06	1.52523706e-06	2.04239905e-08	1.99853537e-07	0	100	0	0	0	3
1375	809	58.2165621	10.1310867	1.5209596e-06	1.51180967e-06	1.49596599e-06	1.52523706e-06	2.05157609e-08	1.99853537e-07	0	100	0	0	0	3
1376	810	58.2599392	10.1384547	1.52037922e-06	1.51218489e-06	1.4972428e-06	1.52523706e-06	2.05927622e-08	1.99853537e-07	0	100	0	0	0	3
1377	811	58.3033475	10.1458228	1.52104628e-06	1.51254268e-06	1.4972428e-06	1.52523706e-06	2.06461607e-08	1.99853537e-07	0	100	0	0	0	3
1378	811	58.3467692	10.1531908	1.52205381e-06	1.51289536e-06	1.4972428e-06	1.52523706e-06	2.07365283e-08	1.99853537e-07	0	100	0	0	0	3
1379	812	58.3902155	10.1605589	1.52041134e-06	1.51325128e-06	1.49783696e-06	1.52523706e-06	2.0809709e-08	1.99853537e-07	0	100	0	0	0	3
1380	812	58.4336659	10.167927	1.52118413e-06	1.51360983e-06	1.49815208e-06	1.52523706e-06	2.0908465e-08	1.99853537e-07	0	100	0	0	0	3
1381	813	58.4770893	10.175295	1.5215251e-06	1.51396859e-06	1.49862075e-06	1.52523706e-06	2.09614477e-08	1.99853537e-07	0	100	0	0	0	3
1382	814	58.5204851	10.1826631	1.52031692e-06	1.51428092e-06	1.49862075e-06	1.52523706e-06	2.09928531e-08	1.99853537e-07	0	100	0	0	0	3
1383	814	58.5638545	10.1900312	1.52236154e-06	1.51463169e-06	1.49862075e-06	1.52523706e-06	2.1066686e-08	1.99853537e-07	0	100	0	0	0	3
1384	815	58.6071964	10.1973992	1.51979197e-06	1.51495582e-06	1.49862075e-06	1.52523706e-06	2.11086869e-08	1.99853537e-07	0	100	0	0	0	3
1385	816	58.6505126	10.2047673	1.52240323e-06	1.51529598e-06	1.49862075e-06	1.52523706e-06	2.11980393e-08	1.99853537e-07	0	100	0	0	0	3
1386	816	58.6938019	10.2121353	1.52037411e-06	1.51562894e-06	1.49948642e-06	1.52523706e-06	2.12558428e-08	1.99853537e-07	0	100	0	0	0	3
1387	817	58.7370662	10.2195034	1.52225927e-06	1.51596038e-06	1.49948642e-06	1.52523706e-06	2.13261194e-08	1.99853537e-07	0	100	0	0	0	3
1388	818	58.7803046	10.2268715	1.52146723e-06	1.51627432e-06	1.49948642e-06	1.52523706e-06	2.1371598e-08	1.99853537e-07	0	100	0	0	0	3
1389	818	58.8235192	10.2342395	1.52461749e-06	1.51663318e-06	1.49948642e-06	1.52523706e-06	2.15579504e-08	1.99853537e-07	0	100	0	0	0	3
1390	819	58.8667078	10.2416076	1.52318614e-06	1.51674245e-06	1.49948642e-06	1.52523706e-06	2.14369299e-08	1.99853537e-07	0	100	0	0	0	3
1391	819	58.909873	10.2489757	1.52139648e-06	1.51707234e-06	1.50254454e-06	1.52523706e-06	2.14846476e-08	1.99853537e-07	0	100	0	0	0	3
1392	820	58.953015	10.2563437	1.52250424e-06	1.51735706e-06	1.50254454e-06	1.52523706e-06	2.15078583e-08	1.99853537e-07	0	100	0	0	0	3
1393	821	58.9961349	10.2637118	1.52223954e-06	1.51762655e-06	1.50254454e-06	1.52523706e-06	2.15202394e-08	1.99853537e-07	0	100	0	0	0	3
1394	822	59	10.2710799	1.52995058e-06	1.51787335e-06	1.50446384e-06	1.52995058e-06	2.15035526e-08	1.99853537e-07	0	100	0	0	0	3
1395	822	59.0430973	10.2784479	1.52526132e-06	1.51819041e-06	1.50483066e-06	1.52995058e-06	2.15496051e-08	1.99853537e-07	0	100	0	0	0	3
1396	823	59.0861705	10.285816	1.52459619e-06	1.5184888e-06	1.50483066e-06	1.52995058e-06	2.162414e-08	1.99853537e-07	0	100	0	0	0	3
1397	824	59.1292237	10.293184	1.52568215e-06	1.51880643e-06	1.50548749e-06	1.52995058e-06	2.16995848e-08	1.99853537e-07	0	100	0	0	0	3
1398	824	59.1722565	10.3005521	1.52500829e-06	1.51910371e-06	1.50704607e-06	1.52995058e-06	2.17365689e-08	1.99853537e-07	0	100	0	0	0	3
1399	825	59.2152712	10.3079202	1.52538801e-06	1.51938298e-06	1.50774725e-06	1.52995058e-06	2.17418073e-08	1.99853537e-07	0	100	0	0	0	3
1400	826	59.2582676	10.3152882	1.52591382e-06	1.51965521e-06	1.50774725e-06	1.52995058e-06	2.17537426e-08	1.99853537e-07	0	100	0	0	0	3
1401	827	59.3012478	10.3226563	1.52665893e-06	1.51994296e-06	1.50895122e-06	1.52995058e-06	2.09993599e-08	1.99853537e-07	0	100	0	0	0	3
1402	827	59.3442114	10.3300244	1.52704317e-06	1.52021816e-06	1.5092729e-06	1.52995058e-06	2.06776826e-08	1.99853537e-07	0	100	0	0	0	3
1403	828	59.3871608	10.3373924	1.53202522e-06	1.5205641e-06	1.51198133e-06	1.53202522e-06	2.00438925e-08	1.99853537e-07	0	100	0	0	0	3
1404	829	59.4300939	10.3447605	1.53053254e-06	1.52084608e-06	1.51241544e-06	1.53202522e-06	1.96097819e-08	1.99853537e-07	0	100	0	0	0	3
1405	829	59.4730134	10.3521285	1.53069134e-06	1.52112382e-06	1.5125719e-06	1.53202522e-06	1.94533245e-08	1.99853537e-07	0	100	0	0	0	3
1406	830	59.5159192	10.3594966	1.53159131e-06	1.52141279e-06	1.51318862e-06	1.53202522e-06	1.88366004e-08	1.99853537e-07	0	100	0	0	0	3
1407	831	59.5588135	10.3668647	1.53280829e-06	1.52171081e-06	1.51331458e-06	1.53280829e-06	1.94937067e-08	1.99853537e-07	0	100	0	0	0	3
1408	831	59.6016959	10.3742327	1.53311429e-06	1.52201152e-06	1.51440612e-06	1.53311429e-06	1.87081745e-08	1.99853537e-07	0	100	0	0	0	3
1409	832	59.6445683	10.3816008	1.53453088e-06	1.5223159e-06	1.51440612e-06	1.53453088e-06	2.01247588e-08	1.99853537e-07	0	100	0	0	0	3
1410	833	59.6874307	10.3889689	1.53752249e-06	1.52266682e-06	1.51522907e-06	1.53752249e-06	2.18992063e-08	1.99853537e-07	0	100	0	0	0	3
1411	833	59.7302844	10.3963369	1.53826265e-06	1.52301642e-06	1.51598189e-06	1.53826265e-06	2.19255063e-08	1.99853537e-07	0	100	0	0	0	3
1412	834	59.7731297	10.403705	1.53693558e-06	1.52333445e-06	1.51630743e-06	1.53826265e-06	2.19252306e-08	1.99853537e-07	0	100	0	0	0	3
1413	835	59.815969	10.411073	1.53730584e-06	1.52365314e-06	1.51707165e-06	1.53826265e-06	2.11909964e-08	1.99853537e-07	0	100	0	0	0	3
1414	835	59.8588026	10.4184411	1.5388901e-06	1.52387591e-06	1.51707165e-06	1.5388901e-06	2.18184436e-08	1.99853537e-07	0	100	0	0	0	3
1415	836	59.9016325	10.4258092	1.53950659e-06	1.52419137e-06	1.51707165e-06	1.53950659e-06	2.19295385e-08	1.99853537e-07	0	100	0	0	0	3
1416	837	59.9444586	10.4331772	1.5396407e-06	1.52452991e-06	1.51831114e-06	1.5396407e-06	2.1329554e-08	1.99853537e-07	0	100	0	0	0	3
1417	837	59.9872832	10.4405453	1.53976934e-06	1.52483583e-06	1.51831114e-06	1.53976934e-06	2.1458198e-08	1.99853537e-07	0	100	0	0	0	3
1418	838	60	10.4479134	1.54056838e-06	1.52498827e-06	1.51831114e-06	1.54056838e-06	2.16706446e-08	1.99853537e-07	0	100	0	0	0	3
1419	839	60.0428245	10.4552814	1.54080052e-06	1.52532926e-06	1.51925554e-06	1.54080052e-06	2.15449869e-08	1.99853537e-07	0	100	0	0	0	3
1420	839	60.0856489	10.4626495	1.54133201e-06	1.52566401e-06	1.5194103e-06	1.54133201e-06	2.16354279e-08	1.99853537e-07	0	100	0	0	0	3
1421	840	60.1284756	10.4700176	1.54463073e-06	1.52604572e-06	1.5194103e-06	1.54463073e-06	2.16549946e-08	1.99853537e-07	0	100	0	0	0	3
1422	841	60.171304	10.4773856	1.54423516e-06	1.52642215e-06	1.5194103e-06	1.54463073e-06	2.16910428e-08	1.99853537e-07	0	100	0	0	0	3
1423	841	60.2141366	10.4847537	1.54321824e-06	1.52678336e-06	1.51956526e-06	1.54463073e-06	2.16891285e-08	1.99853537e-07	0	100	0	0	0	3
1424	842	60.256974	10.4921217	1.54270922e-06	1.5271283e-06	1.51956526e-06	1.54463073e-06	2.16681536e-08	1.99853537e-07	0	100	0	0	0	3
1425	843	60.2998187	10.4994898	1.54442605e-06	1.52748923e-06	1.51956526e-06	1.54463073e-06	2.16611636e-08	1.99853537e-07	0	100	0	0	0	3
1426	843	60.3426705	10.5068579	1.54420954e-06	1.52784864e-06	1.51956526e-06	1.54463073e-06	2.16476075e-08	1.99853537e-07	0	100	0	0	0	3
1427	844	60.3855314	10.5142259	1.54449004e-06	1.52822727e-06	1.51979197e-06	1.54463073e-06	2.16419287e-08	1.99853537e-07	0	100	0	0	0	3
1428	845	60.4284017	10.521594	1.5440168e-06	1.52857259e-06	1.51979197e-06	1.54463073e-06	2.1632338e-08	1.99853537e-07	0	100	0	0	0	3
1429	845	60.4712834	10.5289621	1.5448163e-06	1.5289401e-06	1.51979197e-06	1.5448163e-06	2.16268098e-08	1.99853537e-07	0	100	0	0	0	3
1430	846	60.5141768	10.5363301	1.54395415e-06	1.52929278e-06	1.51979197e-06	1.5448163e-06	2.16322189e-08	1.99853537e-07	0	100	0	0	0	3
1431	847	60.5570842	10.5436982	1.5453041e-06	1.52966402e-06	1.51979197e-06	1.5453041e-06	2.16246291e-08	1.99853537e-07	0	100	0	0	0	3
1432	847	60.6000053	10.5510662	1.54557121e-06	1.53004292e-06	1.51979197e-06	1.54557121e-06	2.16513874e-08	1.99853537e-07	0	100	0	0	0	3
1433	848	60.6429418	10.5584343	1.54494029e-06	1.53041014e-06	1.51979197e-06	1.54557121e-06	2.17894416e-08	1.99853537e-07	0	100	0	0	0	3
1434	848	60.6858941	10.5658024	1.54340995e-06	1.53073676e-06	1.51979197e-06	1.54557121e-06	2.15864689e-08	1.99853537e-07	0	100	0	0	0	3
1435	849	60.7288644	10.5731704	1.54428499e-06	1.53108425e-06	1.51979197e-06	1.54557121e-06	2.15564404e-08	1.99853537e-07	0	100	0	0	0	3
1436	850	60.7718525	10.5805385	1.54490015e-06	1.53143569e-06	1.51979197e-06	1.54557121e-06	2.16716517e-08	1.99853537e-07	0	100	0	0	0	3
1437	850	60.8148601	10.5879066	1.54500024e-06	1.53181542e-06	1.51979197e-06	1.54557121e-06	2.17901019e-08	1.99853537e-07	0	100	0	0	0	3
1438	851	60.8578871	10.5952746	1.54447752e-06	1.53203002e-06	1.51979197e-06	1.54557121e-06	2.1682428e-08	1.99853537e-07	0	100	0	0	0	3
1439	852	60.9009356	10.6026427	1.54516015e-06	1.53241285e-06	1.51979197e-06	1.54557121e-06	2.16734104e-08	1.99853537e-07	0	100	0	0	0	3
1440	852	60.944005	10.6100108	1.5458975e-06	1.53278993e-06	1.51979197e-06	1.5458975e-06	2.16671882e-08	1.99853537e-07	0	100	0	0	0	3
1441	853	60.9870969	10.6173788	1.54439042e-06	1.53311772e-06	1.51979197e-06	1.5458975e-06	2.16506765e-08	1.99853537e-07	0	100	0	0	0	3
1442	854	61	10.6247469	1.54694974e-06	1.53336842e-06	1.51979197e-06	1.54694974e-06	2.15587422e-08	1.99853537e-07	0	100	0	0	0	3
1443	854	61.0431223	10.6321149	1.54339425e-06	1.5337117e-06	1.51979197e-06	1.54694974e-06	2.15268087e-08	1.99853537e-07	0	100	0	0	0	3
1444	855	61.086268	10.639483	1.54382109e-06	1.53407065e-06	1.51979197e-06	1.54694974e-06	2.15279705e-08	1.99853537e-07	0	100	0	0	0	3
1445	856	61.1294389	10.6468511	1.54482313e-06	1.53443495e-06	1.51979197e-06	1.54694974e-06	2.15395894e-08	1.99853537e-07	0	100	0	0	0	3
1446	856	61.1726342	10.6542191	1.5438391e-06	1.53476895e-06	1.51979197e-06	1.54694974e-06	2.15176674e-08	1.99853537e-07	0	100	0	0	0	3
1447	857	61.215856	10.6615872	1.54286603e-06	1.53511356e-06	1.51979197e-06	1.54694974e-06	2.15037272e-08	1.99853537e-07	0	100	0	0	0	3
1448	858	61.2591038	10.6689553	1.54440866e-06	1.53547005e-06	1.51979197e-06	1.54694974e-06	2.15014608e-08	1.99853537e-07	0	100	0	0	0	3
1449	858	61.3023786	10.6763233	1.54263763e-06	1.53579416e-06	1.51979197e-06	1.54694974e-06	2.1513242e-08	1.99853537e-07	0	100	0	0	0	3
1450	859	61.3456805	10.6836914	1.54351796e-06	1.53615028e-06	1.51979197e-06	1.54694974e-06	2.15185932e-08	1.99853537e-07	0	100	0	0	0	3
1451	860	61.389003	10.6910594	1.54276727e-06	1.53646342e-06	1.51979197e-06	1.54694974e-06	2.15075991e-08	1.99853537e-07	0	100	0	0	0	3
1452	860	61.4322935	10.6984275	1.54281334e-06	1.53681649e-06	1.52037411e-06	1.54694974e-06	2.15205135e-08	1.99853537e-07	0	100	0	0	0	3
1453	861	61.4755522	10.7057956	1.5436672e-06	1.53714239e-06	1.52037411e-06	1.54694974e-06	2.15134541e-08	1.99853537e-07	0	100	0	0	0	3
1454	862	61.5187784	10.7131636	1.54208199e-06	1.53747493e-06	1.52139648e-06	1.54694974e-06	2.15145547e-08	1.99853537e-07	0	100	0	0	0	3
1455	862	61.5619734	10.7205317	1.54418355e-06	1.53781054e-06	1.52139648e-06	1.54694974e-06	2.15362191e-08	1.99853537e-07	0	100	0	0	0	3
1456	863	61.6051361	10.7278998	1.54226503e-06	1.53812877e-06	1.52139648e-06	1.54694974e-06	2.14955828e-08	1.99853537e-07	0	100	0	0	0	3
1457	864	61.6482678	10.7352678	1.54209014e-06	1.53839596e-06	1.52139648e-06	1.54694974e-06	2.16535104e-08	1.99853537e-07	0	100	0	0	0	3
1458	864	61.6913686	10.7426359	1.5432848e-06	1.53870311e-06	1.52139648e-06	1.54694974e-06	2.16307673e-08	1.99853537e-07	0	100	0	0	0	3
1459	865	61.7344389	10.7500039	1.544062e-06	1.53904931e-06	1.52223954e-06	1.54694974e-06	2.16922431e-08	1.99853537e-07	0	100	0	0	0	3
1460	865	61.7774785	10.757372	1.54326715e-06	1.53936629e-06	1.52223954e-06	1.54694974e-06	2.17397481e-08	1.99853537e-07	0	100	0	0	0	3
1461	866	61.8204889	10.7647401	1.54313095e-06	1.5396851e-06	1.52459619e-06	1.54694974e-06	2.18117496e-08	1.99853537e-07	0	100	0	0	0	3
1462	867	61.8634699	10.7721081	1.54186241e-06	1.53973092e-06	1.52459619e-06	1.54694974e-06	2.15405086e-08	1.99853537e-07	0	100	0	0	0	3
1463	867	61.9064232	10.7794762	1.54398433e-06	1.54001252e-06	1.52459619e-06	1.54694974e-06	2.15237168e-08	1.99853537e-07	0	100	0	0	0	3
1464	868	61.9493484	10.7868443	1.5440583e-06	1.54030509e-06	1.52500829e-06	1.54694974e-06	2.14986589e-08	1.99853537e-07	0	100	0	0	0	3
1465	869	61.9922465	10.7942123	1.54346866e-06	1.54057239e-06	1.52500829e-06	1.54694974e-06	2.14686818e-08	1.99853537e-07	0	100	0	0	0	3
1466	869	62	10.8015804	1.55009571e-06	1.54083536e-06	1.52538801e-06	1.55009571e-06	2.14523776e-08	1.99853537e-07	0	100	0	0	0	3
1467	870	62.0428667	10.8089485	1.54296233e-06	1.54110259e-06	1.52591382e-06	1.55009571e-06	2.14473788e-08	1.99853537e-07	0	100	0	0	0	3
1468	871	62.085706	10.8163165	1.54735248e-06	1.54142826e-06	1.52665893e-06	1.55009571e-06	2.14853002e-08	1.99853537e-07	0	100	0	0	0	3
1469	872	62.1285279	10.8236846	1.54873324e-06	1.54176342e-06	1.52704317e-06	1.55009571e-06	2.15452678e-08	1.99853537e-07	0	100	0	0	0	3
1470	872	62.1713164	10.8310526	1.54400549e-06	1.54202106e-06	1.53053254e-06	1.55009571e-06	1.95631713e-08	1.99853537e-07	0	100	0	0	0	3
1471	873	62.214085	10.8384207	1.54613817e-06	1.54223522e-06	1.53053254e-06	1.55009571e-06	1.95631713e-08	1.99853537e-07	0	100	0	0	0	3
1472	874	62.2568327	10.8457888	1.54692267e-06	1.54248385e-06	1.53069134e-06	1.55009571e-06	1.94043684e-08	1.99853537e-07	0	100	0	0	0	3
1473	874	62.2995604	10.8531568	1.54705934e-06	1.54273207e-06	1.53159131e-06	1.55009571e-06	1.8504404e-08	1.99853537e-07	0	100	0	0	0	3
1474	875	62.3422683	10.8605249	1.54837566e-06	1.54298648e-06	1.53280829e-06	1.55009571e-06	1.72874244e-08	1.99853537e-07	0	100	0	0	0	3
1475	876	62.3849582	10.867893	1.55112216e-06	1.54326385e-06	1.53311429e-06	1.55112216e-06	1.80078726e-08	1.99853537e-07	0	100	0	0	0	3
1476	876	62.4276295	10.875261	1.5534497e-06	1.54357167e-06	1.53453088e-06	1.5534497e-06	1.89188264e-08	1.99853537e-07	0	100	0	0	0	3
1477	877	62.4702829	10.8826291	1.55262947e-06	1.54384556e-06	1.53693558e-06	1.5534497e-06	1.65141212e-08	1.99853537e-07	0	100	0	0	0	3
1478	878	62.5129196	10.8899971	1.55225045e-06	1.54406832e-06	1.53693558e-06	1.5534497e-06	1.65141212e-08	1.99853537e-07	0	100	0	0	0	3
1479	878	62.5555418	10.8973652	1.55420017e-06	1.54430923e-06	1.53693558e-06	1.55420017e-06	1.7264588e-08	1.99853537e-07	0	100	0	0	0	3
1480	879	62.5981498	10.9047333	1.55565116e-06	1.54459212e-06	1.53730584e-06	1.55565116e-06	1.83453224e-08	1.99853537e-07	0	100	0	0	0	3
1481	880	62.640745	10.9121013	1.55566871e-06	1.54486965e-06	1.5388901e-06	1.55566871e-06	1.67786185e-08	1.99853537e-07	0	100	0	0	0	3
1482	880	62.6833282	10.9194694	1.55677724e-06	1.54513985e-06	1.53950659e-06	1.55677724e-06	1.72706553e-08	1.99853537e-07	0	100	0	0	0	3
1483	881	62.7259012	10.9268375	1.55763353e-06	1.54541361e-06	1.5396407e-06	1.55763353e-06	1.79928354e-08	1.99853537e-07	0	100	0	0	0	3
1484	882	62.7684646	10.9342055	1.56168182e-06	1.54574635e-06	1.53976934e-06	1.56168182e-06	2.09105118e-08	1.99853537e-07	0	100	0	0	0	3
1485	882	62.8110192	10.9415736	1.56056851e-06	1.54606037e-06	1.54056838e-06	1.56168182e-06	2.10720984e-08	1.99853537e-07	0	100	0	0	0	3
1486	883	62.8535665	10.9489417	1.56041254e-06	1.54629884e-06	1.54080052e-06	1.56168182e-06	2.08813018e-08	1.99853537e-07	0	100	0	0	0	3
1487	883	62.8961086	10.9563097	1.56083516e-06	1.54659809e-06	1.54133201e-06	1.56168182e-06	2.03498156e-08	1.99853537e-07	0	100	0	0	0	3
1488	884	62.9386463	10.9636778	1.56140715e-06	1.54689794e-06	1.54186241e-06	1.56168182e-06	1.98194104e-08	1.99853537e-07	0	100	0	0	0	3
1489	885	62.9811814	10.9710458	1.56238544e-06	1.5471629e-06	1.54186241e-06	1.56238544e-06	2.05230234e-08	1.99853537e-07	0	100	0	0	0	3
1490	885	63	10.9784139	1.56311501e-06	1.54731336e-06	1.54186241e-06	1.56311501e-06	2.0529999e-08	1.99853537e-07	0	100	0	0	0	3
1491	886	63.042533	10.985782	1.56142329e-06	1.54758756e-06	1.54186241e-06	1.56311501e-06	2.0459256e-08	1.99853537e-07	0	100	0	0	0	3
1492	887	63.085066	10.99315	1.56236813e-06	1.54788374e-06	1.54186241e-06	1.56311501e-06	2.03945054e-08	1.99853537e-07	0	100	0	0	0	3
1493	888	63.1276089	11.0005181	1.56492986e-06	1.54819258e-06	1.54186241e-06	1.56492986e-06	2.03439432e-08	1.99853537e-07	0	100	0	0	0	3
1494	888	63.1701457	11.0078862	1.56527479e-06	1.54850993e-06	1.54186241e-06	1.56527479e-06	2.02826592e-08	1.99853537e-07	0	100	0	0	0	3
1495	889	63.2126886	11.0152542	1.56632484e-06	1.54883895e-06	1.54186241e-06	1.56632484e-06	2.02663659e-08	1.99853537e-07	0	100	0	0	0	3
1496	889	63.2552373	11.0226223	1.56568115e-06	1.54916559e-06	1.54186241e-06	1.56632484e-06	2.02254848e-08	1.99853537e-07	0	100	0	0	0	3
1497	890	63.2977934	11.0299903	1.56543431e-06	1.54947651e-06	1.54186241e-06	1.56632484e-06	2.01837341e-08	1.99853537e-07	0	100	0	0	0	3
1498	891	63.3403579	11.0373584	1.56511228e-06	1.54979581e-06	1.54186241e-06	1.56632484e-06	2.01317937e-08	1.99853537e-07	0	100	0	0	0	3
1499	891	63.3829326	11.0447265	1.56558318e-06	1.55010187e-06	1.54186241e-06	1.56632484e-06	2.00589532e-08	1.99853537e-07	0	100	0	0	0	3
1500	892	63.4255184	11.0520945	1.56450082e-06	1.55038771e-06	1.54186241e-06	1.56632484e-06	1.9977575e-08	1.99853537e-07	0	100	0	0	0	3
1501	893	63.4681173	11.0594626	1.56618935e-06	1.55070876e-06	1.54186241e-06	1.56632484e-06	1.99720083e-08	1.99853537e-07	0	100	0	0	0	3
1502	894	63.5107296	11.0668307	1.56561736e-06	1.55104464e-06	1.54186241e-06	1.56632484e-06	1.99603874e-08	1.99853537e-07	0	100	0	0	0	3
1503	894	63.553357	11.0741987	1.56611854e-06	1.55137497e-06	1.54186241e-06	1.56632484e-06	1.99392812e-08	1.99853537e-07	0	100	0	0	0	3
1504	895	63.5960003	11.0815668	1.56573728e-06	1.55169039e-06	1.54186241e-06	1.56632484e-06	1.9874976e-08	1.99853537e-07	0	100	0	0	0	3
1505	896	63.6386615	11.0889348	1.56495937e-06	1.55199275e-06	1.54186241e-06	1.56632484e-06	1.99627279e-08	1.99853537e-07	0	100	0	0	0	3
1506	896	63.6813411	11.0963029	1.56508409e-06	1.55230517e-06	1.54186241e-06	1.56632484e-06	1.98923131e-08	1.99853537e-07	0	100	0	0	0	3
1507	897	63.7240406	11.103671	1.56516337e-06	1.5526086e-06	1.54186241e-06	1.56632484e-06	1.98186722e-08	1.99853537e-07	0	100	0	0	0	3
1508	898	63.7667608	11.111039	1.56486083e-06	1.55289643e-06	1.54186241e-06	1.56632484e-06	1.97787029e-08	1.99853537e-07	0	100	0	0	0	3
1509	898	63.809503	11.1184071	1.56418941e-06	1.55319731e-06	1.54186241e-06	1.56632484e-06	1.9828897e-08	1.99853537e-07	0	100	0	0	0	3
1510	899	63.8522681	11.1257752	1.56477389e-06	1.55339915e-06	1.54186241e-06	1.56632484e-06	1.96874474e-08	1.99853537e-07	0	100	0	0	0	3
1511	900	63.8950573	11.1331432	1.563369e-06	1.55370001e-06	1.54186241e-06	1.56632484e-06	1.96293618e-08	1.99853537e-07	0	100	0	0	0	3
1512	900	63.9378714	11.1405113	1.56527256e-06	1.55402323e-06	1.54186241e-06	1.56632484e-06	1.95882786e-08	1.99853537e-07	0	100	0	0	0	3
1513	901	63.980711	11.1478794	1.56415143e-06	1.5543147e-06	1.54186241e-06	1.56632484e-06	1.95457553e-08	1.99853537e-07	0	100	0	0	0	3
1514	902	64	11.1552474	1.56485475e-06	1.55454665e-06	1.54186241e-06	1.56632484e-06	1.94330894e-08	1.99853537e-07	0	100	0	0	0	3
1515	902	64.042878	11.1626155	1.56267074e-06	1.55484845e-06	1.54186241e-06	1.56632484e-06	1.9378405e-08	1.99853537e-07	0	100	0	0	0	3
1516	903	64.0857835	11.1699835	1.56104215e-06	1.55510219e-06	1.54186241e-06	1.56632484e-06	1.93080318e-08	1.99853537e-07	0	100	0	0	0	3
1517	904	64.1287258	11.1773516	1.5629509e-06	1.55541229e-06	1.54186241e-06	1.56632484e-06	1.92620123e-08	1.99853537e-07	0	100	0	0	0	3
1518	904	64.1716879	11.1847197	1.56334587e-06	1.55571515e-06	1.54186241e-06	1.56632484e-06	1.92517313e-08	1.99853537e-07	0	100	0	0	0	3
1519	905	64.2146813	11.1920877	1.56139993e-06	1.55600016e-06	1.54186241e-06	1.56632484e-06	1.91836681e-08	1.99853537e-07	0	100	0	0	0	3
1520	906	64.2577055	11.1994558	1.56152498e-06	1.55628634e-06	1.54186241e-06	1.56632484e-06	1.9143944e-08	1.99853537e-07	0	100	0	0	0	3
1521	906	64.3007612	11.2068239	1.56152691e-06	1.55655942e-06	1.54186241e-06	1.56632484e-06	1.90844932e-08	1.99853537e-07	0	100	0	0	0	3
1522	907	64.3438481	11.2141919	1.56160874e-06	1.55685795e-06	1.54186241e-06	1.56632484e-06	1.9047409e-08	1.99853537e-07	0	100	0	0	0	3
1523	908	64.3869669	11.22156	1.56048375e-06	1.55710709e-06	1.54186241e-06	1.56632484e-06	1.89783229e-08	1.99853537e-07	0	100	0	0	0	3
1524	908	64.4301177	11.228928	1.56169228e-06	1.5574039e-06	1.54186241e-06	1.56632484e-06	1.90079416e-08	1.99853537e-07	0	100	0	0	0	3
1525	909	64.473301	11.2362961	1.55955202e-06	1.55767054e-06	1.54186241e-06	1.56632484e-06	1.89674298e-08	1.99853537e-07	0	100	0	0	0	3
1526	910	64.5165024	11.2436642	1.55990107e-06	1.55792412e-06	1.54186241e-06	1.56632484e-06	1.88748144e-08	1.99853537e-07	0	100	0	0	0	3
1527	910	64.5596685	11.2510322	1.56138391e-06	1.55818831e-06	1.54186241e-06	1.56632484e-06	1.88220142e-08	1.99853537e-07	0	100	0	0	0	3
1528	911	64.6027986	11.2584003	1.55948829e-06	1.55843545e-06	1.54186241e-06	1.56632484e-06	1.87503548e-08	1.99853537e-07	0	100	0	0	0	3
1529	912	64.6458945	11.2657684	1.56035764e-06	1.55869775e-06	1.54186241e-06	1.56632484e-06	1.89668284e-08	1.99853537e-07	0	100	0	0	0	3
1530	912	64.688955	11.2731364	1.56009835e-06	1.55897519e-06	1.54296233e-06	1.56632484e-06	1.89626763e-08	1.99853537e-07	0	100	0	0	0	3
1531	913	64.7319816	11.2805045	1.56029624e-06	1.5592232e-06	1.54296233e-06	1.56632484e-06	1.8918104e-08	1.99853537e-07	0	100	0	0	0	3
1532	914	64.7749744	11.2878725	1.56022516e-06	1.55946882e-06	1.54296233e-06	1.56632484e-06	1.88964282e-08	1.99853537e-07	0	100	0	0	0	3
1533	914	64.8179343	11.2952406	1.56289274e-06	1.55976378e-06	1.54296233e-06	1.56632484e-06	1.89284218e-08	1.99853537e-07	0	100	0	0	0	3
1534	915	64.8608609	11.3026087	1.55817185e-06	1.55976609e-06	1.54296233e-06	1.56632484e-06	1.86635003e-08	1.99853537e-07	0	100	0	0	0	3
1535	916	64.9037568	11.3099767	1.56009136e-06	1.56002275e-06	1.54400549e-06	1.56632484e-06	1.85944929e-08	1.99853537e-07	0	100	0	0	0	3
1536	916	64.9466217	11.3173448	1.56203165e-06	1.56024258e-06	1.54400549e-06	1.56632484e-06	1.84791528e-08	1.99853537e-07	0	100	0	0	0	3
1537	917	64.9894565	11.3247129	1.56161455e-06	1.56043539e-06	1.54400549e-06	1.56632484e-06	1.84143257e-08	1.99853537e-07	0	100	0	0	0	3
1538	918	65	11.3320809	1.56056213e-06	1.56068439e-06	1.54613817e-06	1.56632484e-06	1.84491731e-08	1.99853537e-07	0	100	0	0	0	3
1539	918	65.0427991	11.339449	1.56067871e-06	1.56090424e-06	1.54692267e-06	1.56632484e-06	1.84203891e-08	1.99853537e-07	0	100	0	0	0	3
1540	919	65.0855689	11.3468171	1.56113142e-06	1.56111896e-06	1.54705934e-06	1.56632484e-06	1.83868842e-08	1.99853537e-07	0	100	0	0	0	3
1541	920	65.1283126	11.3541851	1.56374958e-06	1.56137108e-06	1.54837566e-06	1.56632484e-06	1.79491885e-08	1.99853537e-07	0	100	0	0	0	3
1542	920	65.1710299	11.3615532	1.56500408e-06	1.56162214e-06	1.55112216e-06	1.56632484e-06	1.52026798e-08	1.99853537e-07	0	100	0	0	0	3
1543	921	65.2137221	11.3689212	1.56573862e-06	1.56184273e-06	1.55225045e-06	1.56632484e-06	1.40743907e-08	1.99853537e-07	0	100	0	0	0	3
1544	922	65.2563897	11.3762893	1.56393058e-06	1.56200082e-06	1.55225045e-06	1.56632484e-06	1.40743907e-08	1.99853537e-07	0	100	0	0	0	3
1545	922	65.2990354	11.3836574	1.56697e-06	1.56221704e-06	1.55225045e-06	1.56697e-06	1.4719548e-08	1.99853537e-07	0	100	0	0	0	3
1546	923	65.3416587	11.3910254	1.56736229e-06	1.5624448e-06	1.55420017e-06	1.56736229e-06	1.31621173e-08	1.99853537e-07	0	100	0	0	0	3
1547	924	65.3842617	11.3983935	1.5685086e-06	1.56266035e-06	1.55565116e-06	1.5685086e-06	1.2857445e-08	1.99853537e-07	0	100	0	0	0	3
1548	924	65.4268444	11.4057616	1.56941876e-06	1.56286767e-06	1.55566871e-06	1.56941876e-06	1.37500414e-08	1.99853537e-07	0	100	0	0	0	3
1549	925	65.4694089	11.4131296	1.57323128e-06	1.56313202e-06	1.55677724e-06	1.57323128e-06	1.64540321e-08	1.99853537e-07	0	100	0	0	0	3
1550	926	65.5119547	11.4204977	1.57270615e-06	1.56337169e-06	1.55763353e-06	1.57323128e-06	1.55977422e-08	1.99853537e-07	0	100	0	0	0	3
1551	926	65.5544844	11.4278657	1.5728918e-06	1.5636012e-06	1.55817185e-06	1.57323128e-06	1.5059425e-08	1.99853537e-07	0	100	0	0	0	3
1552	927	65.5969988	11.4352338	1.57330701e-06	1.56377597e-06	1.55817185e-06	1.57330701e-06	1.51351586e-08	1.99853537e-07	0	100	0	0	0	3
1553	928	65.6395002	11.4426019	1.57446011e-06	1.56398476e-06	1.55817185e-06	1.57446011e-06	1.6288261e-08	1.99853537e-07	0	100	0	0	0	3
1554	928	65.6819892	11.4499699	1.57497541e-06	1.5642036e-06	1.55817185e-06	1.57497541e-06	1.6803557e-08	1.99853537e-07	0	100	0	0	0	3
1555	929	65.7244679	11.457338	1.57587532e-06	1.56442956e-06	1.55817185e-06	1.57587532e-06	1.75316238e-08	1.99853537e-07	0	100	0	0	0	3
1556	930	65.766937	11.4647061	1.57680748e-06	1.56466089e-06	1.55817185e-06	1.57680748e-06	1.74979836e-08	1.99853537e-07	0	100	0	0	0	3
1557	930	65.8093988	11.4720741	1.58034913e-06	1.56493065e-06	1.55817185e-06	1.58034913e-06	1.76172889e-08	1.99853537e-07	0	100	0	0	0	3
1558	931	65.8518531	11.4794422	1.5796212e-06	1.56516132e-06	1.55817185e-06	1.58034913e-06	1.75737631e-08	1.99853537e-07	0	100	0	0	0	3
1559	931	65.8943026	11.4868103	1.5792259e-06	1.56542643e-06	1.55817185e-06	1.58034913e-06	1.75426852e-08	1.99853537e-07	0	100	0	0	0	3
1560	932	65.9367484	11.4941783	1.57889878e-06	1.56567257e-06	1.55817185e-06	1.58034913e-06	1.74799888e-08	1.99853537e-07	0	100	0	0	0	3
1561	933	65.979193	11.5015464	1.58027421e-06	1.56590099e-06	1.55817185e-06	1.58034913e-06	1.7391057e-08	1.99853537e-07	0	100	0	0	0	3
1562	933	66	11.5089144	1.5813706e-06	1.56602414e-06	1.55817185e-06	1.5813706e-06	1.71851918e-08	1.99853537e-07	0	100	0	0	0	3
1563	934	66.0424451	11.5162825	1.58011128e-06	1.56623092e-06	1.55817185e-06	1.5813706e-06	1.70653385e-08	1.99853537e-07	0	100	0	0	0	3
1564	935	66.0848917	11.5236506	1.57946104e-06	1.56643765e-06	1.55817185e-06	1.5813706e-06	1.6961138e-08	1.99853537e-07	0	100	0	0	0	3
1565	936	66.1273432	11.5310186	1.58147434e-06	1.56667834e-06	1.55817185e-06	1.58147434e-06	1.68825213e-08	1.99853537e-07	0	100	0	0	0	3
1566	936	66.1697993	11.5383867	1.58135588e-06	1.56692213e-06	1.55817185e-06	1.58147434e-06	1.68202615e-08	1.99853537e-07	0	100	0	0	0	3
1567	937	66.2122626	11.5457548	1.58252825e-06	1.5671765e-06	1.55817185e-06	1.58252825e-06	1.67887878e-08	1.99853537e-07	0	100	0	0	0	3
1568	938	66.2547336	11.5531228	1.58442443e-06	1.5674757e-06	1.55817185e-06	1.58442443e-06	1.67669302e-08	1.99853537e-07	0	100	0	0	0	3
1569	938	66.297214	11.5604909	1.58281459e-06	1.56772539e-06	1.55817185e-06	1.58442443e-06	1.66807465e-08	1.99853537e-07	0	100	0	0	0	3
1570	939	66.339705	11.5678589	1.58181101e-06	1.5679687e-06	1.55817185e-06	1.58442443e-06	1.65937303e-08	1.99853537e-07	0	100	0	0	0	3
1571	940	66.382209	11.575227	1.58139293e-06	1.56819828e-06	1.55817185e-06	1.58442443e-06	1.65078903e-08	1.99853537e-07	0	100	0	0	0	3
1572	940	66.424727	11.5825951	1.58294163e-06	1.56845699e-06	1.55817185e-06	1.58442443e-06	1.64642367e-08	1.99853537e-07	0	100	0	0	0	3
1573	941	66.4672602	11.5899631	1.58212046e-06	1.5687152e-06	1.55817185e-06	1.58442443e-06	1.64100278e-08	1.99853537e-07	0	100	0	0	0	3
1574	942	66.50981	11.5973312	1.58146528e-06	1.56896179e-06	1.55817185e-06	1.58442443e-06	1.63531912e-08	1.99853537e-07	0	100	0	0	0	3
1575	942	66.5523787	11.6046993	1.58177328e-06	1.56921196e-06	1.55817185e-06	1.58442443e-06	1.63155334e-08	1.99853537e-07	0	100	0	0	0	3
1576	943	66.5949664	11.6120673	1.58093009e-06	1.56945414e-06	1.55817185e-06	1.58442443e-06	1.62568238e-08	1.99853537e-07	0	100	0	0	0	3
1577	944	66.6375754	11.6194354	1.58075353e-06	1.56970395e-06	1.55817185e-06	1.58442443e-06	1.63047997e-08	1.99853537e-07	0	100	0	0	0	3
1578	944	66.6802064	11.6268034	1.5804864e-06	1.56994105e-06	1.55817185e-06	1.58442443e-06	1.62410372e-08	1.99853537e-07	0	100	0	0	0	3
1579	945	66.7228609	11.6341715	1.57932409e-06	1.57018203e-06	1.55817185e-06	1.58442443e-06	1.61587941e-08	1.99853537e-07	0	100	0	0	0	3
1580	946	66.7655398	11.6415396	1.5795193e-06	1.57039729e-06	1.55817185e-06	1.58442443e-06	1.60825877e-08	1.99853537e-07	0	100	0	0	0	3
1581	946	66.8082448	11.6489076	1.57903318e-06	1.57062235e-06	1.55817185e-06	1.58442443e-06	1.60756998e-08	1.99853537e-07	0	100	0	0	0	3
1582	947	66.8509763	11.6562757	1.57826888e-06	1.57077598e-06	1.55817185e-06	1.58442443e-06	1.5927528e-08	1.99853537e-07	0	100	0	0	0	3
1583	948	66.8937362	11.6636438	1.57813527e-06	1.57100827e-06	1.55817185e-06	1.58442443e-06	1.59060759e-08	1.99853537e-07	0	100	0	0	0	3
1584	948	66.9365246	11.6710118	1.57906712e-06	1.57127923e-06	1.55817185e-06	1.58442443e-06	1.58669345e-08	1.99853537e-07	0	100	0	0	0	3
1585	949	66.9793429	11.6783799	1.57793981e-06	1.57150473e-06	1.55817185e-06	1.58442443e-06	1.57895794e-08	1.99853537e-07	0	100	0	0	0	3
1586	950	67	11.685748	1.57865266e-06	1.57168087e-06	1.55817185e-06	1.58442443e-06	1.56807098e-08	1.99853537e-07	0	100	0	0	0	3
1587	950	67.042864	11.693116	1.57573478e-06	1.5718986e-06	1.55817185e-06	1.58442443e-06	1.56122633e-08	1.99853537e-07	0	100	0	0	0	3
1588	951	67.0857597	11.7004841	1.57559887e-06	1.57211254e-06	1.55817185e-06	1.58442443e-06	1.55531204e-08	1.99853537e-07	0	100	0	0	0	3
1589	952	67.1286887	11.7078521	1.57660975e-06	1.57234198e-06	1.55817185e-06	1.58442443e-06	1.54840299e-08	1.99853537e-07	0	100	0	0	0	3
1590	952	67.1716502	11.7152202	1.57501385e-06	1.57254612e-06	1.55817185e-06	1.58442443e-06	1.54390265e-08	1.99853537e-07	0	100	0	0	0	3
1591	953	67.2146464	11.7225883	1.57513103e-06	1.57276936e-06	1.55817185e-06	1.58442443e-06	1.536546e-08	1.99853537e-07	0	100	0	0	0	3
1592	954	67.2576768	11.7299563	1.57411118e-06	1.57295882e-06	1.55817185e-06	1.58442443e-06	1.52882832e-08	1.99853537e-07	0	100	0	0	0	3
1593	954	67.300743	11.7373244	1.57369679e-06	1.57317482e-06	1.55817185e-06	1.58442443e-06	1.52507043e-08	1.99853537e-07	0	100	0	0	0	3
1594	955	67.3438445	11.7446925	1.57498535e-06	1.57340525e-06	1.55817185e-06	1.58442443e-06	1.52169382e-08	1.99853537e-07	0	100	0	0	0	3
1595	956	67.3869636	11.7520605	1.57207302e-06	1.57356846e-06	1.55817185e-06	1.58442443e-06	1.51330103e-08	1.99853537e-07	0	100	0	0	0	3
1596	956	67.430044	11.7594286	1.57364661e-06	1.57378445e-06	1.55817185e-06	1.58442443e-06	1.50867014e-08	1.99853537e-07	0	100	0	0	0	3
1597	957	67.4730858	11.7667966	1.57258012e-06	1.57397079e-06	1.55817185e-06	1.58442443e-06	1.49955927e-08	1.99853537e-07	0	100	0	0	0	3
1598	958	67.5160891	11.7741647	1.57378981e-06	1.57417933e-06	1.55817185e-06	1.58442443e-06	1.49561297e-08	1.99853537e-07	0	100	0	0	0	3
1599	958	67.5590541	11.7815328	1.57218305e-06	1.57436028e-06	1.55817185e-06	1.58442443e-06	1.48914637e-08	1.99853537e-07	0	100	0	0	0	3
1600	959	67.6019815	11.7889008	1.5716773e-06	1.57453451e-06	1.55817185e-06	1.58442443e-06	1.47707269e-08	1.99853537e-07	0	100	0	0	0	3
1601	960	67.6448719	11.7962689	1.57514325e-06	1.57472066e-06	1.55817185e-06	1.58442443e-06	1.49545628e-08	1.99853537e-07	0	100	0	0	0	3
1602	960	67.6877245	11.803637	1.57206058e-06	1.57493163e-06	1.56009136e-06	1.58442443e-06	1.49088764e-08	1.99853537e-07	0	100	0	0	0	3
1603	961	67.7305414	11.811005	1.57086814e-06	1.57509528e-06	1.56056213e-06	1.58442443e-06	1.4852702e-08	1.99853537e-07	0	100	0	0	0	3
1604	962	67.7733232	11.8183731	1.5729173e-06	1.57526042e-06	1.56056213e-06	1.58442443e-06	1.48250279e-08	1.99853537e-07	0	100	0	0	0	3
1605	962	67.8160702	11.8257411	1.57384247e-06	1.57544576e-06	1.56056213e-06	1.58442443e-06	1.47613735e-08	1.99853537e-07	0	100	0	0	0	3
1606	963	67.8587827	11.8331092	1.57250004e-06	1.57545664e-06	1.56067871e-06	1.58442443e-06	1.45524093e-08	1.99853537e-07	0	100	0	0	0	3
1607	964	67.9014626	11.8404773	1.5748084e-06	1.57566822e-06	1.56113142e-06	1.58442443e-06	1.45492587e-08	1.99853537e-07	0	100	0	0	0	3
1608	964	67.9441096	11.8478453	1.57469223e-06	1.57587116e-06	1.56374958e-06	1.58442443e-06	1.45000816e-08	1.99853537e-07	0	100	0	0	0	3
1609	965	67.9867252	11.8552134	1.57257014e-06	1.57600321e-06	1.56393058e-06	1.58442443e-06	1.43810655e-08	1.99853537e-07	0	100	0	0	0	3
1610	966	68	11.8625815	1.57669111e-06	1.57617252e-06	1.56393058e-06	1.58442443e-06	1.43297937e-08	1.99853537e-07	0	100	0	0	0	3
1611	966	68.0425761	11.8699495	1.57441121e-06	1.57630348e-06	1.56393058e-06	1.58442443e-06	1.43026514e-08	1.99853537e-07	0	100	0	0	0	3
1612	967	68.0851224	11.8773176	1.5747958e-06	1.57646743e-06	1.56697e-06	1.58442443e-06	1.42503828e-08	1.99853537e-07	0	100	0	0	0	3
1613	968	68.1276491	11.8846857	1.5783324e-06	1.57663865e-06	1.56736229e-06	1.58442443e-06	1.4193858e-08	1.99853537e-07	0	100	0	0	0	3
1614	968	68.1701398	11.8920537	1.57969909e-06	1.57682442e-06	1.5685086e-06	1.58442443e-06	1.41640682e-08	1.99853537e-07	0	100	0	0	0	3
1615	969	68.2126061	11.8994218	1.57833361e-06	1.57697234e-06	1.56941876e-06	1.58442443e-06	1.41046704e-08	1.99853537e-07	0	100	0	0	0	3
1616	970	68.2550482	11.9067898	1.57895736e-06	1.57711586e-06	1.57086814e-06	1.58442443e-06	1.35562918e-08	1.99853537e-07	0	100	0	0	0	3
1617	970	68.2974678	11.9141579	1.58038417e-06	1.57722335e-06	1.57086814e-06	1.58442443e-06	1.35562918e-08	1.99853537e-07	0	100	0	0	0	3
1618	971	68.3398651	11.921526	1.58215021e-06	1.57736517e-06	1.57086814e-06	1.58442443e-06	1.35562918e-08	1.99853537e-07	0	100	0	0	0	3
1619	972	68.3822419	11.928894	1.58297429e-06	1.57751651e-06	1.57086814e-06	1.58442443e-06	1.35562918e-08	1.99853537e-07	0	100	0	0	0	3
1620	972	68.4245986	11.9362621	1.58710202e-06	1.57772339e-06	1.57086814e-06	1.58710202e-06	1.3738628e-08	1.99853537e-07	0	100	0	0	0	3
1621	973	68.4669364	11.9436302	1.58577402e-06	1.57789299e-06	1.57086814e-06	1.58710202e-06	1.36893911e-08	1.99853537e-07	0	100	0	0	0	3
1622	974	68.5092567	11.9509982	1.58589282e-06	1.57805659e-06	1.57086814e-06	1.58710202e-06	1.36270225e-08	1.99853537e-07	0	100	0	0	0	3
1623	974	68.5515619	11.9583663	1.58654238e-06	1.57821635e-06	1.57086814e-06	1.58710202e-06	1.35554583e-08	1.99853537e-07	0	100	0	0	0	3
1624	975	68.5938533	11.9657343	1.58769949e-06	1.57837938e-06	1.57086814e-06	1.58769949e-06	1.34487352e-08	1.99853537e-07	0	100	0	0	0	3
1625	976	68.6361325	11.9731024	1.58841647e-06	1.57849992e-06	1.57086814e-06	1.58841647e-06	1.33385979e-08	1.99853537e-07	0	100	0	0	0	3
1626	976	68.6784006	11.9804705	1.58889134e-06	1.57863847e-06	1.57086814e-06	1.58889134e-06	1.32120426e-08	1.99853537e-07	0	100	0	0	0	3
1627	977	68.72066	11.9878385	1.59078006e-06	1.57881118e-06	1.57086814e-06	1.59078006e-06	1.31386157e-08	1.99853537e-07	0	100	0	0	0	3
1628	978	68.7629115	11.9952066	1.59347764e-06	1.57902913e-06	1.57086814e-06	1.59347764e-06	1.31281459e-08	1.99853537e-07	0	100	0	0	0	3
1629	978	68.8051564	12.0025747	1.59311827e-06	1.57922105e-06	1.57086814e-06	1.59347764e-06	1.31969063e-08	1.99853537e-07	0	100	0	0	0	3
1630	979	68.8473966	12.0099427	1.59313116e-06	1.57941169e-06	1.57086814e-06	1.59347764e-06	1.31807701e-08	1.99853537e-07	0	100	0	0	0	3
1631	980	68.8896341	12.0173108	1.59200302e-06	1.57958806e-06	1.57086814e-06	1.59347764e-06	1.31504037e-08	1.99853537e-07	0	100	0	0	0	3
1632	980	68.9318707	12.0246789	1.59319397e-06	1.5797918e-06	1.57086814e-06	1.59347764e-06	1.31134652e-08	1.99853537e-07	0	100	0	0	0	3
1633	981	68.9741082	12.0320469	1.5928901e-06	1.57996105e-06	1.57086814e-06	1.59347764e-06	1.30389173e-08	1.99853537e-07	0	100	0	0	0	3
1634	982	69	12.039415	1.59402328e-06	1.58006877e-06	1.57086814e-06	1.59402328e-06	1.28922715e-08	1.99853537e-07	0	100	0	0	0	3
1635	982	69.0422422	12.046783	1.59374945e-06	1.58023608e-06	1.57086814e-06	1.59402328e-06	1.2760381e-08	1.99853537e-07	0	100	0	0	0	3
1636	983	69.0844889	12.0541511	1.59261e-06	1.58035795e-06	1.57086814e-06	1.59402328e-06	1.26325646e-08	1.99853537e-07	0	100	0	0	0	3
1637	984	69.1267431	12.0615192	1.59430406e-06	1.58052933e-06	1.57086814e-06	1.59430406e-06	1.2560626e-08	1.99853537e-07	0	100	0	0	0	3
1638	984	69.1690056	12.0688872	1.59514346e-06	1.58072838e-06	1.57086814e-06	1.59514346e-06	1.25300936e-08	1.99853537e-07	0	100	0	0	0	3
1639	985	69.2112783	12.0762553	1.59730713e-06	1.58096612e-06	1.57086814e-06	1.59730713e-06	1.25091299e-08	1.99853537e-07	0	100	0	0	0	3
1640	986	69.2535617	12.0836234	1.59491956e-06	1.58114499e-06	1.57086814e-06	1.59730713e-06	1.24297966e-08	1.99853537e-07	0	100	0	0	0	3
1641	986	69.2958581	12.0909914	1.59422204e-06	1.58132587e-06	1.57086814e-06	1.59730713e-06	1.23640763e-08	1.99853537e-07	0	100	0	0	0	3
1642	987	69.3381692	12.0983595	1.59391683e-06	1.58151213e-06	1.57086814e-06	1.59730713e-06	1.23001673e-08	1.99853537e-07	0	100	0	0	0	3
1643	988	69.380497	12.1057275	1.59418328e-06	1.58169784e-06	1.57086814e-06	1.59730713e-06	1.22437044e-08	1.99853537e-07	0	100	0	0	0	3
1644	988	69.4228422	12.1130956	1.59328519e-06	1.58188291e-06	1.57086814e-06	1.59730713e-06	1.21789674e-08	1.99853537e-07	0	100	0	0	0	3
1645	989	69.4652071	12.1204637	1.59330042e-06	1.582071e-06	1.57086814e-06	1.59730713e-06	1.21299498e-08	1.99853537e-07	0	100	0	0	0	3
1646	990	69.5075922	12.1278317	1.59266479e-06	1.5822537e-06	1.57086814e-06	1.59730713e-06	1.20716738e-08	1.99853537e-07	0	100	0	0	0	3
1647	990	69.5499999	12.1351998	1.59209827e-06	1.58244557e-06	1.57086814e-06	1.59730713e-06	1.20482797e-08	1.99853537e-07	0	100	0	0	0	3
1648	991	69.5924308	12.1425679	1.5911276e-06	1.58262006e-06	1.57086814e-06	1.59730713e-06	1.19977136e-08	1.99853537e-07	0	100	0	0	0	3
1649	992	69.6348871	12.1499359	1.59185962e-06	1.58281303e-06	1.57086814e-06	1.59730713e-06	1.20370519e-08	1.99853537e-07	0	100	0	0	0	3
1650	992	69.6773687	12.157304	1.59078406e-06	1.58300154e-06	1.57086814e-06	1.59730713e-06	1.19932733e-08	1.99853537e-07	0	100	0	0	0	3
1651	993	69.719878	12.164672	1.58864963e-06	1.58316013e-06	1.57086814e-06	1.59730713e-06	1.18808999e-08	1.99853537e-07	0	100	0	0	0	3
1652	994	69.7624159	12.1720401	1.58924507e-06	1.5833137e-06	1.57086814e-06	1.59730713e-06	1.18089637e-08	1.99853537e-07	0	100	0	0	0	3
1653	994	69.8049838	12.1794082	1.58879914e-06	1.58347777e-06	1.57086814e-06	1.59730713e-06	1.17968951e-08	1.99853537e-07	0	100	0	0	0	3
1654	995	69.8475823	12.1867762	1.58838693e-06	1.58358621e-06	1.57086814e-06	1.59730713e-06	1.16876068e-08	1.99853537e-07	0	100	0	0	0	3
1655	996	69.8902126	12.1941443	1.58893428e-06	1.58378447e-06	1.57086814e-06	1.59730713e-06	1.16719304e-08	1.99853537e-07	0	100	0	0	0	3
1656	996	69.9328751	12.2015124	1.58728443e-06	1.58396025e-06	1.57086814e-06	1.59730713e-06	1.16182652e-08	1.99853537e-07	0	100	0	0	0	3
1657	997	69.9755714	12.2088804	1.58642458e-06	1.58410805e-06	1.57086814e-06	1.59730713e-06	1.1561931e-08	1.99853537e-07	0	100	0	0	0	3
1658	998	70	12.2162485	1.58664599e-06	1.5842681e-06	1.57086814e-06	1.59730713e-06	1.14987463e-08	1.99853537e-07	0	100	0	0	0	3
1659	998	70.0427506	12.2236166	1.58525876e-06	1.58442199e-06	1.57086814e-06	1.59730713e-06	1.14631693e-08	1.99853537e-07	0	100	0	0	0	3
1660	999	70.0855369	12.2309846	1.58476212e-06	1.58458403e-06	1.57086814e-06	1.59730713e-06	1.14092093e-08	1.99853537e-07	0	100	0	0	0	3
1661	1000	70.1283675	12.2383527	1.58523211e-06	1.58475967e-06	1.57086814e-06	1.59730713e-06	1.13544229e-08	1.99853537e-07	0	100	0	0	0	3
1662	1000	70.1712257	12.2457207	1.58432876e-06	1.58490214e-06	1.57086814e-06	1.59730713e-06	1.13336744e-08	1.99853537e-07	0	100	0	0	0	3
1663	1001	70.214123	12.2530888	1.58383863e-06	1.58508167e-06	1.57086814e-06	1.59730713e-06	1.12972175e-08	1.99853537e-07	0	100	0	0	0	3
1664	1002	70.2570586	12.2604569	1.58284602e-06	1.58522197e-06	1.57086814e-06	1.59730713e-06	1.12511859e-08	1.99853537e-07	0	100	0	0	0	3
1665	1002	70.3000333	12.2678249	1.58196642e-06	1.58536496e-06	1.57086814e-06	1.59730713e-06	1.11856344e-08	1.99853537e-07	0	100	0	0	0	3
1666	1003	70.3430471	12.275193	1.58278203e-06	1.58550174e-06	1.57086814e-06	1.59730713e-06	1.11414586e-08	1.99853537e-07	0	100	0	0	0	3
1667	1004	70.3861003	12.2825611	1.58280225e-06	1.58566304e-06	1.57086814e-06	1.59730713e-06	1.11285389e-08	1.99853537e-07	0	100	0	0	0	3
1668	1004	70.4291435	12.2899291	1.58091115e-06	1.58580306e-06	1.57086814e-06	1.59730713e-06	1.10823984e-08	1.99853537e-07	0	100	0	0	0	3
1669	1005	70.4721468	12.2972972	1.58205419e-06	1.58590775e-06	1.57086814e-06	1.59730713e-06	1.09761164e-08	1.99853537e-07	0	100	0	0	0	3
1670	1006	70.5151093	12.3046652	1.58183916e-06	1.58605579e-06	1.57086814e-06	1.59730713e-06	1.09605159e-08	1.99853537e-07	0	100	0	0	0	3
1671	1006	70.558032	12.3120333	1.58142416e-06	1.58621547e-06	1.57250004e-06	1.59730713e-06	1.09550556e-08	1.99853537e-07	0	100	0	0	0	3
1672	1007	70.6009154	12.3194014	1.5818666e-06	1.58635072e-06	1.57250004e-06	1.59730713e-06	1.09049559e-08	1.99853537e-07	0	100	0	0	0	3
1673	1008	70.6437602	12.3267694	1.58175968e-06	1.58647025e-06	1.57250004e-06	1.59730713e-06	1.10136032e-08	1.99853537e-07	0	100	0	0	0	3
1674	1008	70.6865666	12.3341375	1.58000206e-06	1.58658335e-06	1.57257014e-06	1.59730713e-06	1.09151307e-08	1.99853537e-07	0	100	0	0	0	3
1675	1009	70.7293366	12.3415056	1.58184456e-06	1.58668939e-06	1.57257014e-06	1.59730713e-06	1.08182329e-08	1.99853537e-07	0	100	0	0	0	3
1676	1010	70.7720697	12.3488736	1.58373103e-06	1.58682561e-06	1.57257014e-06	1.59730713e-06	1.08224049e-08	1.99853537e-07	0	100	0	0	0	3
1677	1010	70.814767	12.3562417	1.5815748e-06	1.58696115e-06	1.57441121e-06	1.59730713e-06	1.07886298e-08	1.99853537e-07	0	100	0	0	0	3
1678	1011	70.8574301	12.3636098	1.58187669e-06	1.58693295e-06	1.57441121e-06	1.59730713e-06	1.06576732e-08	1.99853537e-07	0	100	0	0	0	3
1679	1012	70.9000603	12.3709778	1.58233488e-06	1.58705092e-06	1.5747958e-06	1.59730713e-06	1.05834936e-08	1.99853537e-07	0	100	0	0	0	3
1680	1012	70.9426578	12.3783459	1.58482939e-06	1.58720027e-06	1.5783324e-06	1.59730713e-06	1.05616187e-08	1.99853537e-07	0	100	0	0	0	3
1681	1013	70.9852239	12.3857139	1.58543276e-06	1.58730592e-06	1.57833361e-06	1.59730713e-06	1.04814987e-08	1.99853537e-07	0	100	0	0	0	3
1682	1014	71	12.393082	1.58479938e-06	1.58740705e-06	1.57833361e-06	1.59730713e-06	1.04347084e-08	1.99853537e-07	0	100	0	0	0	3
1683	1015	71.0425263	12.4004501	1.58308825e-06	1.5874783e-06	1.57895736e-06	1.59730713e-06	1.03624467e-08	1.99853537e-07	0	100	0	0	0	3
1684	1015	71.0850236	12.4078181	1.58857154e-06	1.58762251e-06	1.58000206e-06	1.59730713e-06	1.03991663e-08	1.99853537e-07	0	100	0	0	0	3
1685	1016	71.127493	12.4151862	1.59173035e-06	1.58779265e-06	1.58000206e-06	1.59730713e-06	1.04274809e-08	1.99853537e-07	0	100	0	0	0	3
1686	1017	71.1699347	12.4225543	1.58952134e-06	1.58790311e-06	1.58000206e-06	1.59730713e-06	1.03865969e-08	1.99853537e-07	0	100	0	0	0	3
1687	1017	71.2123517	12.4299223	1.58888864e-06	1.58799168e-06	1.58000206e-06	1.59730713e-06	1.02682887e-08	1.99853537e-07	0	100	0	0	0	3
1688	1018	71.2547448	12.4372904	1.59067047e-06	1.58804512e-06	1.58000206e-06	1.59730713e-06	1.01521274e-08	1.99853537e-07	0	100	0	0	0	3
1689	1019	71.2971162	12.4446584	1.59152648e-06	1.58813122e-06	1.58000206e-06	1.59730713e-06	1.00746292e-08	1.99853537e-07	0	100	0	0	0	3
1690	1019	71.3394663	12.4520265	1.59411091e-06	1.58825417e-06	1.58000206e-06	1.59730713e-06	1.003782e-08	1.99853537e-07	0	100	0	0	0	3
1691	1020	71.381797	12.4593946	1.59795646e-06	1.58842487e-06	1.58000206e-06	1.59795646e-06	1.00454847e-08	1.99853537e-07	0	100	0	0	0	3
1692	1021	71.4241083	12.4667626	1.59684457e-06	1.58856158e-06	1.58000206e-06	1.59795646e-06	1.006166e-08	1.99853537e-07	0	100	0	0	0	3
1693	1021	71.4664032	12.4741307	1.59686846e-06	1.58868788e-06	1.58000206e-06	1.59795646e-06	1.00494118e-08	1.99853537e-07	0	100	0	0	0	3
1694	1022	71.5086828	12.4814988	1.59667987e-06	1.58880423e-06	1.58000206e-06	1.59795646e-06	9.99304315e-09	1.99853537e-07	0	100	0	0	0	3
1695	1022	71.5509498	12.4888668	1.59763253e-06	1.58890657e-06	1.58000206e-06	1.59795646e-06	9.87743193e-09	1.99853537e-07	0	100	0	0	0	3
1696	1023	71.5932051	12.4962349	1.59884504e-06	1.58898671e-06	1.58000206e-06	1.59884504e-06	9.76565546e-09	1.99853537e-07	0	100	0	0	0	3
1697	1024	71.635451	12.5036029	1.59885435e-06	1.58907233e-06	1.58000206e-06	1.59885435e-06	9.66063158e-09	1.99853537e-07	0	100	0	0	0	3
1698	1024	71.6776889	12.510971	1.60102081e-06	1.58919006e-06	1.58000206e-06	1.60102081e-06	9.60200882e-09	1.99853537e-07	0	100	0	0	0	3
1699	1025	71.7199208	12.5183391	1.60481384e-06	1.58938121e-06	1.58000206e-06	1.60481384e-06	9.58941366e-09	1.99853537e-07	0	100	0	0	0	3
1700	1026	71.7621466	12.5257071	1.60316538e-06	1.58952997e-06	1.58000206e-06	1.60481384e-06	9.56891686e-09	1.99853537e-07	0	100	0	0	0	3
1701	1027	71.8043697	12.5330752	1.60218543e-06	1.58966862e-06	1.58000206e-06	1.60481384e-06	9.59984864e-09	1.99853537e-07	0	100	0	0	0	3
1702	1027	71.8465914	12.5404433	1.60188207e-06	1.58981017e-06	1.58000206e-06	1.60481384e-06	9.57409101e-09	1.99853537e-07	0	100	0	0	0	3
1703	1028	71.8888144	12.5478113	1.60316022e-06	1.58994973e-06	1.58000206e-06	1.60481384e-06	9.59177969e-09	1.99853537e-07	0	100	0	0	0	3
1704	1028	71.9310396	12.5551794	1.60272613e-06	1.59009977e-06	1.58000206e-06	1.60481384e-06	9.57044144e-09	1.99853537e-07	0	100	0	0	0	3
1705	1029	71.9732696	12.5625475	1.60307782e-06	1.5902299e-06	1.58000206e-06	1.60481384e-06	9.50152074e-09	1.99853537e-07	0	100	0	0	0	3
1706	1030	72	12.5699155	1.60333786e-06	1.59028031e-06	1.58000206e-06	1.60481384e-06	9.31419455e-09	1.99853537e-07	0	100	0	0	0	3
1707	1031	72.0422411	12.5772836	1.60237013e-06	1.59035578e-06	1.58000206e-06	1.60481384e-06	9.21078824e-09	1.99853537e-07	0	100	0	0	0	3
1708	1031	72.084491	12.5846516	1.60332632e-06	1.59048119e-06	1.58000206e-06	1.60481384e-06	9.15532435e-09	1.99853537e-07	0	100	0	0	0	3
1709	1032	72.1267519	12.5920197	1.60665394e-06	1.59066673e-06	1.58000206e-06	1.60665394e-06	9.15460849e-09	1.99853537e-07	0	100	0	0	0	3
1710	1033	72.169024	12.5993878	1.60478646e-06	1.590829e-06	1.58000206e-06	1.60665394e-06	9.13115995e-09	1.99853537e-07	0	100	0	0	0	3
1711	1033	72.21131	12.6067558	1.60302176e-06	1.59096098e-06	1.58000206e-06	1.60665394e-06	9.07806395e-09	1.99853537e-07	0	100	0	0	0	3
1712	1034	72.2536113	12.6141239	1.60357602e-06	1.59111472e-06	1.58000206e-06	1.60665394e-06	9.04372736e-09	1.99853537e-07	0	100	0	0	0	3
1713	1035	72.2959302	12.621492	1.60234623e-06	1.59124992e-06	1.58000206e-06	1.60665394e-06	8.99622218e-09	1.99853537e-07	0	100	0	0	0	3
1714	1035	72.3382677	12.62886	1.60230187e-06	1.59139404e-06	1.58000206e-06	1.60665394e-06	8.94846577e-09	1.99853537e-07	0	100	0	0	0	3
1715	1036	72.380626	12.6362281	1.60127954e-06	1.59153141e-06	1.58000206e-06	1.60665394e-06	8.91135028e-09	1.99853537e-07	0	100	0	0	0	3
1716	1037	72.4230061	12.6435961	1.6015769e-06	1.59168787e-06	1.58000206e-06	1.60665394e-06	8.87483773e-09	1.99853537e-07	0	100	0	0	0	3
1717	1037	72.4654099	12.6509642	1.60027994e-06	1.59181401e-06	1.58000206e-06	1.60665394e-06	8.81246954e-09	1.99853537e-07	0	100	0	0	0	3
1718	1038	72.5078385	12.6583323	1.60029866e-06	1.59195666e-06	1.58000206e-06	1.60665394e-06	8.7965294e-09	1.99853537e-07	0	100	0	0	0	3
1719	1039	72.5502938	12.6657003	1.59928823e-06	1.59211629e-06	1.58000206e-06	1.60665394e-06	8.8025974e-09	1.99853537e-07	0	100	0	0	0	3
1720	1039	72.5927763	12.6730684	1.59779173e-06	1.59224463e-06	1.58000206e-06	1.60665394e-06	8.76686477e-09	1.99853537e-07	0	100	0	0	0	3
1721	1040	72.6352884	12.6804365	1.59754239e-06	1.59237603e-06	1.58000206e-06	1.60665394e-06	8.78981772e-09	1.99853537e-07	0	100	0	0	0	3
1722	1041	72.6778304	12.6878045	1.59717524e-06	1.5925082e-06	1.58000206e-06	1.60665394e-06	8.72372981e-09	1.99853537e-07	0	100	0	0	0	3
1723	1041	72.7204045	12.6951726	1.59682846e-06	1.59262703e-06	1.58000206e-06	1.60665394e-06	8.66677916e-09	1.99853537e-07	0	100	0	0	0	3
1724	1042	72.7630106	12.7025406	1.59566525e-06	1.5927533e-06	1.58000206e-06	1.60665394e-06	8.64525481e-09	1.99853537e-07	0	100	0	0	0	3
1725	1043	72.8056509	12.7099087	1.59544888e-06	1.59288939e-06	1.58000206e-06	1.60665394e-06	8.62129036e-09	1.99853537e-07	0	100	0	0	0	3
1726	1043	72.8483253	12.7172768	1.59475633e-06	1.59297091e-06	1.58000206e-06	1.60665394e-06	8.54891976e-09	1.99853537e-07	0	100	0	0	0	3
1727	1044	72.891036	12.7246448	1.59345737e-06	1.59309396e-06	1.58000206e-06	1.60665394e-06	8.50992633e-09	1.99853537e-07	0	100	0	0	0	3
1728	1045	72.9337828	12.7320129	1.592735e-06	1.59321373e-06	1.58000206e-06	1.60665394e-06	8.45406445e-09	1.99853537e-07	0	100	0	0	0	3
1729	1045	72.9765676	12.739381	1.59173098e-06	1.59331149e-06	1.58000206e-06	1.60665394e-06	8.40934583e-09	1.99853537e-07	0	100	0	0	0	3
1730	1046	73	12.746749	1.59315771e-06	1.59344631e-06	1.58000206e-06	1.60665394e-06	8.36463824e-09	1.99853537e-07	0	100	0	0	0	3
1731	1047	73.0428445	12.7541171	1.59045163e-06	1.59354665e-06	1.58000206e-06	1.60665394e-06	8.32467672e-09	1.99853537e-07	0	100	0	0	0	3
1732	1048	73.0857282	12.7614852	1.59074305e-06	1.59366657e-06	1.58000206e-06	1.60665394e-06	8.30160651e-09	1.99853537e-07	0	100	0	0	0	3
1733	1048	73.1286522	12.7688532	1.59072747e-06	1.59379972e-06	1.58000206e-06	1.60665394e-06	8.29798515e-09	1.99853537e-07	0	100	0	0	0	3
1734	1049	73.1716161	12.7762213	1.58868616e-06	1.5938896e-06	1.58000206e-06	1.60665394e-06	8.22655396e-09	1.99853537e-07	0	100	0	0	0	3
1735	1050	73.2146218	12.7835893	1.58925409e-06	1.59398788e-06	1.58000206e-06	1.60665394e-06	8.18482473e-09	1.99853537e-07	0	100	0	0	0	3
1736	1050	73.2576297	12.7909574	1.58867546e-06	1.5941061e-06	1.58000206e-06	1.60665394e-06	8.19835539e-09	1.99853537e-07	0	100	0	0	0	3
1737	1051	73.3005948	12.7983255	1.5885789e-06	1.59420538e-06	1.58000206e-06	1.60665394e-06	8.14958194e-09	1.99853537e-07	0	100	0	0	0	3
1738	1052	73.3435171	12.8056935	1.58802237e-06	1.59429939e-06	1.58000206e-06	1.60665394e-06	8.08391359e-09	1.99853537e-07	0	100	0	0	0	3
1739	1052	73.3863974	12.8130616	1.58890054e-06	1.59441293e-06	1.58000206e-06	1.60665394e-06	8.06220705e-09	1.99853537e-07	0	100	0	0	0	3
1740	1053	73.4292352	12.8204297	1.58875444e-06	1.59451745e-06	1.58000206e-06	1.60665394e-06	8.04720431e-09	1.99853537e-07	0	100	0	0	0	3
1741	1054	73.4720317	12.8277977	1.58625201e-06	1.59458565e-06	1.58000206e-06	1.60665394e-06	8.00229902e-09	1.99853537e-07	0	100	0	0	0	3
1742	1054	73.5147875	12.8351658	1.58654589e-06	1.59468483e-06	1.5815748e-06	1.60665394e-06	7.99544358e-09	1.99853537e-07	0	100	0	0	0	3
1743	1055	73.5575037	12.8425338	1.58824593e-06	1.59478176e-06	1.5815748e-06	1.60665394e-06	7.95615385e-09	1.99853537e-07	0	100	0	0	0	3
1744	1056	73.60018	12.8499019	1.58614658e-06	1.59481844e-06	1.5815748e-06	1.60665394e-06	7.88548959e-09	1.99853537e-07	0	100	0	0	0	3
1745	1056	73.6428182	12.85727	1.58868671e-06	1.59492594e-06	1.58187669e-06	1.60665394e-06	7.99299196e-09	1.99853537e-07	0	100	0	0	0	3
1746	1057	73.6854182	12.864638	1.5905464e-06	1.59505683e-06	1.58233488e-06	1.60665394e-06	8.00590632e-09	1.99853537e-07	0	100	0	0	0	3
1747	1058	73.727981	12.8720061	1.58624249e-06	1.59511594e-06	1.58308825e-06	1.60665394e-06	7.91567055e-09	1.99853537e-07	0	100	0	0	0	3
1748	1058	73.7705085	12.8793742	1.58818762e-06	1.5951667e-06	1.58308825e-06	1.60665394e-06	7.86078533e-09	1.99853537e-07	0	100	0	0	0	3
1749	1059	73.8130014	12.8867422	1.58992786e-06	1.5952345e-06	1.58308825e-06	1.60665394e-06	7.82745534e-09	1.99853537e-07	0	100	0	0	0	3
1750	1060	73.8554605	12.8941103	1.59256731e-06	1.59524884e-06	1.58308825e-06	1.60665394e-06	7.77053679e-09	1.99853537e-07	0	100	0	0	0	3
1751	1060	73.8978866	12.9014784	1.59030596e-06	1.59535651e-06	1.58614658e-06	1.60665394e-06	7.73399835e-09	1.99853537e-07	0	100	0	0	0	3
1752	1061	73.9402818	12.9088464	1.59003869e-06	1.59537854e-06	1.58614658e-06	1.60665394e-06	7.58588404e-09	1.99853537e-07	0	100	0	0	0	3
1753	1062	73.9826476	12.9162145	1.59378902e-06	1.59540922e-06	1.58614658e-06	1.60665394e-06	7.50610945e-09	1.99853537e-07	0	100	0	0	0	3
1754	1062	74	12.9235825	1.59921055e-06	1.59552082e-06	1.58614658e-06	1.60665394e-06	7.52914309e-09	1.99853537e-07	0	100	0	0	0	3
1755	1063	74.0423239	12.9309506	1.59679117e-06	1.59563923e-06	1.58614658e-06	1.60665394e-06	7.59410753e-09	1.99853537e-07	0	100	0	0	0	3
1756	1064	74.0846189	12.9383187	1.59542298e-06	1.59571043e-06	1.58614658e-06	1.60665394e-06	7.57921572e-09	1.99853537e-07	0	100	0	0	0	3
1757	1064	74.1268881	12.9456867	1.5972679e-06	1.59579634e-06	1.58614658e-06	1.60665394e-06	7.54217939e-09	1.99853537e-07	0	100	0	0	0	3
1758	1065	74.169133	12.9530548	1.5984974e-06	1.59586189e-06	1.58614658e-06	1.60665394e-06	7.43702865e-09	1.99853537e-07	0	100	0	0	0	3
1759	1066	74.2113553	12.9604229	1.59823293e-06	1.59586594e-06	1.58614658e-06	1.60665394e-06	7.30436324e-09	1.99853537e-07	0	100	0	0	0	3
1760	1066	74.2535561	12.9677909	1.59877021e-06	1.59589462e-06	1.58614658e-06	1.60665394e-06	7.20674199e-09	1.99853537e-07	0	100	0	0	0	3
1761	1067	74.2957374	12.975159	1.60180462e-06	1.59596817e-06	1.58614658e-06	1.60665394e-06	7.1639458e-09	1.99853537e-07	0	100	0	0	0	3
1762	1068	74.3379	12.982527	1.60557688e-06	1.59610073e-06	1.58614658e-06	1.60665394e-06	7.19416612e-09	1.99853537e-07	0	100	0	0	0	3
1763	1068	74.380045	12.9898951	1.60405741e-06	1.59619638e-06	1.58614658e-06	1.60665394e-06	7.20967177e-09	1.99853537e-07	0	100	0	0	0	3
1764	1069	74.4221746	12.9972632	1.60468282e-06	1.5962832e-06	1.58614658e-06	1.60665394e-06	7.21087108e-09	1.99853537e-07	0	100	0	0	0	3
1765	1070	74.4642908	13.0046312	1.60493551e-06	1.59637362e-06	1.58614658e-06	1.60665394e-06	7.1835527e-09	1.99853537e-07	0	100	0	0	0	3
1766	1070	74.5063954	13.0119993	1.6054615e-06	1.5964395e-06	1.58614658e-06	1.60665394e-06	7.05828218e-09	1.99853537e-07	0	100	0	0	0	3
1767	1071	74.5484905	13.0193674	1.60595036e-06	1.59645601e-06	1.58614658e-06	1.60665394e-06	6.9260385e-09	1.99853537e-07	0	100	0	0	0	3
1768	1072	74.5905776	13.0267354	1.60825571e-06	1.59653142e-06	1.58614658e-06	1.60825571e-06	6.86279869e-09	1.99853537e-07	0	100	0	0	0	3
1769	1072	74.6326585	13.0341035	1.61204709e-06	1.59667786e-06	1.58614658e-06	1.61204709e-06	6.86769649e-09	1.99853537e-07	0	100	0	0	0	3
1770	1073	74.6747337	13.0414715	1.60971181e-06	1.59679408e-06	1.58614658e-06	1.61204709e-06	6.84434992e-09	1.99853537e-07	0	100	0	0	0	3
1771	1074	74.7168064	13.0488396	1.60957135e-06	1.59688912e-06	1.58614658e-06	1.61204709e-06	6.78935032e-09	1.99853537e-07	0	100	0	0	0	3
1772	1074	74.758878	13.0562077	1.6089574e-06	1.59698151e-06	1.58614658e-06	1.61204709e-06	6.75161183e-09	1.99853537e-07	0	100	0	0	0	3
1773	1075	74.800951	13.0635757	1.60960894e-06	1.59707835e-06	1.58614658e-06	1.61204709e-06	6.79803573e-09	1.99853537e-07	0	100	0	0	0	3
1774	1076	74.8430268	13.0709438	1.60968269e-06	1.59720604e-06	1.58614658e-06	1.61204709e-06	6.85025606e-09	1.99853537e-07	0	100	0	0	0	3
1775	1076	74.8851078	13.0783119	1.61002086e-06	1.59731899e-06	1.58614658e-06	1.61204709e-06	6.83780187e-09	1.99853537e-07	0	100	0	0	0	3
1776	1077	74.9271954	13.0856799	1.60997771e-06	1.59741713e-06	1.58614658e-06	1.61204709e-06	6.75039388e-09	1.99853537e-07	0	100	0	0	0	3
1777	1078	74.9692916	13.093048	1.60989085e-06	1.59746453e-06	1.58614658e-06	1.61204709e-06	6.63552813e-09	1.99853537e-07	0	100	0	0	0	3
1778	1078	75	13.1004161	1.61060846e-06	1.59749777e-06	1.58614658e-06	1.61204709e-06	6.53679569e-09	1.99853537e-07	0	100	0	0	0	3
1779	1079	75.042115	13.1077841	1.61260915e-06	1.59764008e-06	1.58614658e-06	1.61260915e-06	6.52535299e-09	1.99853537e-07	0	100	0	0	0	3
1780	1080	75.0842423	13.1151522	1.61131084e-06	1.59775483e-06	1.58614658e-06	1.61260915e-06	6.50490469e-09	1.99853537e-07	0	100	0	0	0	3
1781	1081	75.1263845	13.1225202	1.61032729e-06	1.59787337e-06	1.58614658e-06	1.61260915e-06	6.47933206e-09	1.99853537e-07	0	100	0	0	0	3
1782	1081	75.1685433	13.1298883	1.60911207e-06	1.59797453e-06	1.58614658e-06	1.61260915e-06	6.44311583e-09	1.99853537e-07	0	100	0	0	0	3
1783	1082	75.2107208	13.1372564	1.60796838e-06	1.598074e-06	1.58614658e-06	1.61260915e-06	6.3861332e-09	1.99853537e-07	0	100	0	0	0	3
1784	1083	75.2529186	13.1446244	1.60900852e-06	1.59818459e-06	1.58614658e-06	1.61260915e-06	6.37058217e-09	1.99853537e-07	0	100	0	0	0	3
1785	1083	75.295138	13.1519925	1.60800871e-06	1.59829977e-06	1.58614658e-06	1.61260915e-06	6.3431154e-09	1.99853537e-07	0	100	0	0	0	3
1786	1084	75.3373805	13.1593606	1.60676665e-06	1.5983962e-06	1.58614658e-06	1.61260915e-06	6.27990688e-09	1.99853537e-07	0	100	0	0	0	3
1787	1085	75.3796481	13.1667286	1.6056439e-06	1.59849109e-06	1.58614658e-06	1.61260915e-06	6.24645644e-09	1.99853537e-07	0	100	0	0	0	3
1788	1085	75.421942	13.1740967	1.60658601e-06	1.5986226e-06	1.58614658e-06	1.61260915e-06	6.24657696e-09	1.99853537e-07	0	100	0	0	0	3
1789	1086	75.4642637	13.1814647	1.60486781e-06	1.59873226e-06	1.58614658e-06	1.61260915e-06	6.22405987e-09	1.99853537e-07	0	100	0	0	0	3
1790	1087	75.5066144	13.1888328	1.60417153e-06	1.59883711e-06	1.58614658e-06	1.61260915e-06	6.21008742e-09	1.99853537e-07	0	100	0	0	0	3
1791	1087	75.5489958	13.1962009	1.60320987e-06	1.59893286e-06	1.58614658e-06	1.61260915e-06	6.17956307e-09	1.99853537e-07	0	100	0	0	0	3
1792	1088	75.5914088	13.2035689	1.6022727e-06	1.59903217e-06	1.58614658e-06	1.61260915e-06	6.142775e-09	1.99853537e-07	0	100	0	0	0	3
1793	1089	75.6338556	13.210937	1.60159943e-06	1.59912472e-06	1.58614658e-06	1.61260915e-06	6.15381258e-09	1.99853537e-07	0	100	0	0	0	3
1794	1089	75.6763361	13.2183051	1.60068788e-06	1.59921412e-06	1.58614658e-06	1.61260915e-06	6.12016373e-09	1.99853537e-07	0	100	0	0	0	3
1795	1090	75.7188523	13.2256731	1.60052246e-06	1.59932074e-06	1.58614658e-06	1.61260915e-06	6.10700979e-09	1.99853537e-07	0	100	0	0	0	3
1796	1091	75.7614047	13.2330412	1.59957363e-06	1.59942411e-06	1.58614658e-06	1.61260915e-06	6.11262358e-09	1.99853537e-07	0	100	0	0	0	3
1797	1091	75.8039946	13.2404092	1.59871224e-06	1.5995298e-06	1.58614658e-06	1.61260915e-06	6.08349196e-09	1.99853537e-07	0	100	0	0	0	3
1798	1092	75.8466221	13.2477773	1.59780175e-06	1.59955637e-06	1.58614658e-06	1.61260915e-06	6.00972619e-09	1.99853537e-07	0	100	0	0	0	3
1799	1093	75.8892891	13.2551454	1.59697143e-06	1.59965467e-06	1.58614658e-06	1.61260915e-06	5.98810455e-09	1.99853537e-07	0	100	0	0	0	3
1800	1093	75.931996	13.2625134	1.59713456e-06	1.59975113e-06	1.58614658e-06	1.61260915e-06	5.95140223e-09	1.99853537e-07	0	100	0	0	0	3
1801	1094	75.9747434	13.2698815	1.5952747e-06	1.59981998e-06	1.58614658e-06	1.61260915e-06	5.93038607e-09	1.99853537e-07	0	100	0	0	0	3
1802	1095	76	13.2772496	1.59608973e-06	1.5999558e-06	1.58614658e-06	1.61260915e-06	5.96792034e-09	1.99853537e-07	0	100	0	0	0	3
1803	1095	76.0428132	13.2846176	1.59421456e-06	1.60003162e-06	1.58614658e-06	1.61260915e-06	5.92551844e-09	1.99853537e-07	0	100	0	0	0	3
1804	1096	76.0856685	13.2919857	1.59429096e-06	1.60011733e-06	1.58614658e-06	1.61260915e-06	5.91195189e-09	1.99853537e-07	0	100	0	0	0	3
1805	1097	76.128574	13.2993538	1.59381582e-06	1.60019703e-06	1.58614658e-06	1.61260915e-06	5.89763966e-09	1.99853537e-07	0	100	0	0	0	3
1806	1098	76.1715133	13.3067218	1.5926364e-06	1.60026701e-06	1.58614658e-06	1.61260915e-06	5.85408329e-09	1.99853537e-07	0	100	0	0	0	3
1807	1098	76.2144974	13.3140899	1.59296995e-06	1.60032844e-06	1.58614658e-06	1.61260915e-06	5.81099141e-09	1.99853537e-07	0	100	0	0	0	3
1808	1099	76.2574643	13.3214579	1.59421419e-06	1.60041086e-06	1.58614658e-06	1.61260915e-06	5.82521354e-09	1.99853537e-07	0	100	0	0	0	3
1809	1100	76.3003873	13.328826	1.59203886e-06	1.60049805e-06	1.58614658e-06	1.61260915e-06	5.81321389e-09	1.99853537e-07	0	100	0	0	0	3
1810	1100	76.3432669	13.3361941	1.59195904e-06	1.6005795e-06	1.58614658e-06	1.61260915e-06	5.79773659e-09	1.99853537e-07	0	100	0	0	0	3
1811	1101	76.3861042	13.3435621	1.59272179e-06	1.60064676e-06	1.58614658e-06	1.61260915e-06	5.82831973e-09	1.99853537e-07	0	100	0	0	0	3
1812	1102	76.428899	13.3509302	1.59158352e-06	1.6007284e-06	1.58624249e-06	1.61260915e-06	5.80246403e-09	1.99853537e-07	0	100	0	0	0	3
1813	1102	76.4716526	13.3582983	1.59203488e-06	1.60077851e-06	1.58624249e-06	1.61260915e-06	5.72168653e-09	1.99853537e-07	0	100	0	0	0	3
1814	1103	76.5143653	13.3656663	1.59280216e-06	1.60081217e-06	1.58624249e-06	1.61260915e-06	5.69622129e-09	1.99853537e-07	0	100	0	0	0	3
1815	1104	76.5570384	13.3730344	1.59205556e-06	1.60089928e-06	1.58818762e-06	1.61260915e-06	5.73257798e-09	1.99853537e-07	0	100	0	0	0	3
1816	1104	76.5996725	13.3804024	1.59401001e-06	1.60098654e-06	1.58992786e-06	1.61260915e-06	5.75204005e-09	1.99853537e-07	0	100	0	0	0	3
1817	1105	76.6422686	13.3877705	1.5930655e-06	1.60103338e-06	1.59003869e-06	1.61260915e-06	5.78453643e-09	1.99853537e-07	0	100	0	0	0	3
1818	1106	76.6848279	13.3951386	1.59411191e-06	1.60105631e-06	1.59003869e-06	1.61260915e-06	5.69980006e-09	1.99853537e-07	0	100	0	0	0	3
1819	1106	76.7273519	13.4025066	1.59492054e-06	1.60112529e-06	1.59003869e-06	1.61260915e-06	5.74675388e-09	1.99853537e-07	0	100	0	0	0	3
1820	1107	76.7698408	13.4098747	1.5963e-06	1.60121895e-06	1.59158352e-06	1.61260915e-06	5.80972723e-09	1.99853537e-07	0	100	0	0	0	3
1821	1108	76.8122964	13.4172428	1.59630402e-06	1.60125644e-06	1.59158352e-06	1.61260915e-06	5.73561994e-09	1.99853537e-07	0	100	0	0	0	3
1822	1108	76.85472	13.4246108	1.59738956e-06	1.60121141e-06	1.59158352e-06	1.61260915e-06	5.61721462e-09	1.99853537e-07	0	100	0	0	0	3
1823	1109	76.8971127	13.4319789	1.59845467e-06	1.60123601e-06	1.59158352e-06	1.61260915e-06	5.54601182e-09	1.99853537e-07	0	100	0	0	0	3
1824	1110	76.9394753	13.439347	1.60020618e-06	1.60130685e-06	1.59158352e-06	1.61260915e-06	5.51050525e-09	1.99853537e-07	0	100	0	0	0	3
1825	1110	76.9818096	13.446715	1.60263259e-06	1.60138631e-06	1.59158352e-06	1.61260915e-06	5.5244141e-09	1.99853537e-07	0	100	0	0	0	3
1826	1111	77	13.4540831	1.6036662e-06	1.60144407e-06	1.59158352e-06	1.61260915e-06	5.57813003e-09	1.99853537e-07	0	100	0	0	0	3
1827	1112	77.0422953	13.4614511	1.60192972e-06	1.60149922e-06	1.59158352e-06	1.61260915e-06	5.60459625e-09	1.99853537e-07	0	100	0	0	0	3
1828	1113	77.0845648	13.4688192	1.60313861e-06	1.60156438e-06	1.59158352e-06	1.61260915e-06	5.59620222e-09	1.99853537e-07	0	100	0	0	0	3
1829	1113	77.1268116	13.4761873	1.60508144e-06	1.60161328e-06	1.59158352e-06	1.61260915e-06	5.51254729e-09	1.99853537e-07	0	100	0	0	0	3
1830	1114	77.1690362	13.4835553	1.60640525e-06	1.60162572e-06	1.59158352e-06	1.61260915e-06	5.4293435e-09	1.99853537e-07	0	100	0	0	0	3
1831	1115	77.2112409	13.4909234	1.61007601e-06	1.60171549e-06	1.59158352e-06	1.61260915e-06	5.43229473e-09	1.99853537e-07	0	100	0	0	0	3
1832	1115	77.2534258	13.4982915	1.60892523e-06	1.60177876e-06	1.59158352e-06	1.61260915e-06	5.40514396e-09	1.99853537e-07	0	100	0	0	0	3
1833	1116	77.2955939	13.5056595	1.60903736e-06	1.60183991e-06	1.59158352e-06	1.61260915e-06	5.40041314e-09	1.99853537e-07	0	100	0	0	0	3
1834	1117	77.3377469	13.5130276	1.60981541e-06	1.60190479e-06	1.59158352e-06	1.61260915e-06	5.44878712e-09	1.99853537e-07	0	100	0	0	0	3
1835	1117	77.3798873	13.5203956	1.61044235e-06	1.60197171e-06	1.59158352e-06	1.61260915e-06	5.44029229e-09	1.99853537e-07	0	100	0	0	0	3
1836	1118	77.4220162	13.5277637	1.6109549e-06	1.60201197e-06	1.59158352e-06	1.61260915e-06	5.33410316e-09	1.99853537e-07	0	100	0	0	0	3
1837	1119	77.4641363	13.5351318	1.61212951e-06	1.60201333e-06	1.59158352e-06	1.61260915e-06	5.21925164e-09	1.99853537e-07	0	100	0	0	0	3
1838	1119	77.5062485	13.5424998	1.61357479e-06	1.60207088e-06	1.59158352e-06	1.61357479e-06	5.18176382e-09	1.99853537e-07	0	100	0	0	0	3
1839	1120	77.5483553	13.5498679	1.61679652e-06	1.60217842e-06	1.59158352e-06	1.61679652e-06	5.19690699e-09	1.99853537e-07	0	100	0	0	0	3
1840	1121	77.5904571	13.557236	1.61532803e-06	1.60227321e-06	1.59158352e-06	1.61679652e-06	5.19486403e-09	1.99853537e-07	0	100	0	0	0	3
1841	1121	77.6325572	13.564604	1.61447714e-06	1.60234566e-06	1.59158352e-06	1.61679652e-06	5.13962649e-09	1.99853537e-07	0	100	0	0	0	3
1842	1122	77.6746568	13.5719721	1.61494366e-06	1.60242394e-06	1.59158352e-06	1.61679652e-06	5.10494929e-09	1.99853537e-07	0	100	0	0	0	3
1843	1123	77.7167588	13.5793401	1.61522524e-06	1.60250138e-06	1.59158352e-06	1.61679652e-06	5.0842518e-09	1.99853537e-07	0	100	0	0	0	3
1844	1123	77.7588643	13.5867082	1.61470689e-06	1.60257175e-06	1.59158352e-06	1.61679652e-06	5.10721805e-09	1.99853537e-07	0	100	0	0	0	3
1845	1124	77.8009762	13.5940763	1.61535425e-06	1.60265304e-06	1.59158352e-06	1.61679652e-06	5.15526333e-09	1.99853537e-07	0	100	0	0	0	3
1846	1125	77.8430952	13.6014443	1.61512522e-06	1.60275188e-06	1.59158352e-06	1.61679652e-06	5.11180434e-09	1.99853537e-07	0	100	0	0	0	3
1847	1125	77.8852244	13.6088124	1.61408197e-06	1.60277375e-06	1.59158352e-06	1.61679652e-06	5.01892786e-09	1.99853537e-07	0	100	0	0	0	3
1848	1126	77.9273647	13.6161805	1.61496725e-06	1.60282799e-06	1.59158352e-06	1.61679652e-06	4.95461983e-09	1.99853537e-07	0	100	0	0	0	3
1849	1127	77.9695189	13.6235485	1.6176175e-06	1.60293611e-06	1.59158352e-06	1.6176175e-06	4.96157819e-09	1.99853537e-07	0	100	0	0	0	3
1850	1127	78	13.6309166	1.61575608e-06	1.60298216e-06	1.59158352e-06	1.6176175e-06	4.90815658e-09	1.99853537e-07	0	100	0	0	0	3
1851	1128	78.0421803	13.6382847	1.61459337e-06	1.60308086e-06	1.59158352e-06	1.6176175e-06	4.89626409e-09	1.99853537e-07	0	100	0	0	0	3
1852	1129	78.0843781	13.6456527	1.61353309e-06	1.60314829e-06	1.59158352e-06	1.6176175e-06	4.84851848e-09	1.99853537e-07	0	100	0	0	0	3
1853	1129	78.1265962	13.6530208	1.61401682e-06	1.60323787e-06	1.59158352e-06	1.6176175e-06	4.84167006e-09	1.99853537e-07	0	100	0	0	0	3
1854	1130	78.168835	13.6603888	1.61325319e-06	1.60333463e-06	1.59158352e-06	1.6176175e-06	4.84354177e-09	1.99853537e-07	0	100	0	0	0	3
1855	1131	78.2110973	13.6677569	1.61185923e-06	1.6034274e-06	1.59158352e-06	1.6176175e-06	4.80479321e-09	1.99853537e-07	0	100	0	0	0	3
1856	1131	78.2533838	13.675125	1.61119886e-06	1.60349628e-06	1.59158352e-06	1.6176175e-06	4.76401456e-09	1.99853537e-07	0	100	0	0	0	3
1857	1132	78.2956973	13.682493	1.61097148e-06	1.60358749e-06	1.59158352e-06	1.6176175e-06	4.75037569e-09	1.99853537e-07	0	100	0	0	0	3
1858	1133	78.3380381	13.6898611	1.60776008e-06	1.60364115e-06	1.59158352e-06	1.6176175e-06	4.70828562e-09	1.99853537e-07	0	100	0	0	0	3
1859	1133	78.3804091	13.6972292	1.60871425e-06	1.60372352e-06	1.59158352e-06	1.6176175e-06	4.69135353e-09	1.99853537e-07	0	100	0	0	0	3
1860	1134	78.4228106	13.7045972	1.60811011e-06	1.60381095e-06	1.59158352e-06	1.6176175e-06	4.6862222e-09	1.99853537e-07	0	100	0	0	0	3
1861	1135	78.4652443	13.7119653	1.60707954e-06	1.60389309e-06	1.59158352e-06	1.6176175e-06	4.67896288e-09	1.99853537e-07	0	100	0	0	0	3
1862	1135	78.5077111	13.7193333	1.60673727e-06	1.60398383e-06	1.59158352e-06	1.6176175e-06	4.66309175e-09	1.99853537e-07	0	100	0	0	0	3
1863	1136	78.5502126	13.7267014	1.6049593e-06	1.60405045e-06	1.59158352e-06	1.6176175e-06	4.62634491e-09	1.99853537e-07	0	100	0	0	0	3
1864	1137	78.5927499	13.7340695	1.60427512e-06	1.60412111e-06	1.59158352e-06	1.6176175e-06	4.59131266e-09	1.99853537e-07	0	100	0	0	0	3
1865	1137	78.6353241	13.7414375	1.60437505e-06	1.60420629e-06	1.59158352e-06	1.6176175e-06	4.64991765e-09	1.99853537e-07	0	100	0	0	0	3
1866	1138	78.6779357	13.7488056	1.60327624e-06	1.60428872e-06	1.59158352e-06	1.6176175e-06	4.63404859e-09	1.99853537e-07	0	100	0	0	0	3
1867	1139	78.7205868	13.7561737	1.6020455e-06	1.6043652e-06	1.59158352e-06	1.6176175e-06	4.61407083e-09	1.99853537e-07	0	100	0	0	0	3
1868	1139	78.7632771	13.7635417	1.60058364e-06	1.60441725e-06	1.59158352e-06	1.6176175e-06	4.59726103e-09	1.99853537e-07	0	100	0	0	0	3
1869	1140	78.8060088	13.7709098	1.6003791e-06	1.60449434e-06	1.59158352e-06	1.6176175e-06	4.53853562e-09	1.99853537e-07	0	100	0	0	0	3
1870	1141	78.8487816	13.7782779	1.59997932e-06	1.60450106e-06	1.59158352e-06	1.6176175e-06	4.4694384e-09	1.99853537e-07	0	100	0	0	0	3
1871	1141	78.8915969	13.7856459	1.59904597e-06	1.60457366e-06	1.59158352e-06	1.6176175e-06	4.45633519e-09	1.99853537e-07	0	100	0	0	0	3
1872	1142	78.9344547	13.793014	1.59813818e-06	1.60463153e-06	1.59158352e-06	1.6176175e-06	4.43450827e-09	1.99853537e-07	0	100	0	0	0	3
1873	1143	78.9773563	13.800382	1.59728487e-06	1.60468379e-06	1.59158352e-06	1.6176175e-06	4.41678068e-09	1.99853537e-07	0	100	0	0	0	3
1874	1143	79	13.8077501	1.59919562e-06	1.60482275e-06	1.59158352e-06	1.6176175e-06	4.49430273e-09	1.99853537e-07	0	100	0	0	0	3
1875	1144	79.042969	13.8151182	1.59591033e-06	1.60486748e-06	1.59158352e-06	1.6176175e-06	4.45661799e-09	1.99853537e-07	0	100	0	0	0	3
1876	1145	79.085906	13.8224862	1.59616639e-06	1.60489723e-06	1.59158352e-06	1.6176175e-06	4.39917857e-09	1.99853537e-07	0	100	0	0	0	3
1877	1145	79.1287981	13.8298543	1.59688115e-06	1.6049708e-06	1.59158352e-06	1.6176175e-06	4.39129852e-09	1.99853537e-07	0	100	0	0	0	3
1878	1146	79.1716451	13.8372224	1.59669262e-06	1.60504266e-06	1.59158352e-06	1.6176175e-06	4.39590171e-09	1.99853537e-07	0	100	0	0	0	3
1879	1147	79.2144478	13.8445904	1.59574966e-06	1.60508863e-06	1.59158352e-06	1.6176175e-06	4.36022802e-09	1.99853537e-07	0	100	0	0	0	3
1880	1147	79.2572064	13.8519585	1.59604082e-06	1.60515619e-06	1.59203488e-06	1.6176175e-06	4.37767506e-09	1.99853537e-07	0	100	0	0	0	3
1881	1148	79.2999217	13.8593265	1.59386607e-06	1.60518402e-06	1.59205556e-06	1.6176175e-06	4.3718582e-09	1.99853537e-07	0	100	0	0	0	3
1882	1149	79.3425948	13.8666946	1.59725383e-06	1.60525136e-06	1.59205556e-06	1.6176175e-06	4.35208425e-09	1.99853537e-07	0	100	0	0	0	3
1883	1149	79.3852255	13.8740627	1.59464074e-06	1.60529053e-06	1.5930655e-06	1.6176175e-06	4.3039887e-09	1.99853537e-07	0	100	0	0	0	3
1884	1150	79.4278151	13.8814307	1.59398771e-06	1.60529037e-06	1.5930655e-06	1.6176175e-06	4.25715348e-09	1.99853537e-07	0	100	0	0	0	3
1885	1151	79.4703652	13.8887988	1.59764344e-06	1.60535945e-06	1.59386607e-06	1.6176175e-06	4.30313751e-09	1.99853537e-07	0	100	0	0	0	3
1886	1151	79.5128756	13.8961669	1.59655519e-06	1.60539637e-06	1.59386607e-06	1.6176175e-06	4.27107779e-09	1.99853537e-07	0	100	0	0	0	3
1887	1152	79.5553477	13.9035349	1.59600742e-06	1.60541289e-06	1.59386607e-06	1.6176175e-06	4.20147045e-09	1.99853537e-07	0	100	0	0	0	3
1888	1153	79.5977829	13.910903	1.59919871e-06	1.60545656e-06	1.59386607e-06	1.6176175e-06	4.24514068e-09	1.99853537e-07	0	100	0	0	0	3
1889	1154	79.6401816	13.918271	1.60128116e-06	1.60553136e-06	1.59386607e-06	1.6176175e-06	4.31994769e-09	1.99853537e-07	0	100	0	0	0	3
1890	1154	79.6825448	13.9256391	1.59778855e-06	1.60553751e-06	1.59386607e-06	1.6176175e-06	4.30150265e-09	1.99853537e-07	0	100	0	0	0	3
1891	1155	79.7248753	13.9330072	1.59853094e-06	1.60553881e-06	1.59386607e-06	1.6176175e-06	4.23196116e-09	1.99853537e-07	0	100	0	0	0	3
1892	1156	79.7671737	13.9403752	1.60124965e-06	1.60555454e-06	1.59386607e-06	1.6176175e-06	4.16823245e-09	1.99853537e-07	0	100	0	0	0	3
1893	1156	79.8094411	13.9477433	1.60386422e-06	1.60557302e-06	1.59386607e-06	1.6176175e-06	4.12895089e-09	1.99853537e-07	0	100	0	0	0	3
1894	1157	79.8516781	13.9551114	1.60626e-06	1.60559536e-06	1.59386607e-06	1.6176175e-06	4.09614057e-09	1.99853537e-07	0	100	0	0	0	3
1895	1158	79.8938861	13.9624794	1.60588434e-06	1.60565401e-06	1.59386607e-06	1.6176175e-06	4.08962932e-09	1.99853537e-07	0	100	0	0	0	3
1896	1158	79.9360668	13.9698475	1.605827e-06	1.60569385e-06	1.59386607e-06	1.6176175e-06	4.08057156e-09	1.99853537e-07	0	100	0	0	0	3
1897	1159	79.9782222	13.9772156	1.60657251e-06	1.60571592e-06	1.59386607e-06	1.6176175e-06	4.09019379e-09	1.99853537e-07	0	100	0	0	0	3
1898	1160	80	13.9845836	1.60815362e-06	1.60572439e-06	1.59386607e-06	1.6176175e-06	4.00889393e-09	1.99853537e-07	0	100	0	0	0	3
1899	1160	80.0421197	13.9919517	1.60795672e-06	1.60569272e-06	1.59386607e-06	1.6176175e-06	3.94562524e-09	1.99853537e-07	0	100	0	0	0	3
1900	1161	80.0842176	13.9993197	1.60957001e-06	1.60570221e-06	1.59386607e-06	1.6176175e-06	3.88447645e-09	1.99853537e-07	0	100	0	0	0	3
1901	1162	80.1262961	14.0066878	1.61416356e-06	1.60577831e-06	1.59386607e-06	1.6176175e-06	3.87351559e-09	1.99853537e-07	0	100	0	0	0	3
1902	1163	80.1683556	14.0140559	1.61390269e-06	1.60583891e-06	1.59386607e-06	1.6176175e-06	3.86719433e-09	1.99853537e-07	0	100	0	0	0	3
1903	1163	80.210399	14.0214239	1.61329733e-06	1.60588116e-06	1.59386607e-06	1.6176175e-06	3.86918943e-09	1.99853537e-07	0	100	0	0	0	3
1904	1164	80.252428	14.028792	1.61336301e-06	1.60591674e-06	1.59386607e-06	1.6176175e-06	3.90340367e-09	1.99853537e-07	0	100	0	0	0	3
1905	1165	80.2944449	14.0361601	1.61421095e-06	1.60594741e-06	1.59386607e-06	1.6176175e-06	3.87652347e-09	1.99853537e-07	0	100	0	0	0	3
1906	1165	80.3364514	14.0435281	1.61523339e-06	1.60597174e-06	1.59386607e-06	1.6176175e-06	3.7933227e-09	1.99853537e-07	0	100	0	0	0	3
1907	1166	80.3784495	14.0508962	1.61775819e-06	1.6059856e-06	1.59386607e-06	1.61775819e-06	3.71238308e-09	1.99853537e-07	0	100	0	0	0	3
1908	1167	80.4204406	14.0582642	1.6206034e-06	1.60606351e-06	1.59386607e-06	1.6206034e-06	3.71784298e-09	1.99853537e-07	0	100	0	0	0	3
1909	1167	80.462426	14.0656323	1.61897494e-06	1.6061299e-06	1.59386607e-06	1.6206034e-06	3.70595375e-09	1.99853537e-07	0	100	0	0	0	3
1910	1168	80.504408	14.0730004	1.61868557e-06	1.60618504e-06	1.59386607e-06	1.6206034e-06	3.68366491e-09	1.99853537e-07	0	100	0	0	0	3
1911	1168	80.546389	14.0803684	1.61881139e-06	1.60623786e-06	1.59386607e-06	1.6206034e-06	3.66611582e-09	1.99853537e-07	0	100	0	0	0	3
1912	1169	80.5883708	14.0877365	1.61813903e-06	1.60628842e-06	1.59386607e-06	1.6206034e-06	3.6353786e-09	1.99853537e-07	0	100	0	0	0	3
1913	1170	80.6303559	14.0951046	1.61811223e-06	1.60632894e-06	1.59386607e-06	1.6206034e-06	3.57705567e-09	1.99853537e-07	0	100	0	0	0	3
1914	1170	80.6723459	14.1024726	1.61916524e-06	1.60638849e-06	1.59386607e-06	1.6206034e-06	3.61474044e-09	1.99853537e-07	0	100	0	0	0	3
1915	1171	80.7143432	14.1098407	1.6187459e-06	1.60645737e-06	1.59386607e-06	1.6206034e-06	3.62938238e-09	1.99853537e-07	0	100	0	0	0	3
1916	1172	80.756349	14.1172087	1.61844982e-06	1.60650868e-06	1.59386607e-06	1.6206034e-06	3.57256697e-09	1.99853537e-07	0	100	0	0	0	3
1917	1172	80.798366	14.1245768	1.61934432e-06	1.60653379e-06	1.59386607e-06	1.6206034e-06	3.55162416e-09	1.99853537e-07	0	100	0	0	0	3
1918	1173	80.840395	14.1319449	1.62049144e-06	1.60664135e-06	1.59386607e-06	1.6206034e-06	3.56048953e-09	1.99853537e-07	0	100	0	0	0	3
1919	1174	80.882438	14.1393129	1.61973189e-06	1.60671703e-06	1.59386607e-06	1.6206034e-06	3.56873794e-09	1.99853537e-07	0	100	0	0	0	3
1920	1174	80.9244964	14.146681	1.61845725e-06	1.60678961e-06	1.59386607e-06	1.6206034e-06	3.55174219e-09	1.99853537e-07	0	100	0	0	0	3
1921	1175	80.9665729	14.1540491	1.61769696e-06	1.60684378e-06	1.59386607e-06	1.6206034e-06	3.50914646e-09	1.99853537e-07	0	100	0	0	0	3
1922	1176	81	14.1614171	1.6169329e-06	1.60686727e-06	1.59386607e-06	1.6206034e-06	3.4398776e-09	1.99853537e-07	0	100	0	0	0	3
1923	1177	81.042113	14.1687852	1.61756019e-06	1.60695182e-06	1.59386607e-06	1.6206034e-06	3.45553653e-09	1.99853537e-07	0	100	0	0	0	3
1924	1177	81.0842481	14.1761533	1.61529814e-06	1.6070126e-06	1.59386607e-06	1.6206034e-06	3.42511344e-09	1.99853537e-07	0	100	0	0	0	3
1925	1178	81.1264082	14.1835213	1.61531387e-06	1.60707706e-06	1.59386607e-06	1.6206034e-06	3.43591317e-09	1.99853537e-07	0	100	0	0	0	3
1926	1179	81.168594	14.1908894	1.61351757e-06	1.60716283e-06	1.59386607e-06	1.6206034e-06	3.43931106e-09	1.99853537e-07	0	100	0	0	0	3
1927	1179	81.2108079	14.1982574	1.61375551e-06	1.60723794e-06	1.59386607e-06	1.6206034e-06	3.42698902e-09	1.99853537e-07	0	100	0	0	0	3
1928	1180	81.2530506	14.2056255	1.61203039e-06	1.6072964e-06	1.59386607e-06	1.6206034e-06	3.40331214e-09	1.99853537e-07	0	100	0	0	0	3
1929	1181	81.2953243	14.2129936	1.61132283e-06	1.60735979e-06	1.59386607e-06	1.6206034e-06	3.37595935e-09	1.99853537e-07	0	100	0	0	0	3
1930	1181	81.3376301	14.2203616	1.61134524e-06	1.60742872e-06	1.59386607e-06	1.6206034e-06	3.37826217e-09	1.99853537e-07	0	100	0	0	0	3
1931	1182	81.3799692	14.2277297	1.60999929e-06	1.60750427e-06	1.59386607e-06	1.6206034e-06	3.38315485e-09	1.99853537e-07	0	100	0	0	0	3
1932	1183	81.4223426	14.2350978	1.60855108e-06	1.60756849e-06	1.59386607e-06	1.6206034e-06	3.36219391e-09	1.99853537e-07	0	100	0	0	0	3
1933	1183	81.4647524	14.2424658	1.60737208e-06	1.60761359e-06	1.59386607e-06	1.6206034e-06	3.32487375e-09	1.99853537e-07	0	100	0	0	0	3
1934	1184	81.5071993	14.2498339	1.6081408e-06	1.60768683e-06	1.59386607e-06	1.6206034e-06	3.32163067e-09	1.99853537e-07	0	100	0	0	0	3
1935	1185	81.5496838	14.2572019	1.60603398e-06	1.60774706e-06	1.59386607e-06	1.6206034e-06	3.32981008e-09	1.99853537e-07	0	100	0	0	0	3
1936	1185	81.5922078	14.26457	1.60609859e-06	1.60783038e-06	1.59386607e-06	1.6206034e-06	3.33604035e-09	1.99853537e-07	0	100	0	0	0	3
1937	1186	81.6347718	14.2719381	1.60389261e-06	1.60788369e-06	1.59386607e-06	1.6206034e-06	3.38262665e-09	1.99853537e-07	0	100	0	0	0	3
1938	1187	81.677377	14.2793061	1.60293364e-06	1.60792865e-06	1.59386607e-06	1.6206034e-06	3.35498857e-09	1.99853537e-07	0	100	0	0	0	3
1939	1187	81.7200244	14.2866742	1.60399312e-06	1.60800377e-06	1.59386607e-06	1.6206034e-06	3.37224011e-09	1.99853537e-07	0	100	0	0	0	3
1940	1188	81.762714	14.2940423	1.60291548e-06	1.60807647e-06	1.59386607e-06	1.6206034e-06	3.3926779e-09	1.99853537e-07	0	100	0	0	0	3
1941	1189	81.8054468	14.3014103	1.60073327e-06	1.60812922e-06	1.59386607e-06	1.6206034e-06	3.30647232e-09	1.99853537e-07	0	100	0	0	0	3
1942	1190	81.8482236	14.3087784	1.59995382e-06	1.60807746e-06	1.59386607e-06	1.6206034e-06	3.26174023e-09	1.99853537e-07	0	100	0	0	0	3
1943	1190	81.8910452	14.3161465	1.59958254e-06	1.6081333e-06	1.59386607e-06	1.6206034e-06	3.23607337e-09	1.99853537e-07	0	100	0	0	0	3
1944	1191	81.9339117	14.3235145	1.60009945e-06	1.60819279e-06	1.59386607e-06	1.6206034e-06	3.22199498e-09	1.99853537e-07	0	100	0	0	0	3
1945	1192	81.9768234	14.3308826	1.59998264e-06	1.60823945e-06	1.59386607e-06	1.6206034e-06	3.19678902e-09	1.99853537e-07	0	100	0	0	0	3
1946	1192	82	14.3382506	1.59881767e-06	1.60833717e-06	1.59386607e-06	1.6206034e-06	3.24853434e-09	1.99853537e-07	0	100	0	0	0	3
1947	1193	82.0429375	14.3456187	1.59795314e-06	1.60837001e-06	1.59386607e-06	1.6206034e-06	3.21382566e-09	1.99853537e-07	0	100	0	0	0	3
1948	1194	82.0858289	14.3529868	1.59811439e-06	1.60840088e-06	1.59386607e-06	1.6206034e-06	3.21685534e-09	1.99853537e-07	0	100	0	0	0	3
1949	1194	82.1286757	14.3603548	1.59893577e-06	1.60847699e-06	1.59398771e-06	1.6206034e-06	3.22562851e-09	1.99853537e-07	0	100	0	0	0	3
1950	1195	82.1714774	14.3677229	1.59832382e-06	1.60849267e-06	1.59398771e-06	1.6206034e-06	3.20229986e-09	1.99853537e-07	0	100	0	0	0	3
1951	1196	82.2142354	14.375091	1.59817173e-06	1.60854542e-06	1.59398771e-06	1.6206034e-06	3.25504399e-09	1.99853537e-07	0	100	0	0	0	3
1952	1197	82.2569498	14.382459	1.59866222e-06	1.60861535e-06	1.59600742e-06	1.6206034e-06	3.25590145e-09	1.99853537e-07	0	100	0	0	0	3
1953	1198	82.299622	14.3898271	1.59812628e-06	1.60862216e-06	1.59600742e-06	1.6206034e-06	3.22578918e-09	1.99853537e-07	0	100	0	0	0	3
1954	1199	82.3422526	14.3971951	1.59781257e-06	1.60864059e-06	1.59600742e-06	1.6206034e-06	3.22770644e-09	1.99853537e-07	0	100	0	0	0	3
1955	1199	82.384843	14.4045632	1.60052923e-06	1.60870813e-06	1.59778855e-06	1.6206034e-06	3.25157152e-09	1.99853537e-07	0	100	0	0	0	3
1956	1200	82.4273931	14.4119313	1.59921367e-06	1.60870797e-06	1.59778855e-06	1.6206034e-06	3.17676452e-09	1.99853537e-07	0	100	0	0	0	3
1957	1201	82.4699054	14.4192993	1.59999065e-06	1.60868828e-06	1.59778855e-06	1.6206034e-06	3.17061367e-09	1.99853537e-07	0	100	0	0	0	3
1958	1201	82.5123802	14.4266674	1.60123181e-06	1.60873953e-06	1.59781257e-06	1.6206034e-06	3.20072114e-09	1.99853537e-07	0	100	0	0	0	3
1959	1202	82.5548189	14.4340355	1.60214832e-06	1.60879339e-06	1.59781257e-06	1.6206034e-06	3.23884822e-09	1.99853537e-07	0	100	0	0	0	3
1960	1202	82.5972224	14.4414035	1.60328392e-06	1.60882359e-06	1.59781257e-06	1.6206034e-06	3.25056871e-09	1.99853537e-07	0	100	0	0	0	3
1961	1203	82.6395929	14.4487716	1.6040737e-06	1.60882654e-06	1.59781257e-06	1.6206034e-06	3.23118604e-09	1.99853537e-07	0	100	0	0	0	3
1962	1204	82.6819305	14.4561396	1.60361847e-06	1.60878694e-06	1.59781257e-06	1.6206034e-06	3.17253935e-09	1.99853537e-07	0	100	0	0	0	3
1963	1204	82.7242374	14.4635077	1.60609241e-06	1.60878995e-06	1.59781257e-06	1.6206034e-06	3.13382139e-09	1.99853537e-07	0	100	0	0	0	3
1964	1205	82.7665142	14.4708758	1.60989802e-06	1.60885065e-06	1.59781257e-06	1.6206034e-06	3.15793036e-09	1.99853537e-07	0	100	0	0	0	3
1965	1206	82.8087623	14.4782438	1.60996504e-06	1.60890122e-06	1.59781257e-06	1.6206034e-06	3.20849199e-09	1.99853537e-07	0	100	0	0	0	3
1966	1206	82.8509831	14.4856119	1.60889608e-06	1.60890685e-06	1.59781257e-06	1.6206034e-06	3.21412662e-09	1.99853537e-07	0	100	0	0	0	3
1967	1207	82.8931792	14.49298	1.6103181e-06	1.60894177e-06	1.59781257e-06	1.6206034e-06	3.23956054e-09	1.99853537e-07	0	100	0	0	0	3
1968	1207	82.9353519	14.500348	1.61194756e-06	1.60897696e-06	1.59781257e-06	1.6206034e-06	3.19864918e-09	1.99853537e-07	0	100	0	0	0	3
1969	1208	82.9775032	14.5077161	1.6139208e-06	1.6089735e-06	1.59781257e-06	1.6206034e-06	3.13805029e-09	1.99853537e-07	0	100	0	0	0	3
1970	1209	83	14.5150842	1.61944425e-06	1.60898347e-06	1.59781257e-06	1.6206034e-06	3.10231734e-09	1.99853537e-07	0	100	0	0	0	3
1971	1209	83.0421202	14.5224522	1.61627968e-06	1.60902795e-06	1.59781257e-06	1.6206034e-06	3.11121597e-09	1.99853537e-07	0	100	0	0	0	3
1972	1210	83.0842221	14.5298203	1.61554003e-06	1.60906043e-06	1.59781257e-06	1.6206034e-06	3.11302153e-09	1.99853537e-07	0	100	0	0	0	3
1973	1211	83.1263093	14.5371883	1.61719813e-06	1.60910495e-06	1.59781257e-06	1.6206034e-06	3.13321264e-09	1.99853537e-07	0	100	0	0	0	3
1974	1211	83.1683827	14.5445564	1.61692649e-06	1.60913025e-06	1.59781257e-06	1.6206034e-06	3.14465605e-09	1.99853537e-07	0	100	0	0	0	3
1975	1212	83.2104452	14.5519245	1.6184828e-06	1.60914121e-06	1.59781257e-06	1.6206034e-06	3.07770488e-09	1.99853537e-07	0	100	0	0	0	3
1976	1213	83.2524979	14.5592925	1.61819859e-06	1.60910575e-06	1.59781257e-06	1.62049144e-06	3.0113141e-09	1.99853537e-07	0	100	0	0	0	3
1977	1213	83.2945434	14.5666606	1.62023836e-06	1.60912472e-06	1.59781257e-06	1.62049144e-06	2.9561659e-09	1.99853537e-07	0	100	0	0	0	3
1978	1214	83.3365829	14.5740287	1.62346998e-06	1.60919593e-06	1.59781257e-06	1.62346998e-06	2.95806645e-09	1.99853537e-07	0	100	0	0	0	3
1979	1215	83.3786183	14.5813967	1.62282086e-06	1.60925562e-06	1.59781257e-06	1.62346998e-06	2.96720544e-09	1.99853537e-07	0	100	0	0	0	3
1980	1216	83.4206511	14.5887648	1.62138104e-06	1.6093039e-06	1.59781257e-06	1.62346998e-06	2.9749591e-09	1.99853537e-07	0	100	0	0	0	3
1981	1216	83.4626843	14.5961328	1.62155375e-06	1.60935512e-06	1.59781257e-06	1.62346998e-06	2.9666246e-09	1.99853537e-07	0	100	0	0	0	3
1982	1217	83.5047197	14.6035009	1.6214963e-06	1.60938987e-06	1.59781257e-06	1.62346998e-06	2.93250114e-09	1.99853537e-07	0	100	0	0	0	3
1983	1218	83.5467598	14.610869	1.62207589e-06	1.60943944e-06	1.59781257e-06	1.62346998e-06	2.93076219e-09	1.99853537e-07	0	100	0	0	0	3
1984	1218	83.5888058	14.618237	1.62123919e-06	1.60948097e-06	1.59781257e-06	1.62346998e-06	2.94718652e-09	1.99853537e-07	0	100	0	0	0	3
1985	1219	83.6308605	14.6256051	1.62121219e-06	1.60950884e-06	1.59781257e-06	1.62346998e-06	2.86748795e-09	1.99853537e-07	0	100	0	0	0	3
1986	1220	83.6729251	14.6329732	1.6213303e-06	1.60952143e-06	1.59781257e-06	1.62346998e-06	2.80440477e-09	1.99853537e-07	0	100	0	0	0	3
1987	1220	83.7150025	14.6403412	1.62242077e-06	1.6095615e-06	1.59781257e-06	1.62346998e-06	2.77188574e-09	1.99853537e-07	0	100	0	0	0	3
1988	1221	83.7570931	14.6477093	1.6233031e-06	1.60963361e-06	1.59781257e-06	1.62346998e-06	2.78982975e-09	1.99853537e-07	0	100	0	0	0	3
1989	1222	83.7991994	14.6550773	1.62279162e-06	1.60970942e-06	1.59781257e-06	1.62346998e-06	2.84214792e-09	1.99853537e-07	0	100	0	0	0	3
1990	1222	83.8413219	14.6624454	1.62042216e-06	1.60978326e-06	1.59781257e-06	1.62346998e-06	2.83144115e-09	1.99853537e-07	0	100	0	0	0	3
1991	1223	83.8834645	14.6698135	1.61963599e-06	1.60981413e-06	1.59781257e-06	1.62346998e-06	2.80152283e-09	1.99853537e-07	0	100	0	0	0	3
1992	1224	83.9256279	14.6771815	1.61908127e-06	1.60987032e-06	1.59781257e-06	1.62346998e-06	2.79325493e-09	1.99853537e-07	0	100	0	0	0	3
1993	1225	83.9678146	14.6845496	1.61982598e-06	1.60993736e-06	1.59781257e-06	1.62346998e-06	2.77452737e-09	1.99853537e-07	0	100	0	0	0	3
1994	1225	84	14.6919177	1.6165225e-06	1.60995887e-06	1.59781257e-06	1.62346998e-06	2.72093859e-09	1.99853537e-07	0	100	0	0	0	3
1995	1226	84.0422313	14.6992857	1.6165699e-06	1.61000087e-06	1.59781257e-06	1.62346998e-06	2.70447607e-09	1.99853537e-07	0	100	0	0	0	3
1996	1227	84.0844896	14.7066538	1.61539527e-06	1.61005111e-06	1.59781257e-06	1.62346998e-06	2.69131142e-09	1.99853537e-07	0	100	0	0	0	3
1997	1227	84.1267776	14.7140219	1.61642539e-06	1.61012732e-06	1.59781257e-06	1.62346998e-06	2.69860276e-09	1.99853537e-07	0	100	0	0	0	3
1998	1228	84.1690956	14.7213899	1.61386366e-06	1.61016496e-06	1.59781257e-06	1.62346998e-06	2.66069687e-09	1.99853537e-07	0	100	0	0	0	3
1999	1229	84.2114462	14.728758	1.61383255e-06	1.6102223e-06	1.59781257e-06	1.62346998e-06	2.65381081e-09	1.99853537e-07	0	100	0	0	0	3
2000	1229	84.2538296	14.736126	1.61207207e-06	1.610275e-06	1.59781257e-06	1.62346998e-06	2.66140177e-09	1.99853537e-07	0	100	0	0	0	3
2001	1230	84.2962483	14.7434941	1.6116123e-06	1.61033851e-06	1.59781257e-06	1.62346998e-06	2.65168092e-09	1.99853537e-07	0	100	0	0	0	3
2002	1231	84.3387031	14.7508622	1.60999912e-06	1.61036637e-06	1.59781257e-06	1.62346998e-06	2.61931094e-09	1.99853537e-07	0	100	0	0	0	3
2003	1232	84.3811951	14.7582302	1.60969092e-06	1.61042123e-06	1.59781257e-06	1.62346998e-06	2.59085766e-09	1.99853537e-07	0	100	0	0	0	3
2004	1232	84.4237256	14.7655983	1.60893503e-06	1.61046383e-06	1.59781257e-06	1.62346998e-06	2.58014336e-09	1.99853537e-07	0	100	0	0	0	3
2005	1233	84.4662958	14.7729664	1.60727069e-06	1.6105146e-06	1.59781257e-06	1.62346998e-06	2.58594895e-09	1.99853537e-07	0	100	0	0	0	3
2006	1234	84.5089062	14.7803344	1.60738676e-06	1.6105816e-06	1.59781257e-06	1.62346998e-06	2.57782707e-09	1.99853537e-07	0	100	0	0	0	3
2007	1234	84.5515582	14.7877025	1.60585607e-06	1.61060965e-06	1.59781257e-06	1.62346998e-06	2.53318351e-09	1.99853537e-07	0	100	0	0	0	3
2008	1235	84.5942518	14.7950705	1.6048073e-06	1.61063817e-06	1.59781257e-06	1.62346998e-06	2.56070834e-09	1.99853537e-07	0	100	0	0	0	3
2009	1236	84.6369895	14.8024386	1.60430412e-06	1.61069204e-06	1.59781257e-06	1.62346998e-06	2.6145875e-09	1.99853537e-07	0	100	0	0	0	3
2010	1236	84.6797704	14.8098067	1.6034374e-06	1.61074466e-06	1.59781257e-06	1.62346998e-06	2.61136169e-09	1.99853537e-07	0	100	0	0	0	3
2011	1237	84.7225964	14.8171747	1.60281649e-06	1.61079356e-06	1.59781257e-06	1.62346998e-06	2.60076209e-09	1.99853537e-07	0	100	0	0	0	3
2012	1238	84.7654672	14.8245428	1.60258885e-06	1.61083123e-06	1.59781257e-06	1.62346998e-06	2.59178368e-09	1.99853537e-07	0	100	0	0	0	3
2013	1239	84.8083834	14.8319109	1.6013092e-06	1.61085132e-06	1.59781257e-06	1.62346998e-06	2.51415371e-09	1.99853537e-07	0	100	0	0	0	3
2014	1239	84.8513159	14.8392789	1.6008746e-06	1.61079891e-06	1.59781257e-06	1.62346998e-06	2.48130395e-09	1.99853537e-07	0	100	0	0	0	3
2015	1240	84.894202	14.846647	1.60113819e-06	1.61084705e-06	1.59781257e-06	1.62346998e-06	2.4504402e-09	1.99853537e-07	0	100	0	0	0	3
2016	1241	84.9370416	14.8540151	1.60119017e-06	1.6108935e-06	1.59781257e-06	1.62346998e-06	2.41650288e-09	1.99853537e-07	0	100	0	0	0	3
2017	1241	84.9798351	14.8613831	1.5997662e-06	1.61090618e-06	1.59781257e-06	1.62346998e-06	2.41351182e-09	1.99853537e-07	0	100	0	0	0	3
2018	1242	85	14.8687512	1.59981392e-06	1.6110175e-06	1.59781257e-06	1.62346998e-06	2.47208799e-09	1.99853537e-07	0	100	0	0	0	3
2019	1243	85.0427261	14.8761192	1.60047806e-06	1.61105249e-06	1.59781257e-06	1.62346998e-06	2.43713765e-09	1.99853537e-07	0	100	0	0	0	3
2020	1243	85.0854066	14.8834873	1.59744602e-06	1.61103428e-06	1.59744602e-06	1.62346998e-06	2.43032865e-09	1.99853537e-07	0	100	0	0	0	3
2021	1244	85.128044	14.8908554	1.59933225e-06	1.61105262e-06	1.59744602e-06	1.62346998e-06	2.41203058e-09	1.99853537e-07	0	100	0	0	0	3
2022	1245	85.1706385	14.8982234	1.6024119e-06	1.61112206e-06	1.59744602e-06	1.62346998e-06	2.43377605e-09	1.99853537e-07	0	100	0	0	0	3
2023	1245	85.2131906	14.9055915	1.59751803e-06	1.6110769e-06	1.59744602e-06	1.62346998e-06	2.43377605e-09	1.99853537e-07	0	100	0	0	0	3
2024	1246	85.2557021	14.9129596	1.60137793e-06	1.61110959e-06	1.59744602e-06	1.62346998e-06	2.43377605e-09	1.99853537e-07	0	100	0	0	0	3
2025	1247	85.298173	14.9203276	1.60216346e-06	1.61114238e-06	1.59744602e-06	1.62346998e-06	2.40284684e-09	1.99853537e-07	0	100	0	0	0	3
2026	1248	85.3406046	14.9276957	1.60085352e-06	1.61113686e-06	1.59744602e-06	1.62346998e-06	2.35544003e-09	1.99853537e-07	0	100	0	0	0	3
2027	1248	85.3829985	14.9350637	1.6037659e-06	1.61116124e-06	1.59744602e-06	1.62346998e-06	2.37430582e-09	1.99853537e-07	0	100	0	0	0	3
2028	1249	85.4253548	14.9424318	1.60403536e-06	1.61117263e-06	1.59744602e-06	1.62346998e-06	2.38569152e-09	1.99853537e-07	0	100	0	0	0	3
2029	1250	85.4676753	14.9497999	1.60391499e-06	1.61117038e-06	1.59744602e-06	1.62346998e-06	2.38569152e-09	1.99853537e-07	0	100	0	0	0	3
2030	1250	85.5099618	14.9571679	1.60492764e-06	1.61119009e-06	1.59744602e-06	1.62346998e-06	2.40014514e-09	1.99853537e-07	0	100	0	0	0	3
2031	1251	85.5522155	14.964536	1.60541579e-06	1.61118008e-06	1.59744602e-06	1.62346998e-06	2.33943919e-09	1.99853537e-07	0	100	0	0	0	3
2032	1252	85.5944371	14.9719041	1.60777263e-06	1.61114837e-06	1.59744602e-06	1.62346998e-06	2.28887755e-09	1.99853537e-07	0	100	0	0	0	3
2033	1252	85.636628	14.9792721	1.610964e-06	1.6111633e-06	1.59744602e-06	1.62346998e-06	2.28324293e-09	1.99853537e-07	0	100	0	0	0	3
2034	1253	85.678789	14.9866402	1.61050833e-06	1.61118739e-06	1.59744602e-06	1.62346998e-06	2.24831952e-09	1.99853537e-07	0	100	0	0	0	3
2035	1254	85.7209223	14.9940082	1.6110811e-06	1.61119877e-06	1.59744602e-06	1.62346998e-06	2.22527226e-09	1.99853537e-07	0	100	0	0	0	3
2036	1254	85.7630297	15.0013763	1.61228711e-06	1.61120381e-06	1.59744602e-06	1.62346998e-06	2.2303113e-09	1.99853537e-07	0	100	0	0	0	3
2037	1255	85.8051128	15.0087444	1.61241743e-06	1.61118137e-06	1.59744602e-06	1.62346998e-06	2.22033889e-09	1.99853537e-07	0	100	0	0	0	3
2038	1256	85.8471734	15.0161124	1.61553976e-06	1.61118047e-06	1.59744602e-06	1.62346998e-06	2.1758612e-09	1.99853537e-07	0	100	0	0	0	3
2039	1256	85.8892129	15.0234805	1.6189372e-06	1.61121957e-06	1.59744602e-06	1.62346998e-06	2.15913502e-09	1.99853537e-07	0	100	0	0	0	3
2040	1257	85.9312321	15.0308486	1.61764088e-06	1.61125045e-06	1.59744602e-06	1.62346998e-06	2.14549255e-09	1.99853537e-07	0	100	0	0	0	3
2041	1257	85.9732339	15.0382166	1.61757709e-06	1.61125586e-06	1.59744602e-06	1.62346998e-06	2.15010699e-09	1.99853537e-07	0	100	0	0	0	3
2042	1258	86	15.0455847	1.61808537e-06	1.61123616e-06	1.59744602e-06	1.62346998e-06	2.15010699e-09	1.99853537e-07	0	100	0	0	0	3
2043	1259	86.0419775	15.0529528	1.61867227e-06	1.61123875e-06	1.59744602e-06	1.62346998e-06	2.15010699e-09	1.99853537e-07	0	100	0	0	0	3
2044	1260	86.0839425	15.0603208	1.6198255e-06	1.61126265e-06	1.59744602e-06	1.62346998e-06	2.13792883e-09	1.99853537e-07	0	100	0	0	0	3
2045	1260	86.1258976	15.0676889	1.62021625e-06	1.61126203e-06	1.59744602e-06	1.62346998e-06	2.0667168e-09	1.99853537e-07	0	100	0	0	0	3
2046	1261	86.1678445	15.0750569	1.62228192e-06	1.61124403e-06	1.59744602e-06	1.6233031e-06	2.00702467e-09	1.99853537e-07	0	100	0	0	0	3
2047	1262	86.2097852	15.082425	1.62600218e-06	1.61129077e-06	1.59744602e-06	1.62600218e-06	1.98687697e-09	1.99853537e-07	0	100	0	0	0	3
2048	1262	86.2517204	15.0897931	1.62445355e-06	1.61133594e-06	1.59744602e-06	1.62600218e-06	1.98081712e-09	1.99853537e-07	0	100	0	0	0	3
2049	1263	86.2936529	15.0971611	1.62274349e-06	1.61135319e-06	1.59744602e-06	1.62600218e-06	1.96332337e-09	1.99853537e-07	0	100	0	0	0	3
2050	1264	86.3355851	15.1045292	1.6237537e-06	1.61138626e-06	1.59744602e-06	1.62600218e-06	1.94682477e-09	1.99853537e-07	0	100	0	0	0	3
2051	1264	86.377519	15.1118973	1.62342584e-06	1.61140586e-06	1.59744602e-06	1.62600218e-06	1.92488726e-09	1.99853537e-07	0	100	0	0	0	3
2052	1265	86.4194565	15.1192653	1.62408985e-06	1.61144772e-06	1.59744602e-06	1.62600218e-06	1.9388805e-09	1.99853537e-07	0	100	0	0	0	3
2053	1266	86.4613996	15.1266334	1.62319604e-06	1.61147673e-06	1.59744602e-06	1.62600218e-06	1.95529665e-09	1.99853537e-07	0	100	0	0	0	3
2054	1266	86.5033507	15.1340014	1.62359322e-06	1.61150987e-06	1.59744602e-06	1.62600218e-06	1.9483743e-09	1.99853537e-07	0	100	0	0	0	3
2055	1267	86.5453111	15.1413695	1.6232449e-06	1.61152164e-06	1.59744602e-06	1.62600218e-06	1.88803419e-09	1.99853537e-07	0	100	0	0	0	3
2056	1268	86.5872833	15.1487376	1.62401291e-06	1.61153167e-06	1.59744602e-06	1.62600218e-06	1.82225228e-09	1.99853537e-07	0	100	0	0	0	3
2057	1268	86.6292689	15.1561056	1.62555914e-06	1.61157225e-06	1.59744602e-06	1.62600218e-06	1.78899482e-09	1.99853537e-07	0	100	0	0	0	3
2058	1269	86.6712689	15.1634737	1.62487099e-06	1.61163789e-06	1.59744602e-06	1.62600218e-06	1.82376866e-09	1.99853537e-07	0	100	0	0	0	3
2059	1270	86.7132855	15.1708418	1.62273326e-06	1.61168353e-06	1.59744602e-06	1.62600218e-06	1.81320753e-09	1.99853537e-07	0	100	0	0	0	3
2060	1270	86.755321	15.1782098	1.62144412e-06	1.61171829e-06	1.59744602e-06	1.62600218e-06	1.78093081e-09	1.99853537e-07	0	100	0	0	0	3
2061	1271	86.7973774	15.1855779	1.62071102e-06	1.61173107e-06	1.59744602e-06	1.62600218e-06	1.77219907e-09	1.99853537e-07	0	100	0	0	0	3
2062	1272	86.8394565	15.192946	1.62183648e-06	1.61182652e-06	1.59744602e-06	1.62600218e-06	1.8256437e-09	1.99853537e-07	0	100	0	0	0	3
2063	1272	86.8815594	15.200314	1.62026362e-06	1.61188108e-06	1.59744602e-06	1.62600218e-06	1.82997067e-09	1.99853537e-07	0	100	0	0	0	3
2064	1273	86.9236881	15.2076821	1.61830989e-06	1.61192416e-06	1.59744602e-06	1.62600218e-06	1.79684454e-09	1.99853537e-07	0	100	0	0	0	3
2065	1274	86.9658447	15.2150501	1.61793986e-06	1.61194644e-06	1.59744602e-06	1.62600218e-06	1.78147967e-09	1.99853537e-07	0	100	0	0	0	3
2066	1274	87	15.2224182	1.61697039e-06	1.6119784e-06	1.59744602e-06	1.62600218e-06	1.75610112e-09	1.99853537e-07	0	100	0	0	0	3
2067	1275	87.0422103	15.2297863	1.61509776e-06	1.61199717e-06	1.59744602e-06	1.62600218e-06	1.72217653e-09	1.99853537e-07	0	100	0	0	0	3
2068	1276	87.084453	15.2371543	1.61517023e-06	1.6120434e-06	1.59744602e-06	1.62600218e-06	1.70489431e-09	1.99853537e-07	0	100	0	0	0	3
2069	1277	87.126729	15.2445224	1.61550607e-06	1.61210158e-06	1.59744602e-06	1.62600218e-06	1.7352161e-09	1.99853537e-07	0	100	0	0	0	3
2070	1277	87.1690392	15.2518905	1.61247149e-06	1.61213865e-06	1.59744602e-06	1.62600218e-06	1.71741485e-09	1.99853537e-07	0	100	0	0	0	3
2071	1278	87.2113859	15.2592585	1.61188154e-06	1.61217155e-06	1.59744602e-06	1.62600218e-06	1.707723e-09	1.99853537e-07	0	100	0	0	0	3
2072	1279	87.2537699	15.2666266	1.61132746e-06	1.61220755e-06	1.59744602e-06	1.62600218e-06	1.69294766e-09	1.99853537e-07	0	100	0	0	0	3
2073	1279	87.2961923	15.2739946	1.61116659e-06	1.61226621e-06	1.59744602e-06	1.62600218e-06	1.68460911e-09	1.99853537e-07	0	100	0	0	0	3
2074	1280	87.3386538	15.2813627	1.60964808e-06	1.6123004e-06	1.59744602e-06	1.62600218e-06	1.69074626e-09	1.99853537e-07	0	100	0	0	0	3
2075	1281	87.3811562	15.2887308	1.60945017e-06	1.61235472e-06	1.59744602e-06	1.62600218e-06	1.71655905e-09	1.99853537e-07	0	100	0	0	0	3
2076	1281	87.4236993	15.2960988	1.6078759e-06	1.61240127e-06	1.59744602e-06	1.62600218e-06	1.70922032e-09	1.99853537e-07	0	100	0	0	0	3
2077	1282	87.4662854	15.3034669	1.60568753e-06	1.61242252e-06	1.59744602e-06	1.62600218e-06	1.67786057e-09	1.99853537e-07	0	100	0	0	0	3
2078	1283	87.5089148	15.310835	1.60661565e-06	1.61247089e-06	1.59744602e-06	1.62600218e-06	1.67733656e-09	1.99853537e-07	0	100	0	0	0	3
2079	1283	87.5515882	15.318203	1.60581836e-06	1.61251669e-06	1.59744602e-06	1.62600218e-06	1.71778177e-09	1.99853537e-07	0	100	0	0	0	3
2080	1284	87.5943059	15.3255711	1.6044504e-06	1.61254534e-06	1.59744602e-06	1.62600218e-06	1.74642981e-09	1.99853537e-07	0	100	0	0	0	3
2081	1285	87.6370688	15.3329391	1.60269888e-06	1.61256696e-06	1.59744602e-06	1.62600218e-06	1.76804757e-09	1.99853537e-07	0	100	0	0	0	3
2082	1285	87.6798777	15.3403072	1.60324513e-06	1.61260335e-06	1.59744602e-06	1.62600218e-06	1.75629688e-09	1.99853537e-07	0	100	0	0	0	3
2083	1286	87.7227328	15.3476753	1.60295994e-06	1.61263108e-06	1.59744602e-06	1.62600218e-06	1.73757905e-09	1.99853537e-07	0	100	0	0	0	3
2084	1287	87.7656341	15.3550433	1.60333695e-06	1.61266339e-06	1.59744602e-06	1.62600218e-06	1.75720184e-09	1.99853537e-07	0	100	0	0	0	3
2085	1288	87.8085651	15.3624114	1.60270902e-06	1.61270742e-06	1.59744602e-06	1.62600218e-06	1.68991681e-09	1.99853537e-07	0	100	0	0	0	3
2086	1288	87.8514489	15.3697795	1.60094347e-06	1.61262168e-06	1.59744602e-06	1.62600218e-06	1.67313687e-09	1.99853537e-07	0	100	0	0	0	3
2087	1289	87.8942869	15.3771475	1.60231006e-06	1.61264872e-06	1.59744602e-06	1.62600218e-06	1.67313687e-09	1.99853537e-07	0	100	0	0	0	3
2088	1290	87.9370788	15.3845156	1.60123391e-06	1.61270497e-06	1.59751803e-06	1.62600218e-06	1.65479869e-09	1.99853537e-07	0	100	0	0	0	3
2089	1290	87.9798259	15.3918837	1.59978034e-06	1.61271117e-06	1.59751803e-06	1.62600218e-06	1.63427867e-09	1.99853537e-07	0	100	0	0	0	3
2090	1291	88	15.3992517	1.60586298e-06	1.61281739e-06	1.59751803e-06	1.62600218e-06	1.74049874e-09	1.99853537e-07	0	100	0	0	0	3
2091	1292	88.0426819	15.4066198	1.60071688e-06	1.61286495e-06	1.59978034e-06	1.62600218e-06	1.75535798e-09	1.99853537e-07	0	100	0	0	0	3
2092	1293	88.0853201	15.4139878	1.60096067e-06	1.61285814e-06	1.59978034e-06	1.62600218e-06	1.72809121e-09	1.99853537e-07	0	100	0	0	0	3
2093	1293	88.1279169	15.4213559	1.60053788e-06	1.6128332e-06	1.59978034e-06	1.62600218e-06	1.72809121e-09	1.99853537e-07	0	100	0	0	0	3
2094	1294	88.1704724	15.428724	1.60571952e-06	1.61290585e-06	1.59978034e-06	1.62600218e-06	1.75747704e-09	1.99853537e-07	0	100	0	0	0	3
2095	1295	88.2129871	15.436092	1.60117392e-06	1.61286652e-06	1.59978034e-06	1.62600218e-06	1.75747704e-09	1.99853537e-07	0	100	0	0	0	3
2096	1295	88.2554632	15.4434601	1.60276227e-06	1.61284704e-06	1.59978034e-06	1.62600218e-06	1.75747704e-09	1.99853537e-07	0	100	0	0	0	3
2097	1296	88.2979022	15.4508282	1.60582462e-06	1.6128753e-06	1.59978034e-06	1.62600218e-06	1.75747704e-09	1.99853537e-07	0	100	0	0	0	3
2098	1297	88.340304	15.4581962	1.60588541e-06	1.61288932e-06	1.59978034e-06	1.62600218e-06	1.75747704e-09	1.99853537e-07	0	100	0	0	0	3
2099	1298	88.3826708	15.4655643	1.60662095e-06	1.61290706e-06	1.59978034e-06	1.62600218e-06	1.75869228e-09	1.99853537e-07	0	100	0	0	0	3
2100	1298	88.4250031	15.4729323	1.60708013e-06	1.61289651e-06	1.59978034e-06	1.62600218e-06	1.7437643e-09	1.99853537e-07	0	100	0	0	0	3
2101	1299	88.467303	15.4803004	1.60849709e-06	1.61285957e-06	1.59978034e-06	1.62600218e-06	1.72659482e-09	1.99853537e-07	0	100	0	0	0	3
2102	1300	88.5095714	15.4876685	1.61056584e-06	1.61286034e-06	1.59978034e-06	1.62600218e-06	1.72659482e-09	1.99853537e-07	0	100	0	0	0	3
2103	1301	88.5518099	15.4950365	1.61393566e-06	1.61290286e-06	1.59978034e-06	1.62600218e-06	1.72659482e-09	1.99853537e-07	0	100	0	0	0	3
2104	1301	88.5940188	15.5024046	1.61306965e-06	1.61291451e-06	1.59978034e-06	1.62600218e-06	1.73403925e-09	1.99853537e-07	0	100	0	0	0	3
2105	1302	88.6362011	15.5097727	1.61246287e-06	1.61291517e-06	1.59978034e-06	1.62600218e-06	1.73469883e-09	1.99853537e-07	0	100	0	0	0	3
2106	1303	88.678358	15.5171407	1.61370916e-06	1.612888e-06	1.59978034e-06	1.62600218e-06	1.69560296e-09	1.99853537e-07	0	100	0	0	0	3
2107	1303	88.720492	15.5245088	1.61542811e-06	1.61283598e-06	1.59978034e-06	1.62600218e-06	1.67900958e-09	1.99853537e-07	0	100	0	0	0	3
2108	1304	88.7626043	15.5318768	1.61739377e-06	1.61283246e-06	1.59978034e-06	1.62600218e-06	1.67900958e-09	1.99853537e-07	0	100	0	0	0	3
2109	1305	88.8046967	15.5392449	1.62137807e-06	1.61288912e-06	1.59978034e-06	1.62600218e-06	1.67900958e-09	1.99853537e-07	0	100	0	0	0	3
2110	1305	88.8467698	15.546613	1.62041448e-06	1.61295148e-06	1.59978034e-06	1.62600218e-06	1.71273272e-09	1.99853537e-07	0	100	0	0	0	3
2111	1306	88.8888268	15.553981	1.61992785e-06	1.61297019e-06	1.59978034e-06	1.62600218e-06	1.72615972e-09	1.99853537e-07	0	100	0	0	0	3
2112	1307	88.9308693	15.5613491	1.62091348e-06	1.61298644e-06	1.59978034e-06	1.62600218e-06	1.74241342e-09	1.99853537e-07	0	100	0	0	0	3
2113	1307	88.9728998	15.5687172	1.62119246e-06	1.61300105e-06	1.59978034e-06	1.62600218e-06	1.75701694e-09	1.99853537e-07	0	100	0	0	0	3
2114	1308	89	15.5760852	1.62297087e-06	1.61295899e-06	1.59978034e-06	1.62600218e-06	1.71027606e-09	1.99853537e-07	0	100	0	0	0	3
2115	1309	89.0420151	15.5834533	1.62156559e-06	1.61289352e-06	1.59978034e-06	1.62555914e-06	1.66511242e-09	1.99853537e-07	0	100	0	0	0	3
2116	1309	89.0840229	15.5908214	1.6241949e-06	1.61288998e-06	1.59978034e-06	1.62555914e-06	1.64785364e-09	1.99853537e-07	0	100	0	0	0	3
2117	1310	89.126026	15.5981894	1.62776302e-06	1.61296466e-06	1.59978034e-06	1.62776302e-06	1.61478544e-09	1.99853537e-07	0	100	0	0	0	3
2118	1311	89.1680248	15.6055575	1.62633281e-06	1.61300316e-06	1.59978034e-06	1.62776302e-06	1.59729632e-09	1.99853537e-07	0	100	0	0	0	3
2119	1311	89.2100225	15.6129255	1.62489088e-06	1.61302511e-06	1.59978034e-06	1.62776302e-06	1.57739591e-09	1.99853537e-07	0	100	0	0	0	3
2120	1312	89.2520211	15.6202936	1.6252625e-06	1.61304274e-06	1.59978034e-06	1.62776302e-06	1.56600953e-09	1.99853537e-07	0	100	0	0	0	3
2121	1312	89.2940232	15.6276617	1.62513107e-06	1.61307164e-06	1.59978034e-06	1.62776302e-06	1.5617693e-09	1.99853537e-07	0	100	0	0	0	3
2122	1313	89.3360303	15.6350297	1.62538065e-06	1.61309836e-06	1.59978034e-06	1.62776302e-06	1.57671654e-09	1.99853537e-07	0	100	0	0	0	3
2123	1314	89.3780448	15.6423978	1.62529649e-06	1.61312898e-06	1.59978034e-06	1.62776302e-06	1.59730518e-09	1.99853537e-07	0	100	0	0	0	3
2124	1314	89.4200681	15.6497659	1.62454933e-06	1.61313713e-06	1.59978034e-06	1.62776302e-06	1.56488197e-09	1.99853537e-07	0	100	0	0	0	3
2125	1315	89.4621029	15.6571339	1.62559092e-06	1.61313782e-06	1.59978034e-06	1.62776302e-06	1.49992661e-09	1.99853537e-07	0	100	0	0	0	3
2126	1316	89.5041505	15.664502	1.62566785e-06	1.61314985e-06	1.59978034e-06	1.62776302e-06	1.46631978e-09	1.99853537e-07	0	100	0	0	0	3
2127	1316	89.5462133	15.67187	1.62600476e-06	1.61319858e-06	1.59978034e-06	1.62776302e-06	1.48028433e-09	1.99853537e-07	0	100	0	0	0	3
2128	1317	89.5882921	15.6792381	1.62515552e-06	1.61325383e-06	1.59978034e-06	1.62776302e-06	1.52275567e-09	1.99853537e-07	0	100	0	0	0	3
2129	1317	89.6303893	15.6866062	1.62364246e-06	1.6132975e-06	1.59978034e-06	1.62776302e-06	1.47097779e-09	1.99853537e-07	0	100	0	0	0	3
2130	1318	89.6725069	15.6939742	1.6228663e-06	1.61331292e-06	1.59978034e-06	1.62776302e-06	1.43184577e-09	1.99853537e-07	0	100	0	0	0	3
2131	1319	89.714647	15.7013423	1.62181658e-06	1.61333611e-06	1.59978034e-06	1.62776302e-06	1.4119489e-09	1.99853537e-07	0	100	0	0	0	3
2132	1319	89.7568109	15.7087104	1.62258718e-06	1.61339983e-06	1.59978034e-06	1.62776302e-06	1.45338769e-09	1.99853537e-07	0	100	0	0	0	3
2133	1320	89.7990006	15.7160784	1.6195711e-06	1.61342418e-06	1.59978034e-06	1.62776302e-06	1.44577705e-09	1.99853537e-07	0	100	0	0	0	3
2134	1321	89.8412174	15.7234465	1.61869061e-06	1.6134598e-06	1.59978034e-06	1.62776302e-06	1.46262516e-09	1.99853537e-07	0	100	0	0	0	3
2135	1321	89.8834637	15.7308146	1.61950835e-06	1.6135254e-06	1.59978034e-06	1.62776302e-06	1.48199518e-09	1.99853537e-07	0	100	0	0	0	3
2136	1322	89.9257402	15.7381826	1.61685235e-06	1.61355045e-06	1.59978034e-06	1.62776302e-06	1.44886476e-09	1.99853537e-07	0	100	0	0	0	3
2137	1322	89.9680493	15.7455507	1.61741422e-06	1.61357888e-06	1.59978034e-06	1.62776302e-06	1.4402347e-09	1.99853537e-07	0	100	0	0	0	3
2138	1323	90	15.7529187	1.61584939e-06	1.61362106e-06	1.59978034e-06	1.62776302e-06	1.44950776e-09	1.99853537e-07	0	100	0	0	0	3
2139	1324	90.0423689	15.7602868	1.61409938e-06	1.61365424e-06	1.59978034e-06	1.62776302e-06	1.44668906e-09	1.99853537e-07	0	100	0	0	0	3
2140	1325	90.0847737	15.7676549	1.61386561e-06	1.61369224e-06	1.59978034e-06	1.62776302e-06	1.42602959e-09	1.99853537e-07	0	100	0	0	0	3
2141	1325	90.127216	15.7750229	1.61271946e-06	1.6137155e-06	1.59978034e-06	1.62776302e-06	1.41510349e-09	1.99853537e-07	0	100	0	0	0	3
2142	1326	90.1696964	15.782391	1.6109265e-06	1.61373466e-06	1.59978034e-06	1.62776302e-06	1.37993298e-09	1.99853537e-07	0	100	0	0	0	3
2143	1326	90.2122171	15.7897591	1.611361e-06	1.61376333e-06	1.59978034e-06	1.62776302e-06	1.36206412e-09	1.99853537e-07	0	100	0	0	0	3
2144	1327	90.2547777	15.7971271	1.61092258e-06	1.61380909e-06	1.59978034e-06	1.62776302e-06	1.38657273e-09	1.99853537e-07	0	100	0	0	0	3
2145	1328	90.29738	15.8044952	1.60828538e-06	1.61384814e-06	1.59978034e-06	1.62776302e-06	1.37724783e-09	1.99853537e-07	0	100	0	0	0	3
2146	1328	90.3400246	15.8118632	1.60785393e-06	1.61386675e-06	1.59978034e-06	1.62776302e-06	1.35005908e-09	1.99853537e-07	0	100	0	0	0	3
2147	1329	90.3827132	15.8192313	1.60734859e-06	1.61388978e-06	1.59978034e-06	1.62776302e-06	1.34444108e-09	1.99853537e-07	0	100	0	0	0	3
2148	1330	90.4254456	15.8265994	1.60646819e-06	1.61392019e-06	1.59978034e-06	1.62776302e-06	1.35323031e-09	1.99853537e-07	0	100	0	0	0	3
2149	1330	90.4682235	15.8339674	1.60574967e-06	1.61396623e-06	1.59978034e-06	1.62776302e-06	1.36287971e-09	1.99853537e-07	0	100	0	0	0	3
2150	1331	90.5110464	15.8413355	1.6044072e-06	1.61398375e-06	1.59978034e-06	1.62776302e-06	1.36207176e-09	1.99853537e-07	0	100	0	0	0	3
2151	1331	90.5539157	15.8487036	1.60409513e-06	1.61400089e-06	1.59978034e-06	1.62776302e-06	1.37920555e-09	1.99853537e-07	0	100	0	0	0	3
2152	1332	90.5968313	15.8560716	1.6042626e-06	1.61401486e-06	1.59978034e-06	1.62776302e-06	1.39318287e-09	1.99853537e-07	0	100	0	0	0	3
2153	1333	90.6397344	15.8634397	1.60309034e-06	1.61402075e-06	1.59978034e-06	1.62776302e-06	1.39907266e-09	1.99853537e-07	0	100	0	0	0	3
2154	1333	90.6825903	15.8708077	1.60247722e-06	1.6140441e-06	1.59978034e-06	1.62776302e-06	1.39537355e-09	1.99853537e-07	0	100	0	0	0	3
2155	1334	90.7253995	15.8781758	1.6041358e-06	1.61407182e-06	1.59978034e-06	1.62776302e-06	1.36685324e-09	1.99853537e-07	0	100	0	0	0	3
2156	1335	90.7681614	15.8855439	1.6018979e-06	1.61408199e-06	1.59978034e-06	1.62776302e-06	1.37081546e-09	1.99853537e-07	0	100	0	0	0	3
2157	1335	90.8108773	15.8929119	1.60204634e-06	1.61411634e-06	1.60053788e-06	1.62776302e-06	1.29894293e-09	1.99853537e-07	0	100	0	0	0	3
2158	1336	90.8535479	15.90028	1.60158936e-06	1.61398736e-06	1.60053788e-06	1.62776302e-06	1.28387467e-09	1.99853537e-07	0	100	0	0	0	3
2159	1336	90.8961743	15.9076481	1.60138045e-06	1.61399754e-06	1.60053788e-06	1.62776302e-06	1.28387467e-09	1.99853537e-07	0	100	0	0	0	3
2160	1337	90.9387566	15.9150161	1.6032657e-06	1.61403219e-06	1.60053788e-06	1.62776302e-06	1.28387467e-09	1.99853537e-07	0	100	0	0	0	3
2161	1338	90.9812957	15.9223842	1.60135197e-06	1.6140446e-06	1.60117392e-06	1.62776302e-06	1.28387467e-09	1.99853537e-07	0	100	0	0	0	3
2162	1338	91	15.9297523	1.6077607e-06	1.61412827e-06	1.60117392e-06	1.62776302e-06	1.29580466e-09	1.99853537e-07	0	100	0	0	0	3
2163	1339	91.0424782	15.9371203	1.60341685e-06	1.61416211e-06	1.60135197e-06	1.62776302e-06	1.3296443e-09	1.99853537e-07	0	100	0	0	0	3
2164	1340	91.0849147	15.9444884	1.60235469e-06	1.61415615e-06	1.60135197e-06	1.62776302e-06	1.3296443e-09	1.99853537e-07	0	100	0	0	0	3
2165	1340	91.1273126	15.9518564	1.60530155e-06	1.61414844e-06	1.60135197e-06	1.62776302e-06	1.3296443e-09	1.99853537e-07	0	100	0	0	0	3
2166	1341	91.1696723	15.9592245	1.60369704e-06	1.6141158e-06	1.60135197e-06	1.62776302e-06	1.3296443e-09	1.99853537e-07	0	100	0	0	0	3
2167	1342	91.2119959	15.9665926	1.6044054e-06	1.61408277e-06	1.60135197e-06	1.62776302e-06	1.3296443e-09	1.99853537e-07	0	100	0	0	0	3
2168	1342	91.2542842	15.9739606	1.60730629e-06	1.61408626e-06	1.60135197e-06	1.62776302e-06	1.3296443e-09	1.99853537e-07	0	100	0	0	0	3
2169	1343	91.2965382	15.9813287	1.60862505e-06	1.61408826e-06	1.60135197e-06	1.62776302e-06	1.3296443e-09	1.99853537e-07	0	100	0	0	0	3
2170	1343	91.3387585	15.9886968	1.60813661e-06	1.61405207e-06	1.60135197e-06	1.62776302e-06	1.3296443e-09	1.99853537e-07	0	100	0	0	0	3
2171	1344	91.3809474	15.9960648	1.61064949e-06	1.61400307e-06	1.60135197e-06	1.62776302e-06	1.3296443e-09	1.99853537e-07	0	100	0	0	0	3
2172	1345	91.4231053	16.0034329	1.61443469e-06	1.61402342e-06	1.60135197e-06	1.62776302e-06	1.3296443e-09	1.99853537e-07	0	100	0	0	0	3
2173	1345	91.4652335	16.0108009	1.61352627e-06	1.61403929e-06	1.60135197e-06	1.62776302e-06	1.3296443e-09	1.99853537e-07	0	100	0	0	0	3
2174	1346	91.5073341	16.018169	1.61391023e-06	1.61404229e-06	1.60135197e-06	1.62776302e-06	1.3296443e-09	1.99853537e-07	0	100	0	0	0	3
2175	1347	91.5494091	16.0255371	1.61461996e-06	1.61403024e-06	1.60135197e-06	1.62776302e-06	1.3296443e-09	1.99853537e-07	0	100	0	0	0	3
2176	1347	91.5914601	16.0329051	1.61571487e-06	1.61400521e-06	1.60135197e-06	1.62776302e-06	1.27298719e-09	1.99853537e-07	0	100	0	0	0	3
2177	1348	91.633489	16.0402732	1.61837634e-06	1.61396045e-06	1.60135197e-06	1.62776302e-06	1.272131e-09	1.99853537e-07	0	100	0	0	0	3
2178	1349	91.6754969	16.0476413	1.62194165e-06	1.61398298e-06	1.60135197e-06	1.62776302e-06	1.272131e-09	1.99853537e-07	0	100	0	0	0	3
2179	1349	91.7174854	16.0550093	1.62054146e-06	1.61399194e-06	1.60135197e-06	1.62776302e-06	1.272131e-09	1.99853537e-07	0	100	0	0	0	3
2180	1350	91.7594566	16.0623774	1.6199888e-06	1.61397805e-06	1.60135197e-06	1.62776302e-06	1.272131e-09	1.99853537e-07	0	100	0	0	0	3
2181	1350	91.8014132	16.0697455	1.62138542e-06	1.61398072e-06	1.60135197e-06	1.62776302e-06	1.272131e-09	1.99853537e-07	0	100	0	0	0	3
2182	1351	91.8433567	16.0771135	1.62172451e-06	1.61400927e-06	1.60135197e-06	1.62776302e-06	1.272131e-09	1.99853537e-07	0	100	0	0	0	3
2183	1352	91.8852897	16.0844816	1.62267734e-06	1.61402544e-06	1.60135197e-06	1.62776302e-06	1.272131e-09	1.99853537e-07	0	100	0	0	0	3
2184	1352	91.9272138	16.0918496	1.62407474e-06	1.61402337e-06	1.60135197e-06	1.62776302e-06	1.19744752e-09	1.99853537e-07	0	100	0	0	0	3
2185	1353	91.9691311	16.0992177	1.6252262e-06	1.61398556e-06	1.60135197e-06	1.62633281e-06	1.15895152e-09	1.99853537e-07	0	100	0	0	0	3
2186	1354	92	16.1065858	1.62963881e-06	1.61397307e-06	1.60135197e-06	1.62963881e-06	1.13699439e-09	1.99853537e-07	0	100	0	0	0	3
2187	1354	92.0419087	16.1139538	1.62777692e-06	1.61401543e-06	1.60135197e-06	1.62963881e-06	1.11936904e-09	1.99853537e-07	0	100	0	0	0	3
2188	1355	92.0838153	16.1213219	1.62572928e-06	1.61402198e-06	1.60135197e-06	1.62963881e-06	1.09046494e-09	1.99853537e-07	0	100	0	0	0	3
2189	1356	92.1257227	16.12869	1.62569048e-06	1.61402988e-06	1.60135197e-06	1.62963881e-06	1.06375022e-09	1.99853537e-07	0	100	0	0	0	3
2190	1356	92.1676326	16.136058	1.62609295e-06	1.61404004e-06	1.60135197e-06	1.62963881e-06	1.03312805e-09	1.99853537e-07	0	100	0	0	0	3
2191	1357	92.2095475	16.1434261	1.62656973e-06	1.61405849e-06	1.60135197e-06	1.62963881e-06	1.02497381e-09	1.99853537e-07	0	100	0	0	0	3
2192	1357	92.2514689	16.1507941	1.62575176e-06	1.61407591e-06	1.60135197e-06	1.62963881e-06	1.02428621e-09	1.99853537e-07	0	100	0	0	0	3
2193	1358	92.2933993	16.1581622	1.62688941e-06	1.61409472e-06	1.60135197e-06	1.62963881e-06	1.01226172e-09	1.99853537e-07	0	100	0	0	0	3
2194	1359	92.33534	16.1655303	1.62427797e-06	1.61407369e-06	1.60135197e-06	1.62963881e-06	9.63530933e-10	1.99853537e-07	0	100	0	0	0	3
2195	1359	92.3772939	16.1728983	1.62597127e-06	1.61407274e-06	1.60135197e-06	1.62963881e-06	9.08278523e-10	1.99853537e-07	0	100	0	0	0	3
2196	1360	92.419262	16.1802664	1.62812284e-06	1.61411629e-06	1.60135197e-06	1.62963881e-06	8.64611175e-10	1.99853537e-07	0	100	0	0	0	3
2197	1361	92.4612462	16.1876345	1.62666714e-06	1.61416077e-06	1.60135197e-06	1.62963881e-06	8.49185426e-10	1.99853537e-07	0	100	0	0	0	3
2198	1361	92.5032477	16.1950025	1.62500713e-06	1.61419218e-06	1.60135197e-06	1.62963881e-06	8.56067638e-10	1.99853537e-07	0	100	0	0	0	3
2199	1362	92.5452693	16.2023706	1.62342328e-06	1.61421571e-06	1.60135197e-06	1.62963881e-06	8.15882037e-10	1.99853537e-07	0	100	0	0	0	3
2200	1362	92.587313	16.2097386	1.62350985e-06	1.61422906e-06	1.60135197e-06	1.62963881e-06	8.04887404e-10	1.99853537e-07	0	100	0	0	0	3
2201	1363	92.6293804	16.2171067	1.6231825e-06	1.61428251e-06	1.60135197e-06	1.62963881e-06	8.22710113e-10	1.99853537e-07	0	100	0	0	0	3
2202	1364	92.6714727	16.2244748	1.62138983e-06	1.61432246e-06	1.60135197e-06	1.62963881e-06	7.97058144e-10	1.99853537e-07	0	100	0	0	0	3
2203	1364	92.7135922	16.2318428	1.61960437e-06	1.61432365e-06	1.60135197e-06	1.62963881e-06	7.73206317e-10	1.99853537e-07	0	100	0	0	0	3
2204	1365	92.7557404	16.2392109	1.61941535e-06	1.61436171e-06	1.60135197e-06	1.62963881e-06	7.82827023e-10	1.99853537e-07	0	100	0	0	0	3
2205	1366	92.7979192	16.246579	1.61895714e-06	1.61438457e-06	1.60135197e-06	1.62963881e-06	7.63507628e-10	1.99853537e-07	0	100	0	0	0	3
2206	1366	92.8401294	16.253947	1.61801004e-06	1.61442197e-06	1.60135197e-06	1.62963881e-06	7.67731917e-10	1.99853537e-07	0	100	0	0	0	3
2207	1367	92.8823729	16.2613151	1.61632104e-06	1.61445503e-06	1.60135197e-06	1.62963881e-06	7.62791061e-10	1.99853537e-07	0	100	0	0	0	3
2208	1367	92.9246513	16.2686832	1.61691067e-06	1.61450039e-06	1.60135197e-06	1.62963881e-06	7.84887761e-10	1.99853537e-07	0	100	0	0	0	3
2209	1368	92.9669654	16.2760512	1.61440138e-06	1.61452553e-06	1.60135197e-06	1.62963881e-06	7.90873947e-10	1.99853537e-07	0	100	0	0	0	3
2210	1369	93	16.2834193	1.61319489e-06	1.61456402e-06	1.60135197e-06	1.62963881e-06	8.00689874e-10	1.99853537e-07	0	100	0	0	0	3
2211	1370	93.0423815	16.2907873	1.61219078e-06	1.6145766e-06	1.60135197e-06	1.62963881e-06	7.67507757e-10	1.99853537e-07	0	100	0	0	0	3
2212	1370	93.0848025	16.2981554	1.61308437e-06	1.61460919e-06	1.60135197e-06	1.62963881e-06	7.61046495e-10	1.99853537e-07	0	100	0	0	0	3
2213	1371	93.1272636	16.3055235	1.61112794e-06	1.61465215e-06	1.60135197e-06	1.62963881e-06	7.85400108e-10	1.99853537e-07	0	100	0	0	0	3
2214	1371	93.1697662	16.3128915	1.60935588e-06	1.61467505e-06	1.60135197e-06	1.62963881e-06	7.85270553e-10	1.99853537e-07	0	100	0	0	0	3
2215	1372	93.2123119	16.3202596	1.60917384e-06	1.61470287e-06	1.60135197e-06	1.62963881e-06	7.82678088e-10	1.99853537e-07	0	100	0	0	0	3
2216	1373	93.2549007	16.3276277	1.60909453e-06	1.61474282e-06	1.60135197e-06	1.62963881e-06	7.82372435e-10	1.99853537e-07	0	100	0	0	0	3
2217	1373	93.2975336	16.3349957	1.60779222e-06	1.61477406e-06	1.60135197e-06	1.62963881e-06	8.13610927e-10	1.99853537e-07	0	100	0	0	0	3
2218	1374	93.3402111	16.3423638	1.60620612e-06	1.61480173e-06	1.60135197e-06	1.62963881e-06	8.41280058e-10	1.99853537e-07	0	100	0	0	0	3
2219	1375	93.3829348	16.3497318	1.60562526e-06	1.61482538e-06	1.60135197e-06	1.62963881e-06	8.64938986e-10	1.99853537e-07	0	100	0	0	0	3
2220	1375	93.4257042	16.3570999	1.60544943e-06	1.61484387e-06	1.60135197e-06	1.62963881e-06	8.83428317e-10	1.99853537e-07	0	100	0	0	0	3
2221	1376	93.46852	16.364468	1.60414388e-06	1.61486018e-06	1.60135197e-06	1.62963881e-06	8.99737408e-10	1.99853537e-07	0	100	0	0	0	3
2222	1377	93.5113827	16.371836	1.60372661e-06	1.61487908e-06	1.60135197e-06	1.62963881e-06	9.18638964e-10	1.99853537e-07	0	100	0	0	0	3
2223	1377	93.5542933	16.3792041	1.60562263e-06	1.61490125e-06	1.60135197e-06	1.62963881e-06	9.40806999e-10	1.99853537e-07	0	100	0	0	0	3
2224	1378	93.5971939	16.3865722	1.60349786e-06	1.61492488e-06	1.60135197e-06	1.62963881e-06	9.64431857e-10	1.99853537e-07	0	100	0	0	0	3
2225	1378	93.6400476	16.3939402	1.60242645e-06	1.61493001e-06	1.60135197e-06	1.62963881e-06	9.69562468e-10	1.99853537e-07	0	100	0	0	0	3
2226	1379	93.6828548	16.4013083	1.60332605e-06	1.61495564e-06	1.60135197e-06	1.62963881e-06	9.95194369e-10	1.99853537e-07	0	100	0	0	0	3
2227	1380	93.7256163	16.4086763	1.60224922e-06	1.61496812e-06	1.60135197e-06	1.62963881e-06	1.00767573e-09	1.99853537e-07	0	100	0	0	0	3
2228	1380	93.7683324	16.4160444	1.60294543e-06	1.61496273e-06	1.60135197e-06	1.62963881e-06	1.00767573e-09	1.99853537e-07	0	100	0	0	0	3
2229	1381	93.8110043	16.4234125	1.60399034e-06	1.61500188e-06	1.60224922e-06	1.62963881e-06	1.04143536e-09	1.99853537e-07	0	100	0	0	0	3
2230	1382	93.853632	16.4307805	1.60279773e-06	1.61486704e-06	1.60224922e-06	1.62963881e-06	1.04143536e-09	1.99853537e-07	0	100	0	0	0	3
2231	1382	93.8962174	16.4381486	1.60295425e-06	1.6148597e-06	1.60224922e-06	1.62963881e-06	1.04143536e-09	1.99853537e-07	0	100	0	0	0	3
2232	1383	93.9387608	16.4455167	1.60444991e-06	1.61489047e-06	1.60224922e-06	1.62963881e-06	1.04143536e-09	1.99853537e-07	0	100	0	0	0	3
2233	1384	93.9812637	16.4528847	1.60486023e-06	1.61488354e-06	1.60224922e-06	1.62963881e-06	1.04143536e-09	1.99853537e-07	0	100	0	0	0	3
2234	1384	94	16.4602528	1.60869365e-06	1.61500999e-06	1.60224922e-06	1.62963881e-06	1.04954385e-09	1.99853537e-07	0	100	0	0	0	3
2235	1385	94.0424464	16.4676209	1.60289495e-06	1.61498688e-06	1.60224922e-06	1.62963881e-06	1.04954385e-09	1.99853537e-07	0	100	0	0	0	3
2236	1386	94.084855	16.4749889	1.6058951e-06	1.61496541e-06	1.60224922e-06	1.62963881e-06	1.04954385e-09	1.99853537e-07	0	100	0	0	0	3
2237	1386	94.1272278	16.482357	1.61068131e-06	1.61499592e-06	1.60224922e-06	1.62963881e-06	1.04954385e-09	1.99853537e-07	0	100	0	0	0	3
2238	1387	94.1695645	16.489725	1.60894784e-06	1.61500777e-06	1.60224922e-06	1.62963881e-06	1.04954385e-09	1.99853537e-07	0	100	0	0	0	3
2239	1387	94.2118674	16.4970931	1.6079976e-06	1.61496797e-06	1.60224922e-06	1.62963881e-06	1.04954385e-09	1.99853537e-07	0	100	0	0	0	3
2240	1388	94.2541379	16.5044612	1.61174984e-06	1.61492786e-06	1.60224922e-06	1.62963881e-06	1.04954385e-09	1.99853537e-07	0	100	0	0	0	3
2241	1389	94.2963773	16.5118292	1.61498635e-06	1.61494959e-06	1.60224922e-06	1.62963881e-06	1.04954385e-09	1.99853537e-07	0	100	0	0	0	3
2242	1389	94.3385859	16.5191973	1.61456401e-06	1.6149593e-06	1.60224922e-06	1.62963881e-06	1.04954385e-09	1.99853537e-07	0	100	0	0	0	3
2243	1390	94.3807666	16.5265654	1.61490062e-06	1.61496347e-06	1.60224922e-06	1.62963881e-06	1.04954385e-09	1.99853537e-07	0	100	0	0	0	3
2244	1391	94.4229205	16.5339334	1.61450734e-06	1.61494552e-06	1.60224922e-06	1.62963881e-06	1.04954385e-09	1.99853537e-07	0	100	0	0	0	3
2245	1391	94.4650504	16.5413015	1.61666867e-06	1.61492023e-06	1.60224922e-06	1.62963881e-06	1.03692351e-09	1.99853537e-07	0	100	0	0	0	3
2246	1392	94.5071571	16.5486695	1.61935673e-06	1.61488204e-06	1.60224922e-06	1.62963881e-06	1.03692351e-09	1.99853537e-07	0	100	0	0	0	3
2247	1392	94.5492427	16.5560376	1.62231552e-06	1.6149086e-06	1.60224922e-06	1.62963881e-06	1.03692351e-09	1.99853537e-07	0	100	0	0	0	3
2248	1393	94.5913075	16.5634057	1.62150797e-06	1.61493133e-06	1.60224922e-06	1.62963881e-06	1.03692351e-09	1.99853537e-07	0	100	0	0	0	3
2249	1394	94.633355	16.5707737	1.62108718e-06	1.61492711e-06	1.60224922e-06	1.62963881e-06	1.03692351e-09	1.99853537e-07	0	100	0	0	0	3
2250	1394	94.6753869	16.5781418	1.62198566e-06	1.6149312e-06	1.60224922e-06	1.62963881e-06	1.03692351e-09	1.99853537e-07	0	100	0	0	0	3
2251	1395	94.7174057	16.5855099	1.62276906e-06	1.61493279e-06	1.60224922e-06	1.62963881e-06	1.03692351e-09	1.99853537e-07	0	100	0	0	0	3
2252	1395	94.7594129	16.5928779	1.62395312e-06	1.61493126e-06	1.60224922e-06	1.62963881e-06	1.03692351e-09	1.99853537e-07	0	100	0	0	0	3
2253	1396	94.801411	16.600246	1.62391563e-06	1.61491212e-06	1.60224922e-06	1.62963881e-06	1.03692351e-09	1.99853537e-07	0	100	0	0	0	3
2254	1397	94.8434015	16.6076141	1.62630589e-06	1.6149205e-06	1.60224922e-06	1.62812284e-06	9.94556427e-10	1.99853537e-07	0	100	0	0	0	3
2255	1397	94.8853868	16.6149821	1.62941454e-06	1.61494503e-06	1.60224922e-06	1.62941454e-06	9.88014118e-10	1.99853537e-07	0	100	0	0	0	3
2256	1398	94.9273674	16.6223502	1.62811318e-06	1.6149805e-06	1.60224922e-06	1.62941454e-06	9.8010701e-10	1.99853537e-07	0	100	0	0	0	3
2257	1399	94.9693464	16.6297182	1.62728159e-06	1.61500426e-06	1.60224922e-06	1.62941454e-06	9.69953567e-10	1.99853537e-07	0	100	0	0	0	3
2258	1399	95	16.6370863	1.62794703e-06	1.61498026e-06	1.60224922e-06	1.62941454e-06	9.51501719e-10	1.99853537e-07	0	100	0	0	0	3
2259	1400	95.0419814	16.6444544	1.62587973e-06	1.6149703e-06	1.60224922e-06	1.62941454e-06	9.37252071e-10	1.99853537e-07	0	100	0	0	0	3
2260	1401	95.0839672	16.6518224	1.62764256e-06	1.61499858e-06	1.60224922e-06	1.62941454e-06	9.37252071e-10	1.99853537e-07	0	100	0	0	0	3
2261	1401	95.1259591	16.6591905	1.62630968e-06	1.61499024e-06	1.60224922e-06	1.62941454e-06	9.37252071e-10	1.99853537e-07	0	100	0	0	0	3
2262	1402	95.1679593	16.6665586	1.62753198e-06	1.61503868e-06	1.60224922e-06	1.62941454e-06	9.65945483e-10	1.99853537e-07	0	100	0	0	0	3
2263	1403	95.20997	16.6739266	1.62616126e-06	1.61504172e-06	1.60224922e-06	1.62941454e-06	9.2542608e-10	1.99853537e-07	0	100	0	0	0	3
2264	1403	95.2519931	16.6812947	1.62742145e-06	1.61503157e-06	1.60224922e-06	1.62941454e-06	8.80948105e-10	1.99853537e-07	0	100	0	0	0	3
2265	1404	95.2940305	16.6886627	1.62838001e-06	1.61505721e-06	1.60224922e-06	1.62941454e-06	8.65026216e-10	1.99853537e-07	0	100	0	0	0	3
2266	1404	95.3360832	16.6960308	1.62743148e-06	1.61509337e-06	1.60224922e-06	1.62941454e-06	8.77661941e-10	1.99853537e-07	0	100	0	0	0	3
2267	1405	95.3781536	16.7033989	1.62557134e-06	1.61512542e-06	1.60224922e-06	1.62941454e-06	8.96355899e-10	1.99853537e-07	0	100	0	0	0	3
2268	1406	95.4202438	16.7107669	1.62489529e-06	1.61514614e-06	1.60224922e-06	1.62941454e-06	8.63632772e-10	1.99853537e-07	0	100	0	0	0	3
2269	1406	95.462356	16.718135	1.62388967e-06	1.61515678e-06	1.60224922e-06	1.62941454e-06	8.34322358e-10	1.99853537e-07	0	100	0	0	0	3
2270	1407	95.5044914	16.7255031	1.62473136e-06	1.61520657e-06	1.60224922e-06	1.62941454e-06	8.82918967e-10	1.99853537e-07	0	100	0	0	0	3
2271	1408	95.5466518	16.7328711	1.62130676e-06	1.61523197e-06	1.60224922e-06	1.62941454e-06	8.70259642e-10	1.99853537e-07	0	100	0	0	0	3
2272	1408	95.588839	16.7402392	1.62063647e-06	1.61525021e-06	1.60224922e-06	1.62941454e-06	8.65644493e-10	1.99853537e-07	0	100	0	0	0	3
2273	1409	95.6310554	16.7476072	1.62123874e-06	1.61528426e-06	1.60224922e-06	1.62941454e-06	8.62288378e-10	1.99853537e-07	0	100	0	0	0	3
2274	1410	95.6733015	16.7549753	1.62031663e-06	1.61531869e-06	1.60224922e-06	1.62941454e-06	8.63656889e-10	1.99853537e-07	0	100	0	0	0	3
2275	1410	95.7155793	16.7623434	1.61786683e-06	1.61534177e-06	1.60224922e-06	1.62941454e-06	8.41376454e-10	1.99853537e-07	0	100	0	0	0	3
2276	1411	95.7578904	16.7697114	1.61798756e-06	1.61535787e-06	1.60224922e-06	1.62941454e-06	8.32334533e-10	1.99853537e-07	0	100	0	0	0	3
2277	1412	95.8002362	16.7770795	1.61686818e-06	1.61539472e-06	1.60224922e-06	1.62941454e-06	8.30704965e-10	1.99853537e-07	0	100	0	0	0	3
2278	1412	95.8426178	16.7844476	1.6151721e-06	1.61541697e-06	1.60224922e-06	1.62941454e-06	8.40366967e-10	1.99853537e-07	0	100	0	0	0	3
2279	1413	95.8850373	16.7918156	1.61428303e-06	1.61544815e-06	1.60224922e-06	1.62941454e-06	8.38960955e-10	1.99853537e-07	0	100	0	0	0	3
2280	1414	95.9274947	16.7991837	1.61270615e-06	1.61544247e-06	1.60224922e-06	1.62941454e-06	7.95994172e-10	1.99853537e-07	0	100	0	0	0	3
2281	1414	95.9699927	16.8065518	1.61300187e-06	1.61547043e-06	1.60224922e-06	1.62941454e-06	7.95373167e-10	1.99853537e-07	0	100	0	0	0	3
2282	1415	96	16.8139198	1.61241305e-06	1.61552984e-06	1.60224922e-06	1.62941454e-06	8.26967464e-10	1.99853537e-07	0	100	0	0	0	3
2283	1416	96.0425679	16.8212879	1.61156483e-06	1.61556575e-06	1.60224922e-06	1.62941454e-06	8.22929319e-10	1.99853537e-07	0	100	0	0	0	3
2284	1416	96.0851775	16.8286559	1.60860002e-06	1.61555826e-06	1.60224922e-06	1.62941454e-06	7.91690828e-10	1.99853537e-07	0	100	0	0	0	3
2285	1417	96.1278316	16.836024	1.60941923e-06	1.61558272e-06	1.60224922e-06	1.62941454e-06	7.80991213e-10	1.99853537e-07	0	100	0	0	0	3
2286	1418	96.1705291	16.8433921	1.60802633e-06	1.61561011e-06	1.60224922e-06	1.62941454e-06	7.84725287e-10	1.99853537e-07	0	100	0	0	0	3
2287	1418	96.2132721	16.8507601	1.60720911e-06	1.61563396e-06	1.60224922e-06	1.62941454e-06	7.90086464e-10	1.99853537e-07	0	100	0	0	0	3
2288	1419	96.2560603	16.8581282	1.60626847e-06	1.61564628e-06	1.60224922e-06	1.62941454e-06	7.86571082e-10	1.99853537e-07	0	100	0	0	0	3
2289	1420	96.2988952	16.8654963	1.60503916e-06	1.61565975e-06	1.60224922e-06	1.62941454e-06	8.00042699e-10	1.99853537e-07	0	100	0	0	0	3
2290	1420	96.3417767	16.8728643	1.6055389e-06	1.61568712e-06	1.60224922e-06	1.62941454e-06	8.27419913e-10	1.99853537e-07	0	100	0	0	0	3
2291	1421	96.3846991	16.8802324	1.60527364e-06	1.61568179e-06	1.60224922e-06	1.62941454e-06	8.27419913e-10	1.99853537e-07	0	100	0	0	0	3
2292	1421	96.4275734	16.8876004	1.60485804e-06	1.61570251e-06	1.60224922e-06	1.62941454e-06	8.4280293e-10	1.99853537e-07	0	100	0	0	0	3
2293	1422	96.4704003	16.8949685	1.60385722e-06	1.61572428e-06	1.60224922e-06	1.62941454e-06	8.64578123e-10	1.99853537e-07	0	100	0	0	0	3
2294	1423	96.5131796	16.9023366	1.60370579e-06	1.61573014e-06	1.60224922e-06	1.62941454e-06	8.70439708e-10	1.99853537e-07	0	100	0	0	0	3
2295	1423	96.5559125	16.9097046	1.60337812e-06	1.61574733e-06	1.60279773e-06	1.62941454e-06	8.87620994e-10	1.99853537e-07	0	100	0	0	0	3
2296	1424	96.5985992	16.9170727	1.60336266e-06	1.61575375e-06	1.60279773e-06	1.62941454e-06	8.94046969e-10	1.99853537e-07	0	100	0	0	0	3
2297	1425	96.6412405	16.9244408	1.60203888e-06	1.61572448e-06	1.60203888e-06	1.62941454e-06	8.94046969e-10	1.99853537e-07	0	100	0	0	0	3
2298	1425	96.6838375	16.9318088	1.60418155e-06	1.61574544e-06	1.60203888e-06	1.62941454e-06	8.94046969e-10	1.99853537e-07	0	100	0	0	0	3
2299	1426	96.7263902	16.9391769	1.60397615e-06	1.61576096e-06	1.60203888e-06	1.62941454e-06	8.78919215e-10	1.99853537e-07	0	100	0	0	0	3
2300	1426	96.7688999	16.9465449	1.60262149e-06	1.61573363e-06	1.60203888e-06	1.62941454e-06	8.78919215e-10	1.99853537e-07	0	100	0	0	0	3
2301	1427	96.8113686	16.953913	1.60675726e-06	1.61576223e-06	1.60203888e-06	1.62941454e-06	8.80188938e-10	1.99853537e-07	0	100	0	0	0	3
2302	1428	96.8537951	16.9612811	1.60367926e-06	1.615629e-06	1.60203888e-06	1.62941454e-06	8.80188938e-10	1.99853537e-07	0	100	0	0	0	3
2303	1429	96.8961826	16.9686491	1.60609332e-06	1.61567677e-06	1.60203888e-06	1.62941454e-06	8.80188938e-10	1.99853537e-07	0	100	0	0	0	3
2304	1429	96.9385313	16.9760172	1.60511618e-06	1.61566542e-06	1.60203888e-06	1.62941454e-06	8.80188938e-10	1.99853537e-07	0	100	0	0	0	3
2305	1430	96.9808438	16.9833853	1.60619442e-06	1.61559899e-06	1.60203888e-06	1.62941454e-06	8.80188938e-10	1.99853537e-07	0	100	0	0	0	3
2306	1430	97	16.9907533	1.61134062e-06	1.61566966e-06	1.60203888e-06	1.62941454e-06	8.80188938e-10	1.99853537e-07	0	100	0	0	0	3
2307	1431	97.0422598	16.9981214	1.60900673e-06	1.61568484e-06	1.60203888e-06	1.62941454e-06	8.80188938e-10	1.99853537e-07	0	100	0	0	0	3
2308	1432	97.0844845	17.0054895	1.60928274e-06	1.6156481e-06	1.60203888e-06	1.62941454e-06	8.80188938e-10	1.99853537e-07	0	100	0	0	0	3
2309	1432	97.1266767	17.0128575	1.6110755e-06	1.61558981e-06	1.60203888e-06	1.62941454e-06	8.80188938e-10	1.99853537e-07	0	100	0	0	0	3
2310	1433	97.1688376	17.0202256	1.61230401e-06	1.61555616e-06	1.60203888e-06	1.62941454e-06	8.80188938e-10	1.99853537e-07	0	100	0	0	0	3
2311	1434	97.2109687	17.0275936	1.61511023e-06	1.61555929e-06	1.60203888e-06	1.62941454e-06	8.80188938e-10	1.99853537e-07	0	100	0	0	0	3
2312	1434	97.2530707	17.0349617	1.61550831e-06	1.6155742e-06	1.60203888e-06	1.62941454e-06	8.80188938e-10	1.99853537e-07	0	100	0	0	0	3
2313	1435	97.295146	17.0423298	1.61504276e-06	1.61555001e-06	1.60203888e-06	1.62941454e-06	8.80188938e-10	1.99853537e-07	0	100	0	0	0	3
2314	1436	97.3371962	17.0496978	1.61668878e-06	1.61551029e-06	1.60203888e-06	1.62941454e-06	8.53628741e-10	1.99853537e-07	0	100	0	0	0	3
2315	1436	97.3792235	17.0570659	1.61806847e-06	1.61544708e-06	1.60203888e-06	1.62941454e-06	8.50107347e-10	1.99853537e-07	0	100	0	0	0	3
2316	1437	97.421229	17.064434	1.62035148e-06	1.61542979e-06	1.60203888e-06	1.62941454e-06	8.50107347e-10	1.99853537e-07	0	100	0	0	0	3
2317	1437	97.4632147	17.071802	1.62265894e-06	1.61545298e-06	1.60203888e-06	1.62941454e-06	8.50107347e-10	1.99853537e-07	0	100	0	0	0	3
2318	1438	97.5051816	17.0791701	1.62307099e-06	1.61546893e-06	1.60203888e-06	1.62941454e-06	8.50107347e-10	1.99853537e-07	0	100	0	0	0	3
2319	1439	97.5471323	17.0865381	1.62278081e-06	1.61546893e-06	1.60203888e-06	1.62941454e-06	8.50107347e-10	1.99853537e-07	0	100	0	0	0	3
2320	1439	97.5890687	17.0939062	1.62247948e-06	1.61544687e-06	1.60203888e-06	1.62941454e-06	8.50107347e-10	1.99853537e-07	0	100	0	0	0	3
2321	1440	97.6309934	17.1012743	1.62329874e-06	1.61543751e-06	1.60203888e-06	1.62941454e-06	8.41725572e-10	1.99853537e-07	0	100	0	0	0	3
2322	1441	97.6729084	17.1086423	1.62516652e-06	1.61542035e-06	1.60203888e-06	1.62941454e-06	8.17199223e-10	1.99853537e-07	0	100	0	0	0	3
2323	1441	97.7148154	17.1160104	1.62692408e-06	1.61538307e-06	1.60203888e-06	1.62838001e-06	7.91922639e-10	1.99853537e-07	0	100	0	0	0	3
2324	1442	97.7567161	17.1233785	1.62982101e-06	1.615408e-06	1.60203888e-06	1.62982101e-06	7.91922639e-10	1.99853537e-07	0	100	0	0	0	3
2325	1442	97.7986118	17.1307465	1.62791411e-06	1.61541702e-06	1.60203888e-06	1.62982101e-06	7.91922639e-10	1.99853537e-07	0	100	0	0	0	3
2326	1443	97.8405052	17.1381146	1.62738028e-06	1.61545824e-06	1.60203888e-06	1.62982101e-06	7.91922639e-10	1.99853537e-07	0	100	0	0	0	3
2327	1444	97.8823987	17.1454827	1.6269082e-06	1.61547309e-06	1.60203888e-06	1.62982101e-06	7.71986779e-10	1.99853537e-07	0	100	0	0	0	3
2328	1444	97.9242944	17.1528507	1.6277887e-06	1.61547486e-06	1.60203888e-06	1.62982101e-06	7.71986779e-10	1.99853537e-07	0	100	0	0	0	3
2329	1445	97.9661945	17.1602188	1.62785672e-06	1.61549733e-06	1.60203888e-06	1.62982101e-06	7.30657701e-10	1.99853537e-07	0	100	0	0	0	3
2330	1446	98	17.1675868	1.62681396e-06	1.61545394e-06	1.60203888e-06	1.62982101e-06	7.30657701e-10	1.99853537e-07	0	100	0	0	0	3
2331	1446	98.0419128	17.1749549	1.6276955e-06	1.61547627e-06	1.60203888e-06	1.62982101e-06	7.30657701e-10	1.99853537e-07	0	100	0	0	0	3
2332	1447	98.0838353	17.182323	1.62662499e-06	1.61546406e-06	1.60203888e-06	1.62982101e-06	7.05020608e-10	1.99853537e-07	0	100	0	0	0	3
2333	1448	98.1257702	17.189691	1.62784337e-06	1.61545564e-06	1.60203888e-06	1.62982101e-06	6.68852014e-10	1.99853537e-07	0	100	0	0	0	3
2334	1448	98.1677186	17.1970591	1.62766021e-06	1.61545859e-06	1.60203888e-06	1.62982101e-06	6.36808239e-10	1.99853537e-07	0	100	0	0	0	3
2335	1449	98.2096827	17.2044272	1.62882197e-06	1.61550639e-06	1.60203888e-06	1.62982101e-06	6.1608659e-10	1.99853537e-07	0	100	0	0	0	3
2336	1449	98.2516634	17.2117952	1.62678217e-06	1.615534e-06	1.60203888e-06	1.62982101e-06	6.05447489e-10	1.99853537e-07	0	100	0	0	0	3
2337	1450	98.2936635	17.2191633	1.62606471e-06	1.61556593e-06	1.60203888e-06	1.62982101e-06	5.55654214e-10	1.99853537e-07	0	100	0	0	0	3
2338	1451	98.3356847	17.2265313	1.624577e-06	1.61556327e-06	1.60203888e-06	1.62982101e-06	5.30256486e-10	1.99853537e-07	0	100	0	0	0	3
2339	1451	98.3777292	17.2338994	1.62374848e-06	1.6155993e-06	1.60203888e-06	1.62982101e-06	5.12015203e-10	1.99853537e-07	0	100	0	0	0	3
2340	1452	98.4197984	17.2412675	1.62349116e-06	1.61564151e-06	1.60203888e-06	1.62982101e-06	4.77968063e-10	1.99853537e-07	0	100	0	0	0	3
2341	1453	98.4618943	17.2486355	1.62273967e-06	1.61566359e-06	1.60203888e-06	1.62982101e-06	4.43539417e-10	1.99853537e-07	0	100	0	0	0	3
2342	1453	98.504018	17.2560036	1.61996603e-06	1.61565818e-06	1.60203888e-06	1.62982101e-06	4.20460565e-10	1.99853537e-07	0	100	0	0	0	3
2343	1454	98.546172	17.2633717	1.62108975e-06	1.61570608e-06	1.60203888e-06	1.62982101e-06	4.04360409e-10	1.99853537e-07	0	100	0	0	0	3
2344	1455	98.588357	17.2707397	1.61856849e-06	1.61571463e-06	1.60203888e-06	1.62982101e-06	3.79154675e-10	1.99853537e-07	0	100	0	0	0	3
2345	1455	98.6305754	17.2781078	1.61838546e-06	1.61573721e-06	1.60203888e-06	1.62982101e-06	3.79154675e-10	1.99853537e-07	0	100	0	0	0	3
2346	1456	98.6728276	17.2854758	1.61845139e-06	1.61578619e-06	1.60203888e-06	1.62982101e-06	4.031231e-10	1.99853537e-07	0	100	0	0	0	3
2347	1456	98.7151152	17.2928439	1.61568829e-06	1.61580726e-06	1.60203888e-06	1.62982101e-06	4.24190799e-10	1.99853537e-07	0	100	0	0	0	3
2348	1457	98.75744	17.300212	1.61466909e-06	1.61583677e-06	1.60203888e-06	1.62982101e-06	4.5369405e-10	1.99853537e-07	0	100	0	0	0	3
2349	1458	98.7998033	17.30758	1.61364148e-06	1.61584648e-06	1.60203888e-06	1.62982101e-06	4.63404134e-10	1.99853537e-07	0	100	0	0	0	3
2350	1458	98.8422063	17.3149481	1.61407378e-06	1.61585628e-06	1.60203888e-06	1.62982101e-06	4.73206321e-10	1.99853537e-07	0	100	0	0	0	3
2351	1459	98.8846496	17.3223162	1.61193706e-06	1.61586203e-06	1.60203888e-06	1.62982101e-06	4.7895325e-10	1.99853537e-07	0	100	0	0	0	3
2352	1460	98.9271343	17.3296842	1.61170528e-06	1.61590877e-06	1.60203888e-06	1.62982101e-06	5.25693297e-10	1.99853537e-07	0	100	0	0	0	3
2353	1460	98.9696615	17.3370523	1.61097977e-06	1.61593241e-06	1.60203888e-06	1.62982101e-06	5.49335817e-10	1.99853537e-07	0	100	0	0	0	3
2354	1461	99	17.3444204	1.60962379e-06	1.61598407e-06	1.60203888e-06	1.62982101e-06	6.00998043e-10	1.99853537e-07	0	100	0	0	0	3
2355	1462	99.0426022	17.3517884	1.60810232e-06	1.61599796e-06	1.60203888e-06	1.62982101e-06	6.14884001e-10	1.99853537e-07	0	100	0	0	0	3
2356	1462	99.0852492	17.3591565	1.60812409e-06	1.61602641e-06	1.60203888e-06	1.62982101e-06	6.43341179e-10	1.99853537e-07	0	100	0	0	0	3
2357	1463	99.127942	17.3665245	1.60717879e-06	1.61605925e-06	1.60203888e-06	1.62982101e-06	6.76181919e-10	1.99853537e-07	0	100	0	0	0	3
2358	1463	99.1706808	17.3738926	1.60577995e-06	1.61606343e-06	1.60203888e-06	1.62982101e-06	6.80354373e-10	1.99853537e-07	0	100	0	0	0	3
2359	1464	99.2134665	17.3812607	1.60588845e-06	1.61607325e-06	1.60203888e-06	1.62982101e-06	6.90174711e-10	1.99853537e-07	0	100	0	0	0	3
2360	1465	99.2562992	17.3886287	1.60572835e-06	1.61608659e-06	1.60203888e-06	1.62982101e-06	7.03518092e-10	1.99853537e-07	0	100	0	0	0	3
2361	1465	99.2991791	17.3959968	1.60534166e-06	1.61610886e-06	1.60203888e-06	1.62982101e-06	7.25790436e-10	1.99853537e-07	0	100	0	0	0	3
2362	1466	99.3420984	17.4033649	1.60458279e-06	1.61612155e-06	1.60203888e-06	1.62982101e-06	7.38482528e-10	1.99853537e-07	0	100	0	0	0	3
2363	1467	99.3849703	17.4107329	1.60525511e-06	1.61614937e-06	1.60203888e-06	1.62982101e-06	7.66299979e-10	1.99853537e-07	0	100	0	0	0	3
2364	1467	99.4277946	17.418101	1.60311186e-06	1.61614495e-06	1.60203888e-06	1.62982101e-06	7.66299979e-10	1.99853537e-07	0	100	0	0	0	3
2365	1468	99.4705727	17.425469	1.60394501e-06	1.61617309e-06	1.60262149e-06	1.62982101e-06	7.90019636e-10	1.99853537e-07	0	100	0	0	0	3
2366	1468	99.5133048	17.4328371	1.60311731e-06	1.61615645e-06	1.60262149e-06	1.62982101e-06	7.90019636e-10	1.99853537e-07	0	100	0	0	0	3
2367	1469	99.5559925	17.4402052	1.60320215e-06	1.61614419e-06	1.60262149e-06	1.62982101e-06	7.90019636e-10	1.99853537e-07	0	100	0	0	0	3
2368	1470	99.5986354	17.4475732	1.60532868e-06	1.61618435e-06	1.60311186e-06	1.62982101e-06	8.01276282e-10	1.99853537e-07	0	100	0	0	0	3
2369	1470	99.6412349	17.4549413	1.603252e-06	1.61613115e-06	1.60311186e-06	1.62982101e-06	8.01276282e-10	1.99853537e-07	0	100	0	0	0	3
2370	1471	99.6837921	17.4623094	1.60514704e-06	1.61615264e-06	1.60311186e-06	1.62982101e-06	8.01276282e-10	1.99853537e-07	0	100	0	0	0	3
2371	1472	99.7263079	17.4696774	1.60467912e-06	1.61613094e-06	1.60311186e-06	1.62982101e-06	8.01276282e-10	1.99853537e-07	0	100	0	0	0	3
2372	1472	99.7687832	17.4770455	1.6046744e-06	1.61612382e-06	1.60311186e-06	1.62982101e-06	8.01276282e-10	1.99853537e-07	0	100	0	0	0	3
2373	1473	99.8112201	17.4844136	1.60801572e-06	1.61615069e-06	1.60311186e-06	1.62982101e-06	8.01276282e-10	1.99853537e-07	0	100	0	0	0	3
2374	1474	99.8536187	17.4917816	1.60679424e-06	1.61604396e-06	1.60311186e-06	1.62982101e-06	8.01276282e-10	1.99853537e-07	0	100	0	0	0	3
2375	1474	99.8959816	17.4991497	1.6091609e-06	1.616046e-06	1.60311186e-06	1.62982101e-06	8.01276282e-10	1.99853537e-07	0	100	0	0	0	3
2376	1475	99.9383086	17.5065177	1.60989815e-06	1.61605488e-06	1.60311186e-06	1.62982101e-06	8.01276282e-10	1.99853537e-07	0	100	0	0	0	3
2377	1476	99.9806015	17.5138858	1.61060553e-06	1.61604774e-06	1.60311186e-06	1.62982101e-06	8.01276282e-10	1.99853537e-07	0	100	0	0	0	3
2378	1476	100	17.5212539	1.61163053e-06	1.61607323e-06	1.60311186e-06	1.62982101e-06	8.01276282e-10	1.99853537e-07	0	100	0	0	0	3
2379	1477	100.042246	17.5286219	1.61299081e-06	1.61604156e-06	1.60311186e-06	1.62982101e-06	8.01276282e-10	1.99853537e-07	0	100	0	0	0	3
2380	1478	100.08446	17.53599	1.61584314e-06	1.61604654e-06	1.60311186e-06	1.62982101e-06	8.01276282e-10	1.99853537e-07	0	100	0	0	0	3
2381	1478	100.126646	17.5433581	1.6161302e-06	1.6160627e-06	1.60311186e-06	1.62982101e-06	8.01276282e-10	1.99853537e-07	0	100	0	0	0	3
2382	1479	100.168803	17.5507261	1.61609881e-06	1.61605394e-06	1.60311186e-06	1.62982101e-06	8.01276282e-10	1.99853537e-07	0	100	0	0	0	3
2383	1480	100.210935	17.5580942	1.61670819e-06	1.61603377e-06	1.60311186e-06	1.62982101e-06	8.01276282e-10	1.99853537e-07	0	100	0	0	0	3
2384	1480	100.253043	17.5654622	1.61779834e-06	1.61599597e-06	1.60311186e-06	1.62982101e-06	8.01276282e-10	1.99853537e-07	0	100	0	0	0	3
2385	1481	100.29513	17.5728303	1.62062355e-06	1.61596595e-06	1.60311186e-06	1.62982101e-06	8.01276282e-10	1.99853537e-07	0	100	0	0	0	3
2386	1481	100.337195	17.5801984	1.62328661e-06	1.6159694e-06	1.60311186e-06	1.62982101e-06	8.01276282e-10	1.99853537e-07	0	100	0	0	0	3
2387	1482	100.379242	17.5875664	1.62401725e-06	1.61598799e-06	1.60311186e-06	1.62982101e-06	8.01276282e-10	1.99853537e-07	0	100	0	0	0	3
2388	1483	100.421272	17.5949345	1.62295606e-06	1.61599528e-06	1.60311186e-06	1.62982101e-06	8.01276282e-10	1.99853537e-07	0	100	0	0	0	3
2389	1483	100.463287	17.6023026	1.6236533e-06	1.61600077e-06	1.60311186e-06	1.62982101e-06	8.01276282e-10	1.99853537e-07	0	100	0	0	0	3
2390	1484	100.50529	17.6096706	1.62385482e-06	1.6159816e-06	1.60311186e-06	1.62982101e-06	8.01276282e-10	1.99853537e-07	0	100	0	0	0	3
2391	1485	100.547283	17.6170387	1.62501802e-06	1.61595368e-06	1.60311186e-06	1.62982101e-06	7.76343924e-10	1.99853537e-07	0	100	0	0	0	3
2392	1485	100.589267	17.6244067	1.62695777e-06	1.61591165e-06	1.60311186e-06	1.62882197e-06	7.67327274e-10	1.99853537e-07	0	100	0	0	0	3
2393	1486	100.631244	17.6317748	1.62760176e-06	1.61590737e-06	1.60311186e-06	1.62882197e-06	7.30410832e-10	1.99853537e-07	0	100	0	0	0	3
2394	1486	100.673217	17.6391429	1.62966443e-06	1.61594153e-06	1.60311186e-06	1.62966443e-06	7.30410832e-10	1.99853537e-07	0	100	0	0	0	3
2395	1487	100.715187	17.6465109	1.62834733e-06	1.61596315e-06	1.60311186e-06	1.62966443e-06	7.30410832e-10	1.99853537e-07	0	100	0	0	0	3
2396	1488	100.757157	17.653879	1.62825781e-06	1.61597041e-06	1.60311186e-06	1.62966443e-06	7.30410832e-10	1.99853537e-07	0	100	0	0	0	3
2397	1488	100.799128	17.6612471	1.62789839e-06	1.61597132e-06	1.60311186e-06	1.62966443e-06	7.30410832e-10	1.99853537e-07	0	100	0	0	0	3
2398	1489	100.841104	17.6686151	1.62835011e-06	1.6160252e-06	1.60311186e-06	1.62966443e-06	7.28703818e-10	1.99853537e-07	0	100	0	0	0	3
2399	1490	100.883085	17.6759832	1.62737203e-06	1.6160207e-06	1.60311186e-06	1.62966443e-06	7.28703818e-10	1.99853537e-07	0	100	0	0	0	3
2400	1490	100.925074	17.6833513	1.62835712e-06	1.61604655e-06	1.60311186e-06	1.62966443e-06	7.28703818e-10	1.99853537e-07	0	100	0	0	0	3
2401	1491	100.967073	17.6907193	1.62713635e-06	1.61603636e-06	1.60311186e-06	1.62966443e-06	7.25756461e-10	1.99853537e-07	0	100	0	0	0	3
2402	1492	101	17.6980874	1.62890387e-06	1.6160138e-06	1.60311186e-06	1.62966443e-06	6.77960843e-10	1.99853537e-07	0	100	0	0	0	3
2403	1492	101.042022	17.7054554	1.62779329e-06	1.6159988e-06	1.60311186e-06	1.62966443e-06	6.5034766e-10	1.99853537e-07	0	100	0	0	0	3
2404	1493	101.084059	17.7128235	1.6291447e-06	1.61603407e-06	1.60311186e-06	1.62966443e-06	6.21074221e-10	1.99853537e-07	0	100	0	0	0	3
2405	1494	101.126113	17.7201916	1.62771597e-06	1.61605878e-06	1.60311186e-06	1.62966443e-06	6.21074221e-10	1.99853537e-07	0	100	0	0	0	3
2406	1494	101.168186	17.7275596	1.62652746e-06	1.61608791e-06	1.60311186e-06	1.62966443e-06	5.85047208e-10	1.99853537e-07	0	100	0	0	0	3
2407	1495	101.210279	17.7349277	1.62461068e-06	1.61610085e-06	1.60311186e-06	1.62966443e-06	5.4283547e-10	1.99853537e-07	0	100	0	0	0	3
2408	1496	101.252396	17.7422958	1.62571237e-06	1.616134e-06	1.60311186e-06	1.62966443e-06	5.26172647e-10	1.99853537e-07	0	100	0	0	0	3
2409	1496	101.294537	17.7496638	1.62355699e-06	1.61614627e-06	1.60311186e-06	1.62966443e-06	5.26172647e-10	1.99853537e-07	0	100	0	0	0	3
2410	1497	101.336705	17.7570319	1.62259309e-06	1.61618543e-06	1.60311186e-06	1.62966443e-06	4.79358676e-10	1.99853537e-07	0	100	0	0	0	3
2411	1498	101.3789	17.7643999	1.62119017e-06	1.616187e-06	1.60311186e-06	1.62966443e-06	4.7236993e-10	1.99853537e-07	0	100	0	0	0	3
2412	1498	101.421125	17.771768	1.62127294e-06	1.61622735e-06	1.60311186e-06	1.62966443e-06	4.90135386e-10	1.99853537e-07	0	100	0	0	0	3
2413	1499	101.463382	17.7791361	1.6199132e-06	1.61625017e-06	1.60311186e-06	1.62966443e-06	4.6397099e-10	1.99853537e-07	0	100	0	0	0	3
2414	1500	101.505671	17.7865041	1.61881463e-06	1.61625562e-06	1.60311186e-06	1.62966443e-06	4.48354337e-10	1.99853537e-07	0	100	0	0	0	3
2415	1500	101.547994	17.7938722	1.61791197e-06	1.61628883e-06	1.60311186e-06	1.62966443e-06	4.52065792e-10	1.99853537e-07	0	100	0	0	0	3
2416	1501	101.590353	17.8012403	1.61637606e-06	1.61631434e-06	1.60311186e-06	1.62966443e-06	4.67859502e-10	1.99853537e-07	0	100	0	0	0	3
2417	1502	101.632749	17.8086083	1.61536026e-06	1.61634003e-06	1.60311186e-06	1.62966443e-06	4.83748432e-10	1.99853537e-07	0	100	0	0	0	3
2418	1502	101.675183	17.8159764	1.61473485e-06	1.6163499e-06	1.60311186e-06	1.62966443e-06	4.87878555e-10	1.99853537e-07	0	100	0	0	0	3
2419	1503	101.717657	17.8233444	1.61442447e-06	1.61638715e-06	1.60311186e-06	1.62966443e-06	4.79783234e-10	1.99853537e-07	0	100	0	0	0	3
2420	1504	101.760171	17.8307125	1.61233376e-06	1.61639653e-06	1.60311186e-06	1.62966443e-06	4.8916602e-10	1.99853537e-07	0	100	0	0	0	3
2421	1504	101.802728	17.8380806	1.61196173e-06	1.61641123e-06	1.60311186e-06	1.62966443e-06	5.03861023e-10	1.99853537e-07	0	100	0	0	0	3
2422	1505	101.845326	17.8454486	1.61083136e-06	1.61640006e-06	1.60311186e-06	1.62966443e-06	5.03861023e-10	1.99853537e-07	0	100	0	0	0	3
2423	1506	101.887967	17.8528167	1.6092917e-06	1.61641777e-06	1.60311186e-06	1.62966443e-06	5.1040379e-10	1.99853537e-07	0	100	0	0	0	3
2424	1506	101.930654	17.8601848	1.60890531e-06	1.61642937e-06	1.60311186e-06	1.62966443e-06	5.22009335e-10	1.99853537e-07	0	100	0	0	0	3
2425	1507	101.973385	17.8675528	1.60784153e-06	1.6164392e-06	1.60311186e-06	1.62966443e-06	5.31836927e-10	1.99853537e-07	0	100	0	0	0	3
2426	1508	102	17.8749209	1.60898211e-06	1.61653007e-06	1.60311186e-06	1.62966443e-06	6.22704408e-10	1.99853537e-07	0	100	0	0	0	3
2427	1508	102.042806	17.882289	1.60652269e-06	1.61653959e-06	1.60311186e-06	1.62966443e-06	6.32222371e-10	1.99853537e-07	0	100	0	0	0	3
2428	1509	102.085659	17.889657	1.6056281e-06	1.61653799e-06	1.60311186e-06	1.62966443e-06	6.32222371e-10	1.99853537e-07	0	100	0	0	0	3
2429	1510	102.12856	17.8970251	1.60628019e-06	1.61655214e-06	1.60311186e-06	1.62966443e-06	6.44775547e-10	1.99853537e-07	0	100	0	0	0	3
2430	1510	102.171454	17.9043931	1.60521009e-06	1.61656176e-06	1.60311186e-06	1.62966443e-06	6.54392554e-10	1.99853537e-07	0	100	0	0	0	3
2431	1511	102.2143	17.9117612	1.60491675e-06	1.61655674e-06	1.60311186e-06	1.62966443e-06	6.54392554e-10	1.99853537e-07	0	100	0	0	0	3
2432	1511	102.257099	17.9191293	1.60534894e-06	1.6165907e-06	1.60311731e-06	1.62966443e-06	6.83332809e-10	1.99853537e-07	0	100	0	0	0	3
2433	1512	102.29985	17.9264973	1.60345235e-06	1.61658337e-06	1.60311731e-06	1.62966443e-06	6.83332809e-10	1.99853537e-07	0	100	0	0	0	3
2434	1513	102.342555	17.9338654	1.60442535e-06	1.61660325e-06	1.60320215e-06	1.62966443e-06	6.95881583e-10	1.99853537e-07	0	100	0	0	0	3
2435	1513	102.385214	17.9412335	1.60231233e-06	1.61658997e-06	1.60231233e-06	1.62966443e-06	6.95881583e-10	1.99853537e-07	0	100	0	0	0	3
2436	1514	102.427828	17.9486015	1.60396643e-06	1.61656956e-06	1.60231233e-06	1.62966443e-06	6.95881583e-10	1.99853537e-07	0	100	0	0	0	3
2437	1515	102.470398	17.9559696	1.60591953e-06	1.61660984e-06	1.60231233e-06	1.62966443e-06	7.02474521e-10	1.99853537e-07	0	100	0	0	0	3
2438	1515	102.512923	17.9633376	1.60165011e-06	1.6165574e-06	1.60165011e-06	1.62966443e-06	7.02474521e-10	1.99853537e-07	0	100	0	0	0	3
2439	1516	102.555407	17.9707057	1.60643935e-06	1.61658397e-06	1.60165011e-06	1.62966443e-06	7.02474521e-10	1.99853537e-07	0	100	0	0	0	3
2440	1516	102.597849	17.9780738	1.60637361e-06	1.6166096e-06	1.60165011e-06	1.62966443e-06	7.02474521e-10	1.99853537e-07	0	100	0	0	0	3
2441	1517	102.64025	17.9854418	1.60415914e-06	1.61655191e-06	1.60165011e-06	1.62966443e-06	7.02474521e-10	1.99853537e-07	0	100	0	0	0	3
2442	1518	102.682613	17.9928099	1.60614267e-06	1.61654228e-06	1.60165011e-06	1.62966443e-06	7.02474521e-10	1.99853537e-07	0	100	0	0	0	3
2443	1518	102.724937	18.000178	1.60648217e-06	1.6165023e-06	1.60165011e-06	1.62966443e-06	7.02474521e-10	1.99853537e-07	0	100	0	0	0	3
2444	1519	102.767225	18.007546	1.60977431e-06	1.61650054e-06	1.60165011e-06	1.62966443e-06	7.02474521e-10	1.99853537e-07	0	100	0	0	0	3
2445	1520	102.809477	18.0149141	1.61045451e-06	1.61649837e-06	1.60165011e-06	1.62966443e-06	7.02474521e-10	1.99853537e-07	0	100	0	0	0	3
2446	1520	102.851695	18.0222822	1.61007402e-06	1.61643637e-06	1.60165011e-06	1.62966443e-06	7.02474521e-10	1.99853537e-07	0	100	0	0	0	3
2447	1521	102.89388	18.0296502	1.61105562e-06	1.61640782e-06	1.60165011e-06	1.62966443e-06	7.02474521e-10	1.99853537e-07	0	100	0	0	0	3
2448	1522	102.936034	18.0370183	1.61280608e-06	1.61636294e-06	1.60165011e-06	1.62966443e-06	7.02474521e-10	1.99853537e-07	0	100	0	0	0	3
2449	1522	102.978157	18.0443863	1.61616982e-06	1.61636353e-06	1.60165011e-06	1.62966443e-06	7.02474521e-10	1.99853537e-07	0	100	0	0	0	3
2450	1523	103	18.0517544	1.61687085e-06	1.61637138e-06	1.60165011e-06	1.62966443e-06	7.02474521e-10	1.99853537e-07	0	100	0	0	0	3
2451	1524	103.04208	18.0591225	1.61560509e-06	1.61635498e-06	1.60165011e-06	1.62966443e-06	7.02474521e-10	1.99853537e-07	0	100	0	0	0	3
2452	1524	103.084133	18.0664905	1.61673671e-06	1.61633918e-06	1.60165011e-06	1.62966443e-06	7.02474521e-10	1.99853537e-07	0	100	0	0	0	3
2453	1525	103.126163	18.0738586	1.61787543e-06	1.6162983e-06	1.60165011e-06	1.62966443e-06	7.02474521e-10	1.99853537e-07	0	100	0	0	0	3
2454	1526	103.16817	18.0812267	1.62052901e-06	1.61625724e-06	1.60165011e-06	1.62966443e-06	7.02474521e-10	1.99853537e-07	0	100	0	0	0	3
2455	1526	103.210157	18.0885947	1.62406003e-06	1.61625771e-06	1.60165011e-06	1.62966443e-06	7.02474521e-10	1.99853537e-07	0	100	0	0	0	3
2456	1527	103.252124	18.0959628	1.62273488e-06	1.61625428e-06	1.60165011e-06	1.62966443e-06	7.02474521e-10	1.99853537e-07	0	100	0	0	0	3
2457	1527	103.294074	18.1033308	1.62251908e-06	1.6162373e-06	1.60165011e-06	1.62966443e-06	7.02474521e-10	1.99853537e-07	0	100	0	0	0	3
2458	1528	103.336009	18.1106989	1.62389476e-06	1.61623771e-06	1.60165011e-06	1.62966443e-06	7.02474521e-10	1.99853537e-07	0	100	0	0	0	3
2459	1529	103.377931	18.118067	1.62383095e-06	1.61621991e-06	1.60165011e-06	1.62966443e-06	7.02474521e-10	1.99853537e-07	0	100	0	0	0	3
2460	1529	103.419843	18.125435	1.62559132e-06	1.6161994e-06	1.60165011e-06	1.62966443e-06	7.02474521e-10	1.99853537e-07	0	100	0	0	0	3
2461	1530	103.461746	18.1328031	1.62450907e-06	1.61615332e-06	1.60165011e-06	1.62966443e-06	6.68307703e-10	1.99853537e-07	0	100	0	0	0	3
2462	1531	103.503642	18.1401712	1.62798394e-06	1.61612808e-06	1.60165011e-06	1.6291447e-06	6.46689169e-10	1.99853537e-07	0	100	0	0	0	3
2463	1531	103.545534	18.1475392	1.63140607e-06	1.61617301e-06	1.60165011e-06	1.63140607e-06	6.39431261e-10	1.99853537e-07	0	100	0	0	0	3
2464	1532	103.587421	18.1549073	1.62925186e-06	1.61618737e-06	1.60165011e-06	1.63140607e-06	6.38515003e-10	1.99853537e-07	0	100	0	0	0	3
2465	1533	103.629308	18.1622753	1.62804312e-06	1.61618916e-06	1.60165011e-06	1.63140607e-06	6.11043011e-10	1.99853537e-07	0	100	0	0	0	3
2466	1533	103.671195	18.1696434	1.62787656e-06	1.61618178e-06	1.60165011e-06	1.63140607e-06	6.11043011e-10	1.99853537e-07	0	100	0	0	0	3
2467	1534	103.713087	18.1770115	1.62838483e-06	1.61619641e-06	1.60165011e-06	1.63140607e-06	6.11043011e-10	1.99853537e-07	0	100	0	0	0	3
2468	1534	103.754983	18.1843795	1.62786018e-06	1.61618866e-06	1.60165011e-06	1.63140607e-06	6.11043011e-10	1.99853537e-07	0	100	0	0	0	3
2469	1535	103.796887	18.1917476	1.62868876e-06	1.61621128e-06	1.60165011e-06	1.63140607e-06	6.11043011e-10	1.99853537e-07	0	100	0	0	0	3
2470	1536	103.838801	18.1991157	1.6272615e-06	1.61622721e-06	1.60165011e-06	1.63140607e-06	6.11043011e-10	1.99853537e-07	0	100	0	0	0	3
2471	1536	103.880726	18.2064837	1.62833375e-06	1.6162348e-06	1.60165011e-06	1.63140607e-06	5.75764979e-10	1.99853537e-07	0	100	0	0	0	3
2472	1537	103.922665	18.2138518	1.62837831e-06	1.61622303e-06	1.60165011e-06	1.63140607e-06	5.51057833e-10	1.99853537e-07	0	100	0	0	0	3
2473	1538	103.964619	18.2212199	1.62978537e-06	1.61625321e-06	1.60165011e-06	1.63140607e-06	5.21931785e-10	1.99853537e-07	0	100	0	0	0	3
2474	1538	104	18.2285879	1.6283751e-06	1.61625202e-06	1.60165011e-06	1.63140607e-06	5.08985504e-10	1.99853537e-07	0	100	0	0	0	3
2475	1539	104.041986	18.235956	1.62589544e-06	1.61627075e-06	1.60165011e-06	1.63140607e-06	4.81761827e-10	1.99853537e-07	0	100	0	0	0	3
2476	1540	104.083992	18.243324	1.62534567e-06	1.61626494e-06	1.60165011e-06	1.63140607e-06	4.81761827e-10	1.99853537e-07	0	100	0	0	0	3
2477	1540	104.126021	18.2506921	1.62614352e-06	1.61630304e-06	1.60165011e-06	1.63140607e-06	4.81761827e-10	1.99853537e-07	0	100	0	0	0	3
2478	1541	104.168074	18.2580602	1.62415617e-06	1.61632601e-06	1.60165011e-06	1.63140607e-06	4.81761827e-10	1.99853537e-07	0	100	0	0	0	3
2479	1541	104.210153	18.2654282	1.62299253e-06	1.61635259e-06	1.60165011e-06	1.63140607e-06	4.81761827e-10	1.99853537e-07	0	100	0	0	0	3
2480	1542	104.25226	18.2727963	1.62175044e-06	1.61635949e-06	1.60165011e-06	1.63140607e-06	4.81761827e-10	1.99853537e-07	0	100	0	0	0	3
2481	1543	104.294396	18.2801644	1.62175647e-06	1.61638677e-06	1.60165011e-06	1.63140607e-06	4.81761827e-10	1.99853537e-07	0	100	0	0	0	3
2482	1543	104.336563	18.2875324	1.62023616e-06	1.61640784e-06	1.60165011e-06	1.63140607e-06	4.81761827e-10	1.99853537e-07	0	100	0	0	0	3
2483	1544	104.378763	18.2949005	1.61858243e-06	1.61641777e-06	1.60165011e-06	1.63140607e-06	4.81761827e-10	1.99853537e-07	0	100	0	0	0	3
2484	1545	104.420996	18.3022685	1.61863367e-06	1.61645146e-06	1.60165011e-06	1.63140607e-06	4.81761827e-10	1.99853537e-07	0	100	0	0	0	3
2485	1545	104.463264	18.3096366	1.61752867e-06	1.61648389e-06	1.60165011e-06	1.63140607e-06	4.81761827e-10	1.99853537e-07	0	100	0	0	0	3
2486	1546	104.50557	18.3170047	1.6160011e-06	1.61650289e-06	1.60165011e-06	1.63140607e-06	4.81761827e-10	1.99853537e-07	0	100	0	0	0	3
2487	1547	104.547913	18.3243727	1.61469192e-06	1.61650699e-06	1.60165011e-06	1.63140607e-06	4.81761827e-10	1.99853537e-07	0	100	0	0	0	3
2488	1547	104.590295	18.3317408	1.61463501e-06	1.61654165e-06	1.60165011e-06	1.63140607e-06	4.81761827e-10	1.99853537e-07	0	100	0	0	0	3
2489	1548	104.632718	18.3391089	1.61276831e-06	1.61655395e-06	1.60165011e-06	1.63140607e-06	4.81761827e-10	1.99853537e-07	0	100	0	0	0	3
2490	1548	104.675182	18.3464769	1.61233992e-06	1.61657686e-06	1.60165011e-06	1.63140607e-06	4.81761827e-10	1.99853537e-07	0	100	0	0	0	3
2491	1549	104.717688	18.353845	1.61176525e-06	1.61661437e-06	1.60165011e-06	1.63140607e-06	4.86289583e-10	1.99853537e-07	0	100	0	0	0	3
2492	1550	104.760237	18.361213	1.60933474e-06	1.6166212e-06	1.60165011e-06	1.63140607e-06	4.93119904e-10	1.99853537e-07	0	100	0	0	0	3
2493	1550	104.802831	18.3685811	1.60958442e-06	1.61664786e-06	1.60165011e-06	1.63140607e-06	5.19782489e-10	1.99853537e-07	0	100	0	0	0	3
2494	1551	104.84547	18.3759492	1.60864678e-06	1.61659967e-06	1.60165011e-06	1.63140607e-06	5.19782489e-10	1.99853537e-07	0	100	0	0	0	3
2495	1552	104.888154	18.3833172	1.60781346e-06	1.61661946e-06	1.60165011e-06	1.63140607e-06	5.19782489e-10	1.99853537e-07	0	100	0	0	0	3
2496	1552	104.930885	18.3906853	1.60725871e-06	1.61664442e-06	1.60165011e-06	1.63140607e-06	5.19782489e-10	1.99853537e-07	0	100	0	0	0	3
2497	1553	104.973662	18.3980534	1.60618032e-06	1.61664337e-06	1.60165011e-06	1.63140607e-06	5.19782489e-10	1.99853537e-07	0	100	0	0	0	3
2498	1554	105	18.4054214	1.6071564e-06	1.61672842e-06	1.60165011e-06	1.63140607e-06	6.0033955e-10	1.99853537e-07	0	100	0	0	0	3
2499	1554	105.042853	18.4127895	1.60396614e-06	1.61671399e-06	1.60165011e-06	1.63140607e-06	6.0033955e-10	1.99853537e-07	0	100	0	0	0	3
2500	1555	105.085755	18.4201576	1.6063126e-06	1.61672819e-06	1.60165011e-06	1.63140607e-06	6.0033955e-10	1.99853537e-07	0	100	0	0	0	3
2501	1556	105.128647	18.4275256	1.60554043e-06	1.61675919e-06	1.60165011e-06	1.63140607e-06	6.31110985e-10	1.99853537e-07	0	100	0	0	0	3
2502	1556	105.171491	18.4348937	1.60382982e-06	1.61674956e-06	1.60165011e-06	1.63140607e-06	6.31110985e-10	1.99853537e-07	0	100	0	0	0	3
2503	1557	105.214288	18.4422617	1.60420726e-06	1.61677752e-06	1.60165011e-06	1.63140607e-06	6.49443917e-10	1.99853537e-07	0	100	0	0	0	3
2504	1558	105.257039	18.4496298	1.60313344e-06	1.61676431e-06	1.60165011e-06	1.63140607e-06	6.49443917e-10	1.99853537e-07	0	100	0	0	0	3
2505	1558	105.299745	18.4569979	1.60514929e-06	1.61675217e-06	1.60165011e-06	1.63140607e-06	6.49443917e-10	1.99853537e-07	0	100	0	0	0	3
2506	1559	105.342406	18.4643659	1.60590276e-06	1.61681557e-06	1.60313344e-06	1.63140607e-06	6.87487205e-10	1.99853537e-07	0	100	0	0	0	3
2507	1560	105.385022	18.471734	1.60281441e-06	1.61676048e-06	1.60281441e-06	1.63140607e-06	6.87487205e-10	1.99853537e-07	0	100	0	0	0	3
2508	1560	105.427596	18.4791021	1.60538521e-06	1.61674513e-06	1.60281441e-06	1.63140607e-06	6.87487205e-10	1.99853537e-07	0	100	0	0	0	3
2509	1561	105.470128	18.4864701	1.60649143e-06	1.6167796e-06	1.60281441e-06	1.63140607e-06	6.87487205e-10	1.99853537e-07	0	100	0	0	0	3
2510	1562	105.512618	18.4938382	1.60522919e-06	1.61676541e-06	1.60281441e-06	1.63140607e-06	6.87487205e-10	1.99853537e-07	0	100	0	0	0	3
2511	1562	105.555069	18.5012062	1.60681652e-06	1.61676996e-06	1.60281441e-06	1.63140607e-06	6.87487205e-10	1.99853537e-07	0	100	0	0	0	3
2512	1563	105.597481	18.5085743	1.60743556e-06	1.61673461e-06	1.60281441e-06	1.63140607e-06	6.87487205e-10	1.99853537e-07	0	100	0	0	0	3
2513	1564	105.639857	18.5159424	1.60955546e-06	1.61672087e-06	1.60281441e-06	1.63140607e-06	6.87487205e-10	1.99853537e-07	0	100	0	0	0	3
2514	1564	105.682196	18.5233104	1.61024854e-06	1.6167232e-06	1.60281441e-06	1.63140607e-06	6.87487205e-10	1.99853537e-07	0	100	0	0	0	3
2515	1565	105.7245	18.5306785	1.61015896e-06	1.61670956e-06	1.60281441e-06	1.63140607e-06	6.87487205e-10	1.99853537e-07	0	100	0	0	0	3
2516	1565	105.766771	18.5380466	1.61128103e-06	1.61668663e-06	1.60281441e-06	1.63140607e-06	6.87487205e-10	1.99853537e-07	0	100	0	0	0	3
2517	1566	105.80901	18.5454146	1.61349433e-06	1.61664668e-06	1.60281441e-06	1.63140607e-06	6.87487205e-10	1.99853537e-07	0	100	0	0	0	3
2518	1567	105.851218	18.5527827	1.61685318e-06	1.61664802e-06	1.60281441e-06	1.63140607e-06	6.87487205e-10	1.99853537e-07	0	100	0	0	0	3
2519	1567	105.893397	18.5601508	1.61585799e-06	1.61665173e-06	1.60281441e-06	1.63140607e-06	6.87487205e-10	1.99853537e-07	0	100	0	0	0	3
2520	1568	105.935548	18.5675188	1.61630677e-06	1.61664538e-06	1.60281441e-06	1.63140607e-06	6.87487205e-10	1.99853537e-07	0	100	0	0	0	3
2521	1569	105.977674	18.5748869	1.61777804e-06	1.61664398e-06	1.60281441e-06	1.63140607e-06	6.87487205e-10	1.99853537e-07	0	100	0	0	0	3
2522	1569	106	18.5822549	1.62020939e-06	1.61661446e-06	1.60281441e-06	1.63140607e-06	6.87487205e-10	1.99853537e-07	0	100	0	0	0	3
2523	1570	106.04209	18.589623	1.62024596e-06	1.61655804e-06	1.60281441e-06	1.63140607e-06	6.87487205e-10	1.99853537e-07	0	100	0	0	0	3
2524	1571	106.084158	18.5969911	1.62357244e-06	1.6165707e-06	1.60281441e-06	1.63140607e-06	6.87487205e-10	1.99853537e-07	0	100	0	0	0	3
2525	1571	106.126207	18.6043591	1.62330135e-06	1.61658253e-06	1.60281441e-06	1.63140607e-06	6.87487205e-10	1.99853537e-07	0	100	0	0	0	3
2526	1572	106.168238	18.6117272	1.6231958e-06	1.6165724e-06	1.60281441e-06	1.63140607e-06	6.87487205e-10	1.99853537e-07	0	100	0	0	0	3
2527	1573	106.210254	18.6190953	1.62347527e-06	1.61656736e-06	1.60281441e-06	1.63140607e-06	6.87487205e-10	1.99853537e-07	0	100	0	0	0	3
2528	1573	106.252256	18.6264633	1.62419483e-06	1.61654694e-06	1.60281441e-06	1.63140607e-06	6.87487205e-10	1.99853537e-07	0	100	0	0	0	3
2529	1574	106.294247	18.6338314	1.62508852e-06	1.61655578e-06	1.60281441e-06	1.63140607e-06	6.87487205e-10	1.99853537e-07	0	100	0	0	0	3
2530	1574	106.336229	18.6411994	1.62578302e-06	1.61652351e-06	1.60281441e-06	1.63140607e-06	6.42555214e-10	1.99853537e-07	0	100	0	0	0	3
2531	1575	106.378205	18.6485675	1.627093e-06	1.61646004e-06	1.60281441e-06	1.62978537e-06	6.33787778e-10	1.99853537e-07	0	100	0	0	0	3
2532	1576	106.420175	18.6559356	1.63173953e-06	1.61649726e-06	1.60281441e-06	1.63173953e-06	6.33787778e-10	1.99853537e-07	0	100	0	0	0	3
2533	1576	106.462141	18.6633036	1.6302086e-06	1.61652967e-06	1.60281441e-06	1.63173953e-06	6.33787778e-10	1.99853537e-07	0	100	0	0	0	3
2534	1577	106.504104	18.6706717	1.62868937e-06	1.61654201e-06	1.60281441e-06	1.63173953e-06	6.26907684e-10	1.99853537e-07	0	100	0	0	0	3
2535	1578	106.54607	18.6780398	1.62863167e-06	1.61654598e-06	1.60281441e-06	1.63173953e-06	6.26907684e-10	1.99853537e-07	0	100	0	0	0	3
2536	1578	106.588038	18.6854078	1.6282005e-06	1.61655131e-06	1.60281441e-06	1.63173953e-06	6.04286766e-10	1.99853537e-07	0	100	0	0	0	3
2537	1579	106.630011	18.6927759	1.62866136e-06	1.6165512e-06	1.60281441e-06	1.63173953e-06	5.92537804e-10	1.99853537e-07	0	100	0	0	0	3
2538	1580	106.671991	18.7001439	1.62792689e-06	1.61656131e-06	1.60281441e-06	1.63173953e-06	5.92537804e-10	1.99853537e-07	0	100	0	0	0	3
2539	1580	106.713982	18.707512	1.6282267e-06	1.61655999e-06	1.60281441e-06	1.63173953e-06	5.92537804e-10	1.99853537e-07	0	100	0	0	0	3
2540	1581	106.755983	18.7148801	1.62761488e-06	1.61654894e-06	1.60281441e-06	1.63173953e-06	5.63548619e-10	1.99853537e-07	0	100	0	0	0	3
2541	1581	106.797997	18.7222481	1.62782669e-06	1.61652017e-06	1.60281441e-06	1.63173953e-06	5.63548619e-10	1.99853537e-07	0	100	0	0	0	3
2542	1582	106.840027	18.7296162	1.63089177e-06	1.61658517e-06	1.60281441e-06	1.63173953e-06	5.50625989e-10	1.99853537e-07	0	100	0	0	0	3
2543	1583	106.882073	18.7369843	1.62811056e-06	1.61661816e-06	1.60281441e-06	1.63173953e-06	5.50625989e-10	1.99853537e-07	0	100	0	0	0	3
2544	1583	106.924137	18.7443523	1.62728925e-06	1.61664712e-06	1.60281441e-06	1.63173953e-06	5.12520762e-10	1.99853537e-07	0	100	0	0	0	3
2545	1584	106.966222	18.7517204	1.6259638e-06	1.61664465e-06	1.60281441e-06	1.63173953e-06	4.89559534e-10	1.99853537e-07	0	100	0	0	0	3
2546	1585	107	18.7590885	1.62615783e-06	1.61664657e-06	1.60281441e-06	1.63173953e-06	4.62972126e-10	1.99853537e-07	0	100	0	0	0	3
2547	1585	107.042127	18.7664565	1.62381295e-06	1.61665889e-06	1.60281441e-06	1.63173953e-06	4.560759e-10	1.99853537e-07	0	100	0	0	0	3
2548	1586	107.084279	18.7738246	1.62335854e-06	1.6166829e-06	1.60281441e-06	1.63173953e-06	4.2879197e-10	1.99853537e-07	0	100	0	0	0	3
2549	1587	107.126459	18.7811926	1.62255108e-06	1.61669482e-06	1.60281441e-06	1.63173953e-06	4.07722612e-10	1.99853537e-07	0	100	0	0	0	3
2550	1587	107.168668	18.7885607	1.62230629e-06	1.61672572e-06	1.60281441e-06	1.63173953e-06	3.97793727e-10	1.99853537e-07	0	100	0	0	0	3
2551	1588	107.210908	18.7959288	1.61990699e-06	1.6167455e-06	1.60281441e-06	1.63173953e-06	3.64108398e-10	1.99853537e-07	0	100	0	0	0	3
2552	1589	107.25318	18.8032968	1.61948221e-06	1.61675819e-06	1.60281441e-06	1.63173953e-06	3.55529993e-10	1.99853537e-07	0	100	0	0	0	3
2553	1589	107.295487	18.8106649	1.61982724e-06	1.61679254e-06	1.60281441e-06	1.63173953e-06	3.55529993e-10	1.99853537e-07	0	100	0	0	0	3
2554	1590	107.337827	18.818033	1.61602294e-06	1.61679286e-06	1.60281441e-06	1.63173953e-06	3.55529993e-10	1.99853537e-07	0	100	0	0	0	3
2555	1591	107.380206	18.825401	1.61724574e-06	1.61683104e-06	1.60281441e-06	1.63173953e-06	3.71005917e-10	1.99853537e-07	0	100	0	0	0	3
2556	1591	107.422621	18.8327691	1.61449238e-06	1.61682888e-06	1.60281441e-06	1.63173953e-06	3.71005917e-10	1.99853537e-07	0	100	0	0	0	3
2557	1592	107.465076	18.8401371	1.61475667e-06	1.61685864e-06	1.60281441e-06	1.63173953e-06	3.98601678e-10	1.99853537e-07	0	100	0	0	0	3
2558	1592	107.507571	18.8475052	1.61368406e-06	1.61687875e-06	1.60281441e-06	1.63173953e-06	4.18718769e-10	1.99853537e-07	0	100	0	0	0	3
2559	1593	107.550108	18.8548733	1.61287032e-06	1.6168953e-06	1.60281441e-06	1.63173953e-06	4.35259973e-10	1.99853537e-07	0	100	0	0	0	3
2560	1594	107.592686	18.8622413	1.61111709e-06	1.61692201e-06	1.60281441e-06	1.63173953e-06	4.61976045e-10	1.99853537e-07	0	100	0	0	0	3
2561	1594	107.635308	18.8696094	1.60963885e-06	1.61692276e-06	1.60281441e-06	1.63173953e-06	4.62722887e-10	1.99853537e-07	0	100	0	0	0	3
2562	1595	107.677974	18.8769775	1.61029696e-06	1.61694753e-06	1.60281441e-06	1.63173953e-06	4.87498074e-10	1.99853537e-07	0	100	0	0	0	3
2563	1596	107.720685	18.8843455	1.60835201e-06	1.61695557e-06	1.60281441e-06	1.63173953e-06	4.95532441e-10	1.99853537e-07	0	100	0	0	0	3
2564	1596	107.763442	18.8917136	1.608039e-06	1.61696726e-06	1.60281441e-06	1.63173953e-06	5.07222261e-10	1.99853537e-07	0	100	0	0	0	3
2565	1597	107.806245	18.8990817	1.60719897e-06	1.61698255e-06	1.60281441e-06	1.63173953e-06	5.2251696e-10	1.99853537e-07	0	100	0	0	0	3
2566	1598	107.849095	18.9064497	1.60679613e-06	1.61692018e-06	1.60281441e-06	1.63173953e-06	5.2251696e-10	1.99853537e-07	0	100	0	0	0	3
2567	1598	107.891993	18.9138178	1.60484384e-06	1.6169332e-06	1.60281441e-06	1.63173953e-06	5.2251696e-10	1.99853537e-07	0	100	0	0	0	3
2568	1599	107.934886	18.9211858	1.60574223e-06	1.61692464e-06	1.60281441e-06	1.63173953e-06	5.2251696e-10	1.99853537e-07	0	100	0	0	0	3
2569	1600	107.977732	18.9285539	1.60529569e-06	1.61692115e-06	1.60281441e-06	1.63173953e-06	5.2251696e-10	1.99853537e-07	0	100	0	0	0	3
2570	1600	108	18.935922	1.60604709e-06	1.61703383e-06	1.60281441e-06	1.63173953e-06	5.73799229e-10	1.99853537e-07	0	100	0	0	0	3
2571	1601	108.042772	18.94329	1.60394668e-06	1.61703001e-06	1.60281441e-06	1.63173953e-06	5.73799229e-10	1.99853537e-07	0	100	0	0	0	3
2572	1602	108.085497	18.9506581	1.60386467e-06	1.61704118e-06	1.60281441e-06	1.63173953e-06	5.81145869e-10	1.99853537e-07	0	100	0	0	0	3
2573	1602	108.128176	18.9580262	1.60386807e-06	1.61702196e-06	1.60281441e-06	1.63173953e-06	5.81145869e-10	1.99853537e-07	0	100	0	0	0	3
2574	1603	108.17081	18.9653942	1.60614247e-06	1.61702568e-06	1.60281441e-06	1.63173953e-06	5.81145869e-10	1.99853537e-07	0	100	0	0	0	3
2575	1604	108.213398	18.9727623	1.60388371e-06	1.61704192e-06	1.60386467e-06	1.63173953e-06	5.81888987e-10	1.99853537e-07	0	100	0	0	0	3
2576	1604	108.255942	18.9801303	1.60404733e-06	1.61702192e-06	1.60386467e-06	1.63173953e-06	5.81888987e-10	1.99853537e-07	0	100	0	0	0	3
2577	1605	108.298444	18.9874984	1.605098e-06	1.61700109e-06	1.60386467e-06	1.63173953e-06	5.81888987e-10	1.99853537e-07	0	100	0	0	0	3
2578	1605	108.340903	18.9948665	1.60610722e-06	1.6170144e-06	1.60386467e-06	1.63173953e-06	5.81888987e-10	1.99853537e-07	0	100	0	0	0	3
2579	1606	108.383321	19.0022345	1.60484103e-06	1.6169849e-06	1.60386467e-06	1.63173953e-06	5.81888987e-10	1.99853537e-07	0	100	0	0	0	3
2580	1607	108.425699	19.0096026	1.60707785e-06	1.61697965e-06	1.60386467e-06	1.63173953e-06	5.81888987e-10	1.99853537e-07	0	100	0	0	0	3
2581	1607	108.468039	19.0169707	1.60881953e-06	1.61696873e-06	1.60386467e-06	1.63173953e-06	5.81888987e-10	1.99853537e-07	0	100	0	0	0	3
2582	1608	108.510341	19.0243387	1.60781494e-06	1.61693241e-06	1.60386467e-06	1.63173953e-06	5.81888987e-10	1.99853537e-07	0	100	0	0	0	3
2583	1609	108.552607	19.0317068	1.60809831e-06	1.61690171e-06	1.60386467e-06	1.63173953e-06	5.81888987e-10	1.99853537e-07	0	100	0	0	0	3
2584	1609	108.594838	19.0390748	1.61008647e-06	1.61688395e-06	1.60386467e-06	1.63173953e-06	5.81888987e-10	1.99853537e-07	0	100	0	0	0	3
2585	1610	108.637036	19.0464429	1.61153394e-06	1.61685475e-06	1.60386467e-06	1.63173953e-06	5.81888987e-10	1.99853537e-07	0	100	0	0	0	3
2586	1611	108.679201	19.053811	1.61347113e-06	1.61680432e-06	1.60386467e-06	1.63173953e-06	5.81888987e-10	1.99853537e-07	0	100	0	0	0	3
2587	1611	108.721336	19.061179	1.61653676e-06	1.61681445e-06	1.60386467e-06	1.63173953e-06	5.81888987e-10	1.99853537e-07	0	100	0	0	0	3
2588	1612	108.76344	19.0685471	1.61615604e-06	1.61681221e-06	1.60386467e-06	1.63173953e-06	5.81888987e-10	1.99853537e-07	0	100	0	0	0	3
2589	1613	108.805517	19.0759152	1.61607815e-06	1.6167869e-06	1.60386467e-06	1.63173953e-06	5.81888987e-10	1.99853537e-07	0	100	0	0	0	3
2590	1613	108.847568	19.0832832	1.61683636e-06	1.6167608e-06	1.60386467e-06	1.63173953e-06	5.81888987e-10	1.99853537e-07	0	100	0	0	0	3
2591	1614	108.889594	19.0906513	1.61797439e-06	1.6167272e-06	1.60386467e-06	1.63173953e-06	5.81888987e-10	1.99853537e-07	0	100	0	0	0	3
2592	1614	108.931599	19.0980194	1.62010768e-06	1.61667593e-06	1.60386467e-06	1.63173953e-06	5.81888987e-10	1.99853537e-07	0	100	0	0	0	3
2593	1615	108.973582	19.1053874	1.62458323e-06	1.61669468e-06	1.60386467e-06	1.63173953e-06	5.81888987e-10	1.99853537e-07	0	100	0	0	0	3
2594	1616	109	19.1127555	1.62334803e-06	1.61666026e-06	1.60386467e-06	1.63173953e-06	5.81888987e-10	1.99853537e-07	0	100	0	0	0	3
2595	1616	109.041953	19.1201235	1.62314946e-06	1.61665528e-06	1.60386467e-06	1.63173953e-06	5.81888987e-10	1.99853537e-07	0	100	0	0	0	3
2596	1617	109.083889	19.1274916	1.62328179e-06	1.61664158e-06	1.60386467e-06	1.63173953e-06	5.81888987e-10	1.99853537e-07	0	100	0	0	0	3
2597	1618	109.125812	19.1348597	1.62465113e-06	1.6166349e-06	1.60386467e-06	1.63173953e-06	5.81888987e-10	1.99853537e-07	0	100	0	0	0	3
2598	1618	109.167724	19.1422277	1.62602451e-06	1.61663825e-06	1.60386467e-06	1.63173953e-06	5.81888987e-10	1.99853537e-07	0	100	0	0	0	3
2599	1619	109.209626	19.1495958	1.62591091e-06	1.61662048e-06	1.60386467e-06	1.63173953e-06	5.4465992e-10	1.99853537e-07	0	100	0	0	0	3
2600	1620	109.25152	19.1569639	1.62692382e-06	1.61654882e-06	1.60386467e-06	1.63089177e-06	5.21749466e-10	1.99853537e-07	0	100	0	0	0	3
2601	1620	109.293409	19.1643319	1.63045803e-06	1.61655214e-06	1.60386467e-06	1.63089177e-06	5.21749466e-10	1.99853537e-07	0	100	0	0	0	3
2602	1621	109.335294	19.1717	1.62974194e-06	1.61656737e-06	1.60386467e-06	1.63089177e-06	5.21749466e-10	1.99853537e-07	0	100	0	0	0	3
2603	1622	109.377177	19.179068	1.62800981e-06	1.61655782e-06	1.60386467e-06	1.63089177e-06	5.21749466e-10	1.99853537e-07	0	100	0	0	0	3
2604	1622	109.41906	19.1864361	1.62919902e-06	1.61657225e-06	1.60386467e-06	1.63089177e-06	5.21749466e-10	1.99853537e-07	0	100	0	0	0	3
2605	1623	109.460946	19.1938042	1.62856694e-06	1.61657048e-06	1.60386467e-06	1.63089177e-06	5.21749466e-10	1.99853537e-07	0	100	0	0	0	3
2606	1624	109.502837	19.2011722	1.62878508e-06	1.61658282e-06	1.60386467e-06	1.63089177e-06	5.21749466e-10	1.99853537e-07	0	100	0	0	0	3
2607	1624	109.544734	19.2085403	1.62808339e-06	1.61658031e-06	1.60386467e-06	1.63089177e-06	5.21749466e-10	1.99853537e-07	0	100	0	0	0	3
2608	1625	109.58664	19.2159084	1.62833379e-06	1.61659059e-06	1.60386467e-06	1.63089177e-06	5.21749466e-10	1.99853537e-07	0	100	0	0	0	3
2609	1625	109.628557	19.2232764	1.62800289e-06	1.61659281e-06	1.60386467e-06	1.63089177e-06	4.93100044e-10	1.99853537e-07	0	100	0	0	0	3
2610	1626	109.670487	19.2306445	1.62826667e-06	1.61655342e-06	1.60386467e-06	1.63045803e-06	4.93100044e-10	1.99853537e-07	0	100	0	0	0	3
2611	1627	109.712432	19.2380125	1.63030559e-06	1.61658553e-06	1.60386467e-06	1.63045803e-06	4.93100044e-10	1.99853537e-07	0	100	0	0	0	3
2612	1627	109.754392	19.2453806	1.62923627e-06	1.61661401e-06	1.60386467e-06	1.63045803e-06	4.93100044e-10	1.99853537e-07	0	100	0	0	0	3
2613	1628	109.79637	19.2527487	1.62750462e-06	1.61663651e-06	1.60386467e-06	1.63045803e-06	4.93100044e-10	1.99853537e-07	0	100	0	0	0	3
2614	1629	109.838368	19.2601167	1.62581966e-06	1.61665908e-06	1.60386467e-06	1.63045803e-06	4.93100044e-10	1.99853537e-07	0	100	0	0	0	3
2615	1629	109.880389	19.2674848	1.62483712e-06	1.61667398e-06	1.60386467e-06	1.63045803e-06	4.93100044e-10	1.99853537e-07	0	100	0	0	0	3
2616	1630	109.922434	19.2748529	1.62562701e-06	1.61670733e-06	1.60386467e-06	1.63045803e-06	4.93100044e-10	1.99853537e-07	0	100	0	0	0	3
2617	1630	109.964504	19.2822209	1.62389262e-06	1.61672699e-06	1.60386467e-06	1.63045803e-06	4.93100044e-10	1.99853537e-07	0	100	0	0	0	3
2618	1631	110	19.289589	1.62143096e-06	1.61670279e-06	1.60386467e-06	1.63045803e-06	4.93100044e-10	1.99853537e-07	0	100	0	0	0	3
2619	1632	110.042122	19.2969571	1.62236762e-06	1.61673926e-06	1.60386467e-06	1.63045803e-06	4.93100044e-10	1.99853537e-07	0	100	0	0	0	3
2620	1633	110.084274	19.3043251	1.62109618e-06	1.61676317e-06	1.60386467e-06	1.63045803e-06	4.93100044e-10	1.99853537e-07	0	100	0	0	0	3
2621	1633	110.126459	19.3116932	1.61978257e-06	1.61676238e-06	1.60386467e-06	1.63045803e-06	4.93100044e-10	1.99853537e-07	0	100	0	0	0	3
2622	1634	110.168676	19.3190612	1.61882596e-06	1.61680421e-06	1.60386467e-06	1.63045803e-06	4.93100044e-10	1.99853537e-07	0	100	0	0	0	3
2623	1634	110.210929	19.3264293	1.61876397e-06	1.61682685e-06	1.60386467e-06	1.63045803e-06	4.93100044e-10	1.99853537e-07	0	100	0	0	0	3
2624	1635	110.253217	19.3337974	1.61668754e-06	1.61685975e-06	1.60386467e-06	1.63045803e-06	4.93100044e-10	1.99853537e-07	0	100	0	0	0	3
2625	1636	110.295543	19.3411654	1.61487887e-06	1.61686168e-06	1.60386467e-06	1.63045803e-06	4.93100044e-10	1.99853537e-07	0	100	0	0	0	3
2626	1636	110.337908	19.3485335	1.61375936e-06	1.61686295e-06	1.60386467e-06	1.63045803e-06	4.93100044e-10	1.99853537e-07	0	100	0	0	0	3
2627	1637	110.380314	19.3559016	1.6140279e-06	1.61688048e-06	1.60386467e-06	1.63045803e-06	4.93100044e-10	1.99853537e-07	0	100	0	0	0	3
2628	1638	110.42276	19.3632696	1.61335933e-06	1.61691438e-06	1.60386467e-06	1.63045803e-06	4.93100044e-10	1.99853537e-07	0	100	0	0	0	3
2629	1638	110.465248	19.3706377	1.61181957e-06	1.61694746e-06	1.60386467e-06	1.63045803e-06	4.93100044e-10	1.99853537e-07	0	100	0	0	0	3
2630	1639	110.507779	19.3780057	1.61109273e-06	1.61695974e-06	1.60386467e-06	1.63045803e-06	4.93100044e-10	1.99853537e-07	0	100	0	0	0	3
2631	1640	110.550355	19.3853738	1.61049472e-06	1.61699239e-06	1.60386467e-06	1.63045803e-06	4.93100044e-10	1.99853537e-07	0	100	0	0	0	3
2632	1640	110.592974	19.3927419	1.60875381e-06	1.61700359e-06	1.60386467e-06	1.63045803e-06	4.93100044e-10	1.99853537e-07	0	100	0	0	0	3
2633	1641	110.63564	19.4001099	1.60781107e-06	1.6170133e-06	1.60386467e-06	1.63045803e-06	4.93100044e-10	1.99853537e-07	0	100	0	0	0	3
2634	1642	110.678351	19.407478	1.60737057e-06	1.61702247e-06	1.60386467e-06	1.63045803e-06	4.93100044e-10	1.99853537e-07	0	100	0	0	0	3
2635	1642	110.72111	19.4148461	1.60776229e-06	1.61706718e-06	1.60386467e-06	1.63045803e-06	5.18355318e-10	1.99853537e-07	0	100	0	0	0	3
2636	1643	110.763914	19.4222141	1.60446988e-06	1.61704828e-06	1.60386467e-06	1.63045803e-06	5.18355318e-10	1.99853537e-07	0	100	0	0	0	3
2637	1643	110.806767	19.4295822	1.60630545e-06	1.61706355e-06	1.60386467e-06	1.63045803e-06	5.18355318e-10	1.99853537e-07	0	100	0	0	0	3
2638	1644	110.849668	19.4369503	1.60704078e-06	1.61699875e-06	1.60386467e-06	1.63045803e-06	5.18355318e-10	1.99853537e-07	0	100	0	0	0	3
2639	1645	110.892558	19.4443183	1.60536336e-06	1.61701953e-06	1.60386467e-06	1.63045803e-06	5.18355318e-10	1.99853537e-07	0	100	0	0	0	3
2640	1645	110.9354	19.4516864	1.60362562e-06	1.61701539e-06	1.60362562e-06	1.63045803e-06	5.18355318e-10	1.99853537e-07	0	100	0	0	0	3
2641	1646	110.978196	19.4590544	1.60473571e-06	1.61702788e-06	1.60362562e-06	1.63045803e-06	5.18355318e-10	1.99853537e-07	0	100	0	0	0	3
2642	1647	111	19.4664225	1.60322585e-06	1.61708555e-06	1.60322585e-06	1.63045803e-06	5.36723259e-10	1.99853537e-07	0	100	0	0	0	3
2643	1647	111.042726	19.4737906	1.6032602e-06	1.61707549e-06	1.60322585e-06	1.63045803e-06	5.36723259e-10	1.99853537e-07	0	100	0	0	0	3
2644	1648	111.085406	19.4811586	1.60430233e-06	1.61707871e-06	1.60322585e-06	1.63045803e-06	5.36723259e-10	1.99853537e-07	0	100	0	0	0	3
2645	1649	111.128043	19.4885267	1.60743082e-06	1.61711329e-06	1.60322585e-06	1.63045803e-06	5.64463686e-10	1.99853537e-07	0	100	0	0	0	3
2646	1649	111.170635	19.4958948	1.60360755e-06	1.61707515e-06	1.60322585e-06	1.63045803e-06	5.64463686e-10	1.99853537e-07	0	100	0	0	0	3
2647	1650	111.213185	19.5032628	1.60553215e-06	1.61708497e-06	1.60322585e-06	1.63045803e-06	5.64463686e-10	1.99853537e-07	0	100	0	0	0	3
2648	1651	111.255693	19.5106309	1.60498407e-06	1.61705306e-06	1.60322585e-06	1.63045803e-06	5.64463686e-10	1.99853537e-07	0	100	0	0	0	3
2649	1651	111.298161	19.5179989	1.606306e-06	1.61701497e-06	1.60322585e-06	1.63045803e-06	5.64463686e-10	1.99853537e-07	0	100	0	0	0	3
2650	1652	111.34059	19.525367	1.60748561e-06	1.61700962e-06	1.60322585e-06	1.63045803e-06	5.64463686e-10	1.99853537e-07	0	100	0	0	0	3
2651	1653	111.382981	19.5327351	1.60782242e-06	1.61700509e-06	1.60322585e-06	1.63045803e-06	5.64463686e-10	1.99853537e-07	0	100	0	0	0	3
2652	1653	111.425336	19.5401031	1.60988085e-06	1.61700172e-06	1.60322585e-06	1.63045803e-06	5.64463686e-10	1.99853537e-07	0	100	0	0	0	3
2653	1654	111.467655	19.5474712	1.61103241e-06	1.61699398e-06	1.60322585e-06	1.63045803e-06	5.64463686e-10	1.99853537e-07	0	100	0	0	0	3
2654	1655	111.50994	19.5548393	1.61108476e-06	1.61695819e-06	1.60322585e-06	1.63045803e-06	5.64463686e-10	1.99853537e-07	0	100	0	0	0	3
2655	1655	111.552192	19.5622073	1.61304011e-06	1.61690598e-06	1.60322585e-06	1.63045803e-06	5.64463686e-10	1.99853537e-07	0	100	0	0	0	3
2656	1656	111.594413	19.5695754	1.6134457e-06	1.61686553e-06	1.60322585e-06	1.63045803e-06	5.64463686e-10	1.99853537e-07	0	100	0	0	0	3
2657	1657	111.636605	19.5769434	1.61844143e-06	1.61690071e-06	1.60322585e-06	1.63045803e-06	5.64463686e-10	1.99853537e-07	0	100	0	0	0	3
2658	1657	111.678767	19.5843115	1.61723517e-06	1.61690665e-06	1.60322585e-06	1.63045803e-06	5.64463686e-10	1.99853537e-07	0	100	0	0	0	3
2659	1658	111.720903	19.5916796	1.61679844e-06	1.61688919e-06	1.60322585e-06	1.63045803e-06	5.64463686e-10	1.99853537e-07	0	100	0	0	0	3
2660	1658	111.763013	19.5990476	1.61793149e-06	1.61685695e-06	1.60322585e-06	1.63045803e-06	5.64463686e-10	1.99853537e-07	0	100	0	0	0	3
2661	1659	111.805102	19.6064157	1.61913951e-06	1.61677632e-06	1.60322585e-06	1.63045803e-06	5.64463686e-10	1.99853537e-07	0	100	0	0	0	3
2662	1660	111.847169	19.6137838	1.62130834e-06	1.6167823e-06	1.60322585e-06	1.63045803e-06	5.64463686e-10	1.99853537e-07	0	100	0	0	0	3
2663	1660	111.889217	19.6211518	1.62526565e-06	1.61681377e-06	1.60322585e-06	1.63045803e-06	5.64463686e-10	1.99853537e-07	0	100	0	0	0	3
2664	1661	111.931247	19.6285199	1.6245272e-06	1.61683236e-06	1.60322585e-06	1.63045803e-06	5.64463686e-10	1.99853537e-07	0	100	0	0	0	3
2665	1662	111.973261	19.635888	1.62441611e-06	1.61682914e-06	1.60322585e-06	1.63045803e-06	5.64463686e-10	1.99853537e-07	0	100	0	0	0	3
2666	1662	112	19.643256	1.6245299e-06	1.61676577e-06	1.60322585e-06	1.63045803e-06	5.64463686e-10	1.99853537e-07	0	100	0	0	0	3
2667	1663	112.041993	19.6506241	1.62444426e-06	1.61674432e-06	1.60322585e-06	1.63045803e-06	5.64463686e-10	1.99853537e-07	0	100	0	0	0	3
2668	1664	112.083976	19.6579921	1.62572169e-06	1.61672682e-06	1.60322585e-06	1.63045803e-06	5.61144477e-10	1.99853537e-07	0	100	0	0	0	3
2669	1664	112.125952	19.6653602	1.62844688e-06	1.61669744e-06	1.60322585e-06	1.63030559e-06	5.5986874e-10	1.99853537e-07	0	100	0	0	0	3
2670	1665	112.167922	19.6727283	1.62898346e-06	1.61668659e-06	1.60322585e-06	1.63030559e-06	5.5986874e-10	1.99853537e-07	0	100	0	0	0	3
2671	1665	112.209887	19.6800963	1.63032627e-06	1.61672124e-06	1.60322585e-06	1.63032627e-06	5.5986874e-10	1.99853537e-07	0	100	0	0	0	3
2672	1666	112.251849	19.6874644	1.62879486e-06	1.6167156e-06	1.60322585e-06	1.63032627e-06	5.5986874e-10	1.99853537e-07	0	100	0	0	0	3
2673	1667	112.293812	19.6948325	1.62936951e-06	1.61672781e-06	1.60322585e-06	1.63032627e-06	5.5986874e-10	1.99853537e-07	0	100	0	0	0	3
2674	1667	112.335776	19.7022005	1.62876997e-06	1.6167279e-06	1.60322585e-06	1.63032627e-06	5.5986874e-10	1.99853537e-07	0	100	0	0	0	3
2675	1668	112.377746	19.7095686	1.62901298e-06	1.61674196e-06	1.60322585e-06	1.63032627e-06	5.5986874e-10	1.99853537e-07	0	100	0	0	0	3
2676	1669	112.419721	19.7169366	1.6285179e-06	1.61674497e-06	1.60322585e-06	1.63032627e-06	5.5986874e-10	1.99853537e-07	0	100	0	0	0	3
2677	1669	112.461705	19.7243047	1.62797341e-06	1.6167448e-06	1.60322585e-06	1.63032627e-06	5.5986874e-10	1.99853537e-07	0	100	0	0	0	3
2678	1670	112.5037	19.7316728	1.62840563e-06	1.61674712e-06	1.60322585e-06	1.63032627e-06	5.27753128e-10	1.99853537e-07	0	100	0	0	0	3
2679	1671	112.545707	19.7390408	1.62895558e-06	1.61672741e-06	1.60322585e-06	1.63032627e-06	4.99280316e-10	1.99853537e-07	0	100	0	0	0	3
2680	1671	112.587729	19.7464089	1.63065267e-06	1.61674869e-06	1.60322585e-06	1.63065267e-06	4.76778826e-10	1.99853537e-07	0	100	0	0	0	3
2681	1672	112.629766	19.753777	1.6282113e-06	1.61675939e-06	1.60322585e-06	1.63065267e-06	4.54208234e-10	1.99853537e-07	0	100	0	0	0	3
2682	1672	112.671821	19.761145	1.62821737e-06	1.61679516e-06	1.60322585e-06	1.63065267e-06	4.39312425e-10	1.99853537e-07	0	100	0	0	0	3
2683	1673	112.713896	19.7685131	1.62548304e-06	1.61680491e-06	1.60322585e-06	1.63065267e-06	4.26695385e-10	1.99853537e-07	0	100	0	0	0	3
2684	1674	112.755993	19.7758811	1.62587677e-06	1.61680878e-06	1.60322585e-06	1.63065267e-06	4.26695385e-10	1.99853537e-07	0	100	0	0	0	3
2685	1674	112.798113	19.7832492	1.62602012e-06	1.61684053e-06	1.60322585e-06	1.63065267e-06	4.26695385e-10	1.99853537e-07	0	100	0	0	0	3
2686	1675	112.840259	19.7906173	1.62335253e-06	1.61687979e-06	1.60322585e-06	1.63065267e-06	4.26695385e-10	1.99853537e-07	0	100	0	0	0	3
2687	1676	112.882432	19.7979853	1.62144134e-06	1.61686614e-06	1.60322585e-06	1.63065267e-06	4.26695385e-10	1.99853537e-07	0	100	0	0	0	3
2688	1676	112.924634	19.8053534	1.6223167e-06	1.61688435e-06	1.60322585e-06	1.63065267e-06	4.26695385e-10	1.99853537e-07	0	100	0	0	0	3
2689	1677	112.966867	19.8127215	1.62078621e-06	1.61689932e-06	1.60322585e-06	1.63065267e-06	4.26695385e-10	1.99853537e-07	0	100	0	0	0	3
2690	1678	113	19.8200895	1.62202476e-06	1.61693057e-06	1.60322585e-06	1.63065267e-06	4.26695385e-10	1.99853537e-07	0	100	0	0	0	3
2691	1678	113.042291	19.8274576	1.61795023e-06	1.61691844e-06	1.60322585e-06	1.63065267e-06	4.26695385e-10	1.99853537e-07	0	100	0	0	0	3
2692	1679	113.084617	19.8348257	1.61906504e-06	1.61695398e-06	1.60322585e-06	1.63065267e-06	4.26695385e-10	1.99853537e-07	0	100	0	0	0	3
2693	1680	113.126978	19.8421937	1.61632061e-06	1.61697552e-06	1.60322585e-06	1.63065267e-06	4.26695385e-10	1.99853537e-07	0	100	0	0	0	3
2694	1680	113.169377	19.8495618	1.61575086e-06	1.6170053e-06	1.60322585e-06	1.63065267e-06	4.26695385e-10	1.99853537e-07	0	100	0	0	0	3
2695	1681	113.211815	19.8569298	1.61488221e-06	1.61701807e-06	1.60322585e-06	1.63065267e-06	4.26695385e-10	1.99853537e-07	0	100	0	0	0	3
2696	1682	113.254293	19.8642979	1.61407331e-06	1.61702874e-06	1.60322585e-06	1.63065267e-06	4.26695385e-10	1.99853537e-07	0	100	0	0	0	3
2697	1682	113.296812	19.871666	1.61367625e-06	1.61705657e-06	1.60322585e-06	1.63065267e-06	4.26695385e-10	1.99853537e-07	0	100	0	0	0	3
2698	1683	113.339372	19.879034	1.61182751e-06	1.61706755e-06	1.60322585e-06	1.63065267e-06	4.26695385e-10	1.99853537e-07	0	100	0	0	0	3
2699	1683	113.381976	19.8864021	1.61096867e-06	1.61707462e-06	1.60322585e-06	1.63065267e-06	4.26695385e-10	1.99853537e-07	0	100	0	0	0	3
2700	1684	113.424623	19.8937702	1.61038046e-06	1.61709903e-06	1.60322585e-06	1.63065267e-06	4.26695385e-10	1.99853537e-07	0	100	0	0	0	3
2701	1685	113.467315	19.9011382	1.61004507e-06	1.61713263e-06	1.60322585e-06	1.63065267e-06	4.46035993e-10	1.99853537e-07	0	100	0	0	0	3
2702	1686	113.510052	19.9085063	1.60737318e-06	1.61713258e-06	1.60322585e-06	1.63065267e-06	4.46035993e-10	1.99853537e-07	0	100	0	0	0	3
2703	1686	113.552836	19.9158743	1.60717117e-06	1.61712356e-06	1.60322585e-06	1.63065267e-06	4.46035993e-10	1.99853537e-07	0	100	0	0	0	3
2704	1687	113.595666	19.9232424	1.60690601e-06	1.6171603e-06	1.60322585e-06	1.63065267e-06	4.73704434e-10	1.99853537e-07	0	100	0	0	0	3
2705	1687	113.638543	19.9306105	1.60559884e-06	1.6171495e-06	1.60322585e-06	1.63065267e-06	4.73704434e-10	1.99853537e-07	0	100	0	0	0	3
2706	1688	113.681455	19.9379785	1.60574794e-06	1.61712987e-06	1.60322585e-06	1.63065267e-06	4.73704434e-10	1.99853537e-07	0	100	0	0	0	3
2707	1689	113.724319	19.9453466	1.60654099e-06	1.61714781e-06	1.60322585e-06	1.63065267e-06	4.73704434e-10	1.99853537e-07	0	100	0	0	0	3
2708	1689	113.767134	19.9527147	1.60495361e-06	1.61716802e-06	1.60322585e-06	1.63065267e-06	4.81423395e-10	1.99853537e-07	0	100	0	0	0	3
2709	1690	113.809902	19.9600827	1.60495405e-06	1.61717144e-06	1.60322585e-06	1.63065267e-06	4.84843553e-10	1.99853537e-07	0	100	0	0	0	3
2710	1691	113.852623	19.9674508	1.60310114e-06	1.61706731e-06	1.60310114e-06	1.63065267e-06	4.84843553e-10	1.99853537e-07	0	100	0	0	0	3
2711	1691	113.895297	19.9748189	1.60515534e-06	1.61709591e-06	1.60310114e-06	1.63065267e-06	4.84843553e-10	1.99853537e-07	0	100	0	0	0	3
2712	1692	113.937926	19.9821869	1.60453348e-06	1.6170996e-06	1.60310114e-06	1.63065267e-06	4.84843553e-10	1.99853537e-07	0	100	0	0	0	3
2713	1693	113.98051	19.989555	1.60424107e-06	1.61705216e-06	1.60310114e-06	1.63065267e-06	4.84843553e-10	1.99853537e-07	0	100	0	0	0	3
2714	1693	114	19.996923	1.60858901e-06	1.61719625e-06	1.60310114e-06	1.63065267e-06	5.0965496e-10	1.99853537e-07	0	100	0	0	0	3
2715	1694	114.042519	20.0042911	1.60252736e-06	1.61715122e-06	1.60252736e-06	1.63065267e-06	5.0965496e-10	1.99853537e-07	0	100	0	0	0	3
2716	1695	114.084996	20.0116592	1.60523045e-06	1.61715505e-06	1.60252736e-06	1.63065267e-06	5.0965496e-10	1.99853537e-07	0	100	0	0	0	3
2717	1695	114.127431	20.0190272	1.60620028e-06	1.61715359e-06	1.60252736e-06	1.63065267e-06	5.0965496e-10	1.99853537e-07	0	100	0	0	0	3
2718	1696	114.169825	20.0263953	1.6060958e-06	1.61713289e-06	1.60252736e-06	1.63065267e-06	5.0965496e-10	1.99853537e-07	0	100	0	0	0	3
2719	1697	114.212181	20.0337634	1.60878999e-06	1.61714749e-06	1.60252736e-06	1.63065267e-06	5.0965496e-10	1.99853537e-07	0	100	0	0	0	3
2720	1697	114.254497	20.0411314	1.608126e-06	1.61712134e-06	1.60252736e-06	1.63065267e-06	5.0965496e-10	1.99853537e-07	0	100	0	0	0	3
2721	1698	114.296778	20.0484995	1.60852835e-06	1.617084e-06	1.60252736e-06	1.63065267e-06	5.0965496e-10	1.99853537e-07	0	100	0	0	0	3
2722	1698	114.339023	20.0558675	1.61020575e-06	1.61707096e-06	1.60252736e-06	1.63065267e-06	5.0965496e-10	1.99853537e-07	0	100	0	0	0	3
2723	1699	114.381234	20.0632356	1.61068392e-06	1.61703586e-06	1.60252736e-06	1.63065267e-06	5.0965496e-10	1.99853537e-07	0	100	0	0	0	3
2724	1700	114.423412	20.0706037	1.61364372e-06	1.61703887e-06	1.60252736e-06	1.63065267e-06	5.0965496e-10	1.99853537e-07	0	100	0	0	0	3
2725	1700	114.465558	20.0779717	1.61599213e-06	1.61700236e-06	1.60252736e-06	1.63065267e-06	5.0965496e-10	1.99853537e-07	0	100	0	0	0	3
2726	1701	114.507674	20.0853398	1.61473104e-06	1.61696507e-06	1.60252736e-06	1.63065267e-06	5.0965496e-10	1.99853537e-07	0	100	0	0	0	3
2727	1702	114.549761	20.0927079	1.61633792e-06	1.61695822e-06	1.60252736e-06	1.63065267e-06	5.0965496e-10	1.99853537e-07	0	100	0	0	0	3
2728	1702	114.591821	20.1000759	1.61618038e-06	1.61693217e-06	1.60252736e-06	1.63065267e-06	5.0965496e-10	1.99853537e-07	0	100	0	0	0	3
2729	1703	114.633857	20.107444	1.61854356e-06	1.61692327e-06	1.60252736e-06	1.63065267e-06	5.0965496e-10	1.99853537e-07	0	100	0	0	0	3
2730	1704	114.675869	20.114812	1.62045323e-06	1.61691049e-06	1.60252736e-06	1.63065267e-06	5.0965496e-10	1.99853537e-07	0	100	0	0	0	3
2731	1704	114.71786	20.1221801	1.62458271e-06	1.61690018e-06	1.60252736e-06	1.63065267e-06	5.0965496e-10	1.99853537e-07	0	100	0	0	0	3
2732	1705	114.759829	20.1295482	1.62259995e-06	1.61687142e-06	1.60252736e-06	1.63065267e-06	5.0965496e-10	1.99853537e-07	0	100	0	0	0	3
2733	1705	114.801781	20.1369162	1.62321989e-06	1.61685351e-06	1.60252736e-06	1.63065267e-06	5.0965496e-10	1.99853537e-07	0	100	0	0	0	3
2734	1706	114.843717	20.1442843	1.62332056e-06	1.6168767e-06	1.60252736e-06	1.63065267e-06	5.0965496e-10	1.99853537e-07	0	100	0	0	0	3
2735	1707	114.885639	20.1516524	1.62415324e-06	1.61687222e-06	1.60252736e-06	1.63065267e-06	5.0965496e-10	1.99853537e-07	0	100	0	0	0	3
2736	1707	114.92755	20.1590204	1.62500298e-06	1.6168614e-06	1.60252736e-06	1.63065267e-06	5.0965496e-10	1.99853537e-07	0	100	0	0	0	3
2737	1708	114.96945	20.1663885	1.62602955e-06	1.61682548e-06	1.60252736e-06	1.63065267e-06	5.0965496e-10	1.99853537e-07	0	100	0	0	0	3
2738	1709	115	20.1737566	1.62918969e-06	1.61677868e-06	1.60252736e-06	1.63065267e-06	4.80646162e-10	1.99853537e-07	0	100	0	0	0	3
2739	1709	115.041888	20.1811246	1.63055556e-06	1.6167817e-06	1.60252736e-06	1.63065267e-06	4.80646162e-10	1.99853537e-07	0	100	0	0	0	3
2740	1710	115.083772	20.1884927	1.62974981e-06	1.61679549e-06	1.60252736e-06	1.63065267e-06	4.6883889e-10	1.99853537e-07	0	100	0	0	0	3
2741	1711	115.125652	20.1958607	1.62871914e-06	1.6167855e-06	1.60252736e-06	1.63065267e-06	4.6883889e-10	1.99853537e-07	0	100	0	0	0	3
2742	1711	115.167532	20.2032288	1.62917449e-06	1.61679113e-06	1.60252736e-06	1.63065267e-06	4.6883889e-10	1.99853537e-07	0	100	0	0	0	3
2743	1712	115.209415	20.2105969	1.62817361e-06	1.61677834e-06	1.60252736e-06	1.63065267e-06	4.6883889e-10	1.99853537e-07	0	100	0	0	0	3
2744	1712	115.251301	20.2179649	1.62912813e-06	1.616787e-06	1.60252736e-06	1.63065267e-06	4.6883889e-10	1.99853537e-07	0	100	0	0	0	3
2745	1713	115.293194	20.225333	1.62833502e-06	1.61679199e-06	1.60252736e-06	1.63065267e-06	4.6883889e-10	1.99853537e-07	0	100	0	0	0	3
2746	1714	115.335095	20.2327011	1.62896887e-06	1.61679994e-06	1.60252736e-06	1.63065267e-06	4.6883889e-10	1.99853537e-07	0	100	0	0	0	3
2747	1714	115.377005	20.2400691	1.62867169e-06	1.61679532e-06	1.60252736e-06	1.63065267e-06	4.47561995e-10	1.99853537e-07	0	100	0	0	0	3
2748	1715	115.418928	20.2474372	1.62864893e-06	1.61676517e-06	1.60252736e-06	1.63055556e-06	4.3685352e-10	1.99853537e-07	0	100	0	0	0	3
2749	1716	115.460865	20.2548052	1.63048756e-06	1.61679848e-06	1.60252736e-06	1.63055556e-06	4.31078896e-10	1.99853537e-07	0	100	0	0	0	3
2750	1716	115.502817	20.2621733	1.6292417e-06	1.61681325e-06	1.60252736e-06	1.63055556e-06	4.31078896e-10	1.99853537e-07	0	100	0	0	0	3
2751	1717	115.544786	20.2695414	1.62765359e-06	1.6168451e-06	1.60252736e-06	1.63055556e-06	4.31078896e-10	1.99853537e-07	0	100	0	0	0	3
2752	1718	115.586775	20.2769094	1.62618553e-06	1.61684934e-06	1.60252736e-06	1.63055556e-06	4.31078896e-10	1.99853537e-07	0	100	0	0	0	3
2753	1718	115.628786	20.2842775	1.62596851e-06	1.61684821e-06	1.60252736e-06	1.63055556e-06	4.31078896e-10	1.99853537e-07	0	100	0	0	0	3
2754	1719	115.67082	20.2916456	1.62595216e-06	1.61688656e-06	1.60252736e-06	1.63055556e-06	4.31078896e-10	1.99853537e-07	0	100	0	0	0	3
2755	1719	115.712879	20.2990136	1.62410504e-06	1.61692596e-06	1.60252736e-06	1.63055556e-06	4.31078896e-10	1.99853537e-07	0	100	0	0	0	3
2756	1720	115.754964	20.3063817	1.6232676e-06	1.61693988e-06	1.60252736e-06	1.63055556e-06	4.31078896e-10	1.99853537e-07	0	100	0	0	0	3
2757	1721	115.797079	20.3137498	1.62233623e-06	1.61696278e-06	1.60252736e-06	1.63055556e-06	4.31078896e-10	1.99853537e-07	0	100	0	0	0	3
2758	1721	115.839223	20.3211178	1.62068587e-06	1.61695897e-06	1.60252736e-06	1.63055556e-06	4.31078896e-10	1.99853537e-07	0	100	0	0	0	3
2759	1722	115.881399	20.3284859	1.62072499e-06	1.61700015e-06	1.60252736e-06	1.63055556e-06	4.31078896e-10	1.99853537e-07	0	100	0	0	0	3
2760	1723	115.923608	20.3358539	1.62000024e-06	1.61701397e-06	1.60252736e-06	1.63055556e-06	4.31078896e-10	1.99853537e-07	0	100	0	0	0	3
2761	1723	115.965851	20.343222	1.6184593e-06	1.61704583e-06	1.60252736e-06	1.63055556e-06	4.31078896e-10	1.99853537e-07	0	100	0	0	0	3
2762	1724	116	20.3505901	1.61649929e-06	1.61705863e-06	1.60252736e-06	1.63055556e-06	4.31078896e-10	1.99853537e-07	0	100	0	0	0	3
2763	1725	116.04231	20.3579581	1.61598263e-06	1.61707518e-06	1.60252736e-06	1.63055556e-06	4.31078896e-10	1.99853537e-07	0	100	0	0	0	3
2764	1725	116.084658	20.3653262	1.61442826e-06	1.61708062e-06	1.60252736e-06	1.63055556e-06	4.31078896e-10	1.99853537e-07	0	100	0	0	0	3
2765	1726	116.127046	20.3726943	1.61567614e-06	1.61711073e-06	1.60252736e-06	1.63055556e-06	4.31078896e-10	1.99853537e-07	0	100	0	0	0	3
2766	1727	116.169474	20.3800623	1.61387015e-06	1.6171416e-06	1.60252736e-06	1.63055556e-06	4.31078896e-10	1.99853537e-07	0	100	0	0	0	3
2767	1727	116.211944	20.3874304	1.61191395e-06	1.61715608e-06	1.60252736e-06	1.63055556e-06	4.31078896e-10	1.99853537e-07	0	100	0	0	0	3
2768	1728	116.254456	20.3947984	1.61107393e-06	1.61716682e-06	1.60252736e-06	1.63055556e-06	4.31078896e-10	1.99853537e-07	0	100	0	0	0	3
2769	1728	116.297013	20.4021665	1.61064787e-06	1.61717623e-06	1.60252736e-06	1.63055556e-06	4.31078896e-10	1.99853537e-07	0	100	0	0	0	3
2770	1729	116.339614	20.4095346	1.61008987e-06	1.6172176e-06	1.60252736e-06	1.63055556e-06	4.5243224e-10	1.99853537e-07	0	100	0	0	0	3
2771	1730	116.38226	20.4169026	1.60896956e-06	1.6172452e-06	1.60252736e-06	1.63055556e-06	4.8002706e-10	1.99853537e-07	0	100	0	0	0	3
2772	1730	116.424952	20.4242707	1.60741175e-06	1.61725333e-06	1.60252736e-06	1.63055556e-06	4.88163562e-10	1.99853537e-07	0	100	0	0	0	3
2773	1731	116.467691	20.4316388	1.60714715e-06	1.61727729e-06	1.60252736e-06	1.63055556e-06	5.12124835e-10	1.99853537e-07	0	100	0	0	0	3
2774	1732	116.510476	20.4390068	1.60582491e-06	1.61727897e-06	1.60252736e-06	1.63055556e-06	5.13803082e-10	1.99853537e-07	0	100	0	0	0	3
2775	1732	116.55331	20.4463749	1.60640093e-06	1.61727696e-06	1.60252736e-06	1.63055556e-06	5.13803082e-10	1.99853537e-07	0	100	0	0	0	3
2776	1733	116.59619	20.4537429	1.60658937e-06	1.61730147e-06	1.60252736e-06	1.63055556e-06	5.36305357e-10	1.99853537e-07	0	100	0	0	0	3
2777	1734	116.639098	20.461111	1.60549493e-06	1.61730907e-06	1.60252736e-06	1.63055556e-06	5.43898886e-10	1.99853537e-07	0	100	0	0	0	3
2778	1734	116.681958	20.4684791	1.60567011e-06	1.61734729e-06	1.60252736e-06	1.63055556e-06	5.82117362e-10	1.99853537e-07	0	100	0	0	0	3
2779	1735	116.72477	20.4758471	1.60459399e-06	1.6173382e-06	1.60252736e-06	1.63055556e-06	5.82117362e-10	1.99853537e-07	0	100	0	0	0	3
2780	1736	116.767535	20.4832152	1.60445858e-06	1.61733645e-06	1.60252736e-06	1.63055556e-06	5.82117362e-10	1.99853537e-07	0	100	0	0	0	3
2781	1736	116.810255	20.4905833	1.60401164e-06	1.61733236e-06	1.60252736e-06	1.63055556e-06	5.82117362e-10	1.99853537e-07	0	100	0	0	0	3
2782	1737	116.85293	20.4979513	1.60399431e-06	1.61719257e-06	1.60252736e-06	1.63055556e-06	5.82117362e-10	1.99853537e-07	0	100	0	0	0	3
2783	1738	116.895561	20.5053194	1.60635017e-06	1.61724912e-06	1.60399431e-06	1.63055556e-06	5.82117362e-10	1.99853537e-07	0	100	0	0	0	3
2784	1738	116.938147	20.5126875	1.60358058e-06	1.61722403e-06	1.60358058e-06	1.63055556e-06	5.82117362e-10	1.99853537e-07	0	100	0	0	0	3
2785	1739	116.980692	20.5200555	1.60655016e-06	1.61722882e-06	1.60358058e-06	1.63055556e-06	5.82117362e-10	1.99853537e-07	0	100	0	0	0	3
2786	1739	117	20.5274236	1.60529911e-06	1.6173142e-06	1.60358058e-06	1.63055556e-06	5.82117362e-10	1.99853537e-07	0	100	0	0	0	3
2787	1740	117.042484	20.5347916	1.60591088e-06	1.6172706e-06	1.60358058e-06	1.63055556e-06	5.82117362e-10	1.99853537e-07	0	100	0	0	0	3
2788	1741	117.084928	20.5421597	1.60737404e-06	1.61725891e-06	1.60358058e-06	1.63055556e-06	5.82117362e-10	1.99853537e-07	0	100	0	0	0	3
2789	1742	117.127335	20.5495278	1.60864878e-06	1.61726033e-06	1.60358058e-06	1.63055556e-06	5.82117362e-10	1.99853537e-07	0	100	0	0	0	3
2790	1742	117.169703	20.5568958	1.60993883e-06	1.61725603e-06	1.60358058e-06	1.63055556e-06	5.82117362e-10	1.99853537e-07	0	100	0	0	0	3
2791	1743	117.212036	20.5642639	1.61006949e-06	1.61724655e-06	1.60358058e-06	1.63055556e-06	5.82117362e-10	1.99853537e-07	0	100	0	0	0	3
2792	1743	117.254333	20.571632	1.61066631e-06	1.61720192e-06	1.60358058e-06	1.63055556e-06	5.82117362e-10	1.99853537e-07	0	100	0	0	0	3
2793	1744	117.296598	20.579	1.61223555e-06	1.61714578e-06	1.60358058e-06	1.63055556e-06	5.82117362e-10	1.99853537e-07	0	100	0	0	0	3
2794	1745	117.338831	20.5863681	1.61351384e-06	1.61712753e-06	1.60358058e-06	1.63055556e-06	5.82117362e-10	1.99853537e-07	0	100	0	0	0	3
2795	1745	117.381033	20.5937361	1.61723654e-06	1.61714089e-06	1.60358058e-06	1.63055556e-06	5.82117362e-10	1.99853537e-07	0	100	0	0	0	3
2796	1746	117.423205	20.6011042	1.61661585e-06	1.61714734e-06	1.60358058e-06	1.63055556e-06	5.82117362e-10	1.99853537e-07	0	100	0	0	0	3
2797	1747	117.465351	20.6084723	1.61715524e-06	1.61712673e-06	1.60358058e-06	1.63055556e-06	5.82117362e-10	1.99853537e-07	0	100	0	0	0	3
2798	1747	117.50747	20.6158403	1.61827015e-06	1.61709438e-06	1.60358058e-06	1.63055556e-06	5.82117362e-10	1.99853537e-07	0	100	0	0	0	3
2799	1748	117.549567	20.6232084	1.6196009e-06	1.6170206e-06	1.60358058e-06	1.63055556e-06	5.82117362e-10	1.99853537e-07	0	100	0	0	0	3
2800	1749	117.591641	20.6305765	1.62108132e-06	1.61699824e-06	1.60358058e-06	1.63055556e-06	5.82117362e-10	1.99853537e-07	0	100	0	0	0	3
2801	1749	117.633695	20.6379445	1.62443338e-06	1.61701649e-06	1.60358058e-06	1.63055556e-06	5.82117362e-10	1.99853537e-07	0	100	0	0	0	3
2802	1750	117.67573	20.6453126	1.62444236e-06	1.61703336e-06	1.60358058e-06	1.63055556e-06	5.82117362e-10	1.99853537e-07	0	100	0	0	0	3
2803	1751	117.717748	20.6526806	1.62494645e-06	1.61704537e-06	1.60358058e-06	1.63055556e-06	5.82117362e-10	1.99853537e-07	0	100	0	0	0	3
2804	1751	117.759752	20.6600487	1.62437362e-06	1.6170363e-06	1.60358058e-06	1.63055556e-06	5.82117362e-10	1.99853537e-07	0	100	0	0	0	3
2805	1752	117.801744	20.6674168	1.62426293e-06	1.6170104e-06	1.60358058e-06	1.63055556e-06	5.82117362e-10	1.99853537e-07	0	100	0	0	0	3
2806	1753	117.843726	20.6747848	1.62609665e-06	1.6170137e-06	1.60358058e-06	1.63055556e-06	5.82117362e-10	1.99853537e-07	0	100	0	0	0	3
2807	1753	117.885701	20.6821529	1.62840187e-06	1.61698232e-06	1.60358058e-06	1.63048756e-06	5.82117362e-10	1.99853537e-07	0	100	0	0	0	3
2808	1754	117.927668	20.689521	1.62875759e-06	1.61696805e-06	1.60358058e-06	1.63048756e-06	5.82117362e-10	1.99853537e-07	0	100	0	0	0	3
2809	1754	117.969632	20.696889	1.63086881e-06	1.61700012e-06	1.60358058e-06	1.63086881e-06	5.82117362e-10	1.99853537e-07	0	100	0	0	0	3
2810	1755	118	20.7042571	1.62871829e-06	1.61694574e-06	1.60358058e-06	1.63086881e-06	5.82117362e-10	1.99853537e-07	0	100	0	0	0	3
2811	1756	118.041961	20.7116252	1.62927001e-06	1.6169623e-06	1.60358058e-06	1.63086881e-06	5.82117362e-10	1.99853537e-07	0	100	0	0	0	3
2812	1756	118.083922	20.7189932	1.62839905e-06	1.61695182e-06	1.60358058e-06	1.63086881e-06	5.82117362e-10	1.99853537e-07	0	100	0	0	0	3
2813	1757	118.125888	20.7263613	1.62994624e-06	1.61697598e-06	1.60358058e-06	1.63086881e-06	5.82117362e-10	1.99853537e-07	0	100	0	0	0	3
2814	1758	118.167859	20.7337293	1.6289707e-06	1.61697631e-06	1.60358058e-06	1.63086881e-06	5.82117362e-10	1.99853537e-07	0	100	0	0	0	3
2815	1758	118.209838	20.7410974	1.628184e-06	1.61696936e-06	1.60358058e-06	1.63086881e-06	5.82117362e-10	1.99853537e-07	0	100	0	0	0	3
2816	1759	118.251827	20.7484655	1.62882515e-06	1.61697225e-06	1.60358058e-06	1.63086881e-06	5.48804582e-10	1.99853537e-07	0	100	0	0	0	3
2817	1760	118.293828	20.7558335	1.62881493e-06	1.61694775e-06	1.60358058e-06	1.63086881e-06	5.34040125e-10	1.99853537e-07	0	100	0	0	0	3
2818	1760	118.335842	20.7632016	1.62878978e-06	1.61694132e-06	1.60358058e-06	1.63086881e-06	5.02183989e-10	1.99853537e-07	0	100	0	0	0	3
2819	1761	118.377872	20.7705697	1.62989023e-06	1.61697473e-06	1.60358058e-06	1.63086881e-06	4.99071166e-10	1.99853537e-07	0	100	0	0	0	3
2820	1762	118.419919	20.7779377	1.62874923e-06	1.61701297e-06	1.60358058e-06	1.63086881e-06	4.99071166e-10	1.99853537e-07	0	100	0	0	0	3
2821	1762	118.461985	20.7853058	1.62699376e-06	1.61702837e-06	1.60358058e-06	1.63086881e-06	4.60723221e-10	1.99853537e-07	0	100	0	0	0	3
2822	1763	118.504072	20.7926738	1.62623444e-06	1.61703273e-06	1.60358058e-06	1.63086881e-06	4.21326209e-10	1.99853537e-07	0	100	0	0	0	3
2823	1764	118.546183	20.8000419	1.6256379e-06	1.61705564e-06	1.60358058e-06	1.63086881e-06	4.07408807e-10	1.99853537e-07	0	100	0	0	0	3
2824	1764	118.588318	20.80741	1.62430894e-06	1.61707123e-06	1.60358058e-06	1.63086881e-06	4.05967097e-10	1.99853537e-07	0	100	0	0	0	3
2825	1765	118.63048	20.814778	1.62339988e-06	1.61708715e-06	1.60358058e-06	1.63086881e-06	4.05967097e-10	1.99853537e-07	0	100	0	0	0	3
2826	1766	118.67267	20.8221461	1.62193398e-06	1.61710579e-06	1.60358058e-06	1.63086881e-06	4.05967097e-10	1.99853537e-07	0	100	0	0	0	3
2827	1766	118.714891	20.8295142	1.62245758e-06	1.61713166e-06	1.60358058e-06	1.63086881e-06	4.05967097e-10	1.99853537e-07	0	100	0	0	0	3
2828	1767	118.757142	20.8368822	1.6195569e-06	1.6171251e-06	1.60358058e-06	1.63086881e-06	4.05967097e-10	1.99853537e-07	0	100	0	0	0	3
2829	1767	118.799427	20.8442503	1.62010658e-06	1.6171497e-06	1.60358058e-06	1.63086881e-06	4.05967097e-10	1.99853537e-07	0	100	0	0	0	3
2830	1768	118.841746	20.8516184	1.61847164e-06	1.6171772e-06	1.60358058e-06	1.63086881e-06	4.05967097e-10	1.99853537e-07	0	100	0	0	0	3
2831	1769	118.884102	20.8589864	1.61742101e-06	1.61719862e-06	1.60358058e-06	1.63086881e-06	4.05967097e-10	1.99853537e-07	0	100	0	0	0	3
2832	1770	118.926495	20.8663545	1.61536905e-06	1.61721261e-06	1.60358058e-06	1.63086881e-06	4.05967097e-10	1.99853537e-07	0	100	0	0	0	3
2833	1770	118.968926	20.8737225	1.61545823e-06	1.61720933e-06	1.60358058e-06	1.63086881e-06	4.05967097e-10	1.99853537e-07	0	100	0	0	0	3
2834	1771	119	20.8810906	1.61576417e-06	1.61724352e-06	1.60358058e-06	1.63086881e-06	4.05967097e-10	1.99853537e-07	0	100	0	0	0	3
2835	1772	119.042501	20.8884587	1.61298121e-06	1.61725949e-06	1.60358058e-06	1.63086881e-06	4.05967097e-10	1.99853537e-07	0	100	0	0	0	3
2836	1772	119.085043	20.8958267	1.61259987e-06	1.61728236e-06	1.60358058e-06	1.63086881e-06	4.05967097e-10	1.99853537e-07	0	100	0	0	0	3
2837	1773	119.127629	20.9031948	1.61139735e-06	1.61729356e-06	1.60358058e-06	1.63086881e-06	4.05967097e-10	1.99853537e-07	0	100	0	0	0	3
2838	1774	119.170257	20.9105629	1.6106254e-06	1.61730156e-06	1.60358058e-06	1.63086881e-06	4.05967097e-10	1.99853537e-07	0	100	0	0	0	3
2839	1774	119.21293	20.9179309	1.61012978e-06	1.61731897e-06	1.60358058e-06	1.63086881e-06	4.05967097e-10	1.99853537e-07	0	100	0	0	0	3
2840	1775	119.255648	20.925299	1.60878289e-06	1.61733957e-06	1.60358058e-06	1.63086881e-06	4.05967097e-10	1.99853537e-07	0	100	0	0	0	3
2841	1776	119.298412	20.932667	1.60820687e-06	1.61735549e-06	1.60358058e-06	1.63086881e-06	4.14170123e-10	1.99853537e-07	0	100	0	0	0	3
2842	1776	119.341223	20.9400351	1.60650173e-06	1.61736562e-06	1.60358058e-06	1.63086881e-06	4.24304335e-10	1.99853537e-07	0	100	0	0	0	3
2843	1777	119.384081	20.9474032	1.60753054e-06	1.61738263e-06	1.60358058e-06	1.63086881e-06	4.4131127e-10	1.99853537e-07	0	100	0	0	0	3
2844	1778	119.426986	20.9547712	1.60521387e-06	1.61736169e-06	1.60358058e-06	1.63086881e-06	4.4131127e-10	1.99853537e-07	0	100	0	0	0	3
2845	1778	119.469867	20.9621393	1.60644788e-06	1.61737623e-06	1.60358058e-06	1.63086881e-06	4.4131127e-10	1.99853537e-07	0	100	0	0	0	3
2846	1779	119.512701	20.9695074	1.60648882e-06	1.61738873e-06	1.60358058e-06	1.63086881e-06	4.47413245e-10	1.99853537e-07	0	100	0	0	0	3
2847	1779	119.555486	20.9768754	1.6047118e-06	1.61739064e-06	1.60358058e-06	1.63086881e-06	4.49316536e-10	1.99853537e-07	0	100	0	0	0	3
2848	1780	119.598224	20.9842435	1.60373191e-06	1.61737979e-06	1.60358058e-06	1.63086881e-06	4.49316536e-10	1.99853537e-07	0	100	0	0	0	3
2849	1781	119.640916	20.9916115	1.60587626e-06	1.61740804e-06	1.60358058e-06	1.63086881e-06	4.66725768e-10	1.99853537e-07	0	100	0	0	0	3
2850	1781	119.683561	20.9989796	1.60285197e-06	1.61739097e-06	1.60285197e-06	1.63086881e-06	4.66725768e-10	1.99853537e-07	0	100	0	0	0	3
2851	1782	119.726162	21.0063477	1.60610055e-06	1.61738733e-06	1.60285197e-06	1.63086881e-06	4.66725768e-10	1.99853537e-07	0	100	0	0	0	3
2852	1783	119.768717	21.0137157	1.60508255e-06	1.61741006e-06	1.60285197e-06	1.63086881e-06	4.68746067e-10	1.99853537e-07	0	100	0	0	0	3
2853	1783	119.811229	21.0210838	1.60195024e-06	1.6173411e-06	1.60195024e-06	1.63086881e-06	4.68746067e-10	1.99853537e-07	0	100	0	0	0	3
2854	1784	119.8537	21.0284519	1.60621772e-06	1.61725703e-06	1.60195024e-06	1.63086881e-06	4.68746067e-10	1.99853537e-07	0	100	0	0	0	3
2855	1785	119.896129	21.0358199	1.6066476e-06	1.61726821e-06	1.60195024e-06	1.63086881e-06	4.68746067e-10	1.99853537e-07	0	100	0	0	0	3
2856	1785	119.938517	21.043188	1.60601633e-06	1.61724824e-06	1.60195024e-06	1.63086881e-06	4.68746067e-10	1.99853537e-07	0	100	0	0	0	3
2857	1786	119.980866	21.0505561	1.60860409e-06	1.61724774e-06	1.60195024e-06	1.63086881e-06	4.68746067e-10	1.99853537e-07	0	100	0	0	0	3
2858	1787	120	21.0579241	1.61035036e-06	1.61731053e-06	1.60195024e-06	1.63086881e-06	4.68746067e-10	1.99853537e-07	0	100	0	0	0	3
2859	1787	120.042293	21.0652922	1.60858762e-06	1.61728848e-06	1.60195024e-06	1.63086881e-06	4.68746067e-10	1.99853537e-07	0	100	0	0	0	3
2860	1788	120.08455	21.0726602	1.61004388e-06	1.61727928e-06	1.60195024e-06	1.63086881e-06	4.68746067e-10	1.99853537e-07	0	100	0	0	0	3
2861	1789	120.126773	21.0800283	1.60979409e-06	1.61724293e-06	1.60195024e-06	1.63086881e-06	4.68746067e-10	1.99853537e-07	0	100	0	0	0	3
2862	1789	120.168962	21.0873964	1.61045801e-06	1.61719744e-06	1.60195024e-06	1.63086881e-06	4.68746067e-10	1.99853537e-07	0	100	0	0	0	3
2863	1790	120.21112	21.0947644	1.61426594e-06	1.61715319e-06	1.60195024e-06	1.63086881e-06	4.68746067e-10	1.99853537e-07	0	100	0	0	0	3
2864	1791	120.253248	21.1021325	1.61719327e-06	1.61716179e-06	1.60195024e-06	1.63086881e-06	4.68746067e-10	1.99853537e-07	0	100	0	0	0	3
2865	1791	120.295345	21.1095006	1.61648622e-06	1.61715184e-06	1.60195024e-06	1.63086881e-06	4.68746067e-10	1.99853537e-07	0	100	0	0	0	3
2866	1792	120.337415	21.1168686	1.61700904e-06	1.61713307e-06	1.60195024e-06	1.63086881e-06	4.68746067e-10	1.99853537e-07	0	100	0	0	0	3
2867	1792	120.379459	21.1242367	1.6169197e-06	1.61709319e-06	1.60195024e-06	1.63086881e-06	4.68746067e-10	1.99853537e-07	0	100	0	0	0	3
2868	1793	120.421479	21.1316047	1.61834421e-06	1.61705247e-06	1.60195024e-06	1.63086881e-06	4.68746067e-10	1.99853537e-07	0	100	0	0	0	3
2869	1794	120.463478	21.1389728	1.62124508e-06	1.61700501e-06	1.60195024e-06	1.63086881e-06	4.68746067e-10	1.99853537e-07	0	100	0	0	0	3
2870	1794	120.505455	21.1463409	1.62453333e-06	1.61700621e-06	1.60195024e-06	1.63086881e-06	4.68746067e-10	1.99853537e-07	0	100	0	0	0	3
2871	1795	120.547414	21.1537089	1.62377007e-06	1.61698859e-06	1.60195024e-06	1.63086881e-06	4.68746067e-10	1.99853537e-07	0	100	0	0	0	3
2872	1796	120.589355	21.161077	1.62362548e-06	1.61697734e-06	1.60195024e-06	1.63086881e-06	4.68746067e-10	1.99853537e-07	0	100	0	0	0	3
2873	1796	120.631282	21.1684451	1.62430128e-06	1.61697774e-06	1.60195024e-06	1.63086881e-06	4.68746067e-10	1.99853537e-07	0	100	0	0	0	3
2874	1797	120.673196	21.1758131	1.62506842e-06	1.61696229e-06	1.60195024e-06	1.63086881e-06	4.68746067e-10	1.99853537e-07	0	100	0	0	0	3
2875	1798	120.7151	21.1831812	1.62595859e-06	1.61692582e-06	1.60195024e-06	1.63086881e-06	4.84243254e-10	1.99853537e-07	0	100	0	0	0	3
2876	1798	120.756995	21.1905493	1.62728376e-06	1.6169037e-06	1.60195024e-06	1.63086881e-06	5.06369433e-10	1.99853537e-07	0	100	0	0	0	3
2877	1799	120.798884	21.1979173	1.62949865e-06	1.61688304e-06	1.60195024e-06	1.62994624e-06	5.27025308e-10	1.99853537e-07	0	100	0	0	0	3
2878	1800	120.840767	21.2052854	1.6304268e-06	1.61695621e-06	1.60195024e-06	1.6304268e-06	5.27025308e-10	1.99853537e-07	0	100	0	0	0	3
2879	1800	120.882648	21.2126534	1.62885192e-06	1.61694969e-06	1.60195024e-06	1.6304268e-06	5.27025308e-10	1.99853537e-07	0	100	0	0	0	3
2880	1801	120.924528	21.2200215	1.62938397e-06	1.61696389e-06	1.60195024e-06	1.6304268e-06	5.27025308e-10	1.99853537e-07	0	100	0	0	0	3
2881	1801	120.966409	21.2273896	1.6287155e-06	1.61694535e-06	1.60195024e-06	1.6304268e-06	5.27025308e-10	1.99853537e-07	0	100	0	0	0	3
2882	1802	121	21.2347576	1.62981109e-06	1.61691974e-06	1.60195024e-06	1.6304268e-06	5.27025308e-10	1.99853537e-07	0	100	0	0	0	3
2883	1803	121.041889	21.2421257	1.62803898e-06	1.61691724e-06	1.60195024e-06	1.6304268e-06	5.27025308e-10	1.99853537e-07	0	100	0	0	0	3
2884	1803	121.083787	21.2494938	1.62932232e-06	1.61692421e-06	1.60195024e-06	1.6304268e-06	5.27025308e-10	1.99853537e-07	0	100	0	0	0	3
2885	1804	121.125693	21.2568618	1.62763196e-06	1.6169063e-06	1.60195024e-06	1.6304268e-06	5.27025308e-10	1.99853537e-07	0	100	0	0	0	3
2886	1805	121.167611	21.2642299	1.62955149e-06	1.61691718e-06	1.60195024e-06	1.6304268e-06	5.27025308e-10	1.99853537e-07	0	100	0	0	0	3
2887	1805	121.209542	21.2715979	1.62919708e-06	1.61690646e-06	1.60195024e-06	1.6304268e-06	5.27025308e-10	1.99853537e-07	0	100	0	0	0	3
2888	1806	121.251489	21.278966	1.63008346e-06	1.61692581e-06	1.60195024e-06	1.6304268e-06	5.27025308e-10	1.99853537e-07	0	100	0	0	0	3
2889	1807	121.293452	21.2863341	1.62850655e-06	1.61694786e-06	1.60195024e-06	1.6304268e-06	5.27025308e-10	1.99853537e-07	0	100	0	0	0	3
2890	1807	121.335434	21.2937021	1.62740332e-06	1.61696484e-06	1.60195024e-06	1.6304268e-06	5.27025308e-10	1.99853537e-07	0	100	0	0	0	3
2891	1808	121.377436	21.3010702	1.62483083e-06	1.61695254e-06	1.60195024e-06	1.6304268e-06	5.27025308e-10	1.99853537e-07	0	100	0	0	0	3
2892	1809	121.419462	21.3084383	1.62664251e-06	1.6169869e-06	1.60195024e-06	1.6304268e-06	5.27025308e-10	1.99853537e-07	0	100	0	0	0	3
2893	1809	121.461512	21.3158063	1.62438059e-06	1.61700121e-06	1.60195024e-06	1.6304268e-06	5.27025308e-10	1.99853537e-07	0	100	0	0	0	3
2894	1810	121.503589	21.3231744	1.62342446e-06	1.61702316e-06	1.60195024e-06	1.6304268e-06	5.27025308e-10	1.99853537e-07	0	100	0	0	0	3
2895	1811	121.545693	21.3305424	1.62188983e-06	1.6170145e-06	1.60195024e-06	1.6304268e-06	5.27025308e-10	1.99853537e-07	0	100	0	0	0	3
2896	1811	121.587827	21.3379105	1.62241975e-06	1.617057e-06	1.60195024e-06	1.6304268e-06	5.27025308e-10	1.99853537e-07	0	100	0	0	0	3
2897	1812	121.629992	21.3452786	1.62023609e-06	1.6170588e-06	1.60195024e-06	1.6304268e-06	5.27025308e-10	1.99853537e-07	0	100	0	0	0	3
2898	1812	121.67219	21.3526466	1.61989943e-06	1.61708003e-06	1.60195024e-06	1.6304268e-06	5.27025308e-10	1.99853537e-07	0	100	0	0	0	3
2899	1813	121.714422	21.3600147	1.61905567e-06	1.61710441e-06	1.60195024e-06	1.6304268e-06	5.27025308e-10	1.99853537e-07	0	100	0	0	0	3
2900	1814	121.756689	21.3673828	1.61711263e-06	1.61713052e-06	1.60195024e-06	1.6304268e-06	5.27025308e-10	1.99853537e-07	0	100	0	0	0	3
2901	1815	121.798994	21.3747508	1.61649378e-06	1.61714608e-06	1.60195024e-06	1.6304268e-06	5.27025308e-10	1.99853537e-07	0	100	0	0	0	3
2902	1815	121.841336	21.3821189	1.61495457e-06	1.61712853e-06	1.60195024e-06	1.6304268e-06	5.27025308e-10	1.99853537e-07	0	100	0	0	0	3
2903	1816	121.883718	21.389487	1.61531858e-06	1.61716357e-06	1.60195024e-06	1.6304268e-06	5.27025308e-10	1.99853537e-07	0	100	0	0	0	3
2904	1816	121.92614	21.396855	1.61309388e-06	1.61717114e-06	1.60195024e-06	1.6304268e-06	5.27025308e-10	1.99853537e-07	0	100	0	0	0	3
2905	1817	121.968605	21.4042231	1.61344526e-06	1.617202e-06	1.60195024e-06	1.6304268e-06	5.27025308e-10	1.99853537e-07	0	100	0	0	0	3
2906	1818	122	21.4115911	1.61193639e-06	1.61724265e-06	1.60195024e-06	1.6304268e-06	5.27025308e-10	1.99853537e-07	0	100	0	0	0	3
2907	1818	122.042538	21.4189592	1.61041196e-06	1.61724723e-06	1.60195024e-06	1.6304268e-06	5.27025308e-10	1.99853537e-07	0	100	0	0	0	3
2908	1819	122.085121	21.4263273	1.60981265e-06	1.61726313e-06	1.60195024e-06	1.6304268e-06	5.27025308e-10	1.99853537e-07	0	100	0	0	0	3
2909	1820	122.127749	21.4336953	1.60980972e-06	1.61728772e-06	1.60195024e-06	1.6304268e-06	5.27025308e-10	1.99853537e-07	0	100	0	0	0	3
2910	1821	122.170423	21.4410634	1.60838886e-06	1.6173167e-06	1.60195024e-06	1.6304268e-06	5.27025308e-10	1.99853537e-07	0	100	0	0	0	3
2911	1821	122.213142	21.4484315	1.60754075e-06	1.61731734e-06	1.60195024e-06	1.6304268e-06	5.27025308e-10	1.99853537e-07	0	100	0	0	0	3
2912	1822	122.255909	21.4557995	1.60596208e-06	1.61732924e-06	1.60195024e-06	1.6304268e-06	5.27025308e-10	1.99853537e-07	0	100	0	0	0	3
2913	1822	122.298723	21.4631676	1.60562413e-06	1.61731703e-06	1.60195024e-06	1.6304268e-06	5.27025308e-10	1.99853537e-07	0	100	0	0	0	3
2914	1823	122.341585	21.4705356	1.60680316e-06	1.61732168e-06	1.60195024e-06	1.6304268e-06	5.27025308e-10	1.99853537e-07	0	100	0	0	0	3
2915	1824	122.384494	21.4779037	1.60689995e-06	1.61735432e-06	1.60195024e-06	1.6304268e-06	5.27025308e-10	1.99853537e-07	0	100	0	0	0	3
2916	1824	122.427373	21.4852718	1.6050722e-06	1.61737396e-06	1.60195024e-06	1.6304268e-06	5.27025308e-10	1.99853537e-07	0	100	0	0	0	3
2917	1825	122.470204	21.4926398	1.60354103e-06	1.61733804e-06	1.60195024e-06	1.6304268e-06	5.27025308e-10	1.99853537e-07	0	100	0	0	0	3
2918	1826	122.512988	21.5000079	1.60492564e-06	1.61736869e-06	1.60195024e-06	1.6304268e-06	5.27025308e-10	1.99853537e-07	0	100	0	0	0	3
2919	1826	122.555725	21.507376	1.60389108e-06	1.61733477e-06	1.60195024e-06	1.6304268e-06	5.27025308e-10	1.99853537e-07	0	100	0	0	0	3
2920	1827	122.598418	21.514744	1.60606011e-06	1.61734893e-06	1.60195024e-06	1.6304268e-06	4.90919336e-10	1.99853537e-07	0	100	0	0	0	3
2921	1828	122.641065	21.5221121	1.60493597e-06	1.61739319e-06	1.60354103e-06	1.6304268e-06	5.10147178e-10	1.99853537e-07	0	100	0	0	0	3
2922	1828	122.683668	21.5294801	1.60405792e-06	1.61736015e-06	1.60354103e-06	1.6304268e-06	5.10147178e-10	1.99853537e-07	0	100	0	0	0	3
2923	1829	122.726229	21.5368482	1.60519197e-06	1.61733776e-06	1.60354103e-06	1.6304268e-06	5.10147178e-10	1.99853537e-07	0	100	0	0	0	3
2924	1830	122.768748	21.5442163	1.6071846e-06	1.61735479e-06	1.60354103e-06	1.6304268e-06	5.10147178e-10	1.99853537e-07	0	100	0	0	0	3
2925	1830	122.811226	21.5515843	1.6064775e-06	1.61732247e-06	1.60354103e-06	1.6304268e-06	5.10147178e-10	1.99853537e-07	0	100	0	0	0	3
2926	1831	122.853664	21.5589524	1.60707642e-06	1.61721685e-06	1.60354103e-06	1.6304268e-06	5.10147178e-10	1.99853537e-07	0	100	0	0	0	3
2927	1832	122.896064	21.5663205	1.60758822e-06	1.61720168e-06	1.60354103e-06	1.6304268e-06	5.10147178e-10	1.99853537e-07	0	100	0	0	0	3
2928	1832	122.938427	21.5736885	1.60999928e-06	1.61720075e-06	1.60354103e-06	1.6304268e-06	5.10147178e-10	1.99853537e-07	0	100	0	0	0	3
2929	1833	122.980755	21.5810566	1.61168314e-06	1.61722849e-06	1.60354103e-06	1.6304268e-06	5.10147178e-10	1.99853537e-07	0	100	0	0	0	3
2930	1834	123	21.5884247	1.6107308e-06	1.61728522e-06	1.60354103e-06	1.6304268e-06	5.10147178e-10	1.99853537e-07	0	100	0	0	0	3
2931	1834	123.042277	21.5957927	1.61078764e-06	1.61723315e-06	1.60354103e-06	1.6304268e-06	5.10147178e-10	1.99853537e-07	0	100	0	0	0	3
2932	1835	123.084522	21.6031608	1.61414715e-06	1.6171877e-06	1.60354103e-06	1.6304268e-06	5.10147178e-10	1.99853537e-07	0	100	0	0	0	3
2933	1836	123.126735	21.6105288	1.61726646e-06	1.6171993e-06	1.60354103e-06	1.6304268e-06	5.10147178e-10	1.99853537e-07	0	100	0	0	0	3
2934	1836	123.168918	21.6178969	1.61658664e-06	1.617193e-06	1.60354103e-06	1.6304268e-06	5.10147178e-10	1.99853537e-07	0	100	0	0	0	3
2935	1837	123.211073	21.625265	1.61649348e-06	1.61718665e-06	1.60354103e-06	1.6304268e-06	5.10147178e-10	1.99853537e-07	0	100	0	0	0	3
2936	1838	123.253201	21.632633	1.61795756e-06	1.61718094e-06	1.60354103e-06	1.6304268e-06	5.10147178e-10	1.99853537e-07	0	100	0	0	0	3
2937	1838	123.295306	21.6400011	1.61859453e-06	1.61714168e-06	1.60354103e-06	1.6304268e-06	5.10147178e-10	1.99853537e-07	0	100	0	0	0	3
2938	1839	123.337388	21.6473692	1.62057152e-06	1.61708308e-06	1.60354103e-06	1.6304268e-06	5.10147178e-10	1.99853537e-07	0	100	0	0	0	3
2939	1840	123.379449	21.6547372	1.62476849e-06	1.61709815e-06	1.60354103e-06	1.6304268e-06	5.10147178e-10	1.99853537e-07	0	100	0	0	0	3
2940	1840	123.42149	21.6621053	1.62400029e-06	1.61710395e-06	1.60354103e-06	1.6304268e-06	5.10147178e-10	1.99853537e-07	0	100	0	0	0	3
2941	1841	123.463514	21.6694733	1.62366633e-06	1.61709477e-06	1.60354103e-06	1.6304268e-06	5.10147178e-10	1.99853537e-07	0	100	0	0	0	3
2942	1842	123.505523	21.6768414	1.62402992e-06	1.61707963e-06	1.60354103e-06	1.6304268e-06	5.10147178e-10	1.99853537e-07	0	100	0	0	0	3
2943	1842	123.547519	21.6842095	1.62526427e-06	1.61706963e-06	1.60354103e-06	1.6304268e-06	5.10147178e-10	1.99853537e-07	0	100	0	0	0	3
2944	1843	123.589503	21.6915775	1.62533142e-06	1.61704101e-06	1.60354103e-06	1.6304268e-06	5.10147178e-10	1.99853537e-07	0	100	0	0	0	3
2945	1844	123.63148	21.6989456	1.62639954e-06	1.61699547e-06	1.60354103e-06	1.6304268e-06	4.86882022e-10	1.99853537e-07	0	100	0	0	0	3
2946	1844	123.673449	21.7063137	1.62871629e-06	1.61697054e-06	1.60354103e-06	1.63008346e-06	4.86882022e-10	1.99853537e-07	0	100	0	0	0	3
2947	1845	123.715414	21.7136817	1.63182334e-06	1.61701491e-06	1.60354103e-06	1.63182334e-06	4.86882022e-10	1.99853537e-07	0	100	0	0	0	3
2948	1846	123.757374	21.7210498	1.63001736e-06	1.61702464e-06	1.60354103e-06	1.63182334e-06	4.86882022e-10	1.99853537e-07	0	100	0	0	0	3
2949	1846	123.799334	21.7284179	1.62969698e-06	1.6170395e-06	1.60354103e-06	1.63182334e-06	4.86882022e-10	1.99853537e-07	0	100	0	0	0	3
2950	1847	123.841294	21.7357859	1.62853254e-06	1.61705824e-06	1.60354103e-06	1.63182334e-06	4.86882022e-10	1.99853537e-07	0	100	0	0	0	3
2951	1847	123.883259	21.743154	1.62895134e-06	1.61707201e-06	1.60354103e-06	1.63182334e-06	4.86882022e-10	1.99853537e-07	0	100	0	0	0	3
2952	1848	123.925228	21.750522	1.62868354e-06	1.61706288e-06	1.60354103e-06	1.63182334e-06	4.86882022e-10	1.99853537e-07	0	100	0	0	0	3
2953	1849	123.967206	21.7578901	1.62912775e-06	1.61708525e-06	1.60354103e-06	1.63182334e-06	4.86726039e-10	1.99853537e-07	0	100	0	0	0	3
2954	1849	124	21.7652582	1.6286502e-06	1.61703465e-06	1.60354103e-06	1.63182334e-06	4.86726039e-10	1.99853537e-07	0	100	0	0	0	3
2955	1850	124.041996	21.7726262	1.62881358e-06	1.61702924e-06	1.60354103e-06	1.63182334e-06	4.6738101e-10	1.99853537e-07	0	100	0	0	0	3
2956	1851	124.084005	21.7799943	1.6281004e-06	1.61700012e-06	1.60354103e-06	1.63182334e-06	4.45328002e-10	1.99853537e-07	0	100	0	0	0	3
2957	1851	124.126029	21.7873624	1.6306597e-06	1.61703231e-06	1.60354103e-06	1.63182334e-06	4.40646075e-10	1.99853537e-07	0	100	0	0	0	3
2958	1852	124.168069	21.7947304	1.62900499e-06	1.6170563e-06	1.60354103e-06	1.63182334e-06	4.40646075e-10	1.99853537e-07	0	100	0	0	0	3
2959	1853	124.210128	21.8020985	1.62775763e-06	1.61709991e-06	1.60354103e-06	1.63182334e-06	4.22650061e-10	1.99853537e-07	0	100	0	0	0	3
2960	1854	124.252207	21.8094665	1.62543279e-06	1.61708212e-06	1.60354103e-06	1.63182334e-06	4.22650061e-10	1.99853537e-07	0	100	0	0	0	3
2961	1855	124.294309	21.8168346	1.62700416e-06	1.61712124e-06	1.60354103e-06	1.63182334e-06	4.22650061e-10	1.99853537e-07	0	100	0	0	0	3
2962	1856	124.336435	21.8242027	1.6245306e-06	1.6171378e-06	1.60354103e-06	1.63182334e-06	4.22650061e-10	1.99853537e-07	0	100	0	0	0	3
2963	1856	124.378587	21.8315707	1.62383825e-06	1.61716687e-06	1.60354103e-06	1.63182334e-06	4.22650061e-10	1.99853537e-07	0	100	0	0	0	3
2964	1857	124.420767	21.8389388	1.62272127e-06	1.61717145e-06	1.60354103e-06	1.63182334e-06	4.22650061e-10	1.99853537e-07	0	100	0	0	0	3
2965	1858	124.462977	21.8463069	1.62215446e-06	1.61720008e-06	1.60354103e-06	1.63182334e-06	4.22650061e-10	1.99853537e-07	0	100	0	0	0	3
2966	1858	124.505217	21.8536749	1.62038686e-06	1.61720739e-06	1.60354103e-06	1.63182334e-06	4.22650061e-10	1.99853537e-07	0	100	0	0	0	3
2967	1859	124.54749	21.861043	1.62055773e-06	1.61722983e-06	1.60354103e-06	1.63182334e-06	4.22650061e-10	1.99853537e-07	0	100	0	0	0	3
2968	1859	124.589797	21.868411	1.6186974e-06	1.61725349e-06	1.60354103e-06	1.63182334e-06	4.22650061e-10	1.99853537e-07	0	100	0	0	0	3
2969	1860	124.632139	21.8757791	1.61719187e-06	1.61726391e-06	1.60354103e-06	1.63182334e-06	4.22650061e-10	1.99853537e-07	0	100	0	0	0	3
2970	1861	124.674518	21.8831472	1.6167086e-06	1.61729012e-06	1.60354103e-06	1.63182334e-06	4.22650061e-10	1.99853537e-07	0	100	0	0	0	3
2971	1861	124.716936	21.8905152	1.61513732e-06	1.61728738e-06	1.60354103e-06	1.63182334e-06	4.22650061e-10	1.99853537e-07	0	100	0	0	0	3
2972	1862	124.759393	21.8978833	1.61441666e-06	1.61730715e-06	1.60354103e-06	1.63182334e-06	4.22650061e-10	1.99853537e-07	0	100	0	0	0	3
2973	1863	124.801891	21.9052514	1.61420085e-06	1.61731844e-06	1.60354103e-06	1.63182334e-06	4.22650061e-10	1.99853537e-07	0	100	0	0	0	3
2974	1863	124.84443	21.9126194	1.61370939e-06	1.61732387e-06	1.60354103e-06	1.63182334e-06	4.22650061e-10	1.99853537e-07	0	100	0	0	0	3
2975	1864	124.887011	21.9199875	1.61061613e-06	1.61732682e-06	1.60354103e-06	1.63182334e-06	4.22650061e-10	1.99853537e-07	0	100	0	0	0	3
2976	1865	124.929636	21.9273556	1.61012594e-06	1.61733141e-06	1.60354103e-06	1.63182334e-06	4.22650061e-10	1.99853537e-07	0	100	0	0	0	3
2977	1865	124.972306	21.9347236	1.61045345e-06	1.61734095e-06	1.60354103e-06	1.63182334e-06	4.22650061e-10	1.99853537e-07	0	100	0	0	0	3
2978	1866	125	21.9420917	1.60976576e-06	1.61740182e-06	1.60354103e-06	1.63182334e-06	4.31283361e-10	1.99853537e-07	0	100	0	0	0	3
2979	1867	125.042745	21.9494597	1.60737649e-06	1.61739925e-06	1.60354103e-06	1.63182334e-06	4.31283361e-10	1.99853537e-07	0	100	0	0	0	3
2980	1868	125.085536	21.9568278	1.60726049e-06	1.61741879e-06	1.60354103e-06	1.63182334e-06	4.48249324e-10	1.99853537e-07	0	100	0	0	0	3
2981	1868	125.128375	21.9641959	1.60678993e-06	1.61743633e-06	1.60354103e-06	1.63182334e-06	4.65796439e-10	1.99853537e-07	0	100	0	0	0	3
2982	1869	125.17126	21.9715639	1.60623874e-06	1.61742769e-06	1.60354103e-06	1.63182334e-06	4.65796439e-10	1.99853537e-07	0	100	0	0	0	3
2983	1869	125.214162	21.978932	1.60592494e-06	1.61741294e-06	1.60354103e-06	1.63182334e-06	4.65796439e-10	1.99853537e-07	0	100	0	0	0	3
2984	1870	125.257016	21.9863001	1.60651037e-06	1.61743482e-06	1.60354103e-06	1.63182334e-06	4.65796439e-10	1.99853537e-07	0	100	0	0	0	3
2985	1871	125.299821	21.9936681	1.6055675e-06	1.6174656e-06	1.60389108e-06	1.63182334e-06	4.95067397e-10	1.99853537e-07	0	100	0	0	0	3
2986	1871	125.342579	22.0010362	1.60392204e-06	1.61745055e-06	1.60389108e-06	1.63182334e-06	4.95067397e-10	1.99853537e-07	0	100	0	0	0	3
2987	1872	125.38529	22.0084042	1.60407044e-06	1.61745339e-06	1.60392204e-06	1.63182334e-06	4.95067397e-10	1.99853537e-07	0	100	0	0	0	3
2988	1873	125.427956	22.0157723	1.60406252e-06	1.61742338e-06	1.60392204e-06	1.63182334e-06	4.95067397e-10	1.99853537e-07	0	100	0	0	0	3
2989	1873	125.470575	22.0231404	1.60543051e-06	1.61743095e-06	1.60392204e-06	1.63182334e-06	4.95067397e-10	1.99853537e-07	0	100	0	0	0	3
2990	1874	125.51315	22.0305084	1.60414951e-06	1.61743246e-06	1.60392204e-06	1.63182334e-06	4.95067397e-10	1.99853537e-07	0	100	0	0	0	3
2991	1875	125.55568	22.0378765	1.60516994e-06	1.61743226e-06	1.60392204e-06	1.63182334e-06	4.95067397e-10	1.99853537e-07	0	100	0	0	0	3
2992	1875	125.598168	22.0452446	1.60624275e-06	1.61741823e-06	1.60392204e-06	1.63182334e-06	4.95067397e-10	1.99853537e-07	0	100	0	0	0	3
2993	1876	125.640614	22.0526126	1.60567702e-06	1.61740635e-06	1.60392204e-06	1.63182334e-06	4.95067397e-10	1.99853537e-07	0	100	0	0	0	3
2994	1877	125.683019	22.0599807	1.60509061e-06	1.61737671e-06	1.60392204e-06	1.63182334e-06	4.95067397e-10	1.99853537e-07	0	100	0	0	0	3
2995	1877	125.725384	22.0673487	1.60782056e-06	1.61738031e-06	1.60392204e-06	1.63182334e-06	4.95067397e-10	1.99853537e-07	0	100	0	0	0	3
2996	1878	125.767711	22.0747168	1.60790092e-06	1.61734901e-06	1.60392204e-06	1.63182334e-06	4.95067397e-10	1.99853537e-07	0	100	0	0	0	3
2997	1879	125.810001	22.0820849	1.60973982e-06	1.61732004e-06	1.60392204e-06	1.63182334e-06	4.95067397e-10	1.99853537e-07	0	100	0	0	0	3
2998	1879	125.852254	22.0894529	1.60953125e-06	1.61724911e-06	1.60392204e-06	1.63182334e-06	4.95067397e-10	1.99853537e-07	0	100	0	0	0	3
2999	1880	125.894473	22.096821	1.61050408e-06	1.61724505e-06	1.60392204e-06	1.63182334e-06	4.95067397e-10	1.99853537e-07	0	100	0	0	0	3
3000	1881	125.936659	22.1041891	1.61157312e-06	1.61720704e-06	1.60392204e-06	1.63182334e-06	4.95067397e-10	1.99853537e-07	0	100	0	0	0	3
3001	1881	125.978813	22.1115571	1.61383926e-06	1.61715638e-06	1.60392204e-06	1.63182334e-06	4.95067397e-10	1.99853537e-07	0	100	0	0	0	3
3002	1882	126	22.1189252	1.62095394e-06	1.61719329e-06	1.60392204e-06	1.63182334e-06	4.95067397e-10	1.99853537e-07	0	100	0	0	0	3
3003	1883	126.042107	22.1262933	1.61664189e-06	1.61719551e-06	1.60392204e-06	1.63182334e-06	4.95067397e-10	1.99853537e-07	0	100	0	0	0	3
3004	1883	126.084186	22.1336613	1.61551771e-06	1.61715923e-06	1.60392204e-06	1.63182334e-06	4.95067397e-10	1.99853537e-07	0	100	0	0	0	3
3005	1884	126.126238	22.1410294	1.61712497e-06	1.61713738e-06	1.60392204e-06	1.63182334e-06	4.95067397e-10	1.99853537e-07	0	100	0	0	0	3
3006	1885	126.168267	22.1483974	1.61767928e-06	1.61709437e-06	1.60392204e-06	1.63182334e-06	4.95067397e-10	1.99853537e-07	0	100	0	0	0	3
3007	1885	126.210272	22.1557655	1.62104671e-06	1.617039e-06	1.60392204e-06	1.63182334e-06	4.95067397e-10	1.99853537e-07	0	100	0	0	0	3
3008	1886	126.252257	22.1631336	1.62493227e-06	1.61705268e-06	1.60392204e-06	1.63182334e-06	4.95067397e-10	1.99853537e-07	0	100	0	0	0	3
3009	1887	126.294221	22.1705016	1.62378215e-06	1.61705426e-06	1.60392204e-06	1.63182334e-06	4.95067397e-10	1.99853537e-07	0	100	0	0	0	3
3010	1887	126.336168	22.1778697	1.62391019e-06	1.61705233e-06	1.60392204e-06	1.63182334e-06	4.95067397e-10	1.99853537e-07	0	100	0	0	0	3
3011	1888	126.378099	22.1852378	1.62407333e-06	1.6170345e-06	1.60392204e-06	1.63182334e-06	4.95067397e-10	1.99853537e-07	0	100	0	0	0	3
3012	1889	126.420016	22.1926058	1.62424097e-06	1.61701815e-06	1.60392204e-06	1.63182334e-06	4.95067397e-10	1.99853537e-07	0	100	0	0	0	3
3013	1889	126.461923	22.1999739	1.6258541e-06	1.61700985e-06	1.60392204e-06	1.63182334e-06	4.95067397e-10	1.99853537e-07	0	100	0	0	0	3
3014	1890	126.503821	22.2073419	1.62597612e-06	1.61696899e-06	1.60392204e-06	1.63182334e-06	4.96614917e-10	1.99853537e-07	0	100	0	0	0	3
3015	1890	126.545711	22.21471	1.62781819e-06	1.61690932e-06	1.60392204e-06	1.6306597e-06	5.56283316e-10	1.99853537e-07	0	100	0	0	0	3
3016	1891	126.587596	22.2220781	1.6307637e-06	1.61692002e-06	1.60392204e-06	1.6307637e-06	5.56283316e-10	1.99853537e-07	0	100	0	0	0	3
3017	1892	126.629477	22.2294461	1.62984698e-06	1.61692188e-06	1.60392204e-06	1.6307637e-06	5.56283316e-10	1.99853537e-07	0	100	0	0	0	3
3018	1892	126.671356	22.2368142	1.62934427e-06	1.61693356e-06	1.60392204e-06	1.6307637e-06	5.56283316e-10	1.99853537e-07	0	100	0	0	0	3
3019	1893	126.713236	22.2441823	1.62893022e-06	1.61693289e-06	1.60392204e-06	1.6307637e-06	5.56283316e-10	1.99853537e-07	0	100	0	0	0	3
3020	1894	126.755119	22.2515503	1.62897906e-06	1.6169369e-06	1.60392204e-06	1.6307637e-06	5.56283316e-10	1.99853537e-07	0	100	0	0	0	3
3021	1894	126.797008	22.2589184	1.6293688e-06	1.61694009e-06	1.60392204e-06	1.6307637e-06	5.56283316e-10	1.99853537e-07	0	100	0	0	0	3
3022	1895	126.838902	22.2662865	1.62814188e-06	1.61697012e-06	1.60392204e-06	1.6307637e-06	5.56283316e-10	1.99853537e-07	0	100	0	0	0	3
3023	1896	126.880807	22.2736545	1.62893653e-06	1.61697156e-06	1.60392204e-06	1.6307637e-06	5.56283316e-10	1.99853537e-07	0	100	0	0	0	3
3024	1896	126.922722	22.2810226	1.62817388e-06	1.61697228e-06	1.60392204e-06	1.6307637e-06	5.56283316e-10	1.99853537e-07	0	100	0	0	0	3
3025	1897	126.964651	22.2883906	1.62848717e-06	1.61693973e-06	1.60392204e-06	1.6307637e-06	5.56283316e-10	1.99853537e-07	0	100	0	0	0	3
3026	1898	127	22.2957587	1.63155513e-06	1.61694305e-06	1.60392204e-06	1.63155513e-06	5.56283316e-10	1.99853537e-07	0	100	0	0	0	3
3027	1898	127.041957	22.3031268	1.62910297e-06	1.61696259e-06	1.60392204e-06	1.63155513e-06	5.56283316e-10	1.99853537e-07	0	100	0	0	0	3
3028	1899	127.083932	22.3104948	1.6281289e-06	1.61700225e-06	1.60392204e-06	1.63155513e-06	5.56283316e-10	1.99853537e-07	0	100	0	0	0	3
3029	1900	127.125927	22.3178629	1.6257569e-06	1.61698337e-06	1.60392204e-06	1.63155513e-06	5.56283316e-10	1.99853537e-07	0	100	0	0	0	3
3030	1900	127.167944	22.325231	1.62575945e-06	1.61700131e-06	1.60392204e-06	1.63155513e-06	5.56283316e-10	1.99853537e-07	0	100	0	0	0	3
3031	1901	127.209985	22.332599	1.62562565e-06	1.61702759e-06	1.60392204e-06	1.63155513e-06	5.56283316e-10	1.99853537e-07	0	100	0	0	0	3
3032	1901	127.252052	22.3399671	1.62380385e-06	1.61704344e-06	1.60392204e-06	1.63155513e-06	5.56283316e-10	1.99853537e-07	0	100	0	0	0	3
3033	1902	127.294146	22.3473351	1.6220939e-06	1.61704234e-06	1.60392204e-06	1.63155513e-06	5.56283316e-10	1.99853537e-07	0	100	0	0	0	3
3034	1903	127.33627	22.3547032	1.62235108e-06	1.61707142e-06	1.60392204e-06	1.63155513e-06	5.56283316e-10	1.99853537e-07	0	100	0	0	0	3
3035	1903	127.378424	22.3620713	1.62154534e-06	1.61708598e-06	1.60392204e-06	1.63155513e-06	5.56283316e-10	1.99853537e-07	0	100	0	0	0	3
3036	1904	127.420611	22.3694393	1.61965511e-06	1.61710019e-06	1.60392204e-06	1.63155513e-06	5.56283316e-10	1.99853537e-07	0	100	0	0	0	3
3037	1905	127.462831	22.3768074	1.61940181e-06	1.61713315e-06	1.60392204e-06	1.63155513e-06	5.56283316e-10	1.99853537e-07	0	100	0	0	0	3
3038	1905	127.505086	22.3841755	1.61771049e-06	1.61714812e-06	1.60392204e-06	1.63155513e-06	5.56283316e-10	1.99853537e-07	0	100	0	0	0	3
3039	1906	127.547378	22.3915435	1.61686518e-06	1.61717403e-06	1.60392204e-06	1.63155513e-06	5.56283316e-10	1.99853537e-07	0	100	0	0	0	3
3040	1907	127.589707	22.3989116	1.61557599e-06	1.61719149e-06	1.60392204e-06	1.63155513e-06	5.56283316e-10	1.99853537e-07	0	100	0	0	0	3
3041	1907	127.632075	22.4062796	1.61358581e-06	1.61718242e-06	1.60392204e-06	1.63155513e-06	5.56283316e-10	1.99853537e-07	0	100	0	0	0	3
3042	1908	127.674484	22.4136477	1.61461124e-06	1.61719609e-06	1.60392204e-06	1.63155513e-06	5.56283316e-10	1.99853537e-07	0	100	0	0	0	3
3043	1909	127.716935	22.4210158	1.61324149e-06	1.61723578e-06	1.60392204e-06	1.63155513e-06	5.56283316e-10	1.99853537e-07	0	100	0	0	0	3
3044	1909	127.759427	22.4283838	1.61212228e-06	1.61726609e-06	1.60392204e-06	1.63155513e-06	5.56283316e-10	1.99853537e-07	0	100	0	0	0	3
3045	1910	127.801962	22.4357519	1.61069023e-06	1.61726997e-06	1.60392204e-06	1.63155513e-06	5.56283316e-10	1.99853537e-07	0	100	0	0	0	3
3046	1911	127.844542	22.44312	1.61027053e-06	1.61723826e-06	1.60392204e-06	1.63155513e-06	5.56283316e-10	1.99853537e-07	0	100	0	0	0	3
3047	1911	127.887166	22.450488	1.60889246e-06	1.61726139e-06	1.60392204e-06	1.63155513e-06	5.56283316e-10	1.99853537e-07	0	100	0	0	0	3
3048	1912	127.929837	22.4578561	1.60840256e-06	1.61727895e-06	1.60392204e-06	1.63155513e-06	5.56283316e-10	1.99853537e-07	0	100	0	0	0	3
3049	1913	127.972553	22.4652242	1.60770918e-06	1.61729321e-06	1.60392204e-06	1.63155513e-06	5.56283316e-10	1.99853537e-07	0	100	0	0	0	3
3050	1913	128	22.4725922	1.60843443e-06	1.61737485e-06	1.60392204e-06	1.63155513e-06	5.56283316e-10	1.99853537e-07	0	100	0	0	0	3
3051	1914	128.042793	22.4799603	1.60511271e-06	1.617363e-06	1.60392204e-06	1.63155513e-06	5.56283316e-10	1.99853537e-07	0	100	0	0	0	3
3052	1915	128.085634	22.4873283	1.6055546e-06	1.61734857e-06	1.60392204e-06	1.63155513e-06	5.56283316e-10	1.99853537e-07	0	100	0	0	0	3
3053	1915	128.128523	22.4946964	1.60737214e-06	1.61737559e-06	1.60392204e-06	1.63155513e-06	5.44069138e-10	1.99853537e-07	0	100	0	0	0	3
3054	1916	128.171422	22.5020645	1.60596983e-06	1.61740597e-06	1.60406252e-06	1.63155513e-06	5.44069138e-10	1.99853537e-07	0	100	0	0	0	3
3055	1917	128.214272	22.5094325	1.60433701e-06	1.61740935e-06	1.60406252e-06	1.63155513e-06	5.23142819e-10	1.99853537e-07	0	100	0	0	0	3
3056	1917	128.257076	22.5168006	1.60473625e-06	1.61741889e-06	1.60414951e-06	1.63155513e-06	5.23142819e-10	1.99853537e-07	0	100	0	0	0	3
3057	1918	128.299833	22.5241687	1.60431747e-06	1.61740149e-06	1.60414951e-06	1.63155513e-06	5.23142819e-10	1.99853537e-07	0	100	0	0	0	3
3058	1919	128.342544	22.5315367	1.60390788e-06	1.6173972e-06	1.60390788e-06	1.63155513e-06	5.22941959e-10	1.99853537e-07	0	100	0	0	0	3
3059	1919	128.385211	22.5389048	1.60625137e-06	1.61741292e-06	1.60390788e-06	1.63155513e-06	5.09571177e-10	1.99853537e-07	0	100	0	0	0	3
3060	1920	128.427833	22.5462728	1.60471403e-06	1.61738936e-06	1.60390788e-06	1.63155513e-06	5.09571177e-10	1.99853537e-07	0	100	0	0	0	3
3061	1921	128.470412	22.5536409	1.60375771e-06	1.61735993e-06	1.60375771e-06	1.63155513e-06	5.09571177e-10	1.99853537e-07	0	100	0	0	0	3
3062	1921	128.512949	22.561009	1.60655044e-06	1.6173813e-06	1.60375771e-06	1.63155513e-06	5.09571177e-10	1.99853537e-07	0	100	0	0	0	3
3063	1922	128.555444	22.568377	1.60596968e-06	1.61735307e-06	1.60375771e-06	1.63155513e-06	5.09571177e-10	1.99853537e-07	0	100	0	0	0	3
3064	1923	128.597899	22.5757451	1.60689481e-06	1.61733755e-06	1.60375771e-06	1.63155513e-06	5.09571177e-10	1.99853537e-07	0	100	0	0	0	3
3065	1923	128.640316	22.5831132	1.60944449e-06	1.61733278e-06	1.60375771e-06	1.63155513e-06	5.09571177e-10	1.99853537e-07	0	100	0	0	0	3
3066	1924	128.682694	22.5904812	1.60960392e-06	1.61733353e-06	1.60375771e-06	1.63155513e-06	5.09571177e-10	1.99853537e-07	0	100	0	0	0	3
3067	1925	128.725036	22.5978493	1.61005008e-06	1.61732644e-06	1.60375771e-06	1.63155513e-06	5.09571177e-10	1.99853537e-07	0	100	0	0	0	3
3068	1925	128.767343	22.6052174	1.61072423e-06	1.61731351e-06	1.60375771e-06	1.63155513e-06	5.09571177e-10	1.99853537e-07	0	100	0	0	0	3
3069	1926	128.809616	22.6125854	1.6111601e-06	1.61727335e-06	1.60375771e-06	1.63155513e-06	5.09571177e-10	1.99853537e-07	0	100	0	0	0	3
3070	1927	128.851857	22.6199535	1.61409618e-06	1.61719895e-06	1.60375771e-06	1.63155513e-06	5.09571177e-10	1.99853537e-07	0	100	0	0	0	3
3071	1927	128.894067	22.6273215	1.61692058e-06	1.61720305e-06	1.60375771e-06	1.63155513e-06	5.09571177e-10	1.99853537e-07	0	100	0	0	0	3
3072	1928	128.936246	22.6346896	1.61743507e-06	1.61723135e-06	1.60375771e-06	1.63155513e-06	5.09571177e-10	1.99853537e-07	0	100	0	0	0	3
3073	1928	128.978398	22.6420577	1.61641691e-06	1.61722088e-06	1.60375771e-06	1.63155513e-06	5.09571177e-10	1.99853537e-07	0	100	0	0	0	3
3074	1929	129	22.6494257	1.61888637e-06	1.61722679e-06	1.60375771e-06	1.63155513e-06	5.09571177e-10	1.99853537e-07	0	100	0	0	0	3
3075	1930	129.042113	22.6567938	1.61831841e-06	1.61718636e-06	1.60375771e-06	1.63155513e-06	5.09571177e-10	1.99853537e-07	0	100	0	0	0	3
3076	1931	129.084203	22.6641619	1.61880456e-06	1.61709557e-06	1.60375771e-06	1.63155513e-06	5.09571177e-10	1.99853537e-07	0	100	0	0	0	3
3077	1931	129.126271	22.6715299	1.62195131e-06	1.61706862e-06	1.60375771e-06	1.63155513e-06	5.09571177e-10	1.99853537e-07	0	100	0	0	0	3
3078	1932	129.16832	22.678898	1.62491888e-06	1.61708384e-06	1.60375771e-06	1.63155513e-06	5.09571177e-10	1.99853537e-07	0	100	0	0	0	3
3079	1933	129.21035	22.686266	1.62462582e-06	1.61709229e-06	1.60375771e-06	1.63155513e-06	5.09571177e-10	1.99853537e-07	0	100	0	0	0	3
3080	1933	129.252364	22.6936341	1.62436227e-06	1.61709433e-06	1.60375771e-06	1.63155513e-06	5.09571177e-10	1.99853537e-07	0	100	0	0	0	3
3081	1934	129.294364	22.7010022	1.62482897e-06	1.61707942e-06	1.60375771e-06	1.63155513e-06	5.09571177e-10	1.99853537e-07	0	100	0	0	0	3
3082	1934	129.336352	22.7083702	1.62548397e-06	1.61707241e-06	1.60375771e-06	1.63155513e-06	5.09571177e-10	1.99853537e-07	0	100	0	0	0	3
3083	1935	129.378332	22.7157383	1.62584913e-06	1.61704356e-06	1.60375771e-06	1.63155513e-06	4.9887564e-10	1.99853537e-07	0	100	0	0	0	3
3084	1936	129.420303	22.7231064	1.62768522e-06	1.61699837e-06	1.60375771e-06	1.63155513e-06	4.97011197e-10	1.99853537e-07	0	100	0	0	0	3
3085	1936	129.462269	22.7304744	1.63170547e-06	1.61702629e-06	1.60375771e-06	1.63170547e-06	4.86003032e-10	1.99853537e-07	0	100	0	0	0	3
3086	1937	129.50423	22.7378425	1.63006403e-06	1.6170373e-06	1.60375771e-06	1.63170547e-06	4.86003032e-10	1.99853537e-07	0	100	0	0	0	3
3087	1938	129.546189	22.7452105	1.62953675e-06	1.61704662e-06	1.60375771e-06	1.63170547e-06	4.81988226e-10	1.99853537e-07	0	100	0	0	0	3
3088	1938	129.588149	22.7525786	1.62879312e-06	1.61704419e-06	1.60375771e-06	1.63170547e-06	4.79166617e-10	1.99853537e-07	0	100	0	0	0	3
3089	1939	129.630111	22.7599467	1.62909182e-06	1.61704041e-06	1.60375771e-06	1.63170547e-06	4.79166617e-10	1.99853537e-07	0	100	0	0	0	3
3090	1940	129.672078	22.7673147	1.62914449e-06	1.61705554e-06	1.60375771e-06	1.63170547e-06	4.79166617e-10	1.99853537e-07	0	100	0	0	0	3
3091	1940	129.714052	22.7746828	1.62932934e-06	1.61706165e-06	1.60375771e-06	1.63170547e-06	4.79166617e-10	1.99853537e-07	0	100	0	0	0	3
3092	1941	129.756035	22.7820509	1.62851908e-06	1.61706703e-06	1.60375771e-06	1.63170547e-06	4.79166617e-10	1.99853537e-07	0	100	0	0	0	3
3093	1942	129.798029	22.7894189	1.6285445e-06	1.61706815e-06	1.60375771e-06	1.63170547e-06	4.75841397e-10	1.99853537e-07	0	100	0	0	0	3
3094	1942	129.840035	22.796787	1.62824211e-06	1.6170531e-06	1.60375771e-06	1.63170547e-06	4.56298235e-10	1.99853537e-07	0	100	0	0	0	3
3095	1943	129.882057	22.8041551	1.63065554e-06	1.61707635e-06	1.60375771e-06	1.63170547e-06	4.35522887e-10	1.99853537e-07	0	100	0	0	0	3
3096	1944	129.924094	22.8115231	1.62921328e-06	1.61709264e-06	1.60375771e-06	1.63170547e-06	4.35522887e-10	1.99853537e-07	0	100	0	0	0	3
3097	1944	129.96615	22.8188912	1.6282243e-06	1.61712936e-06	1.60375771e-06	1.63170547e-06	4.20522991e-10	1.99853537e-07	0	100	0	0	0	3
3098	1945	130	22.8262592	1.62555548e-06	1.61710204e-06	1.60375771e-06	1.63170547e-06	4.20522991e-10	1.99853537e-07	0	100	0	0	0	3
3099	1946	130.042094	22.8336273	1.6260542e-06	1.61710856e-06	1.60375771e-06	1.63170547e-06	4.20522991e-10	1.99853537e-07	0	100	0	0	0	3
3100	1946	130.084211	22.8409954	1.62544579e-06	1.6171331e-06	1.60375771e-06	1.63170547e-06	4.20522991e-10	1.99853537e-07	0	100	0	0	0	3
3101	1947	130.126354	22.8483634	1.62507585e-06	1.61717756e-06	1.60375771e-06	1.63170547e-06	4.20522991e-10	1.99853537e-07	0	100	0	0	0	3
3102	1948	130.168523	22.8557315	1.62101307e-06	1.61715772e-06	1.60375771e-06	1.63170547e-06	4.20522991e-10	1.99853537e-07	0	100	0	0	0	3
3103	1948	130.210722	22.8630996	1.62287278e-06	1.61717757e-06	1.60375771e-06	1.63170547e-06	4.20522991e-10	1.99853537e-07	0	100	0	0	0	3
3104	1949	130.252951	22.8704676	1.62127355e-06	1.61720173e-06	1.60375771e-06	1.63170547e-06	4.20522991e-10	1.99853537e-07	0	100	0	0	0	3
3105	1950	130.295213	22.8778357	1.61953654e-06	1.61720378e-06	1.60375771e-06	1.63170547e-06	4.20522991e-10	1.99853537e-07	0	100	0	0	0	3
3106	1950	130.337508	22.8852037	1.61965677e-06	1.61723285e-06	1.60375771e-06	1.63170547e-06	4.20522991e-10	1.99853537e-07	0	100	0	0	0	3
3107	1951	130.379838	22.8925718	1.61885722e-06	1.61726261e-06	1.60375771e-06	1.63170547e-06	4.20522991e-10	1.99853537e-07	0	100	0	0	0	3
3108	1952	130.422203	22.8999399	1.61644808e-06	1.61727563e-06	1.60375771e-06	1.63170547e-06	4.20522991e-10	1.99853537e-07	0	100	0	0	0	3
3109	1952	130.464608	22.9073079	1.61564191e-06	1.61730637e-06	1.60375771e-06	1.63170547e-06	4.20522991e-10	1.99853537e-07	0	100	0	0	0	3
3110	1953	130.50705	22.914676	1.61472215e-06	1.617308e-06	1.60375771e-06	1.63170547e-06	4.20522991e-10	1.99853537e-07	0	100	0	0	0	3
3111	1954	130.549534	22.9220441	1.61436511e-06	1.6173248e-06	1.60375771e-06	1.63170547e-06	4.20522991e-10	1.99853537e-07	0	100	0	0	0	3
3112	1954	130.592058	22.9294121	1.61307117e-06	1.61733899e-06	1.60375771e-06	1.63170547e-06	4.20522991e-10	1.99853537e-07	0	100	0	0	0	3
3113	1955	130.634625	22.9367802	1.61229655e-06	1.61736305e-06	1.60375771e-06	1.63170547e-06	4.20522991e-10	1.99853537e-07	0	100	0	0	0	3
3114	1955	130.677234	22.9441482	1.61038404e-06	1.61736468e-06	1.60375771e-06	1.63170547e-06	4.20522991e-10	1.99853537e-07	0	100	0	0	0	3
3115	1956	130.719888	22.9515163	1.61014756e-06	1.6173835e-06	1.60375771e-06	1.63170547e-06	4.20522991e-10	1.99853537e-07	0	100	0	0	0	3
3116	1957	130.762586	22.9588844	1.6103711e-06	1.61741308e-06	1.60375771e-06	1.63170547e-06	4.20522991e-10	1.99853537e-07	0	100	0	0	0	3
3117	1957	130.805331	22.9662524	1.6077048e-06	1.61741292e-06	1.60375771e-06	1.63170547e-06	4.20522991e-10	1.99853537e-07	0	100	0	0	0	3
3118	1958	130.848121	22.9736205	1.60731016e-06	1.61734766e-06	1.60375771e-06	1.63170547e-06	4.20522991e-10	1.99853537e-07	0	100	0	0	0	3
3119	1959	130.890959	22.9809886	1.6069973e-06	1.61737581e-06	1.60375771e-06	1.63170547e-06	4.20522991e-10	1.99853537e-07	0	100	0	0	0	3
3120	1959	130.933843	22.9883566	1.60561638e-06	1.61737656e-06	1.60375771e-06	1.63170547e-06	4.20522991e-10	1.99853537e-07	0	100	0	0	0	3
3121	1960	130.976746	22.9957247	1.60617178e-06	1.61735843e-06	1.60375771e-06	1.63170547e-06	4.20522991e-10	1.99853537e-07	0	100	0	0	0	3
3122	1961	131	23.0030928	1.60726721e-06	1.61744819e-06	1.60375771e-06	1.63170547e-06	4.4982198e-10	1.99853537e-07	0	100	0	0	0	3
3123	1962	131.042827	23.0104608	1.60504555e-06	1.61745903e-06	1.60375771e-06	1.63170547e-06	4.60658219e-10	1.99853537e-07	0	100	0	0	0	3
3124	1962	131.085606	23.0178289	1.60462943e-06	1.61745752e-06	1.60375771e-06	1.63170547e-06	4.60658219e-10	1.99853537e-07	0	100	0	0	0	3
3125	1963	131.128338	23.0251969	1.60503605e-06	1.6174685e-06	1.60375771e-06	1.63170547e-06	4.70126466e-10	1.99853537e-07	0	100	0	0	0	3
3126	1963	131.171024	23.032565	1.60494558e-06	1.61748428e-06	1.60375771e-06	1.63170547e-06	4.85911108e-10	1.99853537e-07	0	100	0	0	0	3
3127	1964	131.213663	23.0399331	1.60333514e-06	1.61744043e-06	1.60333514e-06	1.63170547e-06	4.85911108e-10	1.99853537e-07	0	100	0	0	0	3
3128	1965	131.256258	23.0473011	1.6060119e-06	1.61746009e-06	1.60333514e-06	1.63170547e-06	4.85911108e-10	1.99853537e-07	0	100	0	0	0	3
3129	1965	131.298808	23.0546692	1.60566698e-06	1.61748895e-06	1.60333514e-06	1.63170547e-06	4.90584288e-10	1.99853537e-07	0	100	0	0	0	3
3130	1966	131.341315	23.0620373	1.60271721e-06	1.61743146e-06	1.60271721e-06	1.63170547e-06	4.90584288e-10	1.99853537e-07	0	100	0	0	0	3
3131	1967	131.38378	23.0694053	1.6055433e-06	1.61742518e-06	1.60271721e-06	1.63170547e-06	4.90584288e-10	1.99853537e-07	0	100	0	0	0	3
3132	1967	131.426203	23.0767734	1.60657604e-06	1.61742052e-06	1.60271721e-06	1.63170547e-06	4.90584288e-10	1.99853537e-07	0	100	0	0	0	3
3133	1968	131.468587	23.0841414	1.60738024e-06	1.61738968e-06	1.60271721e-06	1.63170547e-06	4.90584288e-10	1.99853537e-07	0	100	0	0	0	3
3134	1969	131.510931	23.0915095	1.60849944e-06	1.61737324e-06	1.60271721e-06	1.63170547e-06	4.90584288e-10	1.99853537e-07	0	100	0	0	0	3
3135	1969	131.553236	23.0988776	1.60845219e-06	1.61734943e-06	1.60271721e-06	1.63170547e-06	4.90584288e-10	1.99853537e-07	0	100	0	0	0	3
3136	1970	131.595506	23.1062456	1.60777503e-06	1.61730544e-06	1.60271721e-06	1.63170547e-06	4.90584288e-10	1.99853537e-07	0	100	0	0	0	3
3137	1971	131.637741	23.1136137	1.61124977e-06	1.61730686e-06	1.60271721e-06	1.63170547e-06	4.90584288e-10	1.99853537e-07	0	100	0	0	0	3
3138	1971	131.679941	23.1209818	1.61198087e-06	1.61727534e-06	1.60271721e-06	1.63170547e-06	4.90584288e-10	1.99853537e-07	0	100	0	0	0	3
3139	1972	131.722109	23.1283498	1.61364929e-06	1.61722657e-06	1.60271721e-06	1.63170547e-06	4.90584288e-10	1.99853537e-07	0	100	0	0	0	3
3140	1973	131.764246	23.1357179	1.61641274e-06	1.61721133e-06	1.60271721e-06	1.63170547e-06	4.90584288e-10	1.99853537e-07	0	100	0	0	0	3
3141	1973	131.806352	23.143086	1.61615162e-06	1.6172074e-06	1.60271721e-06	1.63170547e-06	4.90584288e-10	1.99853537e-07	0	100	0	0	0	3
3142	1974	131.84843	23.150454	1.61598003e-06	1.61717653e-06	1.60271721e-06	1.63170547e-06	4.90584288e-10	1.99853537e-07	0	100	0	0	0	3
3143	1975	131.890482	23.1578221	1.61722591e-06	1.61716038e-06	1.60271721e-06	1.63170547e-06	4.90584288e-10	1.99853537e-07	0	100	0	0	0	3
3144	1975	131.932509	23.1651901	1.61812908e-06	1.61715038e-06	1.60271721e-06	1.63170547e-06	4.90584288e-10	1.99853537e-07	0	100	0	0	0	3
3145	1976	131.974514	23.1725582	1.62078505e-06	1.61713307e-06	1.60271721e-06	1.63170547e-06	4.90584288e-10	1.99853537e-07	0	100	0	0	0	3
3146	1977	132	23.1799263	1.62821744e-06	1.61711722e-06	1.60271721e-06	1.63170547e-06	4.90584288e-10	1.99853537e-07	0	100	0	0	0	3
3147	1977	132.04197	23.1872943	1.62362355e-06	1.6171022e-06	1.60271721e-06	1.63170547e-06	4.90584288e-10	1.99853537e-07	0	100	0	0	0	3
3148	1978	132.083922	23.1946624	1.62258106e-06	1.61707565e-06	1.60271721e-06	1.63170547e-06	4.90584288e-10	1.99853537e-07	0	100	0	0	0	3
3149	1979	132.125857	23.2020305	1.62322484e-06	1.61705172e-06	1.60271721e-06	1.63170547e-06	4.90584288e-10	1.99853537e-07	0	100	0	0	0	3
3150	1979	132.167779	23.2093985	1.62474383e-06	1.61704056e-06	1.60271721e-06	1.63170547e-06	4.90584288e-10	1.99853537e-07	0	100	0	0	0	3
3151	1980	132.209689	23.2167666	1.62539393e-06	1.61703361e-06	1.60271721e-06	1.63170547e-06	4.90584288e-10	1.99853537e-07	0	100	0	0	0	3
3152	1981	132.251589	23.2241346	1.62533696e-06	1.61699859e-06	1.60271721e-06	1.63170547e-06	4.90364371e-10	1.99853537e-07	0	100	0	0	0	3
3153	1981	132.293482	23.2315027	1.62822983e-06	1.61694678e-06	1.60271721e-06	1.63065554e-06	5.42174416e-10	1.99853537e-07	0	100	0	0	0	3
3154	1982	132.335368	23.2388708	1.63125219e-06	1.61696401e-06	1.60271721e-06	1.63125219e-06	5.42174416e-10	1.99853537e-07	0	100	0	0	0	3
3155	1983	132.377249	23.2462388	1.63018291e-06	1.61697322e-06	1.60271721e-06	1.63125219e-06	5.42174416e-10	1.99853537e-07	0	100	0	0	0	3
3156	1983	132.419128	23.2536069	1.62893153e-06	1.61697493e-06	1.60271721e-06	1.63125219e-06	5.42174416e-10	1.99853537e-07	0	100	0	0	0	3
3157	1984	132.461007	23.260975	1.6290107e-06	1.61697338e-06	1.60271721e-06	1.63125219e-06	5.42174416e-10	1.99853537e-07	0	100	0	0	0	3
3158	1985	132.502888	23.268343	1.62829145e-06	1.61696039e-06	1.60271721e-06	1.63125219e-06	5.42174416e-10	1.99853537e-07	0	100	0	0	0	3
3159	1985	132.544774	23.2757111	1.62940748e-06	1.61696116e-06	1.60271721e-06	1.63125219e-06	5.42174416e-10	1.99853537e-07	0	100	0	0	0	3
3160	1986	132.586666	23.2830791	1.6283301e-06	1.61695799e-06	1.60271721e-06	1.63125219e-06	5.42174416e-10	1.99853537e-07	0	100	0	0	0	3
3161	1986	132.628566	23.2904472	1.62927915e-06	1.61696848e-06	1.60271721e-06	1.63125219e-06	5.42174416e-10	1.99853537e-07	0	100	0	0	0	3
3162	1987	132.670477	23.2978153	1.62893523e-06	1.61697836e-06	1.60271721e-06	1.63125219e-06	5.42174416e-10	1.99853537e-07	0	100	0	0	0	3
3163	1988	132.7124	23.3051833	1.62866018e-06	1.61694833e-06	1.60271721e-06	1.63125219e-06	5.42174416e-10	1.99853537e-07	0	100	0	0	0	3
3164	1988	132.754338	23.3125514	1.63032302e-06	1.61696435e-06	1.60271721e-06	1.63125219e-06	5.42174416e-10	1.99853537e-07	0	100	0	0	0	3
3165	1989	132.796291	23.3199195	1.62965551e-06	1.61698515e-06	1.60271721e-06	1.63125219e-06	5.42174416e-10	1.99853537e-07	0	100	0	0	0	3
3166	1990	132.838261	23.3272875	1.62782666e-06	1.61704326e-06	1.60271721e-06	1.63125219e-06	5.42174416e-10	1.99853537e-07	0	100	0	0	0	3
3167	1990	132.880252	23.3346556	1.62632052e-06	1.61704687e-06	1.60271721e-06	1.63125219e-06	5.42174416e-10	1.99853537e-07	0	100	0	0	0	3
3168	1991	132.922264	23.3420237	1.62509283e-06	1.61704133e-06	1.60271721e-06	1.63125219e-06	5.42174416e-10	1.99853537e-07	0	100	0	0	0	3
3169	1992	132.9643	23.3493917	1.62599603e-06	1.61705466e-06	1.60271721e-06	1.63125219e-06	5.42174416e-10	1.99853537e-07	0	100	0	0	0	3
3170	1992	133	23.3567598	1.62470737e-06	1.6170922e-06	1.60271721e-06	1.63125219e-06	5.42174416e-10	1.99853537e-07	0	100	0	0	0	3
3171	1993	133.042084	23.3641278	1.62368412e-06	1.61710402e-06	1.60271721e-06	1.63125219e-06	5.42174416e-10	1.99853537e-07	0	100	0	0	0	3
3172	1994	133.084197	23.3714959	1.62137505e-06	1.61710536e-06	1.60271721e-06	1.63125219e-06	5.42174416e-10	1.99853537e-07	0	100	0	0	0	3
3173	1994	133.12634	23.378864	1.62123336e-06	1.61713052e-06	1.60271721e-06	1.63125219e-06	5.42174416e-10	1.99853537e-07	0	100	0	0	0	3
3174	1995	133.168514	23.386232	1.62151108e-06	1.61715803e-06	1.60271721e-06	1.63125219e-06	5.42174416e-10	1.99853537e-07	0	100	0	0	0	3
3175	1996	133.210722	23.3936001	1.61919523e-06	1.617163e-06	1.60271721e-06	1.63125219e-06	5.42174416e-10	1.99853537e-07	0	100	0	0	0	3
3176	1996	133.252964	23.4009682	1.61863464e-06	1.61719566e-06	1.60271721e-06	1.63125219e-06	5.42174416e-10	1.99853537e-07	0	100	0	0	0	3
3177	1997	133.295242	23.4083362	1.61682912e-06	1.61721346e-06	1.60271721e-06	1.63125219e-06	5.42174416e-10	1.99853537e-07	0	100	0	0	0	3
3178	1998	133.337558	23.4157043	1.61540003e-06	1.61722371e-06	1.60271721e-06	1.63125219e-06	5.42174416e-10	1.99853537e-07	0	100	0	0	0	3
3179	1998	133.379913	23.4230723	1.61506358e-06	1.61723429e-06	1.60271721e-06	1.63125219e-06	5.42174416e-10	1.99853537e-07	0	100	0	0	0	3
3180	1999	133.422307	23.4304404	1.61566194e-06	1.61727329e-06	1.60271721e-06	1.63125219e-06	5.42174416e-10	1.99853537e-07	0	100	0	0	0	3
3181	2000	133.464742	23.4378085	1.61299572e-06	1.617284e-06	1.60271721e-06	1.63125219e-06	5.42174416e-10	1.99853537e-07	0	100	0	0	0	3
3182	2000	133.507219	23.4451765	1.6126988e-06	1.61731907e-06	1.60271721e-06	1.63125219e-06	5.42174416e-10	1.99853537e-07	0	100	0	0	0	3
3183	2001	133.549739	23.4525446	1.61208134e-06	1.61734846e-06	1.60271721e-06	1.63125219e-06	5.42174416e-10	1.99853537e-07	0	100	0	0	0	3
3184	2002	133.592302	23.4599127	1.60921448e-06	1.6173314e-06	1.60271721e-06	1.63125219e-06	5.42174416e-10	1.99853537e-07	0	100	0	0	0	3
3185	2002	133.63491	23.4672807	1.6089377e-06	1.61735043e-06	1.60271721e-06	1.63125219e-06	5.42174416e-10	1.99853537e-07	0	100	0	0	0	3
3186	2003	133.677564	23.4746488	1.61006946e-06	1.61739251e-06	1.60271721e-06	1.63125219e-06	5.42174416e-10	1.99853537e-07	0	100	0	0	0	3
3187	2004	133.720264	23.4820168	1.60708857e-06	1.61739439e-06	1.60271721e-06	1.63125219e-06	5.42174416e-10	1.99853537e-07	0	100	0	0	0	3
3188	2004	133.763011	23.4893849	1.60673965e-06	1.61741194e-06	1.60271721e-06	1.63125219e-06	5.42174416e-10	1.99853537e-07	0	100	0	0	0	3
3189	2005	133.805804	23.496753	1.60664193e-06	1.61741948e-06	1.60271721e-06	1.63125219e-06	5.42174416e-10	1.99853537e-07	0	100	0	0	0	3
3190	2006	133.848646	23.504121	1.60665957e-06	1.61734054e-06	1.60271721e-06	1.63125219e-06	5.42174416e-10	1.99853537e-07	0	100	0	0	0	3
3191	2006	133.891535	23.5114891	1.60646492e-06	1.61736164e-06	1.60271721e-06	1.63125219e-06	5.42174416e-10	1.99853537e-07	0	100	0	0	0	3
3192	2007	133.934433	23.5188572	1.60559095e-06	1.61737559e-06	1.60271721e-06	1.63125219e-06	5.42174416e-10	1.99853537e-07	0	100	0	0	0	3
3193	2007	133.977283	23.5262252	1.60549035e-06	1.61738191e-06	1.60271721e-06	1.63125219e-06	5.42174416e-10	1.99853537e-07	0	100	0	0	0	3
3194	2008	134	23.5335933	1.60432233e-06	1.61746469e-06	1.60271721e-06	1.63125219e-06	5.42174416e-10	1.99853537e-07	0	100	0	0	0	3
3195	2009	134.042778	23.5409614	1.60537812e-06	1.61749488e-06	1.60271721e-06	1.63125219e-06	5.48105966e-10	1.99853537e-07	0	100	0	0	0	3
3196	2010	134.085509	23.5483294	1.60317653e-06	1.61745151e-06	1.60271721e-06	1.63125219e-06	5.48105966e-10	1.99853537e-07	0	100	0	0	0	3
3197	2010	134.128196	23.5556975	1.60544027e-06	1.61744752e-06	1.60271721e-06	1.63125219e-06	5.48105966e-10	1.99853537e-07	0	100	0	0	0	3
3198	2011	134.170837	23.5630655	1.60590062e-06	1.61749479e-06	1.60317653e-06	1.63125219e-06	5.48105966e-10	1.99853537e-07	0	100	0	0	0	3
3199	2012	134.213435	23.5704336	1.60348523e-06	1.61746325e-06	1.60317653e-06	1.63125219e-06	5.48105966e-10	1.99853537e-07	0	100	0	0	0	3
3200	2012	134.25599	23.5778017	1.60567662e-06	1.61744922e-06	1.60317653e-06	1.63125219e-06	5.48105966e-10	1.99853537e-07	0	100	0	0	0	3
3201	2013	134.298503	23.5851697	1.60711672e-06	1.6174448e-06	1.60317653e-06	1.63125219e-06	5.48105966e-10	1.99853537e-07	0	100	0	0	0	3
3202	2014	134.340975	23.5925378	1.60635302e-06	1.61741218e-06	1.60317653e-06	1.63125219e-06	5.48105966e-10	1.99853537e-07	0	100	0	0	0	3
3203	2014	134.383409	23.5999059	1.60632574e-06	1.61737989e-06	1.60317653e-06	1.63125219e-06	5.48105966e-10	1.99853537e-07	0	100	0	0	0	3
3204	2015	134.425804	23.6072739	1.6077576e-06	1.6173792e-06	1.60317653e-06	1.63125219e-06	5.48105966e-10	1.99853537e-07	0	100	0	0	0	3
3205	2016	134.468163	23.614642	1.61108786e-06	1.61737651e-06	1.60317653e-06	1.63125219e-06	5.48105966e-10	1.99853537e-07	0	100	0	0	0	3
3206	2016	134.510485	23.62201	1.61123262e-06	1.61736509e-06	1.60317653e-06	1.63125219e-06	5.48105966e-10	1.99853537e-07	0	100	0	0	0	3
3207	2017	134.552773	23.6293781	1.61133153e-06	1.61733031e-06	1.60317653e-06	1.63125219e-06	5.48105966e-10	1.99853537e-07	0	100	0	0	0	3
3208	2018	134.595028	23.6367462	1.61252579e-06	1.61727225e-06	1.60317653e-06	1.63125219e-06	5.48105966e-10	1.99853537e-07	0	100	0	0	0	3
3209	2018	134.637252	23.6441142	1.61478537e-06	1.61725183e-06	1.60317653e-06	1.63125219e-06	5.48105966e-10	1.99853537e-07	0	100	0	0	0	3
3210	2019	134.679445	23.6514823	1.61711375e-06	1.61726867e-06	1.60317653e-06	1.63125219e-06	5.48105966e-10	1.99853537e-07	0	100	0	0	0	3
3211	2020	134.72161	23.6588504	1.61734188e-06	1.6172704e-06	1.60317653e-06	1.63125219e-06	5.48105966e-10	1.99853537e-07	0	100	0	0	0	3
3212	2020	134.763747	23.6662184	1.61730622e-06	1.61725818e-06	1.60317653e-06	1.63125219e-06	5.48105966e-10	1.99853537e-07	0	100	0	0	0	3
3213	2021	134.805859	23.6735865	1.61808976e-06	1.61721823e-06	1.60317653e-06	1.63125219e-06	5.48105966e-10	1.99853537e-07	0	100	0	0	0	3
3214	2022	134.847948	23.6809546	1.61924341e-06	1.61714973e-06	1.60317653e-06	1.63125219e-06	5.48105966e-10	1.99853537e-07	0	100	0	0	0	3
3215	2022	134.890017	23.6883226	1.62203308e-06	1.61712646e-06	1.60317653e-06	1.63125219e-06	5.48105966e-10	1.99853537e-07	0	100	0	0	0	3
3216	2023	134.932065	23.6956907	1.62533002e-06	1.61716723e-06	1.60317653e-06	1.63125219e-06	5.48105966e-10	1.99853537e-07	0	100	0	0	0	3
3217	2024	134.974094	23.7030587	1.62503976e-06	1.61719421e-06	1.60317653e-06	1.63125219e-06	5.48105966e-10	1.99853537e-07	0	100	0	0	0	3
3218	2024	135	23.7104268	1.62402274e-06	1.61714492e-06	1.60317653e-06	1.63125219e-06	5.48105966e-10	1.99853537e-07	0	100	0	0	0	3
3219	2025	135.042005	23.7177949	1.62363113e-06	1.61711905e-06	1.60317653e-06	1.63125219e-06	5.48105966e-10	1.99853537e-07	0	100	0	0	0	3
3220	2026	135.083997	23.7251629	1.62544119e-06	1.61712086e-06	1.60317653e-06	1.63125219e-06	5.48105966e-10	1.99853537e-07	0	100	0	0	0	3
3221	2026	135.12598	23.732531	1.62760399e-06	1.61711194e-06	1.60317653e-06	1.63125219e-06	5.46550861e-10	1.99853537e-07	0	100	0	0	0	3
3222	2027	135.167953	23.7398991	1.62581041e-06	1.61703174e-06	1.60317653e-06	1.63032302e-06	5.46550861e-10	1.99853537e-07	0	100	0	0	0	3
3223	2028	135.209921	23.7472671	1.62858894e-06	1.61700853e-06	1.60317653e-06	1.63032302e-06	5.46550861e-10	1.99853537e-07	0	100	0	0	0	3
3224	2028	135.251884	23.7546352	1.63200619e-06	1.61705443e-06	1.60317653e-06	1.63200619e-06	5.46550861e-10	1.99853537e-07	0	100	0	0	0	3
3225	2029	135.293843	23.7620032	1.63006107e-06	1.61707033e-06	1.60317653e-06	1.63200619e-06	5.46550861e-10	1.99853537e-07	0	100	0	0	0	3
3226	2030	135.335802	23.7693713	1.62837671e-06	1.6170719e-06	1.60317653e-06	1.63200619e-06	5.46550861e-10	1.99853537e-07	0	100	0	0	0	3
3227	2030	135.377764	23.7767394	1.62937984e-06	1.61707182e-06	1.60317653e-06	1.63200619e-06	5.46550861e-10	1.99853537e-07	0	100	0	0	0	3
3228	2031	135.419729	23.7841074	1.62931494e-06	1.6170867e-06	1.60317653e-06	1.63200619e-06	5.46550861e-10	1.99853537e-07	0	100	0	0	0	3
3229	2032	135.4617	23.7914755	1.62886216e-06	1.61708082e-06	1.60317653e-06	1.63200619e-06	5.46550861e-10	1.99853537e-07	0	100	0	0	0	3
3230	2032	135.503679	23.7988436	1.62881981e-06	1.6170794e-06	1.60317653e-06	1.63200619e-06	5.46550861e-10	1.99853537e-07	0	100	0	0	0	3
3231	2033	135.545668	23.8062116	1.62842026e-06	1.61707611e-06	1.60317653e-06	1.63200619e-06	5.30539572e-10	1.99853537e-07	0	100	0	0	0	3
3232	2034	135.58767	23.8135797	1.62929634e-06	1.61706119e-06	1.60317653e-06	1.63200619e-06	5.09731795e-10	1.99853537e-07	0	100	0	0	0	3
3233	2034	135.629686	23.8209477	1.62877478e-06	1.61704841e-06	1.60317653e-06	1.63200619e-06	4.86358887e-10	1.99853537e-07	0	100	0	0	0	3
3234	2035	135.671717	23.8283158	1.6301382e-06	1.61708293e-06	1.60317653e-06	1.63200619e-06	4.86358887e-10	1.99853537e-07	0	100	0	0	0	3
3235	2035	135.713766	23.8356839	1.62882466e-06	1.61712028e-06	1.60317653e-06	1.63200619e-06	4.86358887e-10	1.99853537e-07	0	100	0	0	0	3
3236	2036	135.755833	23.8430519	1.62687326e-06	1.61714687e-06	1.60317653e-06	1.63200619e-06	4.86358887e-10	1.99853537e-07	0	100	0	0	0	3
3237	2037	135.797923	23.85042	1.62620797e-06	1.61715019e-06	1.60317653e-06	1.63200619e-06	4.86358887e-10	1.99853537e-07	0	100	0	0	0	3
3238	2037	135.840036	23.8577881	1.62470069e-06	1.61716715e-06	1.60317653e-06	1.63200619e-06	4.86358887e-10	1.99853537e-07	0	100	0	0	0	3
3239	2038	135.882174	23.8651561	1.62555283e-06	1.617195e-06	1.60317653e-06	1.63200619e-06	4.86358887e-10	1.99853537e-07	0	100	0	0	0	3
3240	2039	135.924339	23.8725242	1.62207994e-06	1.61720554e-06	1.60317653e-06	1.63200619e-06	4.86358887e-10	1.99853537e-07	0	100	0	0	0	3
3241	2039	135.966533	23.8798923	1.62239714e-06	1.61722291e-06	1.60317653e-06	1.63200619e-06	4.86358887e-10	1.99853537e-07	0	100	0	0	0	3
3242	2040	136	23.8872603	1.62126158e-06	1.61720677e-06	1.60317653e-06	1.63200619e-06	4.86358887e-10	1.99853537e-07	0	100	0	0	0	3
3243	2041	136.042249	23.8946284	1.62012525e-06	1.61722068e-06	1.60317653e-06	1.63200619e-06	4.86358887e-10	1.99853537e-07	0	100	0	0	0	3
3244	2042	136.084532	23.9019964	1.61995304e-06	1.61724038e-06	1.60317653e-06	1.63200619e-06	4.86358887e-10	1.99853537e-07	0	100	0	0	0	3
3245	2042	136.126849	23.9093645	1.61871214e-06	1.61726852e-06	1.60317653e-06	1.63200619e-06	4.86358887e-10	1.99853537e-07	0	100	0	0	0	3
3246	2043	136.169201	23.9167326	1.61625751e-06	1.61728132e-06	1.60317653e-06	1.63200619e-06	4.86358887e-10	1.99853537e-07	0	100	0	0	0	3
3247	2043	136.211592	23.9241006	1.61579921e-06	1.6172923e-06	1.60317653e-06	1.63200619e-06	4.86358887e-10	1.99853537e-07	0	100	0	0	0	3
3248	2044	136.254021	23.9314687	1.61596914e-06	1.61729689e-06	1.60317653e-06	1.63200619e-06	4.86358887e-10	1.99853537e-07	0	100	0	0	0	3
3249	2045	136.296489	23.9388368	1.61506261e-06	1.61732783e-06	1.60317653e-06	1.63200619e-06	4.86358887e-10	1.99853537e-07	0	100	0	0	0	3
3250	2046	136.338998	23.9462048	1.61252947e-06	1.61732524e-06	1.60317653e-06	1.63200619e-06	4.86358887e-10	1.99853537e-07	0	100	0	0	0	3
3251	2046	136.38155	23.9535729	1.61327865e-06	1.61734317e-06	1.60317653e-06	1.63200619e-06	4.86358887e-10	1.99853537e-07	0	100	0	0	0	3
3252	2047	136.424143	23.9609409	1.61153861e-06	1.61737804e-06	1.60317653e-06	1.63200619e-06	4.86358887e-10	1.99853537e-07	0	100	0	0	0	3
3253	2048	136.466781	23.968309	1.60995254e-06	1.61739323e-06	1.60317653e-06	1.63200619e-06	4.86358887e-10	1.99853537e-07	0	100	0	0	0	3
3254	2048	136.509463	23.9756771	1.60881688e-06	1.61737428e-06	1.60317653e-06	1.63200619e-06	4.86358887e-10	1.99853537e-07	0	100	0	0	0	3
3255	2049	136.552191	23.9830451	1.60893887e-06	1.6174021e-06	1.60317653e-06	1.63200619e-06	4.86358887e-10	1.99853537e-07	0	100	0	0	0	3
3256	2049	136.594964	23.9904132	1.60857831e-06	1.61742977e-06	1.60317653e-06	1.63200619e-06	4.86358887e-10	1.99853537e-07	0	100	0	0	0	3
3257	2050	136.637785	23.9977813	1.60755545e-06	1.61744348e-06	1.60317653e-06	1.63200619e-06	4.86358887e-10	1.99853537e-07	0	100	0	0	0	3
3258	2051	136.680652	24.0051493	1.60646683e-06	1.61744046e-06	1.60317653e-06	1.63200619e-06	4.86358887e-10	1.99853537e-07	0	100	0	0	0	3
3259	2051	136.723567	24.0125174	1.605176e-06	1.61742083e-06	1.60317653e-06	1.63200619e-06	4.86358887e-10	1.99853537e-07	0	100	0	0	0	3
3260	2052	136.766439	24.0198855	1.60630457e-06	1.61743174e-06	1.60317653e-06	1.63200619e-06	4.86358887e-10	1.99853537e-07	0	100	0	0	0	3
3261	2053	136.809262	24.0272535	1.60634952e-06	1.61744485e-06	1.60317653e-06	1.63200619e-06	4.86358887e-10	1.99853537e-07	0	100	0	0	0	3
3262	2053	136.852037	24.0346216	1.60446476e-06	1.6173547e-06	1.60317653e-06	1.63200619e-06	4.86358887e-10	1.99853537e-07	0	100	0	0	0	3
3263	2054	136.894765	24.0419896	1.60452759e-06	1.61734216e-06	1.60317653e-06	1.63200619e-06	4.86267161e-10	1.99853537e-07	0	100	0	0	0	3
3264	2055	136.937447	24.0493577	1.60501512e-06	1.61736992e-06	1.60348523e-06	1.63200619e-06	4.86267161e-10	1.99853537e-07	0	100	0	0	0	3
3265	2055	136.980083	24.0567258	1.60233867e-06	1.61732377e-06	1.60233867e-06	1.63200619e-06	4.86267161e-10	1.99853537e-07	0	100	0	0	0	3
3266	2056	137	24.0640938	1.61019398e-06	1.61744574e-06	1.60233867e-06	1.63200619e-06	4.54725513e-10	1.99853537e-07	0	100	0	0	0	3
3267	2057	137.042569	24.0714619	1.60576264e-06	1.61748015e-06	1.60233867e-06	1.63200619e-06	4.71626271e-10	1.99853537e-07	0	100	0	0	0	3
3268	2057	137.085094	24.07883	1.60194101e-06	1.61742413e-06	1.60194101e-06	1.63200619e-06	4.71626271e-10	1.99853537e-07	0	100	0	0	0	3
3269	2058	137.127576	24.086198	1.60616485e-06	1.61740995e-06	1.60194101e-06	1.63200619e-06	4.71626271e-10	1.99853537e-07	0	100	0	0	0	3
3270	2059	137.170017	24.0935661	1.6067601e-06	1.61741618e-06	1.60194101e-06	1.63200619e-06	4.71626271e-10	1.99853537e-07	0	100	0	0	0	3
3271	2059	137.212417	24.1009341	1.60597287e-06	1.61741102e-06	1.60194101e-06	1.63200619e-06	4.71626271e-10	1.99853537e-07	0	100	0	0	0	3
3272	2060	137.254777	24.1083022	1.60551471e-06	1.61737756e-06	1.60194101e-06	1.63200619e-06	4.71626271e-10	1.99853537e-07	0	100	0	0	0	3
3273	2061	137.2971	24.1156703	1.60884986e-06	1.61734415e-06	1.60194101e-06	1.63200619e-06	4.71626271e-10	1.99853537e-07	0	100	0	0	0	3
3274	2061	137.339386	24.1230383	1.61042176e-06	1.61733211e-06	1.60194101e-06	1.63200619e-06	4.71626271e-10	1.99853537e-07	0	100	0	0	0	3
3275	2062	137.381635	24.1304064	1.61031648e-06	1.61731703e-06	1.60194101e-06	1.63200619e-06	4.71626271e-10	1.99853537e-07	0	100	0	0	0	3
3276	2063	137.423851	24.1377745	1.61029081e-06	1.61728375e-06	1.60194101e-06	1.63200619e-06	4.71626271e-10	1.99853537e-07	0	100	0	0	0	3
3277	2063	137.466033	24.1451425	1.61128521e-06	1.61723159e-06	1.60194101e-06	1.63200619e-06	4.71626271e-10	1.99853537e-07	0	100	0	0	0	3
3278	2064	137.508183	24.1525106	1.61412549e-06	1.61718707e-06	1.60194101e-06	1.63200619e-06	4.71626271e-10	1.99853537e-07	0	100	0	0	0	3
3279	2065	137.550303	24.1598786	1.61734785e-06	1.61718715e-06	1.60194101e-06	1.63200619e-06	4.71626271e-10	1.99853537e-07	0	100	0	0	0	3
3280	2065	137.592393	24.1672467	1.61673231e-06	1.61717861e-06	1.60194101e-06	1.63200619e-06	4.71626271e-10	1.99853537e-07	0	100	0	0	0	3
3281	2066	137.634457	24.1746148	1.61721074e-06	1.61716552e-06	1.60194101e-06	1.63200619e-06	4.71626271e-10	1.99853537e-07	0	100	0	0	0	3
3282	2067	137.676494	24.1819828	1.61794714e-06	1.61714622e-06	1.60194101e-06	1.63200619e-06	4.71626271e-10	1.99853537e-07	0	100	0	0	0	3
3283	2067	137.718509	24.1893509	1.61952256e-06	1.61710884e-06	1.60194101e-06	1.63200619e-06	4.71626271e-10	1.99853537e-07	0	100	0	0	0	3
3284	2068	137.760501	24.196719	1.62100962e-06	1.61704453e-06	1.60194101e-06	1.63200619e-06	4.71626271e-10	1.99853537e-07	0	100	0	0	0	3
3285	2069	137.802474	24.204087	1.62461315e-06	1.61703804e-06	1.60194101e-06	1.63200619e-06	4.71626271e-10	1.99853537e-07	0	100	0	0	0	3
3286	2069	137.844427	24.2114551	1.62386426e-06	1.61707511e-06	1.60194101e-06	1.63200619e-06	4.71626271e-10	1.99853537e-07	0	100	0	0	0	3
3287	2070	137.886364	24.2188232	1.62349801e-06	1.61707299e-06	1.60194101e-06	1.63200619e-06	4.71626271e-10	1.99853537e-07	0	100	0	0	0	3
3288	2071	137.928287	24.2261912	1.6243394e-06	1.61705654e-06	1.60194101e-06	1.63200619e-06	4.71626271e-10	1.99853537e-07	0	100	0	0	0	3
3289	2071	137.970198	24.2335593	1.62563366e-06	1.61702725e-06	1.60194101e-06	1.63200619e-06	4.71626271e-10	1.99853537e-07	0	100	0	0	0	3
3290	2072	138	24.2409273	1.62598179e-06	1.6169913e-06	1.60194101e-06	1.63200619e-06	4.88850036e-10	1.99853537e-07	0	100	0	0	0	3
3291	2073	138.041895	24.2482954	1.62617483e-06	1.61695529e-06	1.60194101e-06	1.63200619e-06	5.24861737e-10	1.99853537e-07	0	100	0	0	0	3
3292	2073	138.083783	24.2556635	1.62807612e-06	1.61689676e-06	1.60194101e-06	1.6301382e-06	5.83391856e-10	1.99853537e-07	0	100	0	0	0	3
3293	2074	138.125666	24.2630315	1.63153859e-06	1.61691826e-06	1.60194101e-06	1.63153859e-06	5.83391856e-10	1.99853537e-07	0	100	0	0	0	3
3294	2075	138.167546	24.2703996	1.63012123e-06	1.61694374e-06	1.60194101e-06	1.63153859e-06	5.83391856e-10	1.99853537e-07	0	100	0	0	0	3
3295	2075	138.209425	24.2777677	1.62951169e-06	1.61694533e-06	1.60194101e-06	1.63153859e-06	5.83391856e-10	1.99853537e-07	0	100	0	0	0	3
3296	2076	138.251305	24.2851357	1.62869841e-06	1.61693584e-06	1.60194101e-06	1.63153859e-06	5.83391856e-10	1.99853537e-07	0	100	0	0	0	3
3297	2077	138.293189	24.2925038	1.62958885e-06	1.61694622e-06	1.60194101e-06	1.63153859e-06	5.83391856e-10	1.99853537e-07	0	100	0	0	0	3
3298	2077	138.335078	24.2998718	1.62802706e-06	1.61693411e-06	1.60194101e-06	1.63153859e-06	5.83391856e-10	1.99853537e-07	0	100	0	0	0	3
3299	2078	138.376976	24.3072399	1.62922693e-06	1.61694568e-06	1.60194101e-06	1.63153859e-06	5.83391856e-10	1.99853537e-07	0	100	0	0	0	3
3300	2079	138.418882	24.314608	1.62792436e-06	1.61692496e-06	1.60194101e-06	1.63153859e-06	5.83391856e-10	1.99853537e-07	0	100	0	0	0	3
3301	2079	138.460802	24.321976	1.62968347e-06	1.61693801e-06	1.60194101e-06	1.63153859e-06	5.83391856e-10	1.99853537e-07	0	100	0	0	0	3
3302	2080	138.502734	24.3293441	1.62889184e-06	1.61691909e-06	1.60194101e-06	1.63153859e-06	5.83391856e-10	1.99853537e-07	0	100	0	0	0	3
3303	2081	138.544682	24.3367122	1.63037599e-06	1.61694165e-06	1.60194101e-06	1.63153859e-06	5.83391856e-10	1.99853537e-07	0	100	0	0	0	3
3304	2081	138.586646	24.3440802	1.62803711e-06	1.61695854e-06	1.60194101e-06	1.63153859e-06	5.83391856e-10	1.99853537e-07	0	100	0	0	0	3
3305	2082	138.62863	24.3514483	1.62686721e-06	1.61696797e-06	1.60194101e-06	1.63153859e-06	5.83391856e-10	1.99853537e-07	0	100	0	0	0	3
3306	2083	138.670635	24.3588163	1.62644136e-06	1.61699351e-06	1.60194101e-06	1.63153859e-06	5.83391856e-10	1.99853537e-07	0	100	0	0	0	3
3307	2083	138.712663	24.3661844	1.62619685e-06	1.61700273e-06	1.60194101e-06	1.63153859e-06	5.83391856e-10	1.99853537e-07	0	100	0	0	0	3
3308	2084	138.754715	24.3735525	1.62407403e-06	1.61703216e-06	1.60194101e-06	1.63153859e-06	5.83391856e-10	1.99853537e-07	0	100	0	0	0	3
3309	2085	138.796794	24.3809205	1.62375378e-06	1.61705211e-06	1.60194101e-06	1.63153859e-06	5.83391856e-10	1.99853537e-07	0	100	0	0	0	3
3310	2085	138.838901	24.3882886	1.62134536e-06	1.61706617e-06	1.60194101e-06	1.63153859e-06	5.83391856e-10	1.99853537e-07	0	100	0	0	0	3
3311	2086	138.881039	24.3956567	1.62183426e-06	1.61709141e-06	1.60194101e-06	1.63153859e-06	5.83391856e-10	1.99853537e-07	0	100	0	0	0	3
3312	2087	138.923207	24.4030247	1.62023945e-06	1.61709555e-06	1.60194101e-06	1.63153859e-06	5.83391856e-10	1.99853537e-07	0	100	0	0	0	3
3313	2087	138.965409	24.4103928	1.62026271e-06	1.61711854e-06	1.60194101e-06	1.63153859e-06	5.83391856e-10	1.99853537e-07	0	100	0	0	0	3
3314	2088	139	24.4177609	1.61931484e-06	1.61715826e-06	1.60194101e-06	1.63153859e-06	5.83391856e-10	1.99853537e-07	0	100	0	0	0	3
3315	2089	139.042265	24.4251289	1.61759277e-06	1.6171851e-06	1.60194101e-06	1.63153859e-06	5.83391856e-10	1.99853537e-07	0	100	0	0	0	3
3316	2089	139.084566	24.432497	1.61627881e-06	1.61718978e-06	1.60194101e-06	1.63153859e-06	5.83391856e-10	1.99853537e-07	0	100	0	0	0	3
3317	2090	139.126906	24.439865	1.61522431e-06	1.6171923e-06	1.60194101e-06	1.63153859e-06	5.83391856e-10	1.99853537e-07	0	100	0	0	0	3
3318	2091	139.169286	24.4472331	1.61562854e-06	1.61723892e-06	1.60194101e-06	1.63153859e-06	5.83391856e-10	1.99853537e-07	0	100	0	0	0	3
3319	2092	139.211706	24.4546012	1.61299517e-06	1.61723485e-06	1.60194101e-06	1.63153859e-06	5.83391856e-10	1.99853537e-07	0	100	0	0	0	3
3320	2092	139.254167	24.4619692	1.61325255e-06	1.61726083e-06	1.60194101e-06	1.63153859e-06	5.83391856e-10	1.99853537e-07	0	100	0	0	0	3
3321	2093	139.296671	24.4693373	1.61218777e-06	1.61729475e-06	1.60194101e-06	1.63153859e-06	5.83391856e-10	1.99853537e-07	0	100	0	0	0	3
3322	2094	139.339218	24.4767054	1.6105789e-06	1.61732165e-06	1.60194101e-06	1.63153859e-06	5.83391856e-10	1.99853537e-07	0	100	0	0	0	3
3323	2094	139.38181	24.4840734	1.60973203e-06	1.61733399e-06	1.60194101e-06	1.63153859e-06	5.83391856e-10	1.99853537e-07	0	100	0	0	0	3
3324	2095	139.424447	24.4914415	1.60841645e-06	1.61733197e-06	1.60194101e-06	1.63153859e-06	5.83391856e-10	1.99853537e-07	0	100	0	0	0	3
3325	2096	139.46713	24.4988095	1.60882472e-06	1.6173516e-06	1.60194101e-06	1.63153859e-06	5.83391856e-10	1.99853537e-07	0	100	0	0	0	3
3326	2096	139.509859	24.5061776	1.60732161e-06	1.61736504e-06	1.60194101e-06	1.63153859e-06	5.83391856e-10	1.99853537e-07	0	100	0	0	0	3
3327	2097	139.552636	24.5135457	1.60665246e-06	1.61738796e-06	1.60194101e-06	1.63153859e-06	5.83391856e-10	1.99853537e-07	0	100	0	0	0	3
3328	2098	139.595459	24.5209137	1.60606161e-06	1.61738447e-06	1.60194101e-06	1.63153859e-06	5.83391856e-10	1.99853537e-07	0	100	0	0	0	3
3329	2098	139.638331	24.5282818	1.60564183e-06	1.61737355e-06	1.60194101e-06	1.63153859e-06	5.83391856e-10	1.99853537e-07	0	100	0	0	0	3
3330	2099	139.681246	24.5356499	1.60616216e-06	1.61739866e-06	1.60194101e-06	1.63153859e-06	5.83391856e-10	1.99853537e-07	0	100	0	0	0	3
3331	2099	139.724114	24.5430179	1.60605473e-06	1.61742116e-06	1.60194101e-06	1.63153859e-06	5.83391856e-10	1.99853537e-07	0	100	0	0	0	3
3332	2100	139.766935	24.550386	1.6050117e-06	1.6174205e-06	1.60194101e-06	1.63153859e-06	5.83391856e-10	1.99853537e-07	0	100	0	0	0	3
3333	2101	139.809708	24.5577541	1.60524447e-06	1.61746369e-06	1.60194101e-06	1.63153859e-06	5.83391856e-10	1.99853537e-07	0	100	0	0	0	3
3334	2101	139.852435	24.5651221	1.60243754e-06	1.61728938e-06	1.60194101e-06	1.63153859e-06	5.83391856e-10	1.99853537e-07	0	100	0	0	0	3
3335	2102	139.895118	24.5724902	1.60517002e-06	1.61728005e-06	1.60194101e-06	1.63153859e-06	5.66934416e-10	1.99853537e-07	0	100	0	0	0	3
3336	2103	139.937755	24.5798582	1.60622278e-06	1.61734344e-06	1.60243754e-06	1.63153859e-06	5.66934416e-10	1.99853537e-07	0	100	0	0	0	3
3337	2103	139.980349	24.5872263	1.60376014e-06	1.6173071e-06	1.60243754e-06	1.63153859e-06	5.66934416e-10	1.99853537e-07	0	100	0	0	0	3
3338	2104	140	24.5945944	1.60938056e-06	1.61741023e-06	1.60243754e-06	1.63153859e-06	5.66934416e-10	1.99853537e-07	0	100	0	0	0	3
3339	2105	140.042531	24.6019624	1.60620047e-06	1.61741312e-06	1.60243754e-06	1.63153859e-06	5.66934416e-10	1.99853537e-07	0	100	0	0	0	3
3340	2106	140.08502	24.6093305	1.60641288e-06	1.61742607e-06	1.60243754e-06	1.63153859e-06	5.66934416e-10	1.99853537e-07	0	100	0	0	0	3
3341	2106	140.127471	24.6166986	1.60775451e-06	1.61740925e-06	1.60243754e-06	1.63153859e-06	5.66934416e-10	1.99853537e-07	0	100	0	0	0	3
3342	2107	140.169882	24.6240666	1.60579218e-06	1.61733957e-06	1.60243754e-06	1.63153859e-06	5.66934416e-10	1.99853537e-07	0	100	0	0	0	3
3343	2107	140.212256	24.6314347	1.6075354e-06	1.61729763e-06	1.60243754e-06	1.63153859e-06	5.66934416e-10	1.99853537e-07	0	100	0	0	0	3
3344	2108	140.254594	24.6388027	1.61203113e-06	1.61732336e-06	1.60243754e-06	1.63153859e-06	5.66934416e-10	1.99853537e-07	0	100	0	0	0	3
3345	2109	140.296898	24.6461708	1.61147458e-06	1.61732593e-06	1.60243754e-06	1.63153859e-06	5.66934416e-10	1.99853537e-07	0	100	0	0	0	3
3346	2109	140.339167	24.6535389	1.61120926e-06	1.61728225e-06	1.60243754e-06	1.63153859e-06	5.66934416e-10	1.99853537e-07	0	100	0	0	0	3
3347	2110	140.381404	24.6609069	1.61442744e-06	1.61723868e-06	1.60243754e-06	1.63153859e-06	5.66934416e-10	1.99853537e-07	0	100	0	0	0	3
3348	2111	140.42361	24.668275	1.61703481e-06	1.61724317e-06	1.60243754e-06	1.63153859e-06	5.66934416e-10	1.99853537e-07	0	100	0	0	0	3
3349	2111	140.465786	24.6756431	1.6174349e-06	1.61724651e-06	1.60243754e-06	1.63153859e-06	5.66934416e-10	1.99853537e-07	0	100	0	0	0	3
3350	2112	140.507935	24.6830111	1.61750867e-06	1.61724001e-06	1.60243754e-06	1.63153859e-06	5.66934416e-10	1.99853537e-07	0	100	0	0	0	3
3351	2113	140.550057	24.6903792	1.61753667e-06	1.61721056e-06	1.60243754e-06	1.63153859e-06	5.66934416e-10	1.99853537e-07	0	100	0	0	0	3
3352	2113	140.592156	24.6977472	1.61865275e-06	1.61717566e-06	1.60243754e-06	1.63153859e-06	5.66934416e-10	1.99853537e-07	0	100	0	0	0	3
3353	2114	140.634233	24.7051153	1.62207967e-06	1.61713829e-06	1.60243754e-06	1.63153859e-06	5.66934416e-10	1.99853537e-07	0	100	0	0	0	3
3354	2115	140.676289	24.7124834	1.62503255e-06	1.61715588e-06	1.60243754e-06	1.63153859e-06	5.66934416e-10	1.99853537e-07	0	100	0	0	0	3
3355	2115	140.718325	24.7198514	1.62385581e-06	1.61716142e-06	1.60243754e-06	1.63153859e-06	5.66934416e-10	1.99853537e-07	0	100	0	0	0	3
3356	2116	140.760345	24.7272195	1.62341078e-06	1.61714788e-06	1.60243754e-06	1.63153859e-06	5.66934416e-10	1.99853537e-07	0	100	0	0	0	3
3357	2117	140.80235	24.7345876	1.62462307e-06	1.61713318e-06	1.60243754e-06	1.63153859e-06	5.66934416e-10	1.99853537e-07	0	100	0	0	0	3
3358	2117	140.844342	24.7419556	1.62543866e-06	1.61716308e-06	1.60243754e-06	1.63153859e-06	5.66934416e-10	1.99853537e-07	0	100	0	0	0	3
3359	2118	140.886324	24.7493237	1.62616949e-06	1.61716328e-06	1.60243754e-06	1.63153859e-06	5.66934416e-10	1.99853537e-07	0	100	0	0	0	3
3360	2119	140.928298	24.7566918	1.62601211e-06	1.61713315e-06	1.60243754e-06	1.63153859e-06	5.45436343e-10	1.99853537e-07	0	100	0	0	0	3
3361	2119	140.970265	24.7640598	1.62904046e-06	1.61709672e-06	1.60243754e-06	1.63037599e-06	5.4460933e-10	1.99853537e-07	0	100	0	0	0	3
3362	2120	141	24.7714279	1.633174e-06	1.61707292e-06	1.60243754e-06	1.633174e-06	5.4460933e-10	1.99853537e-07	0	100	0	0	0	3
3363	2121	141.04196	24.7787959	1.63059555e-06	1.61708933e-06	1.60243754e-06	1.633174e-06	5.4460933e-10	1.99853537e-07	0	100	0	0	0	3
3364	2121	141.083918	24.786164	1.62925467e-06	1.61709789e-06	1.60243754e-06	1.633174e-06	5.4460933e-10	1.99853537e-07	0	100	0	0	0	3
3365	2122	141.125878	24.7935321	1.6287281e-06	1.61708548e-06	1.60243754e-06	1.633174e-06	5.4460933e-10	1.99853537e-07	0	100	0	0	0	3
3366	2123	141.167841	24.8009001	1.62863118e-06	1.61709471e-06	1.60243754e-06	1.633174e-06	5.4460933e-10	1.99853537e-07	0	100	0	0	0	3
3367	2123	141.209809	24.8082682	1.62945277e-06	1.61709836e-06	1.60243754e-06	1.633174e-06	5.4460933e-10	1.99853537e-07	0	100	0	0	0	3
3368	2124	141.251785	24.8156363	1.62910546e-06	1.61711612e-06	1.60243754e-06	1.633174e-06	5.4460933e-10	1.99853537e-07	0	100	0	0	0	3
3369	2125	141.29377	24.8230043	1.62857088e-06	1.61709993e-06	1.60243754e-06	1.633174e-06	5.4460933e-10	1.99853537e-07	0	100	0	0	0	3
3370	2125	141.335767	24.8303724	1.62881121e-06	1.617099e-06	1.60243754e-06	1.633174e-06	5.22046725e-10	1.99853537e-07	0	100	0	0	0	3
3371	2126	141.377777	24.8377404	1.62807189e-06	1.61706513e-06	1.60243754e-06	1.633174e-06	5.05156314e-10	1.99853537e-07	0	100	0	0	0	3
3372	2127	141.419802	24.8451085	1.63032889e-06	1.61709936e-06	1.60243754e-06	1.633174e-06	4.95724755e-10	1.99853537e-07	0	100	0	0	0	3
3373	2127	141.461844	24.8524766	1.62957037e-06	1.61713967e-06	1.60243754e-06	1.633174e-06	4.70188942e-10	1.99853537e-07	0	100	0	0	0	3
3374	2128	141.503905	24.8598446	1.62771455e-06	1.61715875e-06	1.60243754e-06	1.633174e-06	4.60960904e-10	1.99853537e-07	0	100	0	0	0	3
3375	2129	141.545986	24.8672127	1.62673934e-06	1.61716698e-06	1.60243754e-06	1.633174e-06	4.3153542e-10	1.99853537e-07	0	100	0	0	0	3
3376	2129	141.58809	24.8745808	1.62476201e-06	1.61717733e-06	1.60243754e-06	1.633174e-06	4.11582844e-10	1.99853537e-07	0	100	0	0	0	3
3377	2130	141.63022	24.8819488	1.62494346e-06	1.61719514e-06	1.60243754e-06	1.633174e-06	3.98569092e-10	1.99853537e-07	0	100	0	0	0	3
3378	2131	141.672375	24.8893169	1.62317489e-06	1.61722243e-06	1.60243754e-06	1.633174e-06	3.98569092e-10	1.99853537e-07	0	100	0	0	0	3
3379	2131	141.714558	24.896685	1.62351408e-06	1.61724751e-06	1.60243754e-06	1.633174e-06	3.98569092e-10	1.99853537e-07	0	100	0	0	0	3
3380	2132	141.756771	24.904053	1.62183636e-06	1.61727135e-06	1.60243754e-06	1.633174e-06	3.98569092e-10	1.99853537e-07	0	100	0	0	0	3
3381	2133	141.799016	24.9114211	1.62073803e-06	1.61727848e-06	1.60243754e-06	1.633174e-06	3.98569092e-10	1.99853537e-07	0	100	0	0	0	3
3382	2133	141.841292	24.9187891	1.61967526e-06	1.61728935e-06	1.60243754e-06	1.633174e-06	3.98569092e-10	1.99853537e-07	0	100	0	0	0	3
3383	2134	141.883604	24.9261572	1.6191782e-06	1.61731296e-06	1.60243754e-06	1.633174e-06	3.98569092e-10	1.99853537e-07	0	100	0	0	0	3
3384	2135	141.925951	24.9335253	1.61743841e-06	1.61733023e-06	1.60243754e-06	1.633174e-06	3.98569092e-10	1.99853537e-07	0	100	0	0	0	3
3385	2135	141.968335	24.9408933	1.61647951e-06	1.61734892e-06	1.60243754e-06	1.633174e-06	3.98569092e-10	1.99853537e-07	0	100	0	0	0	3
3386	2136	142	24.9482614	1.61448996e-06	1.61734269e-06	1.60243754e-06	1.633174e-06	3.98569092e-10	1.99853537e-07	0	100	0	0	0	3
3387	2137	142.042453	24.9556295	1.61433051e-06	1.61736267e-06	1.60243754e-06	1.633174e-06	3.98569092e-10	1.99853537e-07	0	100	0	0	0	3
3388	2137	142.084945	24.9629975	1.61500511e-06	1.61738893e-06	1.60243754e-06	1.633174e-06	3.98569092e-10	1.99853537e-07	0	100	0	0	0	3
3389	2138	142.127479	24.9703656	1.6127427e-06	1.61739722e-06	1.60243754e-06	1.633174e-06	3.98569092e-10	1.99853537e-07	0	100	0	0	0	3
3390	2139	142.170055	24.9777336	1.61232765e-06	1.61742345e-06	1.60243754e-06	1.633174e-06	3.98569092e-10	1.99853537e-07	0	100	0	0	0	3
3391	2139	142.212675	24.9851017	1.61090208e-06	1.61744099e-06	1.60243754e-06	1.633174e-06	3.98569092e-10	1.99853537e-07	0	100	0	0	0	3
3392	2140	142.255339	24.9924698	1.60916591e-06	1.6174522e-06	1.60243754e-06	1.633174e-06	3.98569092e-10	1.99853537e-07	0	100	0	0	0	3
3393	2141	142.298048	24.9998378	1.60906626e-06	1.61745576e-06	1.60243754e-06	1.633174e-06	3.98569092e-10	1.99853537e-07	0	100	0	0	0	3
3394	2141	142.340803	25.0072059	1.60823741e-06	1.6174695e-06	1.60243754e-06	1.633174e-06	4.04373539e-10	1.99853537e-07	0	100	0	0	0	3
3395	2142	142.383605	25.014574	1.60773192e-06	1.61748572e-06	1.60243754e-06	1.633174e-06	4.20597126e-10	1.99853537e-07	0	100	0	0	0	3
3396	2143	142.426453	25.021942	1.6062935e-06	1.61748913e-06	1.60243754e-06	1.633174e-06	4.24007132e-10	1.99853537e-07	0	100	0	0	0	3
3397	2143	142.46935	25.0293101	1.6069251e-06	1.61750847e-06	1.60243754e-06	1.633174e-06	4.43346713e-10	1.99853537e-07	0	100	0	0	0	3
3398	2144	142.51224	25.0366781	1.60656304e-06	1.61751465e-06	1.60243754e-06	1.633174e-06	4.49524368e-10	1.99853537e-07	0	100	0	0	0	3
3399	2145	142.555081	25.0440462	1.60495344e-06	1.61749809e-06	1.60243754e-06	1.633174e-06	4.49524368e-10	1.99853537e-07	0	100	0	0	0	3
3400	2145	142.597875	25.0514143	1.60586064e-06	1.61751104e-06	1.60243754e-06	1.633174e-06	4.49524368e-10	1.99853537e-07	0	100	0	0	0	3
3401	2146	142.640621	25.0587823	1.60530522e-06	1.61751208e-06	1.60243754e-06	1.633174e-06	4.49524368e-10	1.99853537e-07	0	100	0	0	0	3
3402	2147	142.68332	25.0661504	1.6038182e-06	1.61753305e-06	1.60376014e-06	1.633174e-06	4.6792324e-10	1.99853537e-07	0	100	0	0	0	3
3403	2148	142.725974	25.0735185	1.60375963e-06	1.61751193e-06	1.60375963e-06	1.633174e-06	4.6792324e-10	1.99853537e-07	0	100	0	0	0	3
3404	2148	142.768582	25.0808865	1.60524822e-06	1.61749737e-06	1.60375963e-06	1.633174e-06	4.6792324e-10	1.99853537e-07	0	100	0	0	0	3
3405	2149	142.811145	25.0882546	1.60528616e-06	1.61752046e-06	1.60375963e-06	1.633174e-06	4.6792324e-10	1.99853537e-07	0	100	0	0	0	3
3406	2149	142.853665	25.0956227	1.60205254e-06	1.61734605e-06	1.60205254e-06	1.633174e-06	4.6792324e-10	1.99853537e-07	0	100	0	0	0	3
3407	2150	142.896142	25.1029907	1.60739411e-06	1.61736403e-06	1.60205254e-06	1.633174e-06	4.6792324e-10	1.99853537e-07	0	100	0	0	0	3
3408	2151	142.938577	25.1103588	1.60740934e-06	1.61737905e-06	1.60205254e-06	1.633174e-06	4.6792324e-10	1.99853537e-07	0	100	0	0	0	3
3409	2151	142.980972	25.1177268	1.60516857e-06	1.61734082e-06	1.60205254e-06	1.633174e-06	4.6792324e-10	1.99853537e-07	0	100	0	0	0	3
3410	2152	143	25.1250949	1.60771869e-06	1.61744919e-06	1.60205254e-06	1.633174e-06	4.6792324e-10	1.99853537e-07	0	100	0	0	0	3
3411	2153	143.042337	25.132463	1.60753396e-06	1.6174493e-06	1.60205254e-06	1.633174e-06	4.6792324e-10	1.99853537e-07	0	100	0	0	0	3
3412	2154	143.084636	25.139831	1.60992324e-06	1.61741787e-06	1.60205254e-06	1.633174e-06	4.6792324e-10	1.99853537e-07	0	100	0	0	0	3
3413	2154	143.126899	25.1471991	1.6094607e-06	1.61738788e-06	1.60205254e-06	1.633174e-06	4.6792324e-10	1.99853537e-07	0	100	0	0	0	3
3414	2155	143.169127	25.1545672	1.60973676e-06	1.617366e-06	1.60205254e-06	1.633174e-06	4.6792324e-10	1.99853537e-07	0	100	0	0	0	3
3415	2156	143.211322	25.1619352	1.61158831e-06	1.61732371e-06	1.60205254e-06	1.633174e-06	4.6792324e-10	1.99853537e-07	0	100	0	0	0	3
3416	2156	143.253484	25.1693033	1.6139447e-06	1.61727767e-06	1.60205254e-06	1.633174e-06	4.6792324e-10	1.99853537e-07	0	100	0	0	0	3
3417	2157	143.295616	25.1766713	1.61723581e-06	1.61727471e-06	1.60205254e-06	1.633174e-06	4.6792324e-10	1.99853537e-07	0	100	0	0	0	3
3418	2158	143.337717	25.1840394	1.61646256e-06	1.61725914e-06	1.60205254e-06	1.633174e-06	4.6792324e-10	1.99853537e-07	0	100	0	0	0	3
3419	2158	143.379791	25.1914075	1.61587752e-06	1.61723446e-06	1.60205254e-06	1.633174e-06	4.6792324e-10	1.99853537e-07	0	100	0	0	0	3
3420	2159	143.421838	25.1987755	1.61734558e-06	1.61721502e-06	1.60205254e-06	1.633174e-06	4.6792324e-10	1.99853537e-07	0	100	0	0	0	3
3421	2160	143.463862	25.2061436	1.61887132e-06	1.61716728e-06	1.60205254e-06	1.633174e-06	4.6792324e-10	1.99853537e-07	0	100	0	0	0	3
3422	2160	143.505863	25.2135117	1.62079235e-06	1.61710418e-06	1.60205254e-06	1.633174e-06	4.6792324e-10	1.99853537e-07	0	100	0	0	0	3
3423	2161	143.547843	25.2208797	1.62463899e-06	1.61711567e-06	1.60205254e-06	1.633174e-06	4.6792324e-10	1.99853537e-07	0	100	0	0	0	3
3424	2162	143.589803	25.2282478	1.62407311e-06	1.61712536e-06	1.60205254e-06	1.633174e-06	4.6792324e-10	1.99853537e-07	0	100	0	0	0	3
3425	2162	143.631746	25.2356158	1.62390335e-06	1.61711452e-06	1.60205254e-06	1.633174e-06	4.6792324e-10	1.99853537e-07	0	100	0	0	0	3
3426	2163	143.673673	25.2429839	1.62411075e-06	1.61709466e-06	1.60205254e-06	1.633174e-06	4.6792324e-10	1.99853537e-07	0	100	0	0	0	3
3427	2163	143.715588	25.250352	1.62499262e-06	1.617077e-06	1.60205254e-06	1.633174e-06	4.6792324e-10	1.99853537e-07	0	100	0	0	0	3
3428	2164	143.757492	25.25772	1.62625906e-06	1.61708044e-06	1.60205254e-06	1.633174e-06	4.6792324e-10	1.99853537e-07	0	100	0	0	0	3
3429	2165	143.799387	25.2650881	1.62568815e-06	1.61703049e-06	1.60205254e-06	1.633174e-06	5.02556229e-10	1.99853537e-07	0	100	0	0	0	3
3430	2165	143.841275	25.2724562	1.62802974e-06	1.61702371e-06	1.60205254e-06	1.63059555e-06	5.09342215e-10	1.99853537e-07	0	100	0	0	0	3
3431	2166	143.883159	25.2798242	1.63134862e-06	1.61703444e-06	1.60205254e-06	1.63134862e-06	5.09342215e-10	1.99853537e-07	0	100	0	0	0	3
3432	2167	143.925038	25.2871923	1.63060555e-06	1.61705402e-06	1.60205254e-06	1.63134862e-06	5.09342215e-10	1.99853537e-07	0	100	0	0	0	3
3433	2167	143.966917	25.2945604	1.62941515e-06	1.61706381e-06	1.60205254e-06	1.63134862e-06	5.09342215e-10	1.99853537e-07	0	100	0	0	0	3
3434	2168	144	25.3019284	1.62884347e-06	1.61703002e-06	1.60205254e-06	1.63134862e-06	5.09342215e-10	1.99853537e-07	0	100	0	0	0	3
3435	2169	144.041882	25.3092965	1.62886674e-06	1.61702098e-06	1.60205254e-06	1.63134862e-06	5.12071408e-10	1.99853537e-07	0	100	0	0	0	3
3436	2169	144.083769	25.3166645	1.62908397e-06	1.61702028e-06	1.60205254e-06	1.63134862e-06	5.12768568e-10	1.99853537e-07	0	100	0	0	0	3
3437	2170	144.125663	25.3240326	1.62879789e-06	1.61702327e-06	1.60205254e-06	1.63134862e-06	5.12768568e-10	1.99853537e-07	0	100	0	0	0	3
3438	2171	144.167566	25.3314007	1.62807678e-06	1.61701201e-06	1.60205254e-06	1.63134862e-06	5.21039513e-10	1.99853537e-07	0	100	0	0	0	3
3439	2171	144.20948	25.3387687	1.62875665e-06	1.61702177e-06	1.60205254e-06	1.63134862e-06	5.21039513e-10	1.99853537e-07	0	100	0	0	0	3
3440	2172	144.251408	25.3461368	1.62822891e-06	1.61699022e-06	1.60205254e-06	1.63134862e-06	5.42832465e-10	1.99853537e-07	0	100	0	0	0	3
3441	2173	144.29335	25.3535049	1.63103437e-06	1.61701146e-06	1.60205254e-06	1.63134862e-06	5.42832465e-10	1.99853537e-07	0	100	0	0	0	3
3442	2173	144.335308	25.3608729	1.62978121e-06	1.6170417e-06	1.60205254e-06	1.63134862e-06	5.42832465e-10	1.99853537e-07	0	100	0	0	0	3
3443	2174	144.377285	25.368241	1.62750221e-06	1.61705265e-06	1.60205254e-06	1.63134862e-06	5.42832465e-10	1.99853537e-07	0	100	0	0	0	3
3444	2175	144.419282	25.375609	1.62556963e-06	1.61706434e-06	1.60205254e-06	1.63134862e-06	5.42832465e-10	1.99853537e-07	0	100	0	0	0	3
3445	2175	144.461302	25.3829771	1.62628264e-06	1.61708391e-06	1.60205254e-06	1.63134862e-06	5.42832465e-10	1.99853537e-07	0	100	0	0	0	3
3446	2176	144.503345	25.3903452	1.62550159e-06	1.61711823e-06	1.60205254e-06	1.63134862e-06	5.42832465e-10	1.99853537e-07	0	100	0	0	0	3
3447	2177	144.545415	25.3977132	1.62451593e-06	1.61713286e-06	1.60205254e-06	1.63134862e-06	5.42832465e-10	1.99853537e-07	0	100	0	0	0	3
3448	2177	144.587512	25.4050813	1.62110118e-06	1.61712173e-06	1.60205254e-06	1.63134862e-06	5.42832465e-10	1.99853537e-07	0	100	0	0	0	3
3449	2178	144.629639	25.4124494	1.62262289e-06	1.61714963e-06	1.60205254e-06	1.63134862e-06	5.42832465e-10	1.99853537e-07	0	100	0	0	0	3
3450	2179	144.671797	25.4198174	1.62092546e-06	1.61716815e-06	1.60205254e-06	1.63134862e-06	5.42832465e-10	1.99853537e-07	0	100	0	0	0	3
3451	2179	144.713987	25.4271855	1.61985382e-06	1.61717813e-06	1.60205254e-06	1.63134862e-06	5.42832465e-10	1.99853537e-07	0	100	0	0	0	3
3452	2180	144.756211	25.4345536	1.619685e-06	1.61721164e-06	1.60205254e-06	1.63134862e-06	5.42832465e-10	1.99853537e-07	0	100	0	0	0	3
3453	2181	144.79847	25.4419216	1.61803691e-06	1.61723492e-06	1.60205254e-06	1.63134862e-06	5.42832465e-10	1.99853537e-07	0	100	0	0	0	3
3454	2182	144.840765	25.4492897	1.61648273e-06	1.61725432e-06	1.60205254e-06	1.63134862e-06	5.42832465e-10	1.99853537e-07	0	100	0	0	0	3
3455	2182	144.883099	25.4566577	1.61537285e-06	1.61726998e-06	1.60205254e-06	1.63134862e-06	5.42832465e-10	1.99853537e-07	0	100	0	0	0	3
3456	2183	144.925473	25.4640258	1.6144162e-06	1.61726129e-06	1.60205254e-06	1.63134862e-06	5.42832465e-10	1.99853537e-07	0	100	0	0	0	3
3457	2184	144.967886	25.4713939	1.61380292e-06	1.61727731e-06	1.60205254e-06	1.63134862e-06	5.42832465e-10	1.99853537e-07	0	100	0	0	0	3
3458	2184	145	25.4787619	1.61429873e-06	1.61731798e-06	1.60205254e-06	1.63134862e-06	5.42832465e-10	1.99853537e-07	0	100	0	0	0	3
3459	2185	145.042487	25.48613	1.61117186e-06	1.61732233e-06	1.60205254e-06	1.63134862e-06	5.42832465e-10	1.99853537e-07	0	100	0	0	0	3
3460	2186	145.085017	25.4934981	1.61150523e-06	1.61735787e-06	1.60205254e-06	1.63134862e-06	5.42832465e-10	1.99853537e-07	0	100	0	0	0	3
3461	2186	145.127591	25.5008661	1.61059899e-06	1.61738133e-06	1.60205254e-06	1.63134862e-06	5.42832465e-10	1.99853537e-07	0	100	0	0	0	3
3462	2187	145.17021	25.5082342	1.60915907e-06	1.61739565e-06	1.60205254e-06	1.63134862e-06	5.42832465e-10	1.99853537e-07	0	100	0	0	0	3
3463	2188	145.212875	25.5156022	1.6085082e-06	1.61740783e-06	1.60205254e-06	1.63134862e-06	5.42832465e-10	1.99853537e-07	0	100	0	0	0	3
3464	2188	145.255586	25.5229703	1.60749983e-06	1.61742658e-06	1.60205254e-06	1.63134862e-06	5.42832465e-10	1.99853537e-07	0	100	0	0	0	3
3465	2189	145.298344	25.5303384	1.60711934e-06	1.61743003e-06	1.60205254e-06	1.63134862e-06	5.42832465e-10	1.99853537e-07	0	100	0	0	0	3
3466	2190	145.341148	25.5377064	1.60611757e-06	1.61742362e-06	1.60205254e-06	1.63134862e-06	5.42832465e-10	1.99853537e-07	0	100	0	0	0	3
3467	2190	145.384001	25.5450745	1.60642021e-06	1.61744579e-06	1.60205254e-06	1.63134862e-06	5.42832465e-10	1.99853537e-07	0	100	0	0	0	3
3468	2191	145.426902	25.5524426	1.60706181e-06	1.61746356e-06	1.60205254e-06	1.63134862e-06	5.42832465e-10	1.99853537e-07	0	100	0	0	0	3
3469	2192	145.469788	25.5598106	1.60483416e-06	1.61745582e-06	1.60205254e-06	1.63134862e-06	5.42832465e-10	1.99853537e-07	0	100	0	0	0	3
3470	2192	145.512627	25.5671787	1.60387511e-06	1.61745601e-06	1.60205254e-06	1.63134862e-06	5.30248426e-10	1.99853537e-07	0	100	0	0	0	3
3471	2193	145.555419	25.5745467	1.60561372e-06	1.61748338e-06	1.60205254e-06	1.63134862e-06	5.30248426e-10	1.99853537e-07	0	100	0	0	0	3
3472	2194	145.598164	25.5819148	1.60439676e-06	1.61746992e-06	1.60205254e-06	1.63134862e-06	5.30248426e-10	1.99853537e-07	0	100	0	0	0	3
3473	2194	145.640864	25.5892829	1.60506849e-06	1.61746605e-06	1.60205254e-06	1.63134862e-06	4.9316378e-10	1.99853537e-07	0	100	0	0	0	3
3474	2195	145.683518	25.5966509	1.60521513e-06	1.61751299e-06	1.60387511e-06	1.63134862e-06	5.22771067e-10	1.99853537e-07	0	100	0	0	0	3
3475	2196	145.726128	25.604019	1.60433387e-06	1.61746643e-06	1.60387511e-06	1.63134862e-06	5.22771067e-10	1.99853537e-07	0	100	0	0	0	3
3476	2196	145.768696	25.6113871	1.60613791e-06	1.61744684e-06	1.60387511e-06	1.63134862e-06	5.22771067e-10	1.99853537e-07	0	100	0	0	0	3
3477	2197	145.811221	25.6187551	1.60692679e-06	1.61747269e-06	1.60387511e-06	1.63134862e-06	5.22771067e-10	1.99853537e-07	0	100	0	0	0	3
3478	2198	145.853705	25.6261232	1.60559772e-06	1.61736095e-06	1.60387511e-06	1.63134862e-06	5.22771067e-10	1.99853537e-07	0	100	0	0	0	3
3479	2199	145.896149	25.6334913	1.60717133e-06	1.61735518e-06	1.60387511e-06	1.63134862e-06	5.22771067e-10	1.99853537e-07	0	100	0	0	0	3
3480	2199	145.938555	25.6408593	1.60851398e-06	1.61733396e-06	1.60387511e-06	1.63134862e-06	5.22771067e-10	1.99853537e-07	0	100	0	0	0	3
3481	2200	145.980924	25.6482274	1.61026961e-06	1.61734568e-06	1.60387511e-06	1.63134862e-06	5.22771067e-10	1.99853537e-07	0	100	0	0	0	3
3482	2201	146	25.6555954	1.61175385e-06	1.6174215e-06	1.60387511e-06	1.63134862e-06	5.22771067e-10	1.99853537e-07	0	100	0	0	0	3
3483	2201	146.042316	25.6629635	1.61024651e-06	1.61740119e-06	1.60387511e-06	1.63134862e-06	5.22771067e-10	1.99853537e-07	0	100	0	0	0	3
3484	2202	146.084598	25.6703316	1.61098994e-06	1.61735692e-06	1.60387511e-06	1.63134862e-06	5.22771067e-10	1.99853537e-07	0	100	0	0	0	3
3485	2203	146.126847	25.6776996	1.61476892e-06	1.6173201e-06	1.60387511e-06	1.63134862e-06	5.22771067e-10	1.99853537e-07	0	100	0	0	0	3
3486	2203	146.169065	25.6850677	1.61736838e-06	1.61733357e-06	1.60387511e-06	1.63134862e-06	5.22771067e-10	1.99853537e-07	0	100	0	0	0	3
3487	2204	146.211251	25.6924358	1.61581609e-06	1.6173326e-06	1.60387511e-06	1.63134862e-06	5.22771067e-10	1.99853537e-07	0	100	0	0	0	3
3488	2205	146.25341	25.6998038	1.61647218e-06	1.6173196e-06	1.60387511e-06	1.63134862e-06	5.22771067e-10	1.99853537e-07	0	100	0	0	0	3
3489	2205	146.295542	25.7071719	1.61729434e-06	1.61729619e-06	1.60387511e-06	1.63134862e-06	5.22771067e-10	1.99853537e-07	0	100	0	0	0	3
3490	2206	146.337649	25.7145399	1.61881258e-06	1.61726689e-06	1.60387511e-06	1.63134862e-06	5.22771067e-10	1.99853537e-07	0	100	0	0	0	3
3491	2207	146.379734	25.721908	1.62087566e-06	1.61721123e-06	1.60387511e-06	1.63134862e-06	5.22771067e-10	1.99853537e-07	0	100	0	0	0	3
3492	2207	146.421797	25.7292761	1.62474487e-06	1.61722146e-06	1.60387511e-06	1.63134862e-06	5.22771067e-10	1.99853537e-07	0	100	0	0	0	3
3493	2208	146.463841	25.7366441	1.62349258e-06	1.6172156e-06	1.60387511e-06	1.63134862e-06	5.22771067e-10	1.99853537e-07	0	100	0	0	0	3
3494	2209	146.505866	25.7440122	1.62397211e-06	1.61721378e-06	1.60387511e-06	1.63134862e-06	5.22771067e-10	1.99853537e-07	0	100	0	0	0	3
3495	2209	146.547876	25.7513803	1.62414615e-06	1.61720149e-06	1.60387511e-06	1.63134862e-06	5.22771067e-10	1.99853537e-07	0	100	0	0	0	3
3496	2210	146.589873	25.7587483	1.62501616e-06	1.61718335e-06	1.60387511e-06	1.63134862e-06	5.22771067e-10	1.99853537e-07	0	100	0	0	0	3
3497	2211	146.631858	25.7661164	1.62584065e-06	1.61718589e-06	1.60387511e-06	1.63134862e-06	5.22771067e-10	1.99853537e-07	0	100	0	0	0	3
3498	2211	146.673834	25.7734844	1.62674348e-06	1.61716716e-06	1.60387511e-06	1.63134862e-06	5.22771067e-10	1.99853537e-07	0	100	0	0	0	3
3499	2212	146.715804	25.7808525	1.62793161e-06	1.61711696e-06	1.60387511e-06	1.63103437e-06	5.22771067e-10	1.99853537e-07	0	100	0	0	0	3
3500	2213	146.757767	25.7882206	1.63147393e-06	1.61713023e-06	1.60387511e-06	1.63147393e-06	5.22771067e-10	1.99853537e-07	0	100	0	0	0	3
3501	2213	146.799727	25.7955886	1.63078057e-06	1.61715081e-06	1.60387511e-06	1.63147393e-06	5.22771067e-10	1.99853537e-07	0	100	0	0	0	3
3502	2214	146.841685	25.8029567	1.62928206e-06	1.6171938e-06	1.60387511e-06	1.63147393e-06	5.22771067e-10	1.99853537e-07	0	100	0	0	0	3
3503	2215	146.883644	25.8103248	1.62859574e-06	1.61719011e-06	1.60387511e-06	1.63147393e-06	5.22771067e-10	1.99853537e-07	0	100	0	0	0	3
3504	2215	146.925606	25.8176928	1.63049704e-06	1.61721129e-06	1.60387511e-06	1.63147393e-06	5.22771067e-10	1.99853537e-07	0	100	0	0	0	3
3505	2216	146.967573	25.8250609	1.62864409e-06	1.61720932e-06	1.60387511e-06	1.63147393e-06	5.22771067e-10	1.99853537e-07	0	100	0	0	0	3
3506	2217	147	25.832429	1.62873079e-06	1.61718045e-06	1.60387511e-06	1.63147393e-06	5.22771067e-10	1.99853537e-07	0	100	0	0	0	3
3507	2218	147.041982	25.839797	1.62824715e-06	1.61717317e-06	1.60387511e-06	1.63147393e-06	5.22771067e-10	1.99853537e-07	0	100	0	0	0	3
3508	2218	147.083974	25.8471651	1.62901296e-06	1.61718505e-06	1.60387511e-06	1.63147393e-06	5.01527407e-10	1.99853537e-07	0	100	0	0	0	3
3509	2219	147.125979	25.8545331	1.62849615e-06	1.61714771e-06	1.60387511e-06	1.63147393e-06	4.71287898e-10	1.99853537e-07	0	100	0	0	0	3
3510	2220	147.167999	25.8619012	1.63143487e-06	1.61717252e-06	1.60387511e-06	1.63147393e-06	4.60336695e-10	1.99853537e-07	0	100	0	0	0	3
3511	2220	147.210034	25.8692693	1.62816013e-06	1.6171825e-06	1.60387511e-06	1.63147393e-06	4.48648764e-10	1.99853537e-07	0	100	0	0	0	3
3512	2221	147.252088	25.8766373	1.62871621e-06	1.61722938e-06	1.60387511e-06	1.63147393e-06	4.29076684e-10	1.99853537e-07	0	100	0	0	0	3
3513	2222	147.294162	25.8840054	1.62559089e-06	1.61721928e-06	1.60387511e-06	1.63147393e-06	3.96024429e-10	1.99853537e-07	0	100	0	0	0	3
3514	2222	147.336259	25.8913735	1.62671464e-06	1.61723746e-06	1.60387511e-06	1.63147393e-06	3.96024429e-10	1.99853537e-07	0	100	0	0	0	3
3515	2223	147.378379	25.8987415	1.62571311e-06	1.61725539e-06	1.60387511e-06	1.63147393e-06	3.96024429e-10	1.99853537e-07	0	100	0	0	0	3
3516	2224	147.420525	25.9061096	1.62385554e-06	1.61729643e-06	1.60387511e-06	1.63147393e-06	3.96024429e-10	1.99853537e-07	0	100	0	0	0	3
3517	2224	147.462698	25.9134776	1.62169162e-06	1.61728265e-06	1.60387511e-06	1.63147393e-06	3.96024429e-10	1.99853537e-07	0	100	0	0	0	3
3518	2225	147.504901	25.9208457	1.62304879e-06	1.61731434e-06	1.60387511e-06	1.63147393e-06	3.96024429e-10	1.99853537e-07	0	100	0	0	0	3
3519	2226	147.547135	25.9282138	1.6208448e-06	1.61732915e-06	1.60387511e-06	1.63147393e-06	3.96024429e-10	1.99853537e-07	0	100	0	0	0	3
3520	2226	147.5894	25.9355818	1.62069736e-06	1.61734429e-06	1.60387511e-06	1.63147393e-06	3.96024429e-10	1.99853537e-07	0	100	0	0	0	3
3521	2227	147.6317	25.9429499	1.61841576e-06	1.61734996e-06	1.60387511e-06	1.63147393e-06	3.96024429e-10	1.99853537e-07	0	100	0	0	0	3
3522	2228	147.674035	25.950318	1.61910882e-06	1.61738918e-06	1.60387511e-06	1.63147393e-06	3.96024429e-10	1.99853537e-07	0	100	0	0	0	3
3523	2228	147.716406	25.957686	1.6164957e-06	1.61740595e-06	1.60387511e-06	1.63147393e-06	3.96024429e-10	1.99853537e-07	0	100	0	0	0	3
3524	2229	147.758815	25.9650541	1.61503352e-06	1.61741515e-06	1.60387511e-06	1.63147393e-06	3.96024429e-10	1.99853537e-07	0	100	0	0	0	3
3525	2230	147.801265	25.9724222	1.61527607e-06	1.61743717e-06	1.60387511e-06	1.63147393e-06	3.96024429e-10	1.99853537e-07	0	100	0	0	0	3
3526	2230	147.843753	25.9797902	1.61369501e-06	1.6174167e-06	1.60387511e-06	1.63147393e-06	3.96024429e-10	1.99853537e-07	0	100	0	0	0	3
3527	2231	147.886284	25.9871583	1.61288985e-06	1.6174423e-06	1.60387511e-06	1.63147393e-06	3.96024429e-10	1.99853537e-07	0	100	0	0	0	3
3528	2232	147.928857	25.9945263	1.61225267e-06	1.6174534e-06	1.60387511e-06	1.63147393e-06	3.96024429e-10	1.99853537e-07	0	100	0	0	0	3
3529	2233	147.971473	26.0018944	1.611289e-06	1.61746364e-06	1.60387511e-06	1.63147393e-06	3.96024429e-10	1.99853537e-07	0	100	0	0	0	3
3530	2233	148	26.0092625	1.61033029e-06	1.6175168e-06	1.60387511e-06	1.63147393e-06	3.99839485e-10	1.99853537e-07	0	100	0	0	0	3
3531	2234	148.042691	26.0166305	1.60865207e-06	1.61751889e-06	1.60387511e-06	1.63147393e-06	4.01927978e-10	1.99853537e-07	0	100	0	0	0	3
3532	2235	148.085427	26.0239986	1.6093225e-06	1.61754633e-06	1.60387511e-06	1.63147393e-06	4.29365351e-10	1.99853537e-07	0	100	0	0	0	3
3533	2235	148.12821	26.0313667	1.60750259e-06	1.61755203e-06	1.60387511e-06	1.63147393e-06	4.35067562e-10	1.99853537e-07	0	100	0	0	0	3
3534	2236	148.171039	26.0387347	1.60649175e-06	1.61755759e-06	1.60387511e-06	1.63147393e-06	4.40631709e-10	1.99853537e-07	0	100	0	0	0	3
3535	2237	148.213916	26.0461028	1.60671444e-06	1.61756196e-06	1.60387511e-06	1.63147393e-06	4.44995607e-10	1.99853537e-07	0	100	0	0	0	3
3536	2237	148.256825	26.0534708	1.60681748e-06	1.61755822e-06	1.60387511e-06	1.63147393e-06	4.44995607e-10	1.99853537e-07	0	100	0	0	0	3
3537	2238	148.299686	26.0608389	1.60541823e-06	1.61756718e-06	1.60387511e-06	1.63147393e-06	4.50216206e-10	1.99853537e-07	0	100	0	0	0	3
3538	2239	148.3425	26.068207	1.60530805e-06	1.61758898e-06	1.60433387e-06	1.63147393e-06	4.72017389e-10	1.99853537e-07	0	100	0	0	0	3
3539	2239	148.385265	26.075575	1.60479455e-06	1.61757671e-06	1.60433387e-06	1.63147393e-06	4.72017389e-10	1.99853537e-07	0	100	0	0	0	3
3540	2240	148.427984	26.0829431	1.60506345e-06	1.6175869e-06	1.60433387e-06	1.63147393e-06	4.72017389e-10	1.99853537e-07	0	100	0	0	0	3
3541	2241	148.470656	26.0903112	1.60489422e-06	1.6175844e-06	1.60433387e-06	1.63147393e-06	4.72017389e-10	1.99853537e-07	0	100	0	0	0	3
3542	2241	148.513282	26.0976792	1.60379761e-06	1.61756317e-06	1.60379761e-06	1.63147393e-06	4.72017389e-10	1.99853537e-07	0	100	0	0	0	3
3543	2242	148.555864	26.1050473	1.60474816e-06	1.61756953e-06	1.60379761e-06	1.63147393e-06	4.72017389e-10	1.99853537e-07	0	100	0	0	0	3
3544	2243	148.598401	26.1124153	1.60586392e-06	1.61756554e-06	1.60379761e-06	1.63147393e-06	4.72017389e-10	1.99853537e-07	0	100	0	0	0	3
3545	2243	148.640895	26.1197834	1.60562484e-06	1.6175461e-06	1.60379761e-06	1.63147393e-06	4.72017389e-10	1.99853537e-07	0	100	0	0	0	3
3546	2244	148.683347	26.1271515	1.60560382e-06	1.61754633e-06	1.60379761e-06	1.63147393e-06	4.72017389e-10	1.99853537e-07	0	100	0	0	0	3
3547	2245	148.725758	26.1345195	1.60464265e-06	1.61750855e-06	1.60379761e-06	1.63147393e-06	4.72017389e-10	1.99853537e-07	0	100	0	0	0	3
3548	2245	148.768129	26.1418876	1.60862195e-06	1.61751028e-06	1.60379761e-06	1.63147393e-06	4.72017389e-10	1.99853537e-07	0	100	0	0	0	3
3549	2246	148.810461	26.1492557	1.60874511e-06	1.61748757e-06	1.60379761e-06	1.63147393e-06	4.72017389e-10	1.99853537e-07	0	100	0	0	0	3
3550	2247	148.852756	26.1566237	1.60841319e-06	1.61739137e-06	1.60379761e-06	1.63147393e-06	4.72017389e-10	1.99853537e-07	0	100	0	0	0	3
3551	2247	148.895014	26.1639918	1.60880587e-06	1.61737017e-06	1.60379761e-06	1.63147393e-06	4.72017389e-10	1.99853537e-07	0	100	0	0	0	3
3552	2248	148.937238	26.1713599	1.61074622e-06	1.6173667e-06	1.60379761e-06	1.63147393e-06	4.72017389e-10	1.99853537e-07	0	100	0	0	0	3
3553	2249	148.979429	26.1787279	1.61188686e-06	1.61732412e-06	1.60379761e-06	1.63147393e-06	4.72017389e-10	1.99853537e-07	0	100	0	0	0	3
3554	2249	149	26.186096	1.61683909e-06	1.61731994e-06	1.60379761e-06	1.63147393e-06	4.72017389e-10	1.99853537e-07	0	100	0	0	0	3
3555	2250	149.042142	26.193464	1.61696228e-06	1.61733702e-06	1.60379761e-06	1.63147393e-06	4.72017389e-10	1.99853537e-07	0	100	0	0	0	3
3556	2251	149.084253	26.2008321	1.61500548e-06	1.61731522e-06	1.60379761e-06	1.63147393e-06	4.72017389e-10	1.99853537e-07	0	100	0	0	0	3
3557	2251	149.126336	26.2082002	1.61528112e-06	1.61728529e-06	1.60379761e-06	1.63147393e-06	4.72017389e-10	1.99853537e-07	0	100	0	0	0	3
3558	2252	149.168392	26.2155682	1.61807463e-06	1.6172743e-06	1.60379761e-06	1.63147393e-06	4.72017389e-10	1.99853537e-07	0	100	0	0	0	3
3559	2253	149.210424	26.2229363	1.61868564e-06	1.61724172e-06	1.60379761e-06	1.63147393e-06	4.72017389e-10	1.99853537e-07	0	100	0	0	0	3
3560	2253	149.252432	26.2303044	1.61805957e-06	1.61714236e-06	1.60379761e-06	1.63147393e-06	4.72017389e-10	1.99853537e-07	0	100	0	0	0	3
3561	2254	149.29442	26.2376724	1.62235721e-06	1.61712539e-06	1.60379761e-06	1.63147393e-06	4.72017389e-10	1.99853537e-07	0	100	0	0	0	3
3562	2255	149.336388	26.2450405	1.62483939e-06	1.61713811e-06	1.60379761e-06	1.63147393e-06	4.72017389e-10	1.99853537e-07	0	100	0	0	0	3
3563	2255	149.378337	26.2524085	1.62434877e-06	1.61714096e-06	1.60379761e-06	1.63147393e-06	4.72017389e-10	1.99853537e-07	0	100	0	0	0	3
3564	2256	149.42027	26.2597766	1.62395083e-06	1.617125e-06	1.60379761e-06	1.63147393e-06	4.72017389e-10	1.99853537e-07	0	100	0	0	0	3
3565	2257	149.46219	26.2671447	1.62462833e-06	1.61710684e-06	1.60379761e-06	1.63147393e-06	4.82137303e-10	1.99853537e-07	0	100	0	0	0	3
3566	2257	149.504098	26.2745127	1.62495827e-06	1.61708018e-06	1.60379761e-06	1.63147393e-06	5.08803171e-10	1.99853537e-07	0	100	0	0	0	3
3567	2258	149.545996	26.2818808	1.62642172e-06	1.61705755e-06	1.60379761e-06	1.63147393e-06	5.31426586e-10	1.99853537e-07	0	100	0	0	0	3
3568	2259	149.587887	26.2892489	1.62825777e-06	1.61700958e-06	1.60379761e-06	1.63143487e-06	5.79402339e-10	1.99853537e-07	0	100	0	0	0	3
3569	2259	149.629772	26.2966169	1.63116529e-06	1.61701491e-06	1.60379761e-06	1.63143487e-06	5.79402339e-10	1.99853537e-07	0	100	0	0	0	3
3570	2260	149.671653	26.303985	1.63079621e-06	1.61703698e-06	1.60379761e-06	1.63143487e-06	5.79402339e-10	1.99853537e-07	0	100	0	0	0	3
3571	2261	149.713531	26.3113531	1.62914508e-06	1.61704478e-06	1.60379761e-06	1.63143487e-06	5.79402339e-10	1.99853537e-07	0	100	0	0	0	3
3572	2261	149.75541	26.3187211	1.62805483e-06	1.61700824e-06	1.60379761e-06	1.63143487e-06	5.80737333e-10	1.99853537e-07	0	100	0	0	0	3
3573	2262	149.797292	26.3260892	1.62903274e-06	1.61701364e-06	1.60379761e-06	1.63143487e-06	5.80737333e-10	1.99853537e-07	0	100	0	0	0	3
3574	2263	149.839178	26.3334572	1.6296077e-06	1.61706562e-06	1.60379761e-06	1.63143487e-06	5.80737333e-10	1.99853537e-07	0	100	0	0	0	3
3575	2263	149.881071	26.3408253	1.62798827e-06	1.61706145e-06	1.60379761e-06	1.63143487e-06	5.80737333e-10	1.99853537e-07	0	100	0	0	0	3
3576	2264	149.922972	26.3481934	1.62913319e-06	1.61706284e-06	1.60379761e-06	1.63143487e-06	5.80737333e-10	1.99853537e-07	0	100	0	0	0	3
3577	2265	149.964885	26.3555614	1.6286204e-06	1.6170643e-06	1.60379761e-06	1.63143487e-06	5.80737333e-10	1.99853537e-07	0	100	0	0	0	3
3578	2265	150	26.3629295	1.62925662e-06	1.61700226e-06	1.60379761e-06	1.63116529e-06	5.86720977e-10	1.99853537e-07	0	100	0	0	0	3
3579	2266	150.041937	26.3702976	1.63014539e-06	1.61703127e-06	1.60379761e-06	1.63116529e-06	5.86720977e-10	1.99853537e-07	0	100	0	0	0	3
3580	2267	150.08389	26.3776656	1.62963952e-06	1.61704453e-06	1.60379761e-06	1.63116529e-06	5.86720977e-10	1.99853537e-07	0	100	0	0	0	3
3581	2267	150.12586	26.3850337	1.62745543e-06	1.61707186e-06	1.60379761e-06	1.63116529e-06	5.86720977e-10	1.99853537e-07	0	100	0	0	0	3
3582	2268	150.167851	26.3924017	1.62769038e-06	1.61708596e-06	1.60379761e-06	1.63116529e-06	5.86720977e-10	1.99853537e-07	0	100	0	0	0	3
3583	2269	150.209863	26.3997698	1.62587214e-06	1.61708799e-06	1.60379761e-06	1.63116529e-06	5.86720977e-10	1.99853537e-07	0	100	0	0	0	3
3584	2269	150.251899	26.4071379	1.62533787e-06	1.61710974e-06	1.60379761e-06	1.63116529e-06	5.86720977e-10	1.99853537e-07	0	100	0	0	0	3
3585	2270	150.29396	26.4145059	1.62430034e-06	1.61714831e-06	1.60379761e-06	1.63116529e-06	5.86720977e-10	1.99853537e-07	0	100	0	0	0	3
3586	2271	150.336048	26.421874	1.62271433e-06	1.6171431e-06	1.60379761e-06	1.63116529e-06	5.86720977e-10	1.99853537e-07	0	100	0	0	0	3
3587	2271	150.378165	26.4292421	1.62270417e-06	1.61717061e-06	1.60379761e-06	1.63116529e-06	5.86720977e-10	1.99853537e-07	0	100	0	0	0	3
3588	2272	150.420313	26.4366101	1.62177176e-06	1.61718646e-06	1.60379761e-06	1.63116529e-06	5.86720977e-10	1.99853537e-07	0	100	0	0	0	3
3589	2273	150.462492	26.4439782	1.61948306e-06	1.61720231e-06	1.60379761e-06	1.63116529e-06	5.86720977e-10	1.99853537e-07	0	100	0	0	0	3
3590	2273	150.504705	26.4513462	1.61985472e-06	1.61721335e-06	1.60379761e-06	1.63116529e-06	5.86720977e-10	1.99853537e-07	0	100	0	0	0	3
3591	2274	150.546953	26.4587143	1.61852021e-06	1.6172436e-06	1.60379761e-06	1.63116529e-06	5.86720977e-10	1.99853537e-07	0	100	0	0	0	3
3592	2275	150.589236	26.4660824	1.61744207e-06	1.61727968e-06	1.60379761e-06	1.63116529e-06	5.86720977e-10	1.99853537e-07	0	100	0	0	0	3
3593	2275	150.631558	26.4734504	1.61505096e-06	1.6172764e-06	1.60379761e-06	1.63116529e-06	5.86720977e-10	1.99853537e-07	0	100	0	0	0	3
3594	2276	150.673918	26.4808185	1.6145833e-06	1.61728986e-06	1.60379761e-06	1.63116529e-06	5.86720977e-10	1.99853537e-07	0	100	0	0	0	3
3595	2277	150.716319	26.4881866	1.61512458e-06	1.61732354e-06	1.60379761e-06	1.63116529e-06	5.86720977e-10	1.99853537e-07	0	100	0	0	0	3
3596	2278	150.75876	26.4955546	1.61302824e-06	1.61733541e-06	1.60379761e-06	1.63116529e-06	5.86720977e-10	1.99853537e-07	0	100	0	0	0	3
3597	2278	150.801244	26.5029227	1.61239194e-06	1.61735225e-06	1.60379761e-06	1.63116529e-06	5.86720977e-10	1.99853537e-07	0	100	0	0	0	3
3598	2279	150.84377	26.5102908	1.61150302e-06	1.61733522e-06	1.60379761e-06	1.63116529e-06	5.86720977e-10	1.99853537e-07	0	100	0	0	0	3
3599	2280	150.886341	26.5176588	1.61071361e-06	1.61736645e-06	1.60379761e-06	1.63116529e-06	5.86720977e-10	1.99853537e-07	0	100	0	0	0	3
3600	2280	150.928956	26.5250269	1.60862374e-06	1.61735632e-06	1.60379761e-06	1.63116529e-06	5.86720977e-10	1.99853537e-07	0	100	0	0	0	3
3601	2281	150.971617	26.5323949	1.60872108e-06	1.61737502e-06	1.60379761e-06	1.63116529e-06	5.86720977e-10	1.99853537e-07	0	100	0	0	0	3
3602	2282	151	26.539763	1.60906591e-06	1.61745643e-06	1.60379761e-06	1.63116529e-06	5.86720977e-10	1.99853537e-07	0	100	0	0	0	3
3603	2282	151.042738	26.5471311	1.6066633e-06	1.61745618e-06	1.60379761e-06	1.63116529e-06	5.86720977e-10	1.99853537e-07	0	100	0	0	0	3
3604	2283	151.085523	26.5544991	1.60607724e-06	1.61744545e-06	1.60379761e-06	1.63116529e-06	5.86720977e-10	1.99853537e-07	0	100	0	0	0	3
3605	2284	151.128356	26.5618672	1.60697728e-06	1.61746918e-06	1.60379761e-06	1.63116529e-06	5.86720977e-10	1.99853537e-07	0	100	0	0	0	3
3606	2284	151.171237	26.5692353	1.6063209e-06	1.61748425e-06	1.60379761e-06	1.63116529e-06	5.84641826e-10	1.99853537e-07	0	100	0	0	0	3
3607	2285	151.214142	26.5766033	1.60657929e-06	1.61751069e-06	1.60379761e-06	1.63116529e-06	5.84641826e-10	1.99853537e-07	0	100	0	0	0	3
3608	2286	151.257	26.5839714	1.60540654e-06	1.61751527e-06	1.60379761e-06	1.63116529e-06	5.82136014e-10	1.99853537e-07	0	100	0	0	0	3
3609	2286	151.29981	26.5913394	1.60457205e-06	1.61750978e-06	1.60379761e-06	1.63116529e-06	5.67275338e-10	1.99853537e-07	0	100	0	0	0	3
3610	2287	151.342574	26.5987075	1.60485871e-06	1.61752515e-06	1.60457205e-06	1.63116529e-06	5.67275338e-10	1.99853537e-07	0	100	0	0	0	3
3611	2288	151.385292	26.6060756	1.60368924e-06	1.61750855e-06	1.60368924e-06	1.63116529e-06	5.6327845e-10	1.99853537e-07	0	100	0	0	0	3
3612	2288	151.427965	26.6134436	1.60578817e-06	1.61750685e-06	1.60368924e-06	1.63116529e-06	5.44070416e-10	1.99853537e-07	0	100	0	0	0	3
3613	2289	151.470593	26.6208117	1.60585757e-06	1.61750979e-06	1.60368924e-06	1.63116529e-06	5.44070416e-10	1.99853537e-07	0	100	0	0	0	3
3614	2290	151.513177	26.6281798	1.60304923e-06	1.61747079e-06	1.60304923e-06	1.63116529e-06	5.22894163e-10	1.99853537e-07	0	100	0	0	0	3
3615	2290	151.55572	26.6355478	1.60631613e-06	1.61749535e-06	1.60304923e-06	1.63116529e-06	5.22894163e-10	1.99853537e-07	0	100	0	0	0	3
3616	2291	151.598221	26.6429159	1.60561748e-06	1.61744982e-06	1.60304923e-06	1.63116529e-06	5.22894163e-10	1.99853537e-07	0	100	0	0	0	3
3617	2292	151.640682	26.6502839	1.60684294e-06	1.61742089e-06	1.60304923e-06	1.63116529e-06	5.22894163e-10	1.99853537e-07	0	100	0	0	0	3
3618	2292	151.683104	26.657652	1.61020239e-06	1.6174473e-06	1.60304923e-06	1.63116529e-06	5.22894163e-10	1.99853537e-07	0	100	0	0	0	3
3619	2293	151.725487	26.6650201	1.60888864e-06	1.61744816e-06	1.60304923e-06	1.63116529e-06	5.22894163e-10	1.99853537e-07	0	100	0	0	0	3
3620	2294	151.767834	26.6723881	1.60936608e-06	1.61742722e-06	1.60304923e-06	1.63116529e-06	5.22894163e-10	1.99853537e-07	0	100	0	0	0	3
3621	2295	151.810146	26.6797562	1.61089667e-06	1.61741218e-06	1.60304923e-06	1.63116529e-06	5.22894163e-10	1.99853537e-07	0	100	0	0	0	3
3622	2295	151.852424	26.6871243	1.61127768e-06	1.61732539e-06	1.60304923e-06	1.63116529e-06	5.22894163e-10	1.99853537e-07	0	100	0	0	0	3
3623	2296	151.894669	26.6944923	1.61471226e-06	1.61729206e-06	1.60304923e-06	1.63116529e-06	5.22894163e-10	1.99853537e-07	0	100	0	0	0	3
3624	2297	151.936883	26.7018604	1.61721772e-06	1.61732471e-06	1.60304923e-06	1.63116529e-06	5.22894163e-10	1.99853537e-07	0	100	0	0	0	3
3625	2297	151.979066	26.7092285	1.61601368e-06	1.61733547e-06	1.60304923e-06	1.63116529e-06	5.22894163e-10	1.99853537e-07	0	100	0	0	0	3
3626	2298	152	26.7165965	1.61697504e-06	1.61732183e-06	1.60304923e-06	1.63116529e-06	5.22894163e-10	1.99853537e-07	0	100	0	0	0	3
3627	2299	152.042142	26.7239646	1.61752859e-06	1.61730466e-06	1.60304923e-06	1.63116529e-06	5.22894163e-10	1.99853537e-07	0	100	0	0	0	3
3628	2299	152.084258	26.7313326	1.61727964e-06	1.61729309e-06	1.60304923e-06	1.63116529e-06	5.22894163e-10	1.99853537e-07	0	100	0	0	0	3
3629	2300	152.126352	26.7387007	1.61995748e-06	1.61725761e-06	1.60304923e-06	1.63116529e-06	5.22894163e-10	1.99853537e-07	0	100	0	0	0	3
3630	2301	152.168423	26.7460688	1.62149897e-06	1.61720827e-06	1.60304923e-06	1.63116529e-06	5.22894163e-10	1.99853537e-07	0	100	0	0	0	3
3631	2301	152.210474	26.7534368	1.6252408e-06	1.61722177e-06	1.60304923e-06	1.63116529e-06	5.22894163e-10	1.99853537e-07	0	100	0	0	0	3
3632	2302	152.252506	26.7608049	1.62441007e-06	1.61722882e-06	1.60304923e-06	1.63116529e-06	5.22894163e-10	1.99853537e-07	0	100	0	0	0	3
3633	2303	152.294522	26.768173	1.6241908e-06	1.61722258e-06	1.60304923e-06	1.63116529e-06	5.22894163e-10	1.99853537e-07	0	100	0	0	0	3
3634	2303	152.336524	26.775541	1.62427335e-06	1.61721268e-06	1.60304923e-06	1.63116529e-06	5.22894163e-10	1.99853537e-07	0	100	0	0	0	3
3635	2304	152.378514	26.7829091	1.62520055e-06	1.61719487e-06	1.60304923e-06	1.63116529e-06	5.22894163e-10	1.99853537e-07	0	100	0	0	0	3
3636	2305	152.420494	26.7902771	1.62661813e-06	1.61717092e-06	1.60304923e-06	1.63116529e-06	5.22894163e-10	1.99853537e-07	0	100	0	0	0	3
3637	2305	152.462466	26.7976452	1.62796877e-06	1.61712399e-06	1.60304923e-06	1.63079621e-06	5.22894163e-10	1.99853537e-07	0	100	0	0	0	3
3638	2306	152.504431	26.8050133	1.63100452e-06	1.61712749e-06	1.60304923e-06	1.63100452e-06	5.22894163e-10	1.99853537e-07	0	100	0	0	0	3
3639	2307	152.546392	26.8123813	1.63054368e-06	1.61714855e-06	1.60304923e-06	1.63100452e-06	5.22894163e-10	1.99853537e-07	0	100	0	0	0	3
3640	2307	152.588351	26.8197494	1.62884497e-06	1.61716056e-06	1.60304923e-06	1.63100452e-06	5.22894163e-10	1.99853537e-07	0	100	0	0	0	3
3641	2308	152.63031	26.8271175	1.62878934e-06	1.61715728e-06	1.60304923e-06	1.63100452e-06	5.22894163e-10	1.99853537e-07	0	100	0	0	0	3
3642	2308	152.67227	26.8344855	1.62932686e-06	1.61715345e-06	1.60304923e-06	1.63100452e-06	5.22894163e-10	1.99853537e-07	0	100	0	0	0	3
3643	2309	152.714236	26.8418536	1.62977006e-06	1.61718012e-06	1.60304923e-06	1.63100452e-06	5.22894163e-10	1.99853537e-07	0	100	0	0	0	3
3644	2310	152.756207	26.8492217	1.62845885e-06	1.61717042e-06	1.60304923e-06	1.63100452e-06	5.22894163e-10	1.99853537e-07	0	100	0	0	0	3
3645	2310	152.798188	26.8565897	1.62936789e-06	1.61718177e-06	1.60304923e-06	1.63100452e-06	5.22894163e-10	1.99853537e-07	0	100	0	0	0	3
3646	2311	152.840179	26.8639578	1.62861532e-06	1.61720152e-06	1.60304923e-06	1.63100452e-06	4.93882261e-10	1.99853537e-07	0	100	0	0	0	3
3647	2312	152.882182	26.8713258	1.62881205e-06	1.61718211e-06	1.60304923e-06	1.63100452e-06	4.80621014e-10	1.99853537e-07	0	100	0	0	0	3
3648	2313	152.9242	26.8786939	1.63078062e-06	1.61719927e-06	1.60304923e-06	1.63100452e-06	4.53298392e-10	1.99853537e-07	0	100	0	0	0	3
3649	2313	152.966233	26.886062	1.62977062e-06	1.61723376e-06	1.60304923e-06	1.63100452e-06	4.3919046e-10	1.99853537e-07	0	100	0	0	0	3
3650	2314	153	26.89343	1.62823055e-06	1.61720984e-06	1.60304923e-06	1.63100452e-06	4.37160385e-10	1.99853537e-07	0	100	0	0	0	3
3651	2315	153.042067	26.9007981	1.62578608e-06	1.61720873e-06	1.60304923e-06	1.63100452e-06	4.15416183e-10	1.99853537e-07	0	100	0	0	0	3
3652	2315	153.084156	26.9081662	1.62581854e-06	1.61721602e-06	1.60304923e-06	1.63100452e-06	4.01165343e-10	1.99853537e-07	0	100	0	0	0	3
3653	2316	153.126269	26.9155342	1.6259357e-06	1.61724047e-06	1.60304923e-06	1.63100452e-06	4.01165343e-10	1.99853537e-07	0	100	0	0	0	3
3654	2317	153.168406	26.9229023	1.62536466e-06	1.61727999e-06	1.60304923e-06	1.63100452e-06	4.01165343e-10	1.99853537e-07	0	100	0	0	0	3
3655	2317	153.21057	26.9302703	1.62248453e-06	1.61727681e-06	1.60304923e-06	1.63100452e-06	4.01165343e-10	1.99853537e-07	0	100	0	0	0	3
3656	2318	153.252763	26.9376384	1.62241159e-06	1.61728642e-06	1.60304923e-06	1.63100452e-06	4.01165343e-10	1.99853537e-07	0	100	0	0	0	3
3657	2319	153.294986	26.9450065	1.62068774e-06	1.61730441e-06	1.60304923e-06	1.63100452e-06	4.01165343e-10	1.99853537e-07	0	100	0	0	0	3
3658	2319	153.337241	26.9523745	1.62022622e-06	1.61730999e-06	1.60304923e-06	1.63100452e-06	4.01165343e-10	1.99853537e-07	0	100	0	0	0	3
3659	2320	153.37953	26.9597426	1.62020338e-06	1.61733513e-06	1.60304923e-06	1.63100452e-06	4.01165343e-10	1.99853537e-07	0	100	0	0	0	3
3660	2321	153.421853	26.9671107	1.61913923e-06	1.61736049e-06	1.60304923e-06	1.63100452e-06	4.01165343e-10	1.99853537e-07	0	100	0	0	0	3
3661	2322	153.464212	26.9744787	1.61542092e-06	1.61736599e-06	1.60304923e-06	1.63100452e-06	4.01165343e-10	1.99853537e-07	0	100	0	0	0	3
3662	2322	153.506609	26.9818468	1.61603614e-06	1.6173877e-06	1.60304923e-06	1.63100452e-06	4.01165343e-10	1.99853537e-07	0	100	0	0	0	3
3663	2323	153.549045	26.9892148	1.61522954e-06	1.61738925e-06	1.60304923e-06	1.63100452e-06	4.01165343e-10	1.99853537e-07	0	100	0	0	0	3
3664	2324	153.591521	26.9965829	1.61465184e-06	1.61741354e-06	1.60304923e-06	1.63100452e-06	4.01165343e-10	1.99853537e-07	0	100	0	0	0	3
3665	2324	153.634038	27.003951	1.6134704e-06	1.61742967e-06	1.60304923e-06	1.63100452e-06	4.01165343e-10	1.99853537e-07	0	100	0	0	0	3
3666	2325	153.676597	27.011319	1.61217485e-06	1.61743969e-06	1.60304923e-06	1.63100452e-06	4.01165343e-10	1.99853537e-07	0	100	0	0	0	3
3667	2326	153.719199	27.0186871	1.61163087e-06	1.61745341e-06	1.60304923e-06	1.63100452e-06	4.01165343e-10	1.99853537e-07	0	100	0	0	0	3
3668	2326	153.761844	27.0260552	1.60989722e-06	1.61747249e-06	1.60304923e-06	1.63100452e-06	4.01165343e-10	1.99853537e-07	0	100	0	0	0	3
3669	2327	153.804535	27.0334232	1.6102276e-06	1.6174951e-06	1.60304923e-06	1.63100452e-06	4.01165343e-10	1.99853537e-07	0	100	0	0	0	3
3670	2328	153.84727	27.0407913	1.60711236e-06	1.61742329e-06	1.60304923e-06	1.63100452e-06	4.01165343e-10	1.99853537e-07	0	100	0	0	0	3
3671	2328	153.890053	27.0481594	1.60844407e-06	1.61744987e-06	1.60304923e-06	1.63100452e-06	4.01165343e-10	1.99853537e-07	0	100	0	0	0	3
3672	2329	153.932882	27.0555274	1.60695681e-06	1.61746293e-06	1.60304923e-06	1.63100452e-06	4.01165343e-10	1.99853537e-07	0	100	0	0	0	3
3673	2330	153.975759	27.0628955	1.60561403e-06	1.61744224e-06	1.60304923e-06	1.63100452e-06	4.01165343e-10	1.99853537e-07	0	100	0	0	0	3
3674	2330	154	27.0702635	1.60840653e-06	1.6175334e-06	1.60304923e-06	1.63100452e-06	4.09406961e-10	1.99853537e-07	0	100	0	0	0	3
3675	2331	154.042882	27.0776316	1.60571192e-06	1.61752034e-06	1.60304923e-06	1.63100452e-06	4.09406961e-10	1.99853537e-07	0	100	0	0	0	3
3676	2332	154.085716	27.0849997	1.60611576e-06	1.61753118e-06	1.60304923e-06	1.63100452e-06	4.09406961e-10	1.99853537e-07	0	100	0	0	0	3
3677	2332	154.128502	27.0923677	1.60506348e-06	1.61753872e-06	1.60304923e-06	1.63100452e-06	4.1473657e-10	1.99853537e-07	0	100	0	0	0	3
3678	2333	154.171241	27.0997358	1.60470374e-06	1.61753649e-06	1.60304923e-06	1.63100452e-06	4.1473657e-10	1.99853537e-07	0	100	0	0	0	3
3679	2334	154.213933	27.1071039	1.60486879e-06	1.61755442e-06	1.60304923e-06	1.63100452e-06	4.30433993e-10	1.99853537e-07	0	100	0	0	0	3
3680	2334	154.256579	27.1144719	1.60242087e-06	1.61750377e-06	1.60242087e-06	1.63100452e-06	4.30433993e-10	1.99853537e-07	0	100	0	0	0	3
3681	2335	154.299181	27.12184	1.60507953e-06	1.61749216e-06	1.60242087e-06	1.63100452e-06	4.30433993e-10	1.99853537e-07	0	100	0	0	0	3
3682	2336	154.341738	27.129208	1.60617451e-06	1.61753932e-06	1.60242087e-06	1.63100452e-06	4.30433993e-10	1.99853537e-07	0	100	0	0	0	3
3683	2336	154.384251	27.1365761	1.60256616e-06	1.61748307e-06	1.60242087e-06	1.63100452e-06	4.30433993e-10	1.99853537e-07	0	100	0	0	0	3
3684	2337	154.426723	27.1439442	1.60692967e-06	1.6175029e-06	1.60242087e-06	1.63100452e-06	4.30433993e-10	1.99853537e-07	0	100	0	0	0	3
3685	2338	154.469152	27.1513122	1.60702388e-06	1.61750573e-06	1.60242087e-06	1.63100452e-06	4.30433993e-10	1.99853537e-07	0	100	0	0	0	3
3686	2338	154.511541	27.1586803	1.60513046e-06	1.61742981e-06	1.60242087e-06	1.63100452e-06	4.30433993e-10	1.99853537e-07	0	100	0	0	0	3
3687	2339	154.553891	27.1660484	1.60828276e-06	1.61742084e-06	1.60242087e-06	1.63100452e-06	4.30433993e-10	1.99853537e-07	0	100	0	0	0	3
3688	2340	154.596202	27.1734164	1.60918999e-06	1.6174183e-06	1.60242087e-06	1.63100452e-06	4.30433993e-10	1.99853537e-07	0	100	0	0	0	3
3689	2340	154.638477	27.1807845	1.60879006e-06	1.6173869e-06	1.60242087e-06	1.63100452e-06	4.30433993e-10	1.99853537e-07	0	100	0	0	0	3
3690	2341	154.680716	27.1881525	1.61110985e-06	1.61738448e-06	1.60242087e-06	1.63100452e-06	4.30433993e-10	1.99853537e-07	0	100	0	0	0	3
3691	2342	154.722922	27.1955206	1.61117663e-06	1.61733175e-06	1.60242087e-06	1.63100452e-06	4.30433993e-10	1.99853537e-07	0	100	0	0	0	3
3692	2342	154.765095	27.2028887	1.61356574e-06	1.6172773e-06	1.60242087e-06	1.63100452e-06	4.30433993e-10	1.99853537e-07	0	100	0	0	0	3
3693	2343	154.807236	27.2102567	1.61606941e-06	1.61727815e-06	1.60242087e-06	1.63100452e-06	4.30433993e-10	1.99853537e-07	0	100	0	0	0	3
3694	2344	154.849346	27.2176248	1.61603232e-06	1.61726196e-06	1.60242087e-06	1.63100452e-06	4.30433993e-10	1.99853537e-07	0	100	0	0	0	3
3695	2344	154.891428	27.2249929	1.61630238e-06	1.61724385e-06	1.60242087e-06	1.63100452e-06	4.30433993e-10	1.99853537e-07	0	100	0	0	0	3
3696	2345	154.933484	27.2323609	1.61671875e-06	1.61723557e-06	1.60242087e-06	1.63100452e-06	4.30433993e-10	1.99853537e-07	0	100	0	0	0	3
3697	2346	154.975514	27.239729	1.61871014e-06	1.61721711e-06	1.60242087e-06	1.63100452e-06	4.30433993e-10	1.99853537e-07	0	100	0	0	0	3
3698	2346	155	27.2470971	1.62364732e-06	1.61720909e-06	1.60242087e-06	1.63100452e-06	4.30433993e-10	1.99853537e-07	0	100	0	0	0	3
3699	2347	155.041994	27.2544651	1.6219735e-06	1.61716047e-06	1.60242087e-06	1.63100452e-06	4.30433993e-10	1.99853537e-07	0	100	0	0	0	3
3700	2348	155.083967	27.2618332	1.62243497e-06	1.61713104e-06	1.60242087e-06	1.63100452e-06	4.30433993e-10	1.99853537e-07	0	100	0	0	0	3
3701	2349	155.125922	27.2692012	1.62346292e-06	1.6171201e-06	1.60242087e-06	1.63100452e-06	4.34317235e-10	1.99853537e-07	0	100	0	0	0	3
3702	2349	155.16786	27.2765693	1.62357715e-06	1.61710963e-06	1.60242087e-06	1.63100452e-06	4.44789665e-10	1.99853537e-07	0	100	0	0	0	3
3703	2350	155.209784	27.2839374	1.62462448e-06	1.61710091e-06	1.60242087e-06	1.63100452e-06	4.53507949e-10	1.99853537e-07	0	100	0	0	0	3
3704	2351	155.251696	27.2913054	1.62476671e-06	1.61707328e-06	1.60242087e-06	1.63100452e-06	4.81144721e-10	1.99853537e-07	0	100	0	0	0	3
3705	2351	155.293598	27.2986735	1.62634883e-06	1.61704903e-06	1.60242087e-06	1.63100452e-06	5.05391825e-10	1.99853537e-07	0	100	0	0	0	3
3706	2352	155.335491	27.3060416	1.62770883e-06	1.6169999e-06	1.60242087e-06	1.63078062e-06	5.54517229e-10	1.99853537e-07	0	100	0	0	0	3
3707	2353	155.377378	27.3134096	1.63146065e-06	1.61701312e-06	1.60242087e-06	1.63146065e-06	5.54517229e-10	1.99853537e-07	0	100	0	0	0	3
3708	2353	155.419259	27.3207777	1.63010375e-06	1.61703142e-06	1.60242087e-06	1.63146065e-06	5.54517229e-10	1.99853537e-07	0	100	0	0	0	3
3709	2354	155.461138	27.3281457	1.62851823e-06	1.61702708e-06	1.60242087e-06	1.63146065e-06	5.54517229e-10	1.99853537e-07	0	100	0	0	0	3
3710	2355	155.503017	27.3355138	1.62880121e-06	1.61701894e-06	1.60242087e-06	1.63146065e-06	5.54517229e-10	1.99853537e-07	0	100	0	0	0	3
3711	2355	155.544897	27.3428819	1.62925317e-06	1.61701091e-06	1.60242087e-06	1.63146065e-06	5.54517229e-10	1.99853537e-07	0	100	0	0	0	3
3712	2356	155.586782	27.3502499	1.63028696e-06	1.61703761e-06	1.60242087e-06	1.63146065e-06	5.54517229e-10	1.99853537e-07	0	100	0	0	0	3
3713	2357	155.628672	27.357618	1.62863804e-06	1.61702641e-06	1.60242087e-06	1.63146065e-06	5.54517229e-10	1.99853537e-07	0	100	0	0	0	3
3714	2357	155.67057	27.3649861	1.62863063e-06	1.61702626e-06	1.60242087e-06	1.63146065e-06	5.54517229e-10	1.99853537e-07	0	100	0	0	0	3
3715	2358	155.712478	27.3723541	1.62756132e-06	1.61700735e-06	1.60242087e-06	1.63146065e-06	5.54517229e-10	1.99853537e-07	0	100	0	0	0	3
3716	2359	155.754399	27.3797222	1.62936906e-06	1.61698597e-06	1.60242087e-06	1.63146065e-06	5.6845621e-10	1.99853537e-07	0	100	0	0	0	3
3717	2359	155.796333	27.3870903	1.63095095e-06	1.61700301e-06	1.60242087e-06	1.63146065e-06	5.6845621e-10	1.99853537e-07	0	100	0	0	0	3
3718	2360	155.838283	27.3944583	1.62998266e-06	1.61706127e-06	1.60242087e-06	1.63146065e-06	5.6845621e-10	1.99853537e-07	0	100	0	0	0	3
3719	2361	155.88025	27.4018264	1.62675025e-06	1.61707522e-06	1.60242087e-06	1.63146065e-06	5.6845621e-10	1.99853537e-07	0	100	0	0	0	3
3720	2361	155.922237	27.4091944	1.62729034e-06	1.61709668e-06	1.60242087e-06	1.63146065e-06	5.6845621e-10	1.99853537e-07	0	100	0	0	0	3
3721	2362	155.964244	27.4165625	1.62626385e-06	1.61710121e-06	1.60242087e-06	1.63146065e-06	5.6845621e-10	1.99853537e-07	0	100	0	0	0	3
3722	2363	156	27.4239306	1.62650487e-06	1.61709699e-06	1.60242087e-06	1.63146065e-06	5.6845621e-10	1.99853537e-07	0	100	0	0	0	3
3723	2363	156.042052	27.4312986	1.62324092e-06	1.61710801e-06	1.60242087e-06	1.63146065e-06	5.6845621e-10	1.99853537e-07	0	100	0	0	0	3
3724	2364	156.084131	27.4386667	1.62433055e-06	1.61713631e-06	1.60242087e-06	1.63146065e-06	5.6845621e-10	1.99853537e-07	0	100	0	0	0	3
3725	2365	156.126238	27.4460348	1.62218126e-06	1.61715838e-06	1.60242087e-06	1.63146065e-06	5.6845621e-10	1.99853537e-07	0	100	0	0	0	3
3726	2365	156.168375	27.4534028	1.62134294e-06	1.61717487e-06	1.60242087e-06	1.63146065e-06	5.6845621e-10	1.99853537e-07	0	100	0	0	0	3
3727	2366	156.210544	27.4607709	1.62147543e-06	1.61719369e-06	1.60242087e-06	1.63146065e-06	5.6845621e-10	1.99853537e-07	0	100	0	0	0	3
3728	2367	156.252745	27.4681389	1.61939365e-06	1.6171974e-06	1.60242087e-06	1.63146065e-06	5.6845621e-10	1.99853537e-07	0	100	0	0	0	3
3729	2368	156.294981	27.475507	1.61846162e-06	1.61724285e-06	1.60242087e-06	1.63146065e-06	5.6845621e-10	1.99853537e-07	0	100	0	0	0	3
3730	2368	156.337253	27.4828751	1.61747892e-06	1.61726445e-06	1.60242087e-06	1.63146065e-06	5.6845621e-10	1.99853537e-07	0	100	0	0	0	3
3731	2369	156.379562	27.4902431	1.61669127e-06	1.61728639e-06	1.60242087e-06	1.63146065e-06	5.6845621e-10	1.99853537e-07	0	100	0	0	0	3
3732	2370	156.421909	27.4976112	1.61506951e-06	1.61729275e-06	1.60242087e-06	1.63146065e-06	5.6845621e-10	1.99853537e-07	0	100	0	0	0	3
3733	2370	156.464296	27.5049793	1.61527082e-06	1.61731989e-06	1.60242087e-06	1.63146065e-06	5.6845621e-10	1.99853537e-07	0	100	0	0	0	3
3734	2371	156.506723	27.5123473	1.61320496e-06	1.61733558e-06	1.60242087e-06	1.63146065e-06	5.6845621e-10	1.99853537e-07	0	100	0	0	0	3
3735	2372	156.549193	27.5197154	1.61338141e-06	1.61736211e-06	1.60242087e-06	1.63146065e-06	5.6845621e-10	1.99853537e-07	0	100	0	0	0	3
3736	2372	156.591705	27.5270834	1.61116493e-06	1.61738151e-06	1.60242087e-06	1.63146065e-06	5.6845621e-10	1.99853537e-07	0	100	0	0	0	3
3737	2373	156.634261	27.5344515	1.61038695e-06	1.61738425e-06	1.60242087e-06	1.63146065e-06	5.6845621e-10	1.99853537e-07	0	100	0	0	0	3
3738	2374	156.676861	27.5418196	1.60973236e-06	1.61742418e-06	1.60242087e-06	1.63146065e-06	5.6845621e-10	1.99853537e-07	0	100	0	0	0	3
3739	2375	156.719506	27.5491876	1.60920923e-06	1.61743615e-06	1.60242087e-06	1.63146065e-06	5.6845621e-10	1.99853537e-07	0	100	0	0	0	3
3740	2375	156.762198	27.5565557	1.60759892e-06	1.61744635e-06	1.60242087e-06	1.63146065e-06	5.6845621e-10	1.99853537e-07	0	100	0	0	0	3
3741	2376	156.804936	27.5639238	1.60737274e-06	1.61747349e-06	1.60242087e-06	1.63146065e-06	5.6845621e-10	1.99853537e-07	0	100	0	0	0	3
3742	2377	156.847722	27.5712918	1.60698306e-06	1.61739306e-06	1.60242087e-06	1.63146065e-06	5.6845621e-10	1.99853537e-07	0	100	0	0	0	3
3743	2377	156.890554	27.5786599	1.60566263e-06	1.61739253e-06	1.60242087e-06	1.63146065e-06	5.6845621e-10	1.99853537e-07	0	100	0	0	0	3
3744	2378	156.933435	27.586028	1.60627094e-06	1.61739468e-06	1.60242087e-06	1.63146065e-06	5.6845621e-10	1.99853537e-07	0	100	0	0	0	3
3745	2379	156.976341	27.593396	1.60713728e-06	1.6174254e-06	1.60242087e-06	1.63146065e-06	5.6845621e-10	1.99853537e-07	0	100	0	0	0	3
3746	2379	157	27.6007641	1.60477027e-06	1.61751176e-06	1.60242087e-06	1.63146065e-06	5.6845621e-10	1.99853537e-07	0	100	0	0	0	3
3747	2380	157.042832	27.6081321	1.60396388e-06	1.61749744e-06	1.60242087e-06	1.63146065e-06	5.5335151e-10	1.99853537e-07	0	100	0	0	0	3
3748	2381	157.085617	27.6155002	1.60624689e-06	1.61755456e-06	1.60256616e-06	1.63146065e-06	5.68598384e-10	1.99853537e-07	0	100	0	0	0	3
3749	2381	157.128355	27.6228683	1.60369988e-06	1.61753312e-06	1.60256616e-06	1.63146065e-06	5.68598384e-10	1.99853537e-07	0	100	0	0	0	3
3750	2382	157.171048	27.6302363	1.605122e-06	1.61751669e-06	1.60256616e-06	1.63146065e-06	5.68598384e-10	1.99853537e-07	0	100	0	0	0	3
3751	2383	157.213696	27.6376044	1.60537826e-06	1.61755837e-06	1.60369988e-06	1.63146065e-06	5.72402261e-10	1.99853537e-07	0	100	0	0	0	3
3752	2383	157.256299	27.6449725	1.6039712e-06	1.61751333e-06	1.60369988e-06	1.63146065e-06	5.72402261e-10	1.99853537e-07	0	100	0	0	0	3
3753	2384	157.298861	27.6523405	1.60517179e-06	1.61748498e-06	1.60369988e-06	1.63146065e-06	5.72402261e-10	1.99853537e-07	0	100	0	0	0	3
3754	2385	157.34138	27.6597086	1.60707409e-06	1.61751361e-06	1.60369988e-06	1.63146065e-06	5.72402261e-10	1.99853537e-07	0	100	0	0	0	3
3755	2385	157.383859	27.6670766	1.60675007e-06	1.61749019e-06	1.60369988e-06	1.63146065e-06	5.72402261e-10	1.99853537e-07	0	100	0	0	0	3
3756	2386	157.426297	27.6744447	1.60720016e-06	1.61745998e-06	1.60369988e-06	1.63146065e-06	5.72402261e-10	1.99853537e-07	0	100	0	0	0	3
3757	2387	157.468698	27.6818128	1.60735418e-06	1.61743808e-06	1.60369988e-06	1.63146065e-06	5.72402261e-10	1.99853537e-07	0	100	0	0	0	3
3758	2387	157.511062	27.6891808	1.61058311e-06	1.61742992e-06	1.60369988e-06	1.63146065e-06	5.72402261e-10	1.99853537e-07	0	100	0	0	0	3
3759	2388	157.55339	27.6965489	1.61170179e-06	1.6174375e-06	1.60369988e-06	1.63146065e-06	5.72402261e-10	1.99853537e-07	0	100	0	0	0	3
3760	2389	157.595682	27.703917	1.61144426e-06	1.61740564e-06	1.60369988e-06	1.63146065e-06	5.72402261e-10	1.99853537e-07	0	100	0	0	0	3
3761	2389	157.637942	27.711285	1.61202793e-06	1.61734525e-06	1.60369988e-06	1.63146065e-06	5.72402261e-10	1.99853537e-07	0	100	0	0	0	3
3762	2390	157.68017	27.7186531	1.61411662e-06	1.61731661e-06	1.60369988e-06	1.63146065e-06	5.72402261e-10	1.99853537e-07	0	100	0	0	0	3
3763	2391	157.722368	27.7260212	1.61747314e-06	1.61733402e-06	1.60369988e-06	1.63146065e-06	5.72402261e-10	1.99853537e-07	0	100	0	0	0	3
3764	2391	157.764536	27.7333892	1.61715379e-06	1.61734048e-06	1.60369988e-06	1.63146065e-06	5.72402261e-10	1.99853537e-07	0	100	0	0	0	3
3765	2392	157.806677	27.7407573	1.6171283e-06	1.61731699e-06	1.60369988e-06	1.63146065e-06	5.72402261e-10	1.99853537e-07	0	100	0	0	0	3
3766	2393	157.848792	27.7481253	1.61748389e-06	1.61726505e-06	1.60369988e-06	1.63146065e-06	5.72402261e-10	1.99853537e-07	0	100	0	0	0	3
3767	2393	157.890885	27.7554934	1.61924718e-06	1.61722493e-06	1.60369988e-06	1.63146065e-06	5.72402261e-10	1.99853537e-07	0	100	0	0	0	3
3768	2394	157.932955	27.7628615	1.62241547e-06	1.61722482e-06	1.60369988e-06	1.63146065e-06	5.72402261e-10	1.99853537e-07	0	100	0	0	0	3
3769	2395	157.975006	27.7702295	1.6255382e-06	1.61725566e-06	1.60369988e-06	1.63146065e-06	5.72402261e-10	1.99853537e-07	0	100	0	0	0	3
3770	2395	158	27.7775976	1.62484235e-06	1.617229e-06	1.60369988e-06	1.63146065e-06	5.72402261e-10	1.99853537e-07	0	100	0	0	0	3
3771	2396	158.042022	27.7849657	1.62315315e-06	1.61720743e-06	1.60369988e-06	1.63146065e-06	5.72402261e-10	1.99853537e-07	0	100	0	0	0	3
3772	2397	158.084028	27.7923337	1.62394284e-06	1.61719546e-06	1.60369988e-06	1.63146065e-06	5.72402261e-10	1.99853537e-07	0	100	0	0	0	3
3773	2398	158.126022	27.7997018	1.6255942e-06	1.61718457e-06	1.60369988e-06	1.63146065e-06	5.72402261e-10	1.99853537e-07	0	100	0	0	0	3
3774	2398	158.168006	27.8070698	1.62648269e-06	1.61716673e-06	1.60369988e-06	1.63146065e-06	5.72402261e-10	1.99853537e-07	0	100	0	0	0	3
3775	2399	158.20998	27.8144379	1.62614715e-06	1.61708844e-06	1.60369988e-06	1.63095095e-06	5.72402261e-10	1.99853537e-07	0	100	0	0	0	3
3776	2400	158.251948	27.821806	1.62806575e-06	1.61705864e-06	1.60369988e-06	1.63095095e-06	5.72402261e-10	1.99853537e-07	0	100	0	0	0	3
3777	2400	158.293912	27.829174	1.63179685e-06	1.61710755e-06	1.60369988e-06	1.63179685e-06	5.72402261e-10	1.99853537e-07	0	100	0	0	0	3
3778	2401	158.335872	27.8365421	1.63052807e-06	1.61713347e-06	1.60369988e-06	1.63179685e-06	5.72402261e-10	1.99853537e-07	0	100	0	0	0	3
3779	2401	158.377831	27.8439102	1.6295905e-06	1.6171388e-06	1.60369988e-06	1.63179685e-06	5.72402261e-10	1.99853537e-07	0	100	0	0	0	3
3780	2402	158.41979	27.8512782	1.62816412e-06	1.61710771e-06	1.60369988e-06	1.63179685e-06	5.72402261e-10	1.99853537e-07	0	100	0	0	0	3
3781	2403	158.461755	27.8586463	1.62890075e-06	1.6171119e-06	1.60369988e-06	1.63179685e-06	5.72402261e-10	1.99853537e-07	0	100	0	0	0	3
3782	2403	158.503724	27.8660143	1.62933904e-06	1.61712268e-06	1.60369988e-06	1.63179685e-06	5.72402261e-10	1.99853537e-07	0	100	0	0	0	3
3783	2404	158.545702	27.8733824	1.62921124e-06	1.61714739e-06	1.60369988e-06	1.63179685e-06	5.72402261e-10	1.99853537e-07	0	100	0	0	0	3
3784	2405	158.587689	27.8807505	1.62791439e-06	1.61712611e-06	1.60369988e-06	1.63179685e-06	5.55361045e-10	1.99853537e-07	0	100	0	0	0	3
3785	2406	158.629689	27.8881185	1.63055545e-06	1.61712057e-06	1.60369988e-06	1.63179685e-06	4.99726771e-10	1.99853537e-07	0	100	0	0	0	3
3786	2406	158.671701	27.8954866	1.62859511e-06	1.61710028e-06	1.60369988e-06	1.63179685e-06	4.99726771e-10	1.99853537e-07	0	100	0	0	0	3
3787	2407	158.713729	27.9028547	1.62993879e-06	1.61714778e-06	1.60369988e-06	1.63179685e-06	4.99726771e-10	1.99853537e-07	0	100	0	0	0	3
3788	2408	158.755774	27.9102227	1.62877144e-06	1.61716997e-06	1.60369988e-06	1.63179685e-06	4.99726771e-10	1.99853537e-07	0	100	0	0	0	3
3789	2408	158.797839	27.9175908	1.6270788e-06	1.61718225e-06	1.60369988e-06	1.63179685e-06	4.99726771e-10	1.99853537e-07	0	100	0	0	0	3
3790	2409	158.839924	27.9249589	1.6256553e-06	1.61719044e-06	1.60369988e-06	1.63179685e-06	4.99726771e-10	1.99853537e-07	0	100	0	0	0	3
3791	2410	158.882033	27.9323269	1.62636817e-06	1.61723693e-06	1.60369988e-06	1.63179685e-06	4.99726771e-10	1.99853537e-07	0	100	0	0	0	3
3792	2410	158.924166	27.939695	1.62446259e-06	1.61723902e-06	1.60369988e-06	1.63179685e-06	4.99726771e-10	1.99853537e-07	0	100	0	0	0	3
3793	2411	158.966327	27.947063	1.62356775e-06	1.6172597e-06	1.60369988e-06	1.63179685e-06	4.99726771e-10	1.99853537e-07	0	100	0	0	0	3
3794	2412	159	27.9544311	1.62239859e-06	1.61726005e-06	1.60369988e-06	1.63179685e-06	4.99726771e-10	1.99853537e-07	0	100	0	0	0	3
3795	2412	159.042213	27.9617992	1.62160814e-06	1.61726209e-06	1.60369988e-06	1.63179685e-06	4.99726771e-10	1.99853537e-07	0	100	0	0	0	3
3796	2413	159.084456	27.9691672	1.62091912e-06	1.61728488e-06	1.60369988e-06	1.63179685e-06	4.99726771e-10	1.99853537e-07	0	100	0	0	0	3
3797	2414	159.126733	27.9765353	1.61942377e-06	1.61729926e-06	1.60369988e-06	1.63179685e-06	4.99726771e-10	1.99853537e-07	0	100	0	0	0	3
3798	2414	159.169043	27.9839034	1.61922418e-06	1.61732534e-06	1.60369988e-06	1.63179685e-06	4.99726771e-10	1.99853537e-07	0	100	0	0	0	3
3799	2415	159.21139	27.9912714	1.61821921e-06	1.61734818e-06	1.60369988e-06	1.63179685e-06	4.99726771e-10	1.99853537e-07	0	100	0	0	0	3
3800	2416	159.253772	27.9986395	1.6158047e-06	1.61735915e-06	1.60369988e-06	1.63179685e-06	4.99726771e-10	1.99853537e-07	0	100	0	0	0	3
3801	2416	159.296194	28.0060075	1.61542236e-06	1.6173614e-06	1.60369988e-06	1.63179685e-06	4.99726771e-10	1.99853537e-07	0	100	0	0	0	3
3802	2417	159.338655	28.0133756	1.61485583e-06	1.6173861e-06	1.60369988e-06	1.63179685e-06	4.99726771e-10	1.99853537e-07	0	100	0	0	0	3
3803	2418	159.381157	28.0207437	1.6134078e-06	1.61738645e-06	1.60369988e-06	1.63179685e-06	4.99726771e-10	1.99853537e-07	0	100	0	0	0	3
3804	2418	159.423701	28.0281117	1.61352601e-06	1.61742185e-06	1.60369988e-06	1.63179685e-06	4.99726771e-10	1.99853537e-07	0	100	0	0	0	3
3805	2419	159.466287	28.0354798	1.61186682e-06	1.61744403e-06	1.60369988e-06	1.63179685e-06	4.99726771e-10	1.99853537e-07	0	100	0	0	0	3
3806	2420	159.508916	28.0428479	1.60939392e-06	1.61743885e-06	1.60369988e-06	1.63179685e-06	4.99726771e-10	1.99853537e-07	0	100	0	0	0	3
3807	2420	159.551591	28.0502159	1.60994265e-06	1.61744982e-06	1.60369988e-06	1.63179685e-06	4.99726771e-10	1.99853537e-07	0	100	0	0	0	3
3808	2421	159.59431	28.057584	1.60893234e-06	1.61746984e-06	1.60369988e-06	1.63179685e-06	4.99726771e-10	1.99853537e-07	0	100	0	0	0	3
3809	2422	159.637076	28.064952	1.60783713e-06	1.61747675e-06	1.60369988e-06	1.63179685e-06	4.99726771e-10	1.99853537e-07	0	100	0	0	0	3
3810	2422	159.679888	28.0723201	1.60792499e-06	1.61749089e-06	1.60369988e-06	1.63179685e-06	4.99726771e-10	1.99853537e-07	0	100	0	0	0	3
3811	2423	159.722748	28.0796882	1.60693767e-06	1.61751008e-06	1.60369988e-06	1.63179685e-06	4.99726771e-10	1.99853537e-07	0	100	0	0	0	3
3812	2424	159.765654	28.0870562	1.6049697e-06	1.61749026e-06	1.60369988e-06	1.63179685e-06	4.99726771e-10	1.99853537e-07	0	100	0	0	0	3
3813	2424	159.808533	28.0944243	1.60653729e-06	1.61748127e-06	1.60369988e-06	1.63179685e-06	4.99726771e-10	1.99853537e-07	0	100	0	0	0	3
3814	2425	159.851364	28.1017924	1.60681593e-06	1.61742654e-06	1.60369988e-06	1.63179685e-06	4.99726771e-10	1.99853537e-07	0	100	0	0	0	3
3815	2426	159.894146	28.1091604	1.60436878e-06	1.61743285e-06	1.60369988e-06	1.63179685e-06	4.99726771e-10	1.99853537e-07	0	100	0	0	0	3
3816	2427	159.936882	28.1165285	1.60410988e-06	1.61740101e-06	1.60369988e-06	1.63179685e-06	4.99726771e-10	1.99853537e-07	0	100	0	0	0	3
3817	2427	159.979571	28.1238966	1.60563143e-06	1.61743017e-06	1.6039712e-06	1.63179685e-06	4.99726771e-10	1.99853537e-07	0	100	0	0	0	3
3818	2428	160	28.1312646	1.60133267e-06	1.61749966e-06	1.60133267e-06	1.63179685e-06	4.99726771e-10	1.99853537e-07	0	100	0	0	0	3
